snapshot_date,time_range,artist_id,genre
2026-09-12,long_term,00FQb4jTyendYWaN8pK0wa,alternative pop
2026-09-12,long_term,00FQb4jTyendYWaN8pK0wa,art pop
2026-09-12,long_term,00FQb4jTyendYWaN8pK0wa,ballad
2026-09-12,long_term,00FQb4jTyendYWaN8pK0wa,baroque pop
2026-09-12,long_term,00FQb4jTyendYWaN8pK0wa,chamber pop
2026-09-12,long_term,00FQb4jTyendYWaN8pK0wa,country
2026-09-12,long_term,00FQb4jTyendYWaN8pK0wa,dance
2026-09-12,long_term,00FQb4jTyendYWaN8pK0wa,dream pop
2026-09-12,long_term,00FQb4jTyendYWaN8pK0wa,edm
2026-09-12,long_term,00FQb4jTyendYWaN8pK0wa,electronic
2026-09-12,long_term,00FQb4jTyendYWaN8pK0wa,electronica
2026-09-12,long_term,00FQb4jTyendYWaN8pK0wa,future bass
2026-09-12,long_term,00FQb4jTyendYWaN8pK0wa,house
2026-09-12,long_term,00FQb4jTyendYWaN8pK0wa,indie pop
2026-09-12,long_term,00FQb4jTyendYWaN8pK0wa,indie rock
2026-09-12,long_term,00FQb4jTyendYWaN8pK0wa,melodic house
2026-09-12,long_term,00FQb4jTyendYWaN8pK0wa,melodic techno
2026-09-12,long_term,00FQb4jTyendYWaN8pK0wa,neo-psychedelia
2026-09-12,long_term,00FQb4jTyendYWaN8pK0wa,pop
2026-09-12,long_term,00FQb4jTyendYWaN8pK0wa,psychedelic pop
2026-09-12,long_term,00FQb4jTyendYWaN8pK0wa,r&b
2026-09-12,long_term,00FQb4jTyendYWaN8pK0wa,rock
2026-09-12,long_term,00FQb4jTyendYWaN8pK0wa,singer-songwriter
2026-09-12,long_term,00FQb4jTyendYWaN8pK0wa,slowcore
2026-09-12,long_term,00FQb4jTyendYWaN8pK0wa,trap
2026-09-12,long_term,00FQb4jTyendYWaN8pK0wa,trip hop
2026-09-12,long_term,06O23tLg0or676h8EEzH7W,chillwave
2026-09-12,long_term,06O23tLg0or676h8EEzH7W,dreamwave
2026-09-12,long_term,06O23tLg0or676h8EEzH7W,electronic
2026-09-12,long_term,06O23tLg0or676h8EEzH7W,synth-pop
2026-09-12,long_term,06O23tLg0or676h8EEzH7W,witch house
2026-09-12,long_term,0Y5tJX1MQlPlqiwlOH1tJY,experimental hip hop
2026-09-12,long_term,0Y5tJX1MQlPlqiwlOH1tJY,hip hop
2026-09-12,long_term,0Y5tJX1MQlPlqiwlOH1tJY,pop rap
2026-09-12,long_term,0Y5tJX1MQlPlqiwlOH1tJY,southern hip hop
2026-09-12,long_term,0Y5tJX1MQlPlqiwlOH1tJY,trap
2026-09-12,long_term,0Y6dVaC9DZtPNH4591M42W,dream pop
2026-09-12,long_term,0Y6dVaC9DZtPNH4591M42W,electronic
2026-09-12,long_term,0Y6dVaC9DZtPNH4591M42W,hip hop
2026-09-12,long_term,0Y6dVaC9DZtPNH4591M42W,indie pop
2026-09-12,long_term,0Y6dVaC9DZtPNH4591M42W,indie rock
2026-09-12,long_term,0Y6dVaC9DZtPNH4591M42W,lo-fi
2026-09-12,long_term,0Y6dVaC9DZtPNH4591M42W,pop
2026-09-12,long_term,0dgJbQ0bKPyUXco8hEXN7X,ambient
2026-09-12,long_term,0dgJbQ0bKPyUXco8hEXN7X,boom bap
2026-09-12,long_term,0dgJbQ0bKPyUXco8hEXN7X,chillout
2026-09-12,long_term,0dgJbQ0bKPyUXco8hEXN7X,chillwave
2026-09-12,long_term,0dgJbQ0bKPyUXco8hEXN7X,downtempo
2026-09-12,long_term,0dgJbQ0bKPyUXco8hEXN7X,drift phonk
2026-09-12,long_term,0dgJbQ0bKPyUXco8hEXN7X,hardwave
2026-09-12,long_term,0dgJbQ0bKPyUXco8hEXN7X,hip hop
2026-09-12,long_term,0dgJbQ0bKPyUXco8hEXN7X,house
2026-09-12,long_term,0dgJbQ0bKPyUXco8hEXN7X,instrumental
2026-09-12,long_term,0dgJbQ0bKPyUXco8hEXN7X,instrumental hip hop
2026-09-12,long_term,0dgJbQ0bKPyUXco8hEXN7X,lo-fi
2026-09-12,long_term,0dgJbQ0bKPyUXco8hEXN7X,lo-fi hip hop
2026-09-12,long_term,0dgJbQ0bKPyUXco8hEXN7X,phonk
2026-09-12,long_term,0dgJbQ0bKPyUXco8hEXN7X,wave
2026-09-12,long_term,0klU31gyC6EZqKgLvVANCy,boom bap
2026-09-12,long_term,0klU31gyC6EZqKgLvVANCy,chillwave
2026-09-12,long_term,0klU31gyC6EZqKgLvVANCy,downtempo
2026-09-12,long_term,0klU31gyC6EZqKgLvVANCy,hip hop
2026-09-12,long_term,0klU31gyC6EZqKgLvVANCy,instrumental
2026-09-12,long_term,0klU31gyC6EZqKgLvVANCy,instrumental hip hop
2026-09-12,long_term,0klU31gyC6EZqKgLvVANCy,lo-fi
2026-09-12,long_term,0klU31gyC6EZqKgLvVANCy,lo-fi hip hop
2026-09-12,long_term,17XXKfRBMCWvLrqGoNkJXm,ballad
2026-09-12,long_term,17XXKfRBMCWvLrqGoNkJXm,easy listening
2026-09-12,long_term,17XXKfRBMCWvLrqGoNkJXm,pop
2026-09-12,long_term,19ra5tSw0tWufvUp8GotLo,ballad
2026-09-12,long_term,19ra5tSw0tWufvUp8GotLo,blue-eyed soul
2026-09-12,long_term,19ra5tSw0tWufvUp8GotLo,contemporary r&b
2026-09-12,long_term,19ra5tSw0tWufvUp8GotLo,dance-pop
2026-09-12,long_term,19ra5tSw0tWufvUp8GotLo,dance-rock
2026-09-12,long_term,19ra5tSw0tWufvUp8GotLo,jazz
2026-09-12,long_term,19ra5tSw0tWufvUp8GotLo,pop
2026-09-12,long_term,19ra5tSw0tWufvUp8GotLo,pop rock
2026-09-12,long_term,19ra5tSw0tWufvUp8GotLo,pop soul
2026-09-12,long_term,19ra5tSw0tWufvUp8GotLo,r&b
2026-09-12,long_term,19ra5tSw0tWufvUp8GotLo,smooth jazz
2026-09-12,long_term,19ra5tSw0tWufvUp8GotLo,smooth soul
2026-09-12,long_term,19ra5tSw0tWufvUp8GotLo,soft rock
2026-09-12,long_term,19ra5tSw0tWufvUp8GotLo,sophisti-pop
2026-09-12,long_term,19ra5tSw0tWufvUp8GotLo,soul
2026-09-12,long_term,1QAJqy2dA3ihHBFIHRphZj,ambient
2026-09-12,long_term,1QAJqy2dA3ihHBFIHRphZj,ambient pop
2026-09-12,long_term,1QAJqy2dA3ihHBFIHRphZj,dream pop
2026-09-12,long_term,1QAJqy2dA3ihHBFIHRphZj,indie pop
2026-09-12,long_term,1QAJqy2dA3ihHBFIHRphZj,indie rock
2026-09-12,long_term,1QAJqy2dA3ihHBFIHRphZj,pop
2026-09-12,long_term,1QAJqy2dA3ihHBFIHRphZj,shoegaze
2026-09-12,long_term,1QAJqy2dA3ihHBFIHRphZj,slowcore
2026-09-12,long_term,1Xyo4u8uXC1ZmMpatF05PJ,alternative r&b
2026-09-12,long_term,1Xyo4u8uXC1ZmMpatF05PJ,contemporary r&b
2026-09-12,long_term,1Xyo4u8uXC1ZmMpatF05PJ,dance-pop
2026-09-12,long_term,1Xyo4u8uXC1ZmMpatF05PJ,hypnagogic pop
2026-09-12,long_term,1Xyo4u8uXC1ZmMpatF05PJ,pop
2026-09-12,long_term,1Xyo4u8uXC1ZmMpatF05PJ,r&b
2026-09-12,long_term,1Xyo4u8uXC1ZmMpatF05PJ,synth-pop
2026-09-12,long_term,1cGyguqPQY22oUd4fKglFS,ambient
2026-09-12,long_term,1cGyguqPQY22oUd4fKglFS,dark ambient
2026-09-12,long_term,1mYsTxnqsietFxj1OgoGbG,classical
2026-09-12,long_term,1mYsTxnqsietFxj1OgoGbG,filmi
2026-09-12,long_term,1mYsTxnqsietFxj1OgoGbG,world fusion
2026-09-12,long_term,1wRPtKGflJrBx9BmLsSwlU,filmi
2026-09-12,long_term,2YZyLoL8N0Wb9xBt1NhZWg,alternative hip hop
2026-09-12,long_term,2YZyLoL8N0Wb9xBt1NhZWg,conscious hip hop
2026-09-12,long_term,2YZyLoL8N0Wb9xBt1NhZWg,dance
2026-09-12,long_term,2YZyLoL8N0Wb9xBt1NhZWg,disco
2026-09-12,long_term,2YZyLoL8N0Wb9xBt1NhZWg,future bass
2026-09-12,long_term,2YZyLoL8N0Wb9xBt1NhZWg,gangsta rap
2026-09-12,long_term,2YZyLoL8N0Wb9xBt1NhZWg,hardcore hip hop
2026-09-12,long_term,2YZyLoL8N0Wb9xBt1NhZWg,hip hop
2026-09-12,long_term,2YZyLoL8N0Wb9xBt1NhZWg,house
2026-09-12,long_term,2YZyLoL8N0Wb9xBt1NhZWg,jazz
2026-09-12,long_term,2YZyLoL8N0Wb9xBt1NhZWg,jazz rap
2026-09-12,long_term,2YZyLoL8N0Wb9xBt1NhZWg,pop
2026-09-12,long_term,2YZyLoL8N0Wb9xBt1NhZWg,pop rap
2026-09-12,long_term,2YZyLoL8N0Wb9xBt1NhZWg,r&b
2026-09-12,long_term,2YZyLoL8N0Wb9xBt1NhZWg,trap
2026-09-12,long_term,2YZyLoL8N0Wb9xBt1NhZWg,west coast hip hop
2026-09-12,long_term,2exebQUDoIoT0dXA8BcN1P,chillwave
2026-09-12,long_term,2exebQUDoIoT0dXA8BcN1P,electronic
2026-09-12,long_term,2exebQUDoIoT0dXA8BcN1P,synthwave
2026-09-12,long_term,2h93pZq0e7k5yf4dywlkpM,alternative r&b
2026-09-12,long_term,2h93pZq0e7k5yf4dywlkpM,contemporary r&b
2026-09-12,long_term,2h93pZq0e7k5yf4dywlkpM,pop
2026-09-12,long_term,2h93pZq0e7k5yf4dywlkpM,r&b
2026-09-12,long_term,2jku7tDXc6XoB6MO2hFuqg,alternative hip hop
2026-09-12,long_term,2jku7tDXc6XoB6MO2hFuqg,alternative r&b
2026-09-12,long_term,2jku7tDXc6XoB6MO2hFuqg,contemporary r&b
2026-09-12,long_term,2jku7tDXc6XoB6MO2hFuqg,dancehall
2026-09-12,long_term,2jku7tDXc6XoB6MO2hFuqg,hip hop
2026-09-12,long_term,2jku7tDXc6XoB6MO2hFuqg,r&b
2026-09-12,long_term,2sSGPbdZJkaSE2AbcGOACx,bedroom pop
2026-09-12,long_term,2sSGPbdZJkaSE2AbcGOACx,dream pop
2026-09-12,long_term,2sSGPbdZJkaSE2AbcGOACx,indie pop
2026-09-12,long_term,2sSGPbdZJkaSE2AbcGOACx,lo-fi
2026-09-12,long_term,2sSGPbdZJkaSE2AbcGOACx,psychedelic pop
2026-09-12,long_term,2sSGPbdZJkaSE2AbcGOACx,psychedelic soul
2026-09-12,long_term,2sSGPbdZJkaSE2AbcGOACx,synth-pop
2026-09-12,long_term,3AA28KZvwAUcZuOKwyblJQ,alternative dance
2026-09-12,long_term,3AA28KZvwAUcZuOKwyblJQ,alternative hip hop
2026-09-12,long_term,3AA28KZvwAUcZuOKwyblJQ,alternative pop
2026-09-12,long_term,3AA28KZvwAUcZuOKwyblJQ,alternative rock
2026-09-12,long_term,3AA28KZvwAUcZuOKwyblJQ,art pop
2026-09-12,long_term,3AA28KZvwAUcZuOKwyblJQ,bassline
2026-09-12,long_term,3AA28KZvwAUcZuOKwyblJQ,breakbeat
2026-09-12,long_term,3AA28KZvwAUcZuOKwyblJQ,breaks
2026-09-12,long_term,3AA28KZvwAUcZuOKwyblJQ,dance
2026-09-12,long_term,3AA28KZvwAUcZuOKwyblJQ,disco
2026-09-12,long_term,3AA28KZvwAUcZuOKwyblJQ,electronic
2026-09-12,long_term,3AA28KZvwAUcZuOKwyblJQ,electronica
2026-09-12,long_term,3AA28KZvwAUcZuOKwyblJQ,electropop
2026-09-12,long_term,3AA28KZvwAUcZuOKwyblJQ,future bass
2026-09-12,long_term,3AA28KZvwAUcZuOKwyblJQ,hip hop
2026-09-12,long_term,3AA28KZvwAUcZuOKwyblJQ,indie rock
2026-09-12,long_term,3AA28KZvwAUcZuOKwyblJQ,latin
2026-09-12,long_term,3AA28KZvwAUcZuOKwyblJQ,pop
2026-09-12,long_term,3AA28KZvwAUcZuOKwyblJQ,pop rock
2026-09-12,long_term,3AA28KZvwAUcZuOKwyblJQ,rock
2026-09-12,long_term,3AA28KZvwAUcZuOKwyblJQ,synth-pop
2026-09-12,long_term,3AA28KZvwAUcZuOKwyblJQ,tech house
2026-09-12,long_term,3AA28KZvwAUcZuOKwyblJQ,trap
2026-09-12,long_term,3AA28KZvwAUcZuOKwyblJQ,trip hop
2026-09-12,long_term,3AA28KZvwAUcZuOKwyblJQ,uk garage
2026-09-12,long_term,3MZsBdqDrRTJihTHQrO6Dq,alternative r&b
2026-09-12,long_term,3MZsBdqDrRTJihTHQrO6Dq,art pop
2026-09-12,long_term,3MZsBdqDrRTJihTHQrO6Dq,ballad
2026-09-12,long_term,3MZsBdqDrRTJihTHQrO6Dq,instrumental hip hop
2026-09-12,long_term,3MZsBdqDrRTJihTHQrO6Dq,lo-fi hip hop
2026-09-12,long_term,3MZsBdqDrRTJihTHQrO6Dq,trip hop
2026-09-12,long_term,3Sz7ZnJQBIHsXLUSo0OQtM,folk pop
2026-09-12,long_term,3Sz7ZnJQBIHsXLUSo0OQtM,indie pop
2026-09-12,long_term,3Sz7ZnJQBIHsXLUSo0OQtM,indie rock
2026-09-12,long_term,3Sz7ZnJQBIHsXLUSo0OQtM,jangle pop
2026-09-12,long_term,3Sz7ZnJQBIHsXLUSo0OQtM,pop
2026-09-12,long_term,3Sz7ZnJQBIHsXLUSo0OQtM,psychedelic pop
2026-09-12,long_term,3TVXtAsR1Inumwj472S9r4,alternative r&b
2026-09-12,long_term,3TVXtAsR1Inumwj472S9r4,contemporary r&b
2026-09-12,long_term,3TVXtAsR1Inumwj472S9r4,hardcore hip hop
2026-09-12,long_term,3TVXtAsR1Inumwj472S9r4,hip hop
2026-09-12,long_term,3TVXtAsR1Inumwj472S9r4,pop
2026-09-12,long_term,3TVXtAsR1Inumwj472S9r4,pop rap
2026-09-12,long_term,3TVXtAsR1Inumwj472S9r4,r&b
2026-09-12,long_term,3TVXtAsR1Inumwj472S9r4,southern hip hop
2026-09-12,long_term,3TVXtAsR1Inumwj472S9r4,trap
2026-09-12,long_term,3zmfs9cQwzJl575W1ZYXeT,bedroom pop
2026-09-12,long_term,3zmfs9cQwzJl575W1ZYXeT,downtempo
2026-09-12,long_term,3zmfs9cQwzJl575W1ZYXeT,dream pop
2026-09-12,long_term,3zmfs9cQwzJl575W1ZYXeT,indie pop
2026-09-12,long_term,3zmfs9cQwzJl575W1ZYXeT,neo-psychedelia
2026-09-12,long_term,3zmfs9cQwzJl575W1ZYXeT,pop
2026-09-12,long_term,3zmfs9cQwzJl575W1ZYXeT,shoegaze
2026-09-12,long_term,3zmfs9cQwzJl575W1ZYXeT,sophisti-pop
2026-09-12,long_term,47zz7sob9NUcODy0BTDvKx,contemporary r&b
2026-09-12,long_term,47zz7sob9NUcODy0BTDvKx,downtempo
2026-09-12,long_term,47zz7sob9NUcODy0BTDvKx,jazz
2026-09-12,long_term,47zz7sob9NUcODy0BTDvKx,jazz pop
2026-09-12,long_term,47zz7sob9NUcODy0BTDvKx,pop
2026-09-12,long_term,47zz7sob9NUcODy0BTDvKx,quiet storm
2026-09-12,long_term,47zz7sob9NUcODy0BTDvKx,smooth jazz
2026-09-12,long_term,47zz7sob9NUcODy0BTDvKx,smooth soul
2026-09-12,long_term,47zz7sob9NUcODy0BTDvKx,sophisti-pop
2026-09-12,long_term,47zz7sob9NUcODy0BTDvKx,soul
2026-09-12,long_term,47zz7sob9NUcODy0BTDvKx,trip hop
2026-09-12,long_term,4KRllJ2dEeoqvxOQLOgOsI,electronic
2026-09-12,long_term,4KRllJ2dEeoqvxOQLOgOsI,phonk
2026-09-12,long_term,4KRllJ2dEeoqvxOQLOgOsI,phonk house
2026-09-12,long_term,4KRllJ2dEeoqvxOQLOgOsI,synthwave
2026-09-12,long_term,4KRllJ2dEeoqvxOQLOgOsI,trap
2026-09-12,long_term,4KRllJ2dEeoqvxOQLOgOsI,wave
2026-09-12,long_term,4MrQDA45Gd0llLrwFUzimG,boom bap
2026-09-12,long_term,4MrQDA45Gd0llLrwFUzimG,chillwave
2026-09-12,long_term,4MrQDA45Gd0llLrwFUzimG,downtempo
2026-09-12,long_term,4MrQDA45Gd0llLrwFUzimG,hip hop
2026-09-12,long_term,4MrQDA45Gd0llLrwFUzimG,instrumental
2026-09-12,long_term,4MrQDA45Gd0llLrwFUzimG,instrumental hip hop
2026-09-12,long_term,4MrQDA45Gd0llLrwFUzimG,lo-fi
2026-09-12,long_term,4MrQDA45Gd0llLrwFUzimG,lo-fi hip hop
2026-09-12,long_term,4gdMJYnopf2nEUcanAwstx,indian pop
2026-09-12,long_term,4gdMJYnopf2nEUcanAwstx,singer-songwriter
2026-09-12,long_term,4gzpq5DPGxSnKTe4SA8HAU,alternative rock
2026-09-12,long_term,4gzpq5DPGxSnKTe4SA8HAU,art pop
2026-09-12,long_term,4gzpq5DPGxSnKTe4SA8HAU,britpop
2026-09-12,long_term,4gzpq5DPGxSnKTe4SA8HAU,dream pop
2026-09-12,long_term,4gzpq5DPGxSnKTe4SA8HAU,piano rock
2026-09-12,long_term,4gzpq5DPGxSnKTe4SA8HAU,pop
2026-09-12,long_term,4gzpq5DPGxSnKTe4SA8HAU,pop rock
2026-09-12,long_term,4gzpq5DPGxSnKTe4SA8HAU,post-britpop
2026-09-12,long_term,4gzpq5DPGxSnKTe4SA8HAU,rock
2026-09-12,long_term,4yvcSjfu4PC0CYQyLy4wSq,electronic
2026-09-12,long_term,4yvcSjfu4PC0CYQyLy4wSq,indie pop
2026-09-12,long_term,4yvcSjfu4PC0CYQyLy4wSq,indie rock
2026-09-12,long_term,4yvcSjfu4PC0CYQyLy4wSq,indietronica
2026-09-12,long_term,4yvcSjfu4PC0CYQyLy4wSq,pop
2026-09-12,long_term,4yvcSjfu4PC0CYQyLy4wSq,psychedelic pop
2026-09-12,long_term,4yvcSjfu4PC0CYQyLy4wSq,psychedelic rock
2026-09-12,long_term,5INjqkS1o8h1imAzPqGZBb,alternative dance
2026-09-12,long_term,5INjqkS1o8h1imAzPqGZBb,alternative rock
2026-09-12,long_term,5INjqkS1o8h1imAzPqGZBb,dream pop
2026-09-12,long_term,5INjqkS1o8h1imAzPqGZBb,indie rock
2026-09-12,long_term,5INjqkS1o8h1imAzPqGZBb,indietronica
2026-09-12,long_term,5INjqkS1o8h1imAzPqGZBb,leftfield
2026-09-12,long_term,5INjqkS1o8h1imAzPqGZBb,neo-psychedelia
2026-09-12,long_term,5INjqkS1o8h1imAzPqGZBb,pop
2026-09-12,long_term,5INjqkS1o8h1imAzPqGZBb,psychedelic
2026-09-12,long_term,5INjqkS1o8h1imAzPqGZBb,psychedelic pop
2026-09-12,long_term,5INjqkS1o8h1imAzPqGZBb,psychedelic rock
2026-09-12,long_term,5INjqkS1o8h1imAzPqGZBb,rock
2026-09-12,long_term,5INjqkS1o8h1imAzPqGZBb,space rock
2026-09-12,long_term,5INjqkS1o8h1imAzPqGZBb,synth-pop
2026-09-12,long_term,5K4W6rqBFWDnAN6FQUkS6x,chipmunk soul
2026-09-12,long_term,5K4W6rqBFWDnAN6FQUkS6x,christian hip hop
2026-09-12,long_term,5K4W6rqBFWDnAN6FQUkS6x,conscious hip hop
2026-09-12,long_term,5K4W6rqBFWDnAN6FQUkS6x,contemporary r&b
2026-09-12,long_term,5K4W6rqBFWDnAN6FQUkS6x,deep house
2026-09-12,long_term,5K4W6rqBFWDnAN6FQUkS6x,electropop
2026-09-12,long_term,5K4W6rqBFWDnAN6FQUkS6x,experimental hip hop
2026-09-12,long_term,5K4W6rqBFWDnAN6FQUkS6x,future bass
2026-09-12,long_term,5K4W6rqBFWDnAN6FQUkS6x,hip hop
2026-09-12,long_term,5K4W6rqBFWDnAN6FQUkS6x,house
2026-09-12,long_term,5K4W6rqBFWDnAN6FQUkS6x,pop
2026-09-12,long_term,5K4W6rqBFWDnAN6FQUkS6x,pop rap
2026-09-12,long_term,5K4W6rqBFWDnAN6FQUkS6x,r&b
2026-09-12,long_term,5K4W6rqBFWDnAN6FQUkS6x,trap
2026-09-12,long_term,5cj0lLjcoR7YOSnhnX0Po5,alternative rock
2026-09-12,long_term,5cj0lLjcoR7YOSnhnX0Po5,grunge
2026-09-12,long_term,5cj0lLjcoR7YOSnhnX0Po5,hip hop
2026-09-12,long_term,5cj0lLjcoR7YOSnhnX0Po5,pop
2026-09-12,long_term,5cj0lLjcoR7YOSnhnX0Po5,pop rap
2026-09-12,long_term,5cj0lLjcoR7YOSnhnX0Po5,post-grunge
2026-09-12,long_term,5cj0lLjcoR7YOSnhnX0Po5,power pop
2026-09-12,long_term,5cj0lLjcoR7YOSnhnX0Po5,rock
2026-09-12,long_term,5cj0lLjcoR7YOSnhnX0Po5,trap
2026-09-12,long_term,5cj0lLjcoR7YOSnhnX0Po5,west coast hip hop
2026-09-12,long_term,5y8tKLUfMvliMe8IKamR32,alternative r&b
2026-09-12,long_term,5y8tKLUfMvliMe8IKamR32,contemporary r&b
2026-09-12,long_term,5y8tKLUfMvliMe8IKamR32,indie pop
2026-09-12,long_term,5y8tKLUfMvliMe8IKamR32,lo-fi
2026-09-12,long_term,6YJ4EgQzDfJnIHRbqIHAdD,chillwave
2026-09-12,long_term,6YJ4EgQzDfJnIHRbqIHAdD,downtempo
2026-09-12,long_term,6YJ4EgQzDfJnIHRbqIHAdD,instrumental
2026-09-12,long_term,6YJ4EgQzDfJnIHRbqIHAdD,instrumental hip hop
2026-09-12,long_term,6YJ4EgQzDfJnIHRbqIHAdD,lo-fi
2026-09-12,long_term,6YJ4EgQzDfJnIHRbqIHAdD,lo-fi hip hop
2026-09-12,long_term,6ft7JnxMyZhp7N52qzHymY,dream pop
2026-09-12,long_term,700c9Qz2z6HZKTumeliKAw,electronic
2026-09-12,long_term,77SW9BnxLY8rJ0RciFqkHh,alternative rock
2026-09-12,long_term,77SW9BnxLY8rJ0RciFqkHh,indie pop
2026-09-12,long_term,78rUTD7y6Cy67W1RVzYs7t,alternative pop
2026-09-12,long_term,78rUTD7y6Cy67W1RVzYs7t,bubblegum pop
2026-09-12,long_term,78rUTD7y6Cy67W1RVzYs7t,dance-pop
2026-09-12,long_term,78rUTD7y6Cy67W1RVzYs7t,drum and bass
2026-09-12,long_term,78rUTD7y6Cy67W1RVzYs7t,future garage
2026-09-12,long_term,78rUTD7y6Cy67W1RVzYs7t,jungle
2026-09-12,long_term,78rUTD7y6Cy67W1RVzYs7t,pop
2026-09-12,long_term,78rUTD7y6Cy67W1RVzYs7t,uk garage
2026-09-12,long_term,7Ln80lUS6He07XvHI8qqHH,alternative rock
2026-09-12,long_term,7Ln80lUS6He07XvHI8qqHH,art rock
2026-09-12,long_term,7Ln80lUS6He07XvHI8qqHH,baroque pop
2026-09-12,long_term,7Ln80lUS6He07XvHI8qqHH,dance
2026-09-12,long_term,7Ln80lUS6He07XvHI8qqHH,electronica
2026-09-12,long_term,7Ln80lUS6He07XvHI8qqHH,garage rock
2026-09-12,long_term,7Ln80lUS6He07XvHI8qqHH,garage rock revival
2026-09-12,long_term,7Ln80lUS6He07XvHI8qqHH,house
2026-09-12,long_term,7Ln80lUS6He07XvHI8qqHH,indie rock
2026-09-12,long_term,7Ln80lUS6He07XvHI8qqHH,neo-psychedelia
2026-09-12,long_term,7Ln80lUS6He07XvHI8qqHH,pop
2026-09-12,long_term,7Ln80lUS6He07XvHI8qqHH,post-punk revival
2026-09-12,long_term,7Ln80lUS6He07XvHI8qqHH,psychedelic pop
2026-09-12,long_term,7Ln80lUS6He07XvHI8qqHH,psychedelic rock
2026-09-12,long_term,7Ln80lUS6He07XvHI8qqHH,rock
2026-09-12,long_term,7gW0r5CkdEUMm42w9XpyZO,bossa nova
2026-09-12,long_term,7gW0r5CkdEUMm42w9XpyZO,jazz
2026-09-12,long_term,7gW0r5CkdEUMm42w9XpyZO,jazz pop
2026-09-12,long_term,7gW0r5CkdEUMm42w9XpyZO,singer-songwriter
2026-09-12,long_term,7gW0r5CkdEUMm42w9XpyZO,vocal jazz
2026-09-12,long_term,7tYKF4w9nC0nq9CsPZTHyP,alternative r&b
2026-09-12,long_term,7tYKF4w9nC0nq9CsPZTHyP,contemporary r&b
2026-09-12,long_term,7tYKF4w9nC0nq9CsPZTHyP,electronic
2026-09-12,long_term,7tYKF4w9nC0nq9CsPZTHyP,hip hop soul
2026-09-12,long_term,7tYKF4w9nC0nq9CsPZTHyP,neo soul
2026-09-12,long_term,7tYKF4w9nC0nq9CsPZTHyP,pop
2026-09-12,long_term,7tYKF4w9nC0nq9CsPZTHyP,r&b
2026-09-12,long_term,7tYKF4w9nC0nq9CsPZTHyP,soul
2026-09-12,medium_term,00FQb4jTyendYWaN8pK0wa,alternative pop
2026-09-12,medium_term,00FQb4jTyendYWaN8pK0wa,art pop
2026-09-12,medium_term,00FQb4jTyendYWaN8pK0wa,ballad
2026-09-12,medium_term,00FQb4jTyendYWaN8pK0wa,baroque pop
2026-09-12,medium_term,00FQb4jTyendYWaN8pK0wa,chamber pop
2026-09-12,medium_term,00FQb4jTyendYWaN8pK0wa,country
2026-09-12,medium_term,00FQb4jTyendYWaN8pK0wa,dance
2026-09-12,medium_term,00FQb4jTyendYWaN8pK0wa,dream pop
2026-09-12,medium_term,00FQb4jTyendYWaN8pK0wa,edm
2026-09-12,medium_term,00FQb4jTyendYWaN8pK0wa,electronic
2026-09-12,medium_term,00FQb4jTyendYWaN8pK0wa,electronica
2026-09-12,medium_term,00FQb4jTyendYWaN8pK0wa,future bass
2026-09-12,medium_term,00FQb4jTyendYWaN8pK0wa,house
2026-09-12,medium_term,00FQb4jTyendYWaN8pK0wa,indie pop
2026-09-12,medium_term,00FQb4jTyendYWaN8pK0wa,indie rock
2026-09-12,medium_term,00FQb4jTyendYWaN8pK0wa,melodic house
2026-09-12,medium_term,00FQb4jTyendYWaN8pK0wa,melodic techno
2026-09-12,medium_term,00FQb4jTyendYWaN8pK0wa,neo-psychedelia
2026-09-12,medium_term,00FQb4jTyendYWaN8pK0wa,pop
2026-09-12,medium_term,00FQb4jTyendYWaN8pK0wa,psychedelic pop
2026-09-12,medium_term,00FQb4jTyendYWaN8pK0wa,r&b
2026-09-12,medium_term,00FQb4jTyendYWaN8pK0wa,rock
2026-09-12,medium_term,00FQb4jTyendYWaN8pK0wa,singer-songwriter
2026-09-12,medium_term,00FQb4jTyendYWaN8pK0wa,slowcore
2026-09-12,medium_term,00FQb4jTyendYWaN8pK0wa,trap
2026-09-12,medium_term,00FQb4jTyendYWaN8pK0wa,trip hop
2026-09-12,medium_term,0Y6dVaC9DZtPNH4591M42W,dream pop
2026-09-12,medium_term,0Y6dVaC9DZtPNH4591M42W,electronic
2026-09-12,medium_term,0Y6dVaC9DZtPNH4591M42W,hip hop
2026-09-12,medium_term,0Y6dVaC9DZtPNH4591M42W,indie pop
2026-09-12,medium_term,0Y6dVaC9DZtPNH4591M42W,indie rock
2026-09-12,medium_term,0Y6dVaC9DZtPNH4591M42W,lo-fi
2026-09-12,medium_term,0Y6dVaC9DZtPNH4591M42W,pop
2026-09-12,medium_term,0klU31gyC6EZqKgLvVANCy,boom bap
2026-09-12,medium_term,0klU31gyC6EZqKgLvVANCy,chillwave
2026-09-12,medium_term,0klU31gyC6EZqKgLvVANCy,downtempo
2026-09-12,medium_term,0klU31gyC6EZqKgLvVANCy,hip hop
2026-09-12,medium_term,0klU31gyC6EZqKgLvVANCy,instrumental
2026-09-12,medium_term,0klU31gyC6EZqKgLvVANCy,instrumental hip hop
2026-09-12,medium_term,0klU31gyC6EZqKgLvVANCy,lo-fi
2026-09-12,medium_term,0klU31gyC6EZqKgLvVANCy,lo-fi hip hop
2026-09-12,medium_term,17XXKfRBMCWvLrqGoNkJXm,ballad
2026-09-12,medium_term,17XXKfRBMCWvLrqGoNkJXm,easy listening
2026-09-12,medium_term,17XXKfRBMCWvLrqGoNkJXm,pop
2026-09-12,medium_term,1Mxqyy3pSjf8kZZL4QVxS0,big band
2026-09-12,medium_term,1Mxqyy3pSjf8kZZL4QVxS0,christmas music
2026-09-12,medium_term,1Mxqyy3pSjf8kZZL4QVxS0,easy listening
2026-09-12,medium_term,1Mxqyy3pSjf8kZZL4QVxS0,jazz
2026-09-12,medium_term,1Mxqyy3pSjf8kZZL4QVxS0,lounge
2026-09-12,medium_term,1Mxqyy3pSjf8kZZL4QVxS0,pop
2026-09-12,medium_term,1Mxqyy3pSjf8kZZL4QVxS0,swing
2026-09-12,medium_term,1Mxqyy3pSjf8kZZL4QVxS0,traditional pop
2026-09-12,medium_term,1Mxqyy3pSjf8kZZL4QVxS0,vocal jazz
2026-09-12,medium_term,1QAJqy2dA3ihHBFIHRphZj,ambient
2026-09-12,medium_term,1QAJqy2dA3ihHBFIHRphZj,ambient pop
2026-09-12,medium_term,1QAJqy2dA3ihHBFIHRphZj,dream pop
2026-09-12,medium_term,1QAJqy2dA3ihHBFIHRphZj,indie pop
2026-09-12,medium_term,1QAJqy2dA3ihHBFIHRphZj,indie rock
2026-09-12,medium_term,1QAJqy2dA3ihHBFIHRphZj,pop
2026-09-12,medium_term,1QAJqy2dA3ihHBFIHRphZj,shoegaze
2026-09-12,medium_term,1QAJqy2dA3ihHBFIHRphZj,slowcore
2026-09-12,medium_term,1Xyo4u8uXC1ZmMpatF05PJ,alternative r&b
2026-09-12,medium_term,1Xyo4u8uXC1ZmMpatF05PJ,contemporary r&b
2026-09-12,medium_term,1Xyo4u8uXC1ZmMpatF05PJ,dance-pop
2026-09-12,medium_term,1Xyo4u8uXC1ZmMpatF05PJ,hypnagogic pop
2026-09-12,medium_term,1Xyo4u8uXC1ZmMpatF05PJ,pop
2026-09-12,medium_term,1Xyo4u8uXC1ZmMpatF05PJ,r&b
2026-09-12,medium_term,1Xyo4u8uXC1ZmMpatF05PJ,synth-pop
2026-09-12,medium_term,1cGyguqPQY22oUd4fKglFS,ambient
2026-09-12,medium_term,1cGyguqPQY22oUd4fKglFS,dark ambient
2026-09-12,medium_term,1wRPtKGflJrBx9BmLsSwlU,filmi
2026-09-12,medium_term,2YZyLoL8N0Wb9xBt1NhZWg,alternative hip hop
2026-09-12,medium_term,2YZyLoL8N0Wb9xBt1NhZWg,conscious hip hop
2026-09-12,medium_term,2YZyLoL8N0Wb9xBt1NhZWg,dance
2026-09-12,medium_term,2YZyLoL8N0Wb9xBt1NhZWg,disco
2026-09-12,medium_term,2YZyLoL8N0Wb9xBt1NhZWg,future bass
2026-09-12,medium_term,2YZyLoL8N0Wb9xBt1NhZWg,gangsta rap
2026-09-12,medium_term,2YZyLoL8N0Wb9xBt1NhZWg,hardcore hip hop
2026-09-12,medium_term,2YZyLoL8N0Wb9xBt1NhZWg,hip hop
2026-09-12,medium_term,2YZyLoL8N0Wb9xBt1NhZWg,house
2026-09-12,medium_term,2YZyLoL8N0Wb9xBt1NhZWg,jazz
2026-09-12,medium_term,2YZyLoL8N0Wb9xBt1NhZWg,jazz rap
2026-09-12,medium_term,2YZyLoL8N0Wb9xBt1NhZWg,pop
2026-09-12,medium_term,2YZyLoL8N0Wb9xBt1NhZWg,pop rap
2026-09-12,medium_term,2YZyLoL8N0Wb9xBt1NhZWg,r&b
2026-09-12,medium_term,2YZyLoL8N0Wb9xBt1NhZWg,trap
2026-09-12,medium_term,2YZyLoL8N0Wb9xBt1NhZWg,west coast hip hop
2026-09-12,medium_term,2h93pZq0e7k5yf4dywlkpM,alternative r&b
2026-09-12,medium_term,2h93pZq0e7k5yf4dywlkpM,contemporary r&b
2026-09-12,medium_term,2h93pZq0e7k5yf4dywlkpM,pop
2026-09-12,medium_term,2h93pZq0e7k5yf4dywlkpM,r&b
2026-09-12,medium_term,2jku7tDXc6XoB6MO2hFuqg,alternative hip hop
2026-09-12,medium_term,2jku7tDXc6XoB6MO2hFuqg,alternative r&b
2026-09-12,medium_term,2jku7tDXc6XoB6MO2hFuqg,contemporary r&b
2026-09-12,medium_term,2jku7tDXc6XoB6MO2hFuqg,dancehall
2026-09-12,medium_term,2jku7tDXc6XoB6MO2hFuqg,hip hop
2026-09-12,medium_term,2jku7tDXc6XoB6MO2hFuqg,r&b
2026-09-12,medium_term,3AA28KZvwAUcZuOKwyblJQ,alternative dance
2026-09-12,medium_term,3AA28KZvwAUcZuOKwyblJQ,alternative hip hop
2026-09-12,medium_term,3AA28KZvwAUcZuOKwyblJQ,alternative pop
2026-09-12,medium_term,3AA28KZvwAUcZuOKwyblJQ,alternative rock
2026-09-12,medium_term,3AA28KZvwAUcZuOKwyblJQ,art pop
2026-09-12,medium_term,3AA28KZvwAUcZuOKwyblJQ,bassline
2026-09-12,medium_term,3AA28KZvwAUcZuOKwyblJQ,breakbeat
2026-09-12,medium_term,3AA28KZvwAUcZuOKwyblJQ,breaks
2026-09-12,medium_term,3AA28KZvwAUcZuOKwyblJQ,dance
2026-09-12,medium_term,3AA28KZvwAUcZuOKwyblJQ,disco
2026-09-12,medium_term,3AA28KZvwAUcZuOKwyblJQ,electronic
2026-09-12,medium_term,3AA28KZvwAUcZuOKwyblJQ,electronica
2026-09-12,medium_term,3AA28KZvwAUcZuOKwyblJQ,electropop
2026-09-12,medium_term,3AA28KZvwAUcZuOKwyblJQ,future bass
2026-09-12,medium_term,3AA28KZvwAUcZuOKwyblJQ,hip hop
2026-09-12,medium_term,3AA28KZvwAUcZuOKwyblJQ,indie rock
2026-09-12,medium_term,3AA28KZvwAUcZuOKwyblJQ,latin
2026-09-12,medium_term,3AA28KZvwAUcZuOKwyblJQ,pop
2026-09-12,medium_term,3AA28KZvwAUcZuOKwyblJQ,pop rock
2026-09-12,medium_term,3AA28KZvwAUcZuOKwyblJQ,rock
2026-09-12,medium_term,3AA28KZvwAUcZuOKwyblJQ,synth-pop
2026-09-12,medium_term,3AA28KZvwAUcZuOKwyblJQ,tech house
2026-09-12,medium_term,3AA28KZvwAUcZuOKwyblJQ,trap
2026-09-12,medium_term,3AA28KZvwAUcZuOKwyblJQ,trip hop
2026-09-12,medium_term,3AA28KZvwAUcZuOKwyblJQ,uk garage
2026-09-12,medium_term,3MZsBdqDrRTJihTHQrO6Dq,alternative r&b
2026-09-12,medium_term,3MZsBdqDrRTJihTHQrO6Dq,art pop
2026-09-12,medium_term,3MZsBdqDrRTJihTHQrO6Dq,ballad
2026-09-12,medium_term,3MZsBdqDrRTJihTHQrO6Dq,instrumental hip hop
2026-09-12,medium_term,3MZsBdqDrRTJihTHQrO6Dq,lo-fi hip hop
2026-09-12,medium_term,3MZsBdqDrRTJihTHQrO6Dq,trip hop
2026-09-12,medium_term,3Sz7ZnJQBIHsXLUSo0OQtM,folk pop
2026-09-12,medium_term,3Sz7ZnJQBIHsXLUSo0OQtM,indie pop
2026-09-12,medium_term,3Sz7ZnJQBIHsXLUSo0OQtM,indie rock
2026-09-12,medium_term,3Sz7ZnJQBIHsXLUSo0OQtM,jangle pop
2026-09-12,medium_term,3Sz7ZnJQBIHsXLUSo0OQtM,pop
2026-09-12,medium_term,3Sz7ZnJQBIHsXLUSo0OQtM,psychedelic pop
2026-09-12,medium_term,3TVXtAsR1Inumwj472S9r4,alternative r&b
2026-09-12,medium_term,3TVXtAsR1Inumwj472S9r4,contemporary r&b
2026-09-12,medium_term,3TVXtAsR1Inumwj472S9r4,hardcore hip hop
2026-09-12,medium_term,3TVXtAsR1Inumwj472S9r4,hip hop
2026-09-12,medium_term,3TVXtAsR1Inumwj472S9r4,pop
2026-09-12,medium_term,3TVXtAsR1Inumwj472S9r4,pop rap
2026-09-12,medium_term,3TVXtAsR1Inumwj472S9r4,r&b
2026-09-12,medium_term,3TVXtAsR1Inumwj472S9r4,southern hip hop
2026-09-12,medium_term,3TVXtAsR1Inumwj472S9r4,trap
2026-09-12,medium_term,3ctnkEZGtVBTxS7IMin8nC,lo-fi hip hop
2026-09-12,medium_term,3fMbdgg4jU18AjLCKBhRSm,ballad
2026-09-12,medium_term,3fMbdgg4jU18AjLCKBhRSm,boogie
2026-09-12,medium_term,3fMbdgg4jU18AjLCKBhRSm,contemporary r&b
2026-09-12,medium_term,3fMbdgg4jU18AjLCKBhRSm,dance
2026-09-12,medium_term,3fMbdgg4jU18AjLCKBhRSm,dance-pop
2026-09-12,medium_term,3fMbdgg4jU18AjLCKBhRSm,disco
2026-09-12,medium_term,3fMbdgg4jU18AjLCKBhRSm,hip hop
2026-09-12,medium_term,3fMbdgg4jU18AjLCKBhRSm,new jack swing
2026-09-12,medium_term,3fMbdgg4jU18AjLCKBhRSm,pop
2026-09-12,medium_term,3fMbdgg4jU18AjLCKBhRSm,pop rap
2026-09-12,medium_term,3fMbdgg4jU18AjLCKBhRSm,pop rock
2026-09-12,medium_term,3fMbdgg4jU18AjLCKBhRSm,pop soul
2026-09-12,medium_term,3fMbdgg4jU18AjLCKBhRSm,r&b
2026-09-12,medium_term,3fMbdgg4jU18AjLCKBhRSm,soul
2026-09-12,medium_term,3mIj9lX2MWuHmhNCA7LSCW,alternative pop
2026-09-12,medium_term,3mIj9lX2MWuHmhNCA7LSCW,alternative rock
2026-09-12,medium_term,3mIj9lX2MWuHmhNCA7LSCW,ambient pop
2026-09-12,medium_term,3mIj9lX2MWuHmhNCA7LSCW,art pop
2026-09-12,medium_term,3mIj9lX2MWuHmhNCA7LSCW,indie pop
2026-09-12,medium_term,3mIj9lX2MWuHmhNCA7LSCW,indie rock
2026-09-12,medium_term,3mIj9lX2MWuHmhNCA7LSCW,indietronica
2026-09-12,medium_term,3mIj9lX2MWuHmhNCA7LSCW,leftfield
2026-09-12,medium_term,3mIj9lX2MWuHmhNCA7LSCW,new wave
2026-09-12,medium_term,3mIj9lX2MWuHmhNCA7LSCW,pop rock
2026-09-12,medium_term,3mIj9lX2MWuHmhNCA7LSCW,post-punk revival
2026-09-12,medium_term,3mIj9lX2MWuHmhNCA7LSCW,synth-pop
2026-09-12,medium_term,47zz7sob9NUcODy0BTDvKx,contemporary r&b
2026-09-12,medium_term,47zz7sob9NUcODy0BTDvKx,downtempo
2026-09-12,medium_term,47zz7sob9NUcODy0BTDvKx,jazz
2026-09-12,medium_term,47zz7sob9NUcODy0BTDvKx,jazz pop
2026-09-12,medium_term,47zz7sob9NUcODy0BTDvKx,pop
2026-09-12,medium_term,47zz7sob9NUcODy0BTDvKx,quiet storm
2026-09-12,medium_term,47zz7sob9NUcODy0BTDvKx,smooth jazz
2026-09-12,medium_term,47zz7sob9NUcODy0BTDvKx,smooth soul
2026-09-12,medium_term,47zz7sob9NUcODy0BTDvKx,sophisti-pop
2026-09-12,medium_term,47zz7sob9NUcODy0BTDvKx,soul
2026-09-12,medium_term,47zz7sob9NUcODy0BTDvKx,trip hop
2026-09-12,medium_term,4KRllJ2dEeoqvxOQLOgOsI,electronic
2026-09-12,medium_term,4KRllJ2dEeoqvxOQLOgOsI,phonk
2026-09-12,medium_term,4KRllJ2dEeoqvxOQLOgOsI,phonk house
2026-09-12,medium_term,4KRllJ2dEeoqvxOQLOgOsI,synthwave
2026-09-12,medium_term,4KRllJ2dEeoqvxOQLOgOsI,trap
2026-09-12,medium_term,4KRllJ2dEeoqvxOQLOgOsI,wave
2026-09-12,medium_term,4YRxDV8wJFPHPTeXepOstw,filmi
2026-09-12,medium_term,4YRxDV8wJFPHPTeXepOstw,indian pop
2026-09-12,medium_term,4Z8W4fKeB5YxbusRsdQVPb,alternative rock
2026-09-12,medium_term,4Z8W4fKeB5YxbusRsdQVPb,ambient pop
2026-09-12,medium_term,4Z8W4fKeB5YxbusRsdQVPb,art pop
2026-09-12,medium_term,4Z8W4fKeB5YxbusRsdQVPb,art rock
2026-09-12,medium_term,4Z8W4fKeB5YxbusRsdQVPb,britpop
2026-09-12,medium_term,4Z8W4fKeB5YxbusRsdQVPb,chamber pop
2026-09-12,medium_term,4Z8W4fKeB5YxbusRsdQVPb,crossover prog
2026-09-12,medium_term,4Z8W4fKeB5YxbusRsdQVPb,electronic
2026-09-12,medium_term,4Z8W4fKeB5YxbusRsdQVPb,electronic rock
2026-09-12,medium_term,4Z8W4fKeB5YxbusRsdQVPb,electronica
2026-09-12,medium_term,4Z8W4fKeB5YxbusRsdQVPb,experimental
2026-09-12,medium_term,4Z8W4fKeB5YxbusRsdQVPb,experimental rock
2026-09-12,medium_term,4Z8W4fKeB5YxbusRsdQVPb,idm
2026-09-12,medium_term,4Z8W4fKeB5YxbusRsdQVPb,indie rock
2026-09-12,medium_term,4Z8W4fKeB5YxbusRsdQVPb,indietronica
2026-09-12,medium_term,4Z8W4fKeB5YxbusRsdQVPb,post-britpop
2026-09-12,medium_term,4Z8W4fKeB5YxbusRsdQVPb,post-grunge
2026-09-12,medium_term,4Z8W4fKeB5YxbusRsdQVPb,rock
2026-09-12,medium_term,4gdMJYnopf2nEUcanAwstx,indian pop
2026-09-12,medium_term,4gdMJYnopf2nEUcanAwstx,singer-songwriter
2026-09-12,medium_term,4yvcSjfu4PC0CYQyLy4wSq,electronic
2026-09-12,medium_term,4yvcSjfu4PC0CYQyLy4wSq,indie pop
2026-09-12,medium_term,4yvcSjfu4PC0CYQyLy4wSq,indie rock
2026-09-12,medium_term,4yvcSjfu4PC0CYQyLy4wSq,indietronica
2026-09-12,medium_term,4yvcSjfu4PC0CYQyLy4wSq,pop
2026-09-12,medium_term,4yvcSjfu4PC0CYQyLy4wSq,psychedelic pop
2026-09-12,medium_term,4yvcSjfu4PC0CYQyLy4wSq,psychedelic rock
2026-09-12,medium_term,5INjqkS1o8h1imAzPqGZBb,alternative dance
2026-09-12,medium_term,5INjqkS1o8h1imAzPqGZBb,alternative rock
2026-09-12,medium_term,5INjqkS1o8h1imAzPqGZBb,dream pop
2026-09-12,medium_term,5INjqkS1o8h1imAzPqGZBb,indie rock
2026-09-12,medium_term,5INjqkS1o8h1imAzPqGZBb,indietronica
2026-09-12,medium_term,5INjqkS1o8h1imAzPqGZBb,leftfield
2026-09-12,medium_term,5INjqkS1o8h1imAzPqGZBb,neo-psychedelia
2026-09-12,medium_term,5INjqkS1o8h1imAzPqGZBb,pop
2026-09-12,medium_term,5INjqkS1o8h1imAzPqGZBb,psychedelic
2026-09-12,medium_term,5INjqkS1o8h1imAzPqGZBb,psychedelic pop
2026-09-12,medium_term,5INjqkS1o8h1imAzPqGZBb,psychedelic rock
2026-09-12,medium_term,5INjqkS1o8h1imAzPqGZBb,rock
2026-09-12,medium_term,5INjqkS1o8h1imAzPqGZBb,space rock
2026-09-12,medium_term,5INjqkS1o8h1imAzPqGZBb,synth-pop
2026-09-12,medium_term,5cj0lLjcoR7YOSnhnX0Po5,alternative rock
2026-09-12,medium_term,5cj0lLjcoR7YOSnhnX0Po5,grunge
2026-09-12,medium_term,5cj0lLjcoR7YOSnhnX0Po5,hip hop
2026-09-12,medium_term,5cj0lLjcoR7YOSnhnX0Po5,pop
2026-09-12,medium_term,5cj0lLjcoR7YOSnhnX0Po5,pop rap
2026-09-12,medium_term,5cj0lLjcoR7YOSnhnX0Po5,post-grunge
2026-09-12,medium_term,5cj0lLjcoR7YOSnhnX0Po5,power pop
2026-09-12,medium_term,5cj0lLjcoR7YOSnhnX0Po5,rock
2026-09-12,medium_term,5cj0lLjcoR7YOSnhnX0Po5,trap
2026-09-12,medium_term,5cj0lLjcoR7YOSnhnX0Po5,west coast hip hop
2026-09-12,medium_term,5y8tKLUfMvliMe8IKamR32,alternative r&b
2026-09-12,medium_term,5y8tKLUfMvliMe8IKamR32,contemporary r&b
2026-09-12,medium_term,5y8tKLUfMvliMe8IKamR32,indie pop
2026-09-12,medium_term,5y8tKLUfMvliMe8IKamR32,lo-fi
2026-09-12,medium_term,60jYUgQzKAtnJoXKGk1GNn,folk
2026-09-12,medium_term,60jYUgQzKAtnJoXKGk1GNn,pop
2026-09-12,medium_term,60jYUgQzKAtnJoXKGk1GNn,techno
2026-09-12,medium_term,66CXWjxzNUsdJxJ2JdwvnR,contemporary r&b
2026-09-12,medium_term,66CXWjxzNUsdJxJ2JdwvnR,dance-pop
2026-09-12,medium_term,66CXWjxzNUsdJxJ2JdwvnR,pop
2026-09-12,medium_term,66CXWjxzNUsdJxJ2JdwvnR,r&b
2026-09-12,medium_term,66CXWjxzNUsdJxJ2JdwvnR,trap soul
2026-09-12,medium_term,700c9Qz2z6HZKTumeliKAw,electronic
2026-09-12,medium_term,77SW9BnxLY8rJ0RciFqkHh,alternative rock
2026-09-12,medium_term,77SW9BnxLY8rJ0RciFqkHh,indie pop
2026-09-12,medium_term,78rUTD7y6Cy67W1RVzYs7t,alternative pop
2026-09-12,medium_term,78rUTD7y6Cy67W1RVzYs7t,bubblegum pop
2026-09-12,medium_term,78rUTD7y6Cy67W1RVzYs7t,dance-pop
2026-09-12,medium_term,78rUTD7y6Cy67W1RVzYs7t,drum and bass
2026-09-12,medium_term,78rUTD7y6Cy67W1RVzYs7t,future garage
2026-09-12,medium_term,78rUTD7y6Cy67W1RVzYs7t,jungle
2026-09-12,medium_term,78rUTD7y6Cy67W1RVzYs7t,pop
2026-09-12,medium_term,78rUTD7y6Cy67W1RVzYs7t,uk garage
2026-09-12,medium_term,7Ln80lUS6He07XvHI8qqHH,alternative rock
2026-09-12,medium_term,7Ln80lUS6He07XvHI8qqHH,art rock
2026-09-12,medium_term,7Ln80lUS6He07XvHI8qqHH,baroque pop
2026-09-12,medium_term,7Ln80lUS6He07XvHI8qqHH,dance
2026-09-12,medium_term,7Ln80lUS6He07XvHI8qqHH,electronica
2026-09-12,medium_term,7Ln80lUS6He07XvHI8qqHH,garage rock
2026-09-12,medium_term,7Ln80lUS6He07XvHI8qqHH,garage rock revival
2026-09-12,medium_term,7Ln80lUS6He07XvHI8qqHH,house
2026-09-12,medium_term,7Ln80lUS6He07XvHI8qqHH,indie rock
2026-09-12,medium_term,7Ln80lUS6He07XvHI8qqHH,neo-psychedelia
2026-09-12,medium_term,7Ln80lUS6He07XvHI8qqHH,pop
2026-09-12,medium_term,7Ln80lUS6He07XvHI8qqHH,post-punk revival
2026-09-12,medium_term,7Ln80lUS6He07XvHI8qqHH,psychedelic pop
2026-09-12,medium_term,7Ln80lUS6He07XvHI8qqHH,psychedelic rock
2026-09-12,medium_term,7Ln80lUS6He07XvHI8qqHH,rock
2026-09-12,medium_term,7lzordPuZEXxwt9aoVZYmG,alternative dance
2026-09-12,medium_term,7lzordPuZEXxwt9aoVZYmG,classic rock
2026-09-12,medium_term,7lzordPuZEXxwt9aoVZYmG,electronic
2026-09-12,medium_term,7lzordPuZEXxwt9aoVZYmG,hard rock
2026-09-12,medium_term,7lzordPuZEXxwt9aoVZYmG,new wave
2026-09-12,medium_term,7lzordPuZEXxwt9aoVZYmG,pop rock
2026-09-12,medium_term,7lzordPuZEXxwt9aoVZYmG,punk rock
2026-09-12,medium_term,7lzordPuZEXxwt9aoVZYmG,rock
2026-09-12,medium_term,7tYKF4w9nC0nq9CsPZTHyP,alternative r&b
2026-09-12,medium_term,7tYKF4w9nC0nq9CsPZTHyP,contemporary r&b
2026-09-12,medium_term,7tYKF4w9nC0nq9CsPZTHyP,electronic
2026-09-12,medium_term,7tYKF4w9nC0nq9CsPZTHyP,hip hop soul
2026-09-12,medium_term,7tYKF4w9nC0nq9CsPZTHyP,neo soul
2026-09-12,medium_term,7tYKF4w9nC0nq9CsPZTHyP,pop
2026-09-12,medium_term,7tYKF4w9nC0nq9CsPZTHyP,r&b
2026-09-12,medium_term,7tYKF4w9nC0nq9CsPZTHyP,soul
2026-09-12,short_term,00FQb4jTyendYWaN8pK0wa,alternative pop
2026-09-12,short_term,00FQb4jTyendYWaN8pK0wa,art pop
2026-09-12,short_term,00FQb4jTyendYWaN8pK0wa,ballad
2026-09-12,short_term,00FQb4jTyendYWaN8pK0wa,baroque pop
2026-09-12,short_term,00FQb4jTyendYWaN8pK0wa,chamber pop
2026-09-12,short_term,00FQb4jTyendYWaN8pK0wa,country
2026-09-12,short_term,00FQb4jTyendYWaN8pK0wa,dance
2026-09-12,short_term,00FQb4jTyendYWaN8pK0wa,dream pop
2026-09-12,short_term,00FQb4jTyendYWaN8pK0wa,edm
2026-09-12,short_term,00FQb4jTyendYWaN8pK0wa,electronic
2026-09-12,short_term,00FQb4jTyendYWaN8pK0wa,electronica
2026-09-12,short_term,00FQb4jTyendYWaN8pK0wa,future bass
2026-09-12,short_term,00FQb4jTyendYWaN8pK0wa,house
2026-09-12,short_term,00FQb4jTyendYWaN8pK0wa,indie pop
2026-09-12,short_term,00FQb4jTyendYWaN8pK0wa,indie rock
2026-09-12,short_term,00FQb4jTyendYWaN8pK0wa,melodic house
2026-09-12,short_term,00FQb4jTyendYWaN8pK0wa,melodic techno
2026-09-12,short_term,00FQb4jTyendYWaN8pK0wa,neo-psychedelia
2026-09-12,short_term,00FQb4jTyendYWaN8pK0wa,pop
2026-09-12,short_term,00FQb4jTyendYWaN8pK0wa,psychedelic pop
2026-09-12,short_term,00FQb4jTyendYWaN8pK0wa,r&b
2026-09-12,short_term,00FQb4jTyendYWaN8pK0wa,rock
2026-09-12,short_term,00FQb4jTyendYWaN8pK0wa,singer-songwriter
2026-09-12,short_term,00FQb4jTyendYWaN8pK0wa,slowcore
2026-09-12,short_term,00FQb4jTyendYWaN8pK0wa,trap
2026-09-12,short_term,00FQb4jTyendYWaN8pK0wa,trip hop
2026-09-12,short_term,0U7iI0Dk4Ojvi17nZboNO4,indie rock
2026-09-12,short_term,0U7iI0Dk4Ojvi17nZboNO4,surf rock
2026-09-12,short_term,0Y6dVaC9DZtPNH4591M42W,dream pop
2026-09-12,short_term,0Y6dVaC9DZtPNH4591M42W,electronic
2026-09-12,short_term,0Y6dVaC9DZtPNH4591M42W,hip hop
2026-09-12,short_term,0Y6dVaC9DZtPNH4591M42W,indie pop
2026-09-12,short_term,0Y6dVaC9DZtPNH4591M42W,indie rock
2026-09-12,short_term,0Y6dVaC9DZtPNH4591M42W,lo-fi
2026-09-12,short_term,0Y6dVaC9DZtPNH4591M42W,pop
2026-09-12,short_term,1AbJ2cmwK400LSvdvBL5Jc,bedroom pop
2026-09-12,short_term,1QAJqy2dA3ihHBFIHRphZj,ambient
2026-09-12,short_term,1QAJqy2dA3ihHBFIHRphZj,ambient pop
2026-09-12,short_term,1QAJqy2dA3ihHBFIHRphZj,dream pop
2026-09-12,short_term,1QAJqy2dA3ihHBFIHRphZj,indie pop
2026-09-12,short_term,1QAJqy2dA3ihHBFIHRphZj,indie rock
2026-09-12,short_term,1QAJqy2dA3ihHBFIHRphZj,pop
2026-09-12,short_term,1QAJqy2dA3ihHBFIHRphZj,shoegaze
2026-09-12,short_term,1QAJqy2dA3ihHBFIHRphZj,slowcore
2026-09-12,short_term,1Xyo4u8uXC1ZmMpatF05PJ,alternative r&b
2026-09-12,short_term,1Xyo4u8uXC1ZmMpatF05PJ,contemporary r&b
2026-09-12,short_term,1Xyo4u8uXC1ZmMpatF05PJ,dance-pop
2026-09-12,short_term,1Xyo4u8uXC1ZmMpatF05PJ,hypnagogic pop
2026-09-12,short_term,1Xyo4u8uXC1ZmMpatF05PJ,pop
2026-09-12,short_term,1Xyo4u8uXC1ZmMpatF05PJ,r&b
2026-09-12,short_term,1Xyo4u8uXC1ZmMpatF05PJ,synth-pop
2026-09-12,short_term,1fa0cOhromAZdq2xRA4vv8,blue-eyed soul
2026-09-12,short_term,1fa0cOhromAZdq2xRA4vv8,dance-pop
2026-09-12,short_term,1fa0cOhromAZdq2xRA4vv8,pop
2026-09-12,short_term,1fa0cOhromAZdq2xRA4vv8,pop soul
2026-09-12,short_term,1fa0cOhromAZdq2xRA4vv8,r&b
2026-09-12,short_term,1fa0cOhromAZdq2xRA4vv8,soft rock
2026-09-12,short_term,1fa0cOhromAZdq2xRA4vv8,sophisti-pop
2026-09-12,short_term,1fa0cOhromAZdq2xRA4vv8,soul
2026-09-12,short_term,1mYsTxnqsietFxj1OgoGbG,classical
2026-09-12,short_term,1mYsTxnqsietFxj1OgoGbG,filmi
2026-09-12,short_term,1mYsTxnqsietFxj1OgoGbG,world fusion
2026-09-12,short_term,1wRPtKGflJrBx9BmLsSwlU,filmi
2026-09-12,short_term,2jku7tDXc6XoB6MO2hFuqg,alternative hip hop
2026-09-12,short_term,2jku7tDXc6XoB6MO2hFuqg,alternative r&b
2026-09-12,short_term,2jku7tDXc6XoB6MO2hFuqg,contemporary r&b
2026-09-12,short_term,2jku7tDXc6XoB6MO2hFuqg,dancehall
2026-09-12,short_term,2jku7tDXc6XoB6MO2hFuqg,hip hop
2026-09-12,short_term,2jku7tDXc6XoB6MO2hFuqg,r&b
2026-09-12,short_term,2oSONSC9zQ4UonDKnLqksx,filmi
2026-09-12,short_term,3MZsBdqDrRTJihTHQrO6Dq,alternative r&b
2026-09-12,short_term,3MZsBdqDrRTJihTHQrO6Dq,art pop
2026-09-12,short_term,3MZsBdqDrRTJihTHQrO6Dq,ballad
2026-09-12,short_term,3MZsBdqDrRTJihTHQrO6Dq,instrumental hip hop
2026-09-12,short_term,3MZsBdqDrRTJihTHQrO6Dq,lo-fi hip hop
2026-09-12,short_term,3MZsBdqDrRTJihTHQrO6Dq,trip hop
2026-09-12,short_term,3Sz7ZnJQBIHsXLUSo0OQtM,folk pop
2026-09-12,short_term,3Sz7ZnJQBIHsXLUSo0OQtM,indie pop
2026-09-12,short_term,3Sz7ZnJQBIHsXLUSo0OQtM,indie rock
2026-09-12,short_term,3Sz7ZnJQBIHsXLUSo0OQtM,jangle pop
2026-09-12,short_term,3Sz7ZnJQBIHsXLUSo0OQtM,pop
2026-09-12,short_term,3Sz7ZnJQBIHsXLUSo0OQtM,psychedelic pop
2026-09-12,short_term,3mIj9lX2MWuHmhNCA7LSCW,alternative pop
2026-09-12,short_term,3mIj9lX2MWuHmhNCA7LSCW,alternative rock
2026-09-12,short_term,3mIj9lX2MWuHmhNCA7LSCW,ambient pop
2026-09-12,short_term,3mIj9lX2MWuHmhNCA7LSCW,art pop
2026-09-12,short_term,3mIj9lX2MWuHmhNCA7LSCW,indie pop
2026-09-12,short_term,3mIj9lX2MWuHmhNCA7LSCW,indie rock
2026-09-12,short_term,3mIj9lX2MWuHmhNCA7LSCW,indietronica
2026-09-12,short_term,3mIj9lX2MWuHmhNCA7LSCW,leftfield
2026-09-12,short_term,3mIj9lX2MWuHmhNCA7LSCW,new wave
2026-09-12,short_term,3mIj9lX2MWuHmhNCA7LSCW,pop rock
2026-09-12,short_term,3mIj9lX2MWuHmhNCA7LSCW,post-punk revival
2026-09-12,short_term,3mIj9lX2MWuHmhNCA7LSCW,synth-pop
2026-09-12,short_term,47zz7sob9NUcODy0BTDvKx,contemporary r&b
2026-09-12,short_term,47zz7sob9NUcODy0BTDvKx,downtempo
2026-09-12,short_term,47zz7sob9NUcODy0BTDvKx,jazz
2026-09-12,short_term,47zz7sob9NUcODy0BTDvKx,jazz pop
2026-09-12,short_term,47zz7sob9NUcODy0BTDvKx,pop
2026-09-12,short_term,47zz7sob9NUcODy0BTDvKx,quiet storm
2026-09-12,short_term,47zz7sob9NUcODy0BTDvKx,smooth jazz
2026-09-12,short_term,47zz7sob9NUcODy0BTDvKx,smooth soul
2026-09-12,short_term,47zz7sob9NUcODy0BTDvKx,sophisti-pop
2026-09-12,short_term,47zz7sob9NUcODy0BTDvKx,soul
2026-09-12,short_term,47zz7sob9NUcODy0BTDvKx,trip hop
2026-09-12,short_term,4gdMJYnopf2nEUcanAwstx,indian pop
2026-09-12,short_term,4gdMJYnopf2nEUcanAwstx,singer-songwriter
2026-09-12,short_term,4gzpq5DPGxSnKTe4SA8HAU,alternative rock
2026-09-12,short_term,4gzpq5DPGxSnKTe4SA8HAU,art pop
2026-09-12,short_term,4gzpq5DPGxSnKTe4SA8HAU,britpop
2026-09-12,short_term,4gzpq5DPGxSnKTe4SA8HAU,dream pop
2026-09-12,short_term,4gzpq5DPGxSnKTe4SA8HAU,piano rock
2026-09-12,short_term,4gzpq5DPGxSnKTe4SA8HAU,pop
2026-09-12,short_term,4gzpq5DPGxSnKTe4SA8HAU,pop rock
2026-09-12,short_term,4gzpq5DPGxSnKTe4SA8HAU,post-britpop
2026-09-12,short_term,4gzpq5DPGxSnKTe4SA8HAU,rock
2026-09-12,short_term,5INjqkS1o8h1imAzPqGZBb,alternative dance
2026-09-12,short_term,5INjqkS1o8h1imAzPqGZBb,alternative rock
2026-09-12,short_term,5INjqkS1o8h1imAzPqGZBb,dream pop
2026-09-12,short_term,5INjqkS1o8h1imAzPqGZBb,indie rock
2026-09-12,short_term,5INjqkS1o8h1imAzPqGZBb,indietronica
2026-09-12,short_term,5INjqkS1o8h1imAzPqGZBb,leftfield
2026-09-12,short_term,5INjqkS1o8h1imAzPqGZBb,neo-psychedelia
2026-09-12,short_term,5INjqkS1o8h1imAzPqGZBb,pop
2026-09-12,short_term,5INjqkS1o8h1imAzPqGZBb,psychedelic
2026-09-12,short_term,5INjqkS1o8h1imAzPqGZBb,psychedelic pop
2026-09-12,short_term,5INjqkS1o8h1imAzPqGZBb,psychedelic rock
2026-09-12,short_term,5INjqkS1o8h1imAzPqGZBb,rock
2026-09-12,short_term,5INjqkS1o8h1imAzPqGZBb,space rock
2026-09-12,short_term,5INjqkS1o8h1imAzPqGZBb,synth-pop
2026-09-12,short_term,66CXWjxzNUsdJxJ2JdwvnR,contemporary r&b
2026-09-12,short_term,66CXWjxzNUsdJxJ2JdwvnR,dance-pop
2026-09-12,short_term,66CXWjxzNUsdJxJ2JdwvnR,pop
2026-09-12,short_term,66CXWjxzNUsdJxJ2JdwvnR,r&b
2026-09-12,short_term,66CXWjxzNUsdJxJ2JdwvnR,trap soul
2026-09-12,short_term,6IRouO5mvvfcyxtPDKMYFN,acoustic rock
2026-09-12,short_term,6IRouO5mvvfcyxtPDKMYFN,aor
2026-09-12,short_term,6IRouO5mvvfcyxtPDKMYFN,arena rock
2026-09-12,short_term,6IRouO5mvvfcyxtPDKMYFN,classic rock
2026-09-12,short_term,6IRouO5mvvfcyxtPDKMYFN,hard rock
2026-09-12,short_term,6IRouO5mvvfcyxtPDKMYFN,pop rock
2026-09-12,short_term,6IRouO5mvvfcyxtPDKMYFN,rock
2026-09-12,short_term,6IRouO5mvvfcyxtPDKMYFN,soft rock
2026-09-12,short_term,6XwwFnewNgWp81MYMK8zLq,deep house
2026-09-12,short_term,700c9Qz2z6HZKTumeliKAw,electronic
2026-09-12,short_term,77SW9BnxLY8rJ0RciFqkHh,alternative rock
2026-09-12,short_term,77SW9BnxLY8rJ0RciFqkHh,indie pop
2026-09-12,short_term,7Ln80lUS6He07XvHI8qqHH,alternative rock
2026-09-12,short_term,7Ln80lUS6He07XvHI8qqHH,art rock
2026-09-12,short_term,7Ln80lUS6He07XvHI8qqHH,baroque pop
2026-09-12,short_term,7Ln80lUS6He07XvHI8qqHH,dance
2026-09-12,short_term,7Ln80lUS6He07XvHI8qqHH,electronica
2026-09-12,short_term,7Ln80lUS6He07XvHI8qqHH,garage rock
2026-09-12,short_term,7Ln80lUS6He07XvHI8qqHH,garage rock revival
2026-09-12,short_term,7Ln80lUS6He07XvHI8qqHH,house
2026-09-12,short_term,7Ln80lUS6He07XvHI8qqHH,indie rock
2026-09-12,short_term,7Ln80lUS6He07XvHI8qqHH,neo-psychedelia
2026-09-12,short_term,7Ln80lUS6He07XvHI8qqHH,pop
2026-09-12,short_term,7Ln80lUS6He07XvHI8qqHH,post-punk revival
2026-09-12,short_term,7Ln80lUS6He07XvHI8qqHH,psychedelic pop
2026-09-12,short_term,7Ln80lUS6He07XvHI8qqHH,psychedelic rock
2026-09-12,short_term,7Ln80lUS6He07XvHI8qqHH,rock
2026-09-12,short_term,7tYKF4w9nC0nq9CsPZTHyP,alternative r&b
2026-09-12,short_term,7tYKF4w9nC0nq9CsPZTHyP,contemporary r&b
2026-09-12,short_term,7tYKF4w9nC0nq9CsPZTHyP,electronic
2026-09-12,short_term,7tYKF4w9nC0nq9CsPZTHyP,hip hop soul
2026-09-12,short_term,7tYKF4w9nC0nq9CsPZTHyP,neo soul
2026-09-12,short_term,7tYKF4w9nC0nq9CsPZTHyP,pop
2026-09-12,short_term,7tYKF4w9nC0nq9CsPZTHyP,r&b
2026-09-12,short_term,7tYKF4w9nC0nq9CsPZTHyP,soul
2026-09-13,long_term,00FQb4jTyendYWaN8pK0wa,alternative pop
2026-09-13,long_term,00FQb4jTyendYWaN8pK0wa,art pop
2026-09-13,long_term,00FQb4jTyendYWaN8pK0wa,ballad
2026-09-13,long_term,00FQb4jTyendYWaN8pK0wa,baroque pop
2026-09-13,long_term,00FQb4jTyendYWaN8pK0wa,chamber pop
2026-09-13,long_term,00FQb4jTyendYWaN8pK0wa,country
2026-09-13,long_term,00FQb4jTyendYWaN8pK0wa,dance
2026-09-13,long_term,00FQb4jTyendYWaN8pK0wa,dream pop
2026-09-13,long_term,00FQb4jTyendYWaN8pK0wa,edm
2026-09-13,long_term,00FQb4jTyendYWaN8pK0wa,electronic
2026-09-13,long_term,00FQb4jTyendYWaN8pK0wa,electronica
2026-09-13,long_term,00FQb4jTyendYWaN8pK0wa,future bass
2026-09-13,long_term,00FQb4jTyendYWaN8pK0wa,house
2026-09-13,long_term,00FQb4jTyendYWaN8pK0wa,indie pop
2026-09-13,long_term,00FQb4jTyendYWaN8pK0wa,indie rock
2026-09-13,long_term,00FQb4jTyendYWaN8pK0wa,melodic house
2026-09-13,long_term,00FQb4jTyendYWaN8pK0wa,melodic techno
2026-09-13,long_term,00FQb4jTyendYWaN8pK0wa,neo-psychedelia
2026-09-13,long_term,00FQb4jTyendYWaN8pK0wa,pop
2026-09-13,long_term,00FQb4jTyendYWaN8pK0wa,psychedelic pop
2026-09-13,long_term,00FQb4jTyendYWaN8pK0wa,r&b
2026-09-13,long_term,00FQb4jTyendYWaN8pK0wa,rock
2026-09-13,long_term,00FQb4jTyendYWaN8pK0wa,singer-songwriter
2026-09-13,long_term,00FQb4jTyendYWaN8pK0wa,slowcore
2026-09-13,long_term,00FQb4jTyendYWaN8pK0wa,trap
2026-09-13,long_term,00FQb4jTyendYWaN8pK0wa,trip hop
2026-09-13,long_term,06O23tLg0or676h8EEzH7W,chillwave
2026-09-13,long_term,06O23tLg0or676h8EEzH7W,dreamwave
2026-09-13,long_term,06O23tLg0or676h8EEzH7W,electronic
2026-09-13,long_term,06O23tLg0or676h8EEzH7W,synth-pop
2026-09-13,long_term,06O23tLg0or676h8EEzH7W,witch house
2026-09-13,long_term,0Y5tJX1MQlPlqiwlOH1tJY,experimental hip hop
2026-09-13,long_term,0Y5tJX1MQlPlqiwlOH1tJY,hip hop
2026-09-13,long_term,0Y5tJX1MQlPlqiwlOH1tJY,pop rap
2026-09-13,long_term,0Y5tJX1MQlPlqiwlOH1tJY,southern hip hop
2026-09-13,long_term,0Y5tJX1MQlPlqiwlOH1tJY,trap
2026-09-13,long_term,0Y6dVaC9DZtPNH4591M42W,dream pop
2026-09-13,long_term,0Y6dVaC9DZtPNH4591M42W,electronic
2026-09-13,long_term,0Y6dVaC9DZtPNH4591M42W,hip hop
2026-09-13,long_term,0Y6dVaC9DZtPNH4591M42W,indie pop
2026-09-13,long_term,0Y6dVaC9DZtPNH4591M42W,indie rock
2026-09-13,long_term,0Y6dVaC9DZtPNH4591M42W,lo-fi
2026-09-13,long_term,0Y6dVaC9DZtPNH4591M42W,pop
2026-09-13,long_term,0dgJbQ0bKPyUXco8hEXN7X,ambient
2026-09-13,long_term,0dgJbQ0bKPyUXco8hEXN7X,boom bap
2026-09-13,long_term,0dgJbQ0bKPyUXco8hEXN7X,chillout
2026-09-13,long_term,0dgJbQ0bKPyUXco8hEXN7X,chillwave
2026-09-13,long_term,0dgJbQ0bKPyUXco8hEXN7X,downtempo
2026-09-13,long_term,0dgJbQ0bKPyUXco8hEXN7X,drift phonk
2026-09-13,long_term,0dgJbQ0bKPyUXco8hEXN7X,hardwave
2026-09-13,long_term,0dgJbQ0bKPyUXco8hEXN7X,hip hop
2026-09-13,long_term,0dgJbQ0bKPyUXco8hEXN7X,house
2026-09-13,long_term,0dgJbQ0bKPyUXco8hEXN7X,instrumental
2026-09-13,long_term,0dgJbQ0bKPyUXco8hEXN7X,instrumental hip hop
2026-09-13,long_term,0dgJbQ0bKPyUXco8hEXN7X,lo-fi
2026-09-13,long_term,0dgJbQ0bKPyUXco8hEXN7X,lo-fi hip hop
2026-09-13,long_term,0dgJbQ0bKPyUXco8hEXN7X,phonk
2026-09-13,long_term,0dgJbQ0bKPyUXco8hEXN7X,wave
2026-09-13,long_term,0klU31gyC6EZqKgLvVANCy,boom bap
2026-09-13,long_term,0klU31gyC6EZqKgLvVANCy,chillwave
2026-09-13,long_term,0klU31gyC6EZqKgLvVANCy,downtempo
2026-09-13,long_term,0klU31gyC6EZqKgLvVANCy,hip hop
2026-09-13,long_term,0klU31gyC6EZqKgLvVANCy,instrumental
2026-09-13,long_term,0klU31gyC6EZqKgLvVANCy,instrumental hip hop
2026-09-13,long_term,0klU31gyC6EZqKgLvVANCy,lo-fi
2026-09-13,long_term,0klU31gyC6EZqKgLvVANCy,lo-fi hip hop
2026-09-13,long_term,17XXKfRBMCWvLrqGoNkJXm,ballad
2026-09-13,long_term,17XXKfRBMCWvLrqGoNkJXm,easy listening
2026-09-13,long_term,17XXKfRBMCWvLrqGoNkJXm,pop
2026-09-13,long_term,19ra5tSw0tWufvUp8GotLo,ballad
2026-09-13,long_term,19ra5tSw0tWufvUp8GotLo,blue-eyed soul
2026-09-13,long_term,19ra5tSw0tWufvUp8GotLo,contemporary r&b
2026-09-13,long_term,19ra5tSw0tWufvUp8GotLo,dance-pop
2026-09-13,long_term,19ra5tSw0tWufvUp8GotLo,dance-rock
2026-09-13,long_term,19ra5tSw0tWufvUp8GotLo,jazz
2026-09-13,long_term,19ra5tSw0tWufvUp8GotLo,pop
2026-09-13,long_term,19ra5tSw0tWufvUp8GotLo,pop rock
2026-09-13,long_term,19ra5tSw0tWufvUp8GotLo,pop soul
2026-09-13,long_term,19ra5tSw0tWufvUp8GotLo,r&b
2026-09-13,long_term,19ra5tSw0tWufvUp8GotLo,smooth jazz
2026-09-13,long_term,19ra5tSw0tWufvUp8GotLo,smooth soul
2026-09-13,long_term,19ra5tSw0tWufvUp8GotLo,soft rock
2026-09-13,long_term,19ra5tSw0tWufvUp8GotLo,sophisti-pop
2026-09-13,long_term,19ra5tSw0tWufvUp8GotLo,soul
2026-09-13,long_term,1QAJqy2dA3ihHBFIHRphZj,ambient
2026-09-13,long_term,1QAJqy2dA3ihHBFIHRphZj,ambient pop
2026-09-13,long_term,1QAJqy2dA3ihHBFIHRphZj,dream pop
2026-09-13,long_term,1QAJqy2dA3ihHBFIHRphZj,indie pop
2026-09-13,long_term,1QAJqy2dA3ihHBFIHRphZj,indie rock
2026-09-13,long_term,1QAJqy2dA3ihHBFIHRphZj,pop
2026-09-13,long_term,1QAJqy2dA3ihHBFIHRphZj,shoegaze
2026-09-13,long_term,1QAJqy2dA3ihHBFIHRphZj,slowcore
2026-09-13,long_term,1Xyo4u8uXC1ZmMpatF05PJ,alternative r&b
2026-09-13,long_term,1Xyo4u8uXC1ZmMpatF05PJ,contemporary r&b
2026-09-13,long_term,1Xyo4u8uXC1ZmMpatF05PJ,dance-pop
2026-09-13,long_term,1Xyo4u8uXC1ZmMpatF05PJ,hypnagogic pop
2026-09-13,long_term,1Xyo4u8uXC1ZmMpatF05PJ,pop
2026-09-13,long_term,1Xyo4u8uXC1ZmMpatF05PJ,r&b
2026-09-13,long_term,1Xyo4u8uXC1ZmMpatF05PJ,synth-pop
2026-09-13,long_term,1cGyguqPQY22oUd4fKglFS,ambient
2026-09-13,long_term,1cGyguqPQY22oUd4fKglFS,dark ambient
2026-09-13,long_term,1mYsTxnqsietFxj1OgoGbG,classical
2026-09-13,long_term,1mYsTxnqsietFxj1OgoGbG,filmi
2026-09-13,long_term,1mYsTxnqsietFxj1OgoGbG,world fusion
2026-09-13,long_term,1wRPtKGflJrBx9BmLsSwlU,filmi
2026-09-13,long_term,2YZyLoL8N0Wb9xBt1NhZWg,alternative hip hop
2026-09-13,long_term,2YZyLoL8N0Wb9xBt1NhZWg,conscious hip hop
2026-09-13,long_term,2YZyLoL8N0Wb9xBt1NhZWg,dance
2026-09-13,long_term,2YZyLoL8N0Wb9xBt1NhZWg,disco
2026-09-13,long_term,2YZyLoL8N0Wb9xBt1NhZWg,future bass
2026-09-13,long_term,2YZyLoL8N0Wb9xBt1NhZWg,gangsta rap
2026-09-13,long_term,2YZyLoL8N0Wb9xBt1NhZWg,hardcore hip hop
2026-09-13,long_term,2YZyLoL8N0Wb9xBt1NhZWg,hip hop
2026-09-13,long_term,2YZyLoL8N0Wb9xBt1NhZWg,house
2026-09-13,long_term,2YZyLoL8N0Wb9xBt1NhZWg,jazz
2026-09-13,long_term,2YZyLoL8N0Wb9xBt1NhZWg,jazz rap
2026-09-13,long_term,2YZyLoL8N0Wb9xBt1NhZWg,pop
2026-09-13,long_term,2YZyLoL8N0Wb9xBt1NhZWg,pop rap
2026-09-13,long_term,2YZyLoL8N0Wb9xBt1NhZWg,r&b
2026-09-13,long_term,2YZyLoL8N0Wb9xBt1NhZWg,trap
2026-09-13,long_term,2YZyLoL8N0Wb9xBt1NhZWg,west coast hip hop
2026-09-13,long_term,2exebQUDoIoT0dXA8BcN1P,chillwave
2026-09-13,long_term,2exebQUDoIoT0dXA8BcN1P,electronic
2026-09-13,long_term,2exebQUDoIoT0dXA8BcN1P,synthwave
2026-09-13,long_term,2h93pZq0e7k5yf4dywlkpM,alternative r&b
2026-09-13,long_term,2h93pZq0e7k5yf4dywlkpM,contemporary r&b
2026-09-13,long_term,2h93pZq0e7k5yf4dywlkpM,pop
2026-09-13,long_term,2h93pZq0e7k5yf4dywlkpM,r&b
2026-09-13,long_term,2jku7tDXc6XoB6MO2hFuqg,alternative hip hop
2026-09-13,long_term,2jku7tDXc6XoB6MO2hFuqg,alternative r&b
2026-09-13,long_term,2jku7tDXc6XoB6MO2hFuqg,contemporary r&b
2026-09-13,long_term,2jku7tDXc6XoB6MO2hFuqg,dancehall
2026-09-13,long_term,2jku7tDXc6XoB6MO2hFuqg,hip hop
2026-09-13,long_term,2jku7tDXc6XoB6MO2hFuqg,r&b
2026-09-13,long_term,2sSGPbdZJkaSE2AbcGOACx,bedroom pop
2026-09-13,long_term,2sSGPbdZJkaSE2AbcGOACx,dream pop
2026-09-13,long_term,2sSGPbdZJkaSE2AbcGOACx,indie pop
2026-09-13,long_term,2sSGPbdZJkaSE2AbcGOACx,lo-fi
2026-09-13,long_term,2sSGPbdZJkaSE2AbcGOACx,psychedelic pop
2026-09-13,long_term,2sSGPbdZJkaSE2AbcGOACx,psychedelic soul
2026-09-13,long_term,2sSGPbdZJkaSE2AbcGOACx,synth-pop
2026-09-13,long_term,3AA28KZvwAUcZuOKwyblJQ,alternative dance
2026-09-13,long_term,3AA28KZvwAUcZuOKwyblJQ,alternative hip hop
2026-09-13,long_term,3AA28KZvwAUcZuOKwyblJQ,alternative pop
2026-09-13,long_term,3AA28KZvwAUcZuOKwyblJQ,alternative rock
2026-09-13,long_term,3AA28KZvwAUcZuOKwyblJQ,art pop
2026-09-13,long_term,3AA28KZvwAUcZuOKwyblJQ,bassline
2026-09-13,long_term,3AA28KZvwAUcZuOKwyblJQ,breakbeat
2026-09-13,long_term,3AA28KZvwAUcZuOKwyblJQ,breaks
2026-09-13,long_term,3AA28KZvwAUcZuOKwyblJQ,dance
2026-09-13,long_term,3AA28KZvwAUcZuOKwyblJQ,disco
2026-09-13,long_term,3AA28KZvwAUcZuOKwyblJQ,electronic
2026-09-13,long_term,3AA28KZvwAUcZuOKwyblJQ,electronica
2026-09-13,long_term,3AA28KZvwAUcZuOKwyblJQ,electropop
2026-09-13,long_term,3AA28KZvwAUcZuOKwyblJQ,future bass
2026-09-13,long_term,3AA28KZvwAUcZuOKwyblJQ,hip hop
2026-09-13,long_term,3AA28KZvwAUcZuOKwyblJQ,indie rock
2026-09-13,long_term,3AA28KZvwAUcZuOKwyblJQ,latin
2026-09-13,long_term,3AA28KZvwAUcZuOKwyblJQ,pop
2026-09-13,long_term,3AA28KZvwAUcZuOKwyblJQ,pop rock
2026-09-13,long_term,3AA28KZvwAUcZuOKwyblJQ,rock
2026-09-13,long_term,3AA28KZvwAUcZuOKwyblJQ,synth-pop
2026-09-13,long_term,3AA28KZvwAUcZuOKwyblJQ,tech house
2026-09-13,long_term,3AA28KZvwAUcZuOKwyblJQ,trap
2026-09-13,long_term,3AA28KZvwAUcZuOKwyblJQ,trip hop
2026-09-13,long_term,3AA28KZvwAUcZuOKwyblJQ,uk garage
2026-09-13,long_term,3MZsBdqDrRTJihTHQrO6Dq,alternative r&b
2026-09-13,long_term,3MZsBdqDrRTJihTHQrO6Dq,art pop
2026-09-13,long_term,3MZsBdqDrRTJihTHQrO6Dq,ballad
2026-09-13,long_term,3MZsBdqDrRTJihTHQrO6Dq,instrumental hip hop
2026-09-13,long_term,3MZsBdqDrRTJihTHQrO6Dq,lo-fi hip hop
2026-09-13,long_term,3MZsBdqDrRTJihTHQrO6Dq,trip hop
2026-09-13,long_term,3Sz7ZnJQBIHsXLUSo0OQtM,folk pop
2026-09-13,long_term,3Sz7ZnJQBIHsXLUSo0OQtM,indie pop
2026-09-13,long_term,3Sz7ZnJQBIHsXLUSo0OQtM,indie rock
2026-09-13,long_term,3Sz7ZnJQBIHsXLUSo0OQtM,jangle pop
2026-09-13,long_term,3Sz7ZnJQBIHsXLUSo0OQtM,pop
2026-09-13,long_term,3Sz7ZnJQBIHsXLUSo0OQtM,psychedelic pop
2026-09-13,long_term,3TVXtAsR1Inumwj472S9r4,alternative r&b
2026-09-13,long_term,3TVXtAsR1Inumwj472S9r4,contemporary r&b
2026-09-13,long_term,3TVXtAsR1Inumwj472S9r4,hardcore hip hop
2026-09-13,long_term,3TVXtAsR1Inumwj472S9r4,hip hop
2026-09-13,long_term,3TVXtAsR1Inumwj472S9r4,pop
2026-09-13,long_term,3TVXtAsR1Inumwj472S9r4,pop rap
2026-09-13,long_term,3TVXtAsR1Inumwj472S9r4,r&b
2026-09-13,long_term,3TVXtAsR1Inumwj472S9r4,southern hip hop
2026-09-13,long_term,3TVXtAsR1Inumwj472S9r4,trap
2026-09-13,long_term,3zmfs9cQwzJl575W1ZYXeT,bedroom pop
2026-09-13,long_term,3zmfs9cQwzJl575W1ZYXeT,downtempo
2026-09-13,long_term,3zmfs9cQwzJl575W1ZYXeT,dream pop
2026-09-13,long_term,3zmfs9cQwzJl575W1ZYXeT,indie pop
2026-09-13,long_term,3zmfs9cQwzJl575W1ZYXeT,neo-psychedelia
2026-09-13,long_term,3zmfs9cQwzJl575W1ZYXeT,pop
2026-09-13,long_term,3zmfs9cQwzJl575W1ZYXeT,shoegaze
2026-09-13,long_term,3zmfs9cQwzJl575W1ZYXeT,sophisti-pop
2026-09-13,long_term,47zz7sob9NUcODy0BTDvKx,contemporary r&b
2026-09-13,long_term,47zz7sob9NUcODy0BTDvKx,downtempo
2026-09-13,long_term,47zz7sob9NUcODy0BTDvKx,jazz
2026-09-13,long_term,47zz7sob9NUcODy0BTDvKx,jazz pop
2026-09-13,long_term,47zz7sob9NUcODy0BTDvKx,pop
2026-09-13,long_term,47zz7sob9NUcODy0BTDvKx,quiet storm
2026-09-13,long_term,47zz7sob9NUcODy0BTDvKx,smooth jazz
2026-09-13,long_term,47zz7sob9NUcODy0BTDvKx,smooth soul
2026-09-13,long_term,47zz7sob9NUcODy0BTDvKx,sophisti-pop
2026-09-13,long_term,47zz7sob9NUcODy0BTDvKx,soul
2026-09-13,long_term,47zz7sob9NUcODy0BTDvKx,trip hop
2026-09-13,long_term,4KRllJ2dEeoqvxOQLOgOsI,electronic
2026-09-13,long_term,4KRllJ2dEeoqvxOQLOgOsI,phonk
2026-09-13,long_term,4KRllJ2dEeoqvxOQLOgOsI,phonk house
2026-09-13,long_term,4KRllJ2dEeoqvxOQLOgOsI,synthwave
2026-09-13,long_term,4KRllJ2dEeoqvxOQLOgOsI,trap
2026-09-13,long_term,4KRllJ2dEeoqvxOQLOgOsI,wave
2026-09-13,long_term,4MrQDA45Gd0llLrwFUzimG,boom bap
2026-09-13,long_term,4MrQDA45Gd0llLrwFUzimG,chillwave
2026-09-13,long_term,4MrQDA45Gd0llLrwFUzimG,downtempo
2026-09-13,long_term,4MrQDA45Gd0llLrwFUzimG,hip hop
2026-09-13,long_term,4MrQDA45Gd0llLrwFUzimG,instrumental
2026-09-13,long_term,4MrQDA45Gd0llLrwFUzimG,instrumental hip hop
2026-09-13,long_term,4MrQDA45Gd0llLrwFUzimG,lo-fi
2026-09-13,long_term,4MrQDA45Gd0llLrwFUzimG,lo-fi hip hop
2026-09-13,long_term,4gdMJYnopf2nEUcanAwstx,indian pop
2026-09-13,long_term,4gdMJYnopf2nEUcanAwstx,singer-songwriter
2026-09-13,long_term,4gzpq5DPGxSnKTe4SA8HAU,alternative rock
2026-09-13,long_term,4gzpq5DPGxSnKTe4SA8HAU,art pop
2026-09-13,long_term,4gzpq5DPGxSnKTe4SA8HAU,britpop
2026-09-13,long_term,4gzpq5DPGxSnKTe4SA8HAU,dream pop
2026-09-13,long_term,4gzpq5DPGxSnKTe4SA8HAU,piano rock
2026-09-13,long_term,4gzpq5DPGxSnKTe4SA8HAU,pop
2026-09-13,long_term,4gzpq5DPGxSnKTe4SA8HAU,pop rock
2026-09-13,long_term,4gzpq5DPGxSnKTe4SA8HAU,post-britpop
2026-09-13,long_term,4gzpq5DPGxSnKTe4SA8HAU,rock
2026-09-13,long_term,4yvcSjfu4PC0CYQyLy4wSq,electronic
2026-09-13,long_term,4yvcSjfu4PC0CYQyLy4wSq,indie pop
2026-09-13,long_term,4yvcSjfu4PC0CYQyLy4wSq,indie rock
2026-09-13,long_term,4yvcSjfu4PC0CYQyLy4wSq,indietronica
2026-09-13,long_term,4yvcSjfu4PC0CYQyLy4wSq,pop
2026-09-13,long_term,4yvcSjfu4PC0CYQyLy4wSq,psychedelic pop
2026-09-13,long_term,4yvcSjfu4PC0CYQyLy4wSq,psychedelic rock
2026-09-13,long_term,5INjqkS1o8h1imAzPqGZBb,alternative dance
2026-09-13,long_term,5INjqkS1o8h1imAzPqGZBb,alternative rock
2026-09-13,long_term,5INjqkS1o8h1imAzPqGZBb,dream pop
2026-09-13,long_term,5INjqkS1o8h1imAzPqGZBb,indie rock
2026-09-13,long_term,5INjqkS1o8h1imAzPqGZBb,indietronica
2026-09-13,long_term,5INjqkS1o8h1imAzPqGZBb,leftfield
2026-09-13,long_term,5INjqkS1o8h1imAzPqGZBb,neo-psychedelia
2026-09-13,long_term,5INjqkS1o8h1imAzPqGZBb,pop
2026-09-13,long_term,5INjqkS1o8h1imAzPqGZBb,psychedelic
2026-09-13,long_term,5INjqkS1o8h1imAzPqGZBb,psychedelic pop
2026-09-13,long_term,5INjqkS1o8h1imAzPqGZBb,psychedelic rock
2026-09-13,long_term,5INjqkS1o8h1imAzPqGZBb,rock
2026-09-13,long_term,5INjqkS1o8h1imAzPqGZBb,space rock
2026-09-13,long_term,5INjqkS1o8h1imAzPqGZBb,synth-pop
2026-09-13,long_term,5K4W6rqBFWDnAN6FQUkS6x,chipmunk soul
2026-09-13,long_term,5K4W6rqBFWDnAN6FQUkS6x,christian hip hop
2026-09-13,long_term,5K4W6rqBFWDnAN6FQUkS6x,conscious hip hop
2026-09-13,long_term,5K4W6rqBFWDnAN6FQUkS6x,contemporary r&b
2026-09-13,long_term,5K4W6rqBFWDnAN6FQUkS6x,deep house
2026-09-13,long_term,5K4W6rqBFWDnAN6FQUkS6x,electropop
2026-09-13,long_term,5K4W6rqBFWDnAN6FQUkS6x,experimental hip hop
2026-09-13,long_term,5K4W6rqBFWDnAN6FQUkS6x,future bass
2026-09-13,long_term,5K4W6rqBFWDnAN6FQUkS6x,hip hop
2026-09-13,long_term,5K4W6rqBFWDnAN6FQUkS6x,house
2026-09-13,long_term,5K4W6rqBFWDnAN6FQUkS6x,pop
2026-09-13,long_term,5K4W6rqBFWDnAN6FQUkS6x,pop rap
2026-09-13,long_term,5K4W6rqBFWDnAN6FQUkS6x,r&b
2026-09-13,long_term,5K4W6rqBFWDnAN6FQUkS6x,trap
2026-09-13,long_term,5cj0lLjcoR7YOSnhnX0Po5,alternative rock
2026-09-13,long_term,5cj0lLjcoR7YOSnhnX0Po5,grunge
2026-09-13,long_term,5cj0lLjcoR7YOSnhnX0Po5,hip hop
2026-09-13,long_term,5cj0lLjcoR7YOSnhnX0Po5,pop
2026-09-13,long_term,5cj0lLjcoR7YOSnhnX0Po5,pop rap
2026-09-13,long_term,5cj0lLjcoR7YOSnhnX0Po5,post-grunge
2026-09-13,long_term,5cj0lLjcoR7YOSnhnX0Po5,power pop
2026-09-13,long_term,5cj0lLjcoR7YOSnhnX0Po5,rock
2026-09-13,long_term,5cj0lLjcoR7YOSnhnX0Po5,trap
2026-09-13,long_term,5cj0lLjcoR7YOSnhnX0Po5,west coast hip hop
2026-09-13,long_term,5y8tKLUfMvliMe8IKamR32,alternative r&b
2026-09-13,long_term,5y8tKLUfMvliMe8IKamR32,contemporary r&b
2026-09-13,long_term,5y8tKLUfMvliMe8IKamR32,indie pop
2026-09-13,long_term,5y8tKLUfMvliMe8IKamR32,lo-fi
2026-09-13,long_term,6YJ4EgQzDfJnIHRbqIHAdD,chillwave
2026-09-13,long_term,6YJ4EgQzDfJnIHRbqIHAdD,downtempo
2026-09-13,long_term,6YJ4EgQzDfJnIHRbqIHAdD,instrumental
2026-09-13,long_term,6YJ4EgQzDfJnIHRbqIHAdD,instrumental hip hop
2026-09-13,long_term,6YJ4EgQzDfJnIHRbqIHAdD,lo-fi
2026-09-13,long_term,6YJ4EgQzDfJnIHRbqIHAdD,lo-fi hip hop
2026-09-13,long_term,6ft7JnxMyZhp7N52qzHymY,dream pop
2026-09-13,long_term,700c9Qz2z6HZKTumeliKAw,electronic
2026-09-13,long_term,77SW9BnxLY8rJ0RciFqkHh,alternative rock
2026-09-13,long_term,77SW9BnxLY8rJ0RciFqkHh,indie pop
2026-09-13,long_term,78rUTD7y6Cy67W1RVzYs7t,alternative pop
2026-09-13,long_term,78rUTD7y6Cy67W1RVzYs7t,bubblegum pop
2026-09-13,long_term,78rUTD7y6Cy67W1RVzYs7t,dance-pop
2026-09-13,long_term,78rUTD7y6Cy67W1RVzYs7t,drum and bass
2026-09-13,long_term,78rUTD7y6Cy67W1RVzYs7t,future garage
2026-09-13,long_term,78rUTD7y6Cy67W1RVzYs7t,jungle
2026-09-13,long_term,78rUTD7y6Cy67W1RVzYs7t,pop
2026-09-13,long_term,78rUTD7y6Cy67W1RVzYs7t,uk garage
2026-09-13,long_term,7Ln80lUS6He07XvHI8qqHH,alternative rock
2026-09-13,long_term,7Ln80lUS6He07XvHI8qqHH,art rock
2026-09-13,long_term,7Ln80lUS6He07XvHI8qqHH,baroque pop
2026-09-13,long_term,7Ln80lUS6He07XvHI8qqHH,dance
2026-09-13,long_term,7Ln80lUS6He07XvHI8qqHH,electronica
2026-09-13,long_term,7Ln80lUS6He07XvHI8qqHH,garage rock
2026-09-13,long_term,7Ln80lUS6He07XvHI8qqHH,garage rock revival
2026-09-13,long_term,7Ln80lUS6He07XvHI8qqHH,house
2026-09-13,long_term,7Ln80lUS6He07XvHI8qqHH,indie rock
2026-09-13,long_term,7Ln80lUS6He07XvHI8qqHH,neo-psychedelia
2026-09-13,long_term,7Ln80lUS6He07XvHI8qqHH,pop
2026-09-13,long_term,7Ln80lUS6He07XvHI8qqHH,post-punk revival
2026-09-13,long_term,7Ln80lUS6He07XvHI8qqHH,psychedelic pop
2026-09-13,long_term,7Ln80lUS6He07XvHI8qqHH,psychedelic rock
2026-09-13,long_term,7Ln80lUS6He07XvHI8qqHH,rock
2026-09-13,long_term,7gW0r5CkdEUMm42w9XpyZO,bossa nova
2026-09-13,long_term,7gW0r5CkdEUMm42w9XpyZO,jazz
2026-09-13,long_term,7gW0r5CkdEUMm42w9XpyZO,jazz pop
2026-09-13,long_term,7gW0r5CkdEUMm42w9XpyZO,singer-songwriter
2026-09-13,long_term,7gW0r5CkdEUMm42w9XpyZO,vocal jazz
2026-09-13,long_term,7tYKF4w9nC0nq9CsPZTHyP,alternative r&b
2026-09-13,long_term,7tYKF4w9nC0nq9CsPZTHyP,contemporary r&b
2026-09-13,long_term,7tYKF4w9nC0nq9CsPZTHyP,electronic
2026-09-13,long_term,7tYKF4w9nC0nq9CsPZTHyP,hip hop soul
2026-09-13,long_term,7tYKF4w9nC0nq9CsPZTHyP,neo soul
2026-09-13,long_term,7tYKF4w9nC0nq9CsPZTHyP,pop
2026-09-13,long_term,7tYKF4w9nC0nq9CsPZTHyP,r&b
2026-09-13,long_term,7tYKF4w9nC0nq9CsPZTHyP,soul
2026-09-13,medium_term,00FQb4jTyendYWaN8pK0wa,alternative pop
2026-09-13,medium_term,00FQb4jTyendYWaN8pK0wa,art pop
2026-09-13,medium_term,00FQb4jTyendYWaN8pK0wa,ballad
2026-09-13,medium_term,00FQb4jTyendYWaN8pK0wa,baroque pop
2026-09-13,medium_term,00FQb4jTyendYWaN8pK0wa,chamber pop
2026-09-13,medium_term,00FQb4jTyendYWaN8pK0wa,country
2026-09-13,medium_term,00FQb4jTyendYWaN8pK0wa,dance
2026-09-13,medium_term,00FQb4jTyendYWaN8pK0wa,dream pop
2026-09-13,medium_term,00FQb4jTyendYWaN8pK0wa,edm
2026-09-13,medium_term,00FQb4jTyendYWaN8pK0wa,electronic
2026-09-13,medium_term,00FQb4jTyendYWaN8pK0wa,electronica
2026-09-13,medium_term,00FQb4jTyendYWaN8pK0wa,future bass
2026-09-13,medium_term,00FQb4jTyendYWaN8pK0wa,house
2026-09-13,medium_term,00FQb4jTyendYWaN8pK0wa,indie pop
2026-09-13,medium_term,00FQb4jTyendYWaN8pK0wa,indie rock
2026-09-13,medium_term,00FQb4jTyendYWaN8pK0wa,melodic house
2026-09-13,medium_term,00FQb4jTyendYWaN8pK0wa,melodic techno
2026-09-13,medium_term,00FQb4jTyendYWaN8pK0wa,neo-psychedelia
2026-09-13,medium_term,00FQb4jTyendYWaN8pK0wa,pop
2026-09-13,medium_term,00FQb4jTyendYWaN8pK0wa,psychedelic pop
2026-09-13,medium_term,00FQb4jTyendYWaN8pK0wa,r&b
2026-09-13,medium_term,00FQb4jTyendYWaN8pK0wa,rock
2026-09-13,medium_term,00FQb4jTyendYWaN8pK0wa,singer-songwriter
2026-09-13,medium_term,00FQb4jTyendYWaN8pK0wa,slowcore
2026-09-13,medium_term,00FQb4jTyendYWaN8pK0wa,trap
2026-09-13,medium_term,00FQb4jTyendYWaN8pK0wa,trip hop
2026-09-13,medium_term,0Y6dVaC9DZtPNH4591M42W,dream pop
2026-09-13,medium_term,0Y6dVaC9DZtPNH4591M42W,electronic
2026-09-13,medium_term,0Y6dVaC9DZtPNH4591M42W,hip hop
2026-09-13,medium_term,0Y6dVaC9DZtPNH4591M42W,indie pop
2026-09-13,medium_term,0Y6dVaC9DZtPNH4591M42W,indie rock
2026-09-13,medium_term,0Y6dVaC9DZtPNH4591M42W,lo-fi
2026-09-13,medium_term,0Y6dVaC9DZtPNH4591M42W,pop
2026-09-13,medium_term,0klU31gyC6EZqKgLvVANCy,boom bap
2026-09-13,medium_term,0klU31gyC6EZqKgLvVANCy,chillwave
2026-09-13,medium_term,0klU31gyC6EZqKgLvVANCy,downtempo
2026-09-13,medium_term,0klU31gyC6EZqKgLvVANCy,hip hop
2026-09-13,medium_term,0klU31gyC6EZqKgLvVANCy,instrumental
2026-09-13,medium_term,0klU31gyC6EZqKgLvVANCy,instrumental hip hop
2026-09-13,medium_term,0klU31gyC6EZqKgLvVANCy,lo-fi
2026-09-13,medium_term,0klU31gyC6EZqKgLvVANCy,lo-fi hip hop
2026-09-13,medium_term,17XXKfRBMCWvLrqGoNkJXm,ballad
2026-09-13,medium_term,17XXKfRBMCWvLrqGoNkJXm,easy listening
2026-09-13,medium_term,17XXKfRBMCWvLrqGoNkJXm,pop
2026-09-13,medium_term,1Mxqyy3pSjf8kZZL4QVxS0,big band
2026-09-13,medium_term,1Mxqyy3pSjf8kZZL4QVxS0,christmas music
2026-09-13,medium_term,1Mxqyy3pSjf8kZZL4QVxS0,easy listening
2026-09-13,medium_term,1Mxqyy3pSjf8kZZL4QVxS0,jazz
2026-09-13,medium_term,1Mxqyy3pSjf8kZZL4QVxS0,lounge
2026-09-13,medium_term,1Mxqyy3pSjf8kZZL4QVxS0,pop
2026-09-13,medium_term,1Mxqyy3pSjf8kZZL4QVxS0,swing
2026-09-13,medium_term,1Mxqyy3pSjf8kZZL4QVxS0,traditional pop
2026-09-13,medium_term,1Mxqyy3pSjf8kZZL4QVxS0,vocal jazz
2026-09-13,medium_term,1QAJqy2dA3ihHBFIHRphZj,ambient
2026-09-13,medium_term,1QAJqy2dA3ihHBFIHRphZj,ambient pop
2026-09-13,medium_term,1QAJqy2dA3ihHBFIHRphZj,dream pop
2026-09-13,medium_term,1QAJqy2dA3ihHBFIHRphZj,indie pop
2026-09-13,medium_term,1QAJqy2dA3ihHBFIHRphZj,indie rock
2026-09-13,medium_term,1QAJqy2dA3ihHBFIHRphZj,pop
2026-09-13,medium_term,1QAJqy2dA3ihHBFIHRphZj,shoegaze
2026-09-13,medium_term,1QAJqy2dA3ihHBFIHRphZj,slowcore
2026-09-13,medium_term,1Xyo4u8uXC1ZmMpatF05PJ,alternative r&b
2026-09-13,medium_term,1Xyo4u8uXC1ZmMpatF05PJ,contemporary r&b
2026-09-13,medium_term,1Xyo4u8uXC1ZmMpatF05PJ,dance-pop
2026-09-13,medium_term,1Xyo4u8uXC1ZmMpatF05PJ,hypnagogic pop
2026-09-13,medium_term,1Xyo4u8uXC1ZmMpatF05PJ,pop
2026-09-13,medium_term,1Xyo4u8uXC1ZmMpatF05PJ,r&b
2026-09-13,medium_term,1Xyo4u8uXC1ZmMpatF05PJ,synth-pop
2026-09-13,medium_term,1cGyguqPQY22oUd4fKglFS,ambient
2026-09-13,medium_term,1cGyguqPQY22oUd4fKglFS,dark ambient
2026-09-13,medium_term,1wRPtKGflJrBx9BmLsSwlU,filmi
2026-09-13,medium_term,2YZyLoL8N0Wb9xBt1NhZWg,alternative hip hop
2026-09-13,medium_term,2YZyLoL8N0Wb9xBt1NhZWg,conscious hip hop
2026-09-13,medium_term,2YZyLoL8N0Wb9xBt1NhZWg,dance
2026-09-13,medium_term,2YZyLoL8N0Wb9xBt1NhZWg,disco
2026-09-13,medium_term,2YZyLoL8N0Wb9xBt1NhZWg,future bass
2026-09-13,medium_term,2YZyLoL8N0Wb9xBt1NhZWg,gangsta rap
2026-09-13,medium_term,2YZyLoL8N0Wb9xBt1NhZWg,hardcore hip hop
2026-09-13,medium_term,2YZyLoL8N0Wb9xBt1NhZWg,hip hop
2026-09-13,medium_term,2YZyLoL8N0Wb9xBt1NhZWg,house
2026-09-13,medium_term,2YZyLoL8N0Wb9xBt1NhZWg,jazz
2026-09-13,medium_term,2YZyLoL8N0Wb9xBt1NhZWg,jazz rap
2026-09-13,medium_term,2YZyLoL8N0Wb9xBt1NhZWg,pop
2026-09-13,medium_term,2YZyLoL8N0Wb9xBt1NhZWg,pop rap
2026-09-13,medium_term,2YZyLoL8N0Wb9xBt1NhZWg,r&b
2026-09-13,medium_term,2YZyLoL8N0Wb9xBt1NhZWg,trap
2026-09-13,medium_term,2YZyLoL8N0Wb9xBt1NhZWg,west coast hip hop
2026-09-13,medium_term,2h93pZq0e7k5yf4dywlkpM,alternative r&b
2026-09-13,medium_term,2h93pZq0e7k5yf4dywlkpM,contemporary r&b
2026-09-13,medium_term,2h93pZq0e7k5yf4dywlkpM,pop
2026-09-13,medium_term,2h93pZq0e7k5yf4dywlkpM,r&b
2026-09-13,medium_term,2jku7tDXc6XoB6MO2hFuqg,alternative hip hop
2026-09-13,medium_term,2jku7tDXc6XoB6MO2hFuqg,alternative r&b
2026-09-13,medium_term,2jku7tDXc6XoB6MO2hFuqg,contemporary r&b
2026-09-13,medium_term,2jku7tDXc6XoB6MO2hFuqg,dancehall
2026-09-13,medium_term,2jku7tDXc6XoB6MO2hFuqg,hip hop
2026-09-13,medium_term,2jku7tDXc6XoB6MO2hFuqg,r&b
2026-09-13,medium_term,3AA28KZvwAUcZuOKwyblJQ,alternative dance
2026-09-13,medium_term,3AA28KZvwAUcZuOKwyblJQ,alternative hip hop
2026-09-13,medium_term,3AA28KZvwAUcZuOKwyblJQ,alternative pop
2026-09-13,medium_term,3AA28KZvwAUcZuOKwyblJQ,alternative rock
2026-09-13,medium_term,3AA28KZvwAUcZuOKwyblJQ,art pop
2026-09-13,medium_term,3AA28KZvwAUcZuOKwyblJQ,bassline
2026-09-13,medium_term,3AA28KZvwAUcZuOKwyblJQ,breakbeat
2026-09-13,medium_term,3AA28KZvwAUcZuOKwyblJQ,breaks
2026-09-13,medium_term,3AA28KZvwAUcZuOKwyblJQ,dance
2026-09-13,medium_term,3AA28KZvwAUcZuOKwyblJQ,disco
2026-09-13,medium_term,3AA28KZvwAUcZuOKwyblJQ,electronic
2026-09-13,medium_term,3AA28KZvwAUcZuOKwyblJQ,electronica
2026-09-13,medium_term,3AA28KZvwAUcZuOKwyblJQ,electropop
2026-09-13,medium_term,3AA28KZvwAUcZuOKwyblJQ,future bass
2026-09-13,medium_term,3AA28KZvwAUcZuOKwyblJQ,hip hop
2026-09-13,medium_term,3AA28KZvwAUcZuOKwyblJQ,indie rock
2026-09-13,medium_term,3AA28KZvwAUcZuOKwyblJQ,latin
2026-09-13,medium_term,3AA28KZvwAUcZuOKwyblJQ,pop
2026-09-13,medium_term,3AA28KZvwAUcZuOKwyblJQ,pop rock
2026-09-13,medium_term,3AA28KZvwAUcZuOKwyblJQ,rock
2026-09-13,medium_term,3AA28KZvwAUcZuOKwyblJQ,synth-pop
2026-09-13,medium_term,3AA28KZvwAUcZuOKwyblJQ,tech house
2026-09-13,medium_term,3AA28KZvwAUcZuOKwyblJQ,trap
2026-09-13,medium_term,3AA28KZvwAUcZuOKwyblJQ,trip hop
2026-09-13,medium_term,3AA28KZvwAUcZuOKwyblJQ,uk garage
2026-09-13,medium_term,3MZsBdqDrRTJihTHQrO6Dq,alternative r&b
2026-09-13,medium_term,3MZsBdqDrRTJihTHQrO6Dq,art pop
2026-09-13,medium_term,3MZsBdqDrRTJihTHQrO6Dq,ballad
2026-09-13,medium_term,3MZsBdqDrRTJihTHQrO6Dq,instrumental hip hop
2026-09-13,medium_term,3MZsBdqDrRTJihTHQrO6Dq,lo-fi hip hop
2026-09-13,medium_term,3MZsBdqDrRTJihTHQrO6Dq,trip hop
2026-09-13,medium_term,3Sz7ZnJQBIHsXLUSo0OQtM,folk pop
2026-09-13,medium_term,3Sz7ZnJQBIHsXLUSo0OQtM,indie pop
2026-09-13,medium_term,3Sz7ZnJQBIHsXLUSo0OQtM,indie rock
2026-09-13,medium_term,3Sz7ZnJQBIHsXLUSo0OQtM,jangle pop
2026-09-13,medium_term,3Sz7ZnJQBIHsXLUSo0OQtM,pop
2026-09-13,medium_term,3Sz7ZnJQBIHsXLUSo0OQtM,psychedelic pop
2026-09-13,medium_term,3TVXtAsR1Inumwj472S9r4,alternative r&b
2026-09-13,medium_term,3TVXtAsR1Inumwj472S9r4,contemporary r&b
2026-09-13,medium_term,3TVXtAsR1Inumwj472S9r4,hardcore hip hop
2026-09-13,medium_term,3TVXtAsR1Inumwj472S9r4,hip hop
2026-09-13,medium_term,3TVXtAsR1Inumwj472S9r4,pop
2026-09-13,medium_term,3TVXtAsR1Inumwj472S9r4,pop rap
2026-09-13,medium_term,3TVXtAsR1Inumwj472S9r4,r&b
2026-09-13,medium_term,3TVXtAsR1Inumwj472S9r4,southern hip hop
2026-09-13,medium_term,3TVXtAsR1Inumwj472S9r4,trap
2026-09-13,medium_term,3ctnkEZGtVBTxS7IMin8nC,lo-fi hip hop
2026-09-13,medium_term,3fMbdgg4jU18AjLCKBhRSm,ballad
2026-09-13,medium_term,3fMbdgg4jU18AjLCKBhRSm,boogie
2026-09-13,medium_term,3fMbdgg4jU18AjLCKBhRSm,contemporary r&b
2026-09-13,medium_term,3fMbdgg4jU18AjLCKBhRSm,dance
2026-09-13,medium_term,3fMbdgg4jU18AjLCKBhRSm,dance-pop
2026-09-13,medium_term,3fMbdgg4jU18AjLCKBhRSm,disco
2026-09-13,medium_term,3fMbdgg4jU18AjLCKBhRSm,hip hop
2026-09-13,medium_term,3fMbdgg4jU18AjLCKBhRSm,new jack swing
2026-09-13,medium_term,3fMbdgg4jU18AjLCKBhRSm,pop
2026-09-13,medium_term,3fMbdgg4jU18AjLCKBhRSm,pop rap
2026-09-13,medium_term,3fMbdgg4jU18AjLCKBhRSm,pop rock
2026-09-13,medium_term,3fMbdgg4jU18AjLCKBhRSm,pop soul
2026-09-13,medium_term,3fMbdgg4jU18AjLCKBhRSm,r&b
2026-09-13,medium_term,3fMbdgg4jU18AjLCKBhRSm,soul
2026-09-13,medium_term,3mIj9lX2MWuHmhNCA7LSCW,alternative pop
2026-09-13,medium_term,3mIj9lX2MWuHmhNCA7LSCW,alternative rock
2026-09-13,medium_term,3mIj9lX2MWuHmhNCA7LSCW,ambient pop
2026-09-13,medium_term,3mIj9lX2MWuHmhNCA7LSCW,art pop
2026-09-13,medium_term,3mIj9lX2MWuHmhNCA7LSCW,indie pop
2026-09-13,medium_term,3mIj9lX2MWuHmhNCA7LSCW,indie rock
2026-09-13,medium_term,3mIj9lX2MWuHmhNCA7LSCW,indietronica
2026-09-13,medium_term,3mIj9lX2MWuHmhNCA7LSCW,leftfield
2026-09-13,medium_term,3mIj9lX2MWuHmhNCA7LSCW,new wave
2026-09-13,medium_term,3mIj9lX2MWuHmhNCA7LSCW,pop rock
2026-09-13,medium_term,3mIj9lX2MWuHmhNCA7LSCW,post-punk revival
2026-09-13,medium_term,3mIj9lX2MWuHmhNCA7LSCW,synth-pop
2026-09-13,medium_term,47zz7sob9NUcODy0BTDvKx,contemporary r&b
2026-09-13,medium_term,47zz7sob9NUcODy0BTDvKx,downtempo
2026-09-13,medium_term,47zz7sob9NUcODy0BTDvKx,jazz
2026-09-13,medium_term,47zz7sob9NUcODy0BTDvKx,jazz pop
2026-09-13,medium_term,47zz7sob9NUcODy0BTDvKx,pop
2026-09-13,medium_term,47zz7sob9NUcODy0BTDvKx,quiet storm
2026-09-13,medium_term,47zz7sob9NUcODy0BTDvKx,smooth jazz
2026-09-13,medium_term,47zz7sob9NUcODy0BTDvKx,smooth soul
2026-09-13,medium_term,47zz7sob9NUcODy0BTDvKx,sophisti-pop
2026-09-13,medium_term,47zz7sob9NUcODy0BTDvKx,soul
2026-09-13,medium_term,47zz7sob9NUcODy0BTDvKx,trip hop
2026-09-13,medium_term,4KRllJ2dEeoqvxOQLOgOsI,electronic
2026-09-13,medium_term,4KRllJ2dEeoqvxOQLOgOsI,phonk
2026-09-13,medium_term,4KRllJ2dEeoqvxOQLOgOsI,phonk house
2026-09-13,medium_term,4KRllJ2dEeoqvxOQLOgOsI,synthwave
2026-09-13,medium_term,4KRllJ2dEeoqvxOQLOgOsI,trap
2026-09-13,medium_term,4KRllJ2dEeoqvxOQLOgOsI,wave
2026-09-13,medium_term,4YRxDV8wJFPHPTeXepOstw,filmi
2026-09-13,medium_term,4YRxDV8wJFPHPTeXepOstw,indian pop
2026-09-13,medium_term,4Z8W4fKeB5YxbusRsdQVPb,alternative rock
2026-09-13,medium_term,4Z8W4fKeB5YxbusRsdQVPb,ambient pop
2026-09-13,medium_term,4Z8W4fKeB5YxbusRsdQVPb,art pop
2026-09-13,medium_term,4Z8W4fKeB5YxbusRsdQVPb,art rock
2026-09-13,medium_term,4Z8W4fKeB5YxbusRsdQVPb,britpop
2026-09-13,medium_term,4Z8W4fKeB5YxbusRsdQVPb,chamber pop
2026-09-13,medium_term,4Z8W4fKeB5YxbusRsdQVPb,crossover prog
2026-09-13,medium_term,4Z8W4fKeB5YxbusRsdQVPb,electronic
2026-09-13,medium_term,4Z8W4fKeB5YxbusRsdQVPb,electronic rock
2026-09-13,medium_term,4Z8W4fKeB5YxbusRsdQVPb,electronica
2026-09-13,medium_term,4Z8W4fKeB5YxbusRsdQVPb,experimental
2026-09-13,medium_term,4Z8W4fKeB5YxbusRsdQVPb,experimental rock
2026-09-13,medium_term,4Z8W4fKeB5YxbusRsdQVPb,idm
2026-09-13,medium_term,4Z8W4fKeB5YxbusRsdQVPb,indie rock
2026-09-13,medium_term,4Z8W4fKeB5YxbusRsdQVPb,indietronica
2026-09-13,medium_term,4Z8W4fKeB5YxbusRsdQVPb,post-britpop
2026-09-13,medium_term,4Z8W4fKeB5YxbusRsdQVPb,post-grunge
2026-09-13,medium_term,4Z8W4fKeB5YxbusRsdQVPb,rock
2026-09-13,medium_term,4gdMJYnopf2nEUcanAwstx,indian pop
2026-09-13,medium_term,4gdMJYnopf2nEUcanAwstx,singer-songwriter
2026-09-13,medium_term,4yvcSjfu4PC0CYQyLy4wSq,electronic
2026-09-13,medium_term,4yvcSjfu4PC0CYQyLy4wSq,indie pop
2026-09-13,medium_term,4yvcSjfu4PC0CYQyLy4wSq,indie rock
2026-09-13,medium_term,4yvcSjfu4PC0CYQyLy4wSq,indietronica
2026-09-13,medium_term,4yvcSjfu4PC0CYQyLy4wSq,pop
2026-09-13,medium_term,4yvcSjfu4PC0CYQyLy4wSq,psychedelic pop
2026-09-13,medium_term,4yvcSjfu4PC0CYQyLy4wSq,psychedelic rock
2026-09-13,medium_term,5INjqkS1o8h1imAzPqGZBb,alternative dance
2026-09-13,medium_term,5INjqkS1o8h1imAzPqGZBb,alternative rock
2026-09-13,medium_term,5INjqkS1o8h1imAzPqGZBb,dream pop
2026-09-13,medium_term,5INjqkS1o8h1imAzPqGZBb,indie rock
2026-09-13,medium_term,5INjqkS1o8h1imAzPqGZBb,indietronica
2026-09-13,medium_term,5INjqkS1o8h1imAzPqGZBb,leftfield
2026-09-13,medium_term,5INjqkS1o8h1imAzPqGZBb,neo-psychedelia
2026-09-13,medium_term,5INjqkS1o8h1imAzPqGZBb,pop
2026-09-13,medium_term,5INjqkS1o8h1imAzPqGZBb,psychedelic
2026-09-13,medium_term,5INjqkS1o8h1imAzPqGZBb,psychedelic pop
2026-09-13,medium_term,5INjqkS1o8h1imAzPqGZBb,psychedelic rock
2026-09-13,medium_term,5INjqkS1o8h1imAzPqGZBb,rock
2026-09-13,medium_term,5INjqkS1o8h1imAzPqGZBb,space rock
2026-09-13,medium_term,5INjqkS1o8h1imAzPqGZBb,synth-pop
2026-09-13,medium_term,5cj0lLjcoR7YOSnhnX0Po5,alternative rock
2026-09-13,medium_term,5cj0lLjcoR7YOSnhnX0Po5,grunge
2026-09-13,medium_term,5cj0lLjcoR7YOSnhnX0Po5,hip hop
2026-09-13,medium_term,5cj0lLjcoR7YOSnhnX0Po5,pop
2026-09-13,medium_term,5cj0lLjcoR7YOSnhnX0Po5,pop rap
2026-09-13,medium_term,5cj0lLjcoR7YOSnhnX0Po5,post-grunge
2026-09-13,medium_term,5cj0lLjcoR7YOSnhnX0Po5,power pop
2026-09-13,medium_term,5cj0lLjcoR7YOSnhnX0Po5,rock
2026-09-13,medium_term,5cj0lLjcoR7YOSnhnX0Po5,trap
2026-09-13,medium_term,5cj0lLjcoR7YOSnhnX0Po5,west coast hip hop
2026-09-13,medium_term,5y8tKLUfMvliMe8IKamR32,alternative r&b
2026-09-13,medium_term,5y8tKLUfMvliMe8IKamR32,contemporary r&b
2026-09-13,medium_term,5y8tKLUfMvliMe8IKamR32,indie pop
2026-09-13,medium_term,5y8tKLUfMvliMe8IKamR32,lo-fi
2026-09-13,medium_term,60jYUgQzKAtnJoXKGk1GNn,folk
2026-09-13,medium_term,60jYUgQzKAtnJoXKGk1GNn,pop
2026-09-13,medium_term,60jYUgQzKAtnJoXKGk1GNn,techno
2026-09-13,medium_term,66CXWjxzNUsdJxJ2JdwvnR,contemporary r&b
2026-09-13,medium_term,66CXWjxzNUsdJxJ2JdwvnR,dance-pop
2026-09-13,medium_term,66CXWjxzNUsdJxJ2JdwvnR,pop
2026-09-13,medium_term,66CXWjxzNUsdJxJ2JdwvnR,r&b
2026-09-13,medium_term,66CXWjxzNUsdJxJ2JdwvnR,trap soul
2026-09-13,medium_term,700c9Qz2z6HZKTumeliKAw,electronic
2026-09-13,medium_term,77SW9BnxLY8rJ0RciFqkHh,alternative rock
2026-09-13,medium_term,77SW9BnxLY8rJ0RciFqkHh,indie pop
2026-09-13,medium_term,78rUTD7y6Cy67W1RVzYs7t,alternative pop
2026-09-13,medium_term,78rUTD7y6Cy67W1RVzYs7t,bubblegum pop
2026-09-13,medium_term,78rUTD7y6Cy67W1RVzYs7t,dance-pop
2026-09-13,medium_term,78rUTD7y6Cy67W1RVzYs7t,drum and bass
2026-09-13,medium_term,78rUTD7y6Cy67W1RVzYs7t,future garage
2026-09-13,medium_term,78rUTD7y6Cy67W1RVzYs7t,jungle
2026-09-13,medium_term,78rUTD7y6Cy67W1RVzYs7t,pop
2026-09-13,medium_term,78rUTD7y6Cy67W1RVzYs7t,uk garage
2026-09-13,medium_term,7Ln80lUS6He07XvHI8qqHH,alternative rock
2026-09-13,medium_term,7Ln80lUS6He07XvHI8qqHH,art rock
2026-09-13,medium_term,7Ln80lUS6He07XvHI8qqHH,baroque pop
2026-09-13,medium_term,7Ln80lUS6He07XvHI8qqHH,dance
2026-09-13,medium_term,7Ln80lUS6He07XvHI8qqHH,electronica
2026-09-13,medium_term,7Ln80lUS6He07XvHI8qqHH,garage rock
2026-09-13,medium_term,7Ln80lUS6He07XvHI8qqHH,garage rock revival
2026-09-13,medium_term,7Ln80lUS6He07XvHI8qqHH,house
2026-09-13,medium_term,7Ln80lUS6He07XvHI8qqHH,indie rock
2026-09-13,medium_term,7Ln80lUS6He07XvHI8qqHH,neo-psychedelia
2026-09-13,medium_term,7Ln80lUS6He07XvHI8qqHH,pop
2026-09-13,medium_term,7Ln80lUS6He07XvHI8qqHH,post-punk revival
2026-09-13,medium_term,7Ln80lUS6He07XvHI8qqHH,psychedelic pop
2026-09-13,medium_term,7Ln80lUS6He07XvHI8qqHH,psychedelic rock
2026-09-13,medium_term,7Ln80lUS6He07XvHI8qqHH,rock
2026-09-13,medium_term,7lzordPuZEXxwt9aoVZYmG,alternative dance
2026-09-13,medium_term,7lzordPuZEXxwt9aoVZYmG,classic rock
2026-09-13,medium_term,7lzordPuZEXxwt9aoVZYmG,electronic
2026-09-13,medium_term,7lzordPuZEXxwt9aoVZYmG,hard rock
2026-09-13,medium_term,7lzordPuZEXxwt9aoVZYmG,new wave
2026-09-13,medium_term,7lzordPuZEXxwt9aoVZYmG,pop rock
2026-09-13,medium_term,7lzordPuZEXxwt9aoVZYmG,punk rock
2026-09-13,medium_term,7lzordPuZEXxwt9aoVZYmG,rock
2026-09-13,medium_term,7tYKF4w9nC0nq9CsPZTHyP,alternative r&b
2026-09-13,medium_term,7tYKF4w9nC0nq9CsPZTHyP,contemporary r&b
2026-09-13,medium_term,7tYKF4w9nC0nq9CsPZTHyP,electronic
2026-09-13,medium_term,7tYKF4w9nC0nq9CsPZTHyP,hip hop soul
2026-09-13,medium_term,7tYKF4w9nC0nq9CsPZTHyP,neo soul
2026-09-13,medium_term,7tYKF4w9nC0nq9CsPZTHyP,pop
2026-09-13,medium_term,7tYKF4w9nC0nq9CsPZTHyP,r&b
2026-09-13,medium_term,7tYKF4w9nC0nq9CsPZTHyP,soul
2026-09-13,short_term,00FQb4jTyendYWaN8pK0wa,alternative pop
2026-09-13,short_term,00FQb4jTyendYWaN8pK0wa,art pop
2026-09-13,short_term,00FQb4jTyendYWaN8pK0wa,ballad
2026-09-13,short_term,00FQb4jTyendYWaN8pK0wa,baroque pop
2026-09-13,short_term,00FQb4jTyendYWaN8pK0wa,chamber pop
2026-09-13,short_term,00FQb4jTyendYWaN8pK0wa,country
2026-09-13,short_term,00FQb4jTyendYWaN8pK0wa,dance
2026-09-13,short_term,00FQb4jTyendYWaN8pK0wa,dream pop
2026-09-13,short_term,00FQb4jTyendYWaN8pK0wa,edm
2026-09-13,short_term,00FQb4jTyendYWaN8pK0wa,electronic
2026-09-13,short_term,00FQb4jTyendYWaN8pK0wa,electronica
2026-09-13,short_term,00FQb4jTyendYWaN8pK0wa,future bass
2026-09-13,short_term,00FQb4jTyendYWaN8pK0wa,house
2026-09-13,short_term,00FQb4jTyendYWaN8pK0wa,indie pop
2026-09-13,short_term,00FQb4jTyendYWaN8pK0wa,indie rock
2026-09-13,short_term,00FQb4jTyendYWaN8pK0wa,melodic house
2026-09-13,short_term,00FQb4jTyendYWaN8pK0wa,melodic techno
2026-09-13,short_term,00FQb4jTyendYWaN8pK0wa,neo-psychedelia
2026-09-13,short_term,00FQb4jTyendYWaN8pK0wa,pop
2026-09-13,short_term,00FQb4jTyendYWaN8pK0wa,psychedelic pop
2026-09-13,short_term,00FQb4jTyendYWaN8pK0wa,r&b
2026-09-13,short_term,00FQb4jTyendYWaN8pK0wa,rock
2026-09-13,short_term,00FQb4jTyendYWaN8pK0wa,singer-songwriter
2026-09-13,short_term,00FQb4jTyendYWaN8pK0wa,slowcore
2026-09-13,short_term,00FQb4jTyendYWaN8pK0wa,trap
2026-09-13,short_term,00FQb4jTyendYWaN8pK0wa,trip hop
2026-09-13,short_term,0U7iI0Dk4Ojvi17nZboNO4,indie rock
2026-09-13,short_term,0U7iI0Dk4Ojvi17nZboNO4,surf rock
2026-09-13,short_term,0Y6dVaC9DZtPNH4591M42W,dream pop
2026-09-13,short_term,0Y6dVaC9DZtPNH4591M42W,electronic
2026-09-13,short_term,0Y6dVaC9DZtPNH4591M42W,hip hop
2026-09-13,short_term,0Y6dVaC9DZtPNH4591M42W,indie pop
2026-09-13,short_term,0Y6dVaC9DZtPNH4591M42W,indie rock
2026-09-13,short_term,0Y6dVaC9DZtPNH4591M42W,lo-fi
2026-09-13,short_term,0Y6dVaC9DZtPNH4591M42W,pop
2026-09-13,short_term,1AbJ2cmwK400LSvdvBL5Jc,bedroom pop
2026-09-13,short_term,1QAJqy2dA3ihHBFIHRphZj,ambient
2026-09-13,short_term,1QAJqy2dA3ihHBFIHRphZj,ambient pop
2026-09-13,short_term,1QAJqy2dA3ihHBFIHRphZj,dream pop
2026-09-13,short_term,1QAJqy2dA3ihHBFIHRphZj,indie pop
2026-09-13,short_term,1QAJqy2dA3ihHBFIHRphZj,indie rock
2026-09-13,short_term,1QAJqy2dA3ihHBFIHRphZj,pop
2026-09-13,short_term,1QAJqy2dA3ihHBFIHRphZj,shoegaze
2026-09-13,short_term,1QAJqy2dA3ihHBFIHRphZj,slowcore
2026-09-13,short_term,1Xyo4u8uXC1ZmMpatF05PJ,alternative r&b
2026-09-13,short_term,1Xyo4u8uXC1ZmMpatF05PJ,contemporary r&b
2026-09-13,short_term,1Xyo4u8uXC1ZmMpatF05PJ,dance-pop
2026-09-13,short_term,1Xyo4u8uXC1ZmMpatF05PJ,hypnagogic pop
2026-09-13,short_term,1Xyo4u8uXC1ZmMpatF05PJ,pop
2026-09-13,short_term,1Xyo4u8uXC1ZmMpatF05PJ,r&b
2026-09-13,short_term,1Xyo4u8uXC1ZmMpatF05PJ,synth-pop
2026-09-13,short_term,1fa0cOhromAZdq2xRA4vv8,blue-eyed soul
2026-09-13,short_term,1fa0cOhromAZdq2xRA4vv8,dance-pop
2026-09-13,short_term,1fa0cOhromAZdq2xRA4vv8,pop
2026-09-13,short_term,1fa0cOhromAZdq2xRA4vv8,pop soul
2026-09-13,short_term,1fa0cOhromAZdq2xRA4vv8,r&b
2026-09-13,short_term,1fa0cOhromAZdq2xRA4vv8,soft rock
2026-09-13,short_term,1fa0cOhromAZdq2xRA4vv8,sophisti-pop
2026-09-13,short_term,1fa0cOhromAZdq2xRA4vv8,soul
2026-09-13,short_term,1mYsTxnqsietFxj1OgoGbG,classical
2026-09-13,short_term,1mYsTxnqsietFxj1OgoGbG,filmi
2026-09-13,short_term,1mYsTxnqsietFxj1OgoGbG,world fusion
2026-09-13,short_term,1wRPtKGflJrBx9BmLsSwlU,filmi
2026-09-13,short_term,2YZyLoL8N0Wb9xBt1NhZWg,alternative hip hop
2026-09-13,short_term,2YZyLoL8N0Wb9xBt1NhZWg,conscious hip hop
2026-09-13,short_term,2YZyLoL8N0Wb9xBt1NhZWg,dance
2026-09-13,short_term,2YZyLoL8N0Wb9xBt1NhZWg,disco
2026-09-13,short_term,2YZyLoL8N0Wb9xBt1NhZWg,future bass
2026-09-13,short_term,2YZyLoL8N0Wb9xBt1NhZWg,gangsta rap
2026-09-13,short_term,2YZyLoL8N0Wb9xBt1NhZWg,hardcore hip hop
2026-09-13,short_term,2YZyLoL8N0Wb9xBt1NhZWg,hip hop
2026-09-13,short_term,2YZyLoL8N0Wb9xBt1NhZWg,house
2026-09-13,short_term,2YZyLoL8N0Wb9xBt1NhZWg,jazz
2026-09-13,short_term,2YZyLoL8N0Wb9xBt1NhZWg,jazz rap
2026-09-13,short_term,2YZyLoL8N0Wb9xBt1NhZWg,pop
2026-09-13,short_term,2YZyLoL8N0Wb9xBt1NhZWg,pop rap
2026-09-13,short_term,2YZyLoL8N0Wb9xBt1NhZWg,r&b
2026-09-13,short_term,2YZyLoL8N0Wb9xBt1NhZWg,trap
2026-09-13,short_term,2YZyLoL8N0Wb9xBt1NhZWg,west coast hip hop
2026-09-13,short_term,2jku7tDXc6XoB6MO2hFuqg,alternative hip hop
2026-09-13,short_term,2jku7tDXc6XoB6MO2hFuqg,alternative r&b
2026-09-13,short_term,2jku7tDXc6XoB6MO2hFuqg,contemporary r&b
2026-09-13,short_term,2jku7tDXc6XoB6MO2hFuqg,dancehall
2026-09-13,short_term,2jku7tDXc6XoB6MO2hFuqg,hip hop
2026-09-13,short_term,2jku7tDXc6XoB6MO2hFuqg,r&b
2026-09-13,short_term,2oSONSC9zQ4UonDKnLqksx,filmi
2026-09-13,short_term,3MZsBdqDrRTJihTHQrO6Dq,alternative r&b
2026-09-13,short_term,3MZsBdqDrRTJihTHQrO6Dq,art pop
2026-09-13,short_term,3MZsBdqDrRTJihTHQrO6Dq,ballad
2026-09-13,short_term,3MZsBdqDrRTJihTHQrO6Dq,instrumental hip hop
2026-09-13,short_term,3MZsBdqDrRTJihTHQrO6Dq,lo-fi hip hop
2026-09-13,short_term,3MZsBdqDrRTJihTHQrO6Dq,trip hop
2026-09-13,short_term,3Sz7ZnJQBIHsXLUSo0OQtM,folk pop
2026-09-13,short_term,3Sz7ZnJQBIHsXLUSo0OQtM,indie pop
2026-09-13,short_term,3Sz7ZnJQBIHsXLUSo0OQtM,indie rock
2026-09-13,short_term,3Sz7ZnJQBIHsXLUSo0OQtM,jangle pop
2026-09-13,short_term,3Sz7ZnJQBIHsXLUSo0OQtM,pop
2026-09-13,short_term,3Sz7ZnJQBIHsXLUSo0OQtM,psychedelic pop
2026-09-13,short_term,3mIj9lX2MWuHmhNCA7LSCW,alternative pop
2026-09-13,short_term,3mIj9lX2MWuHmhNCA7LSCW,alternative rock
2026-09-13,short_term,3mIj9lX2MWuHmhNCA7LSCW,ambient pop
2026-09-13,short_term,3mIj9lX2MWuHmhNCA7LSCW,art pop
2026-09-13,short_term,3mIj9lX2MWuHmhNCA7LSCW,indie pop
2026-09-13,short_term,3mIj9lX2MWuHmhNCA7LSCW,indie rock
2026-09-13,short_term,3mIj9lX2MWuHmhNCA7LSCW,indietronica
2026-09-13,short_term,3mIj9lX2MWuHmhNCA7LSCW,leftfield
2026-09-13,short_term,3mIj9lX2MWuHmhNCA7LSCW,new wave
2026-09-13,short_term,3mIj9lX2MWuHmhNCA7LSCW,pop rock
2026-09-13,short_term,3mIj9lX2MWuHmhNCA7LSCW,post-punk revival
2026-09-13,short_term,3mIj9lX2MWuHmhNCA7LSCW,synth-pop
2026-09-13,short_term,47zz7sob9NUcODy0BTDvKx,contemporary r&b
2026-09-13,short_term,47zz7sob9NUcODy0BTDvKx,downtempo
2026-09-13,short_term,47zz7sob9NUcODy0BTDvKx,jazz
2026-09-13,short_term,47zz7sob9NUcODy0BTDvKx,jazz pop
2026-09-13,short_term,47zz7sob9NUcODy0BTDvKx,pop
2026-09-13,short_term,47zz7sob9NUcODy0BTDvKx,quiet storm
2026-09-13,short_term,47zz7sob9NUcODy0BTDvKx,smooth jazz
2026-09-13,short_term,47zz7sob9NUcODy0BTDvKx,smooth soul
2026-09-13,short_term,47zz7sob9NUcODy0BTDvKx,sophisti-pop
2026-09-13,short_term,47zz7sob9NUcODy0BTDvKx,soul
2026-09-13,short_term,47zz7sob9NUcODy0BTDvKx,trip hop
2026-09-13,short_term,4gdMJYnopf2nEUcanAwstx,indian pop
2026-09-13,short_term,4gdMJYnopf2nEUcanAwstx,singer-songwriter
2026-09-13,short_term,4gzpq5DPGxSnKTe4SA8HAU,alternative rock
2026-09-13,short_term,4gzpq5DPGxSnKTe4SA8HAU,art pop
2026-09-13,short_term,4gzpq5DPGxSnKTe4SA8HAU,britpop
2026-09-13,short_term,4gzpq5DPGxSnKTe4SA8HAU,dream pop
2026-09-13,short_term,4gzpq5DPGxSnKTe4SA8HAU,piano rock
2026-09-13,short_term,4gzpq5DPGxSnKTe4SA8HAU,pop
2026-09-13,short_term,4gzpq5DPGxSnKTe4SA8HAU,pop rock
2026-09-13,short_term,4gzpq5DPGxSnKTe4SA8HAU,post-britpop
2026-09-13,short_term,4gzpq5DPGxSnKTe4SA8HAU,rock
2026-09-13,short_term,5INjqkS1o8h1imAzPqGZBb,alternative dance
2026-09-13,short_term,5INjqkS1o8h1imAzPqGZBb,alternative rock
2026-09-13,short_term,5INjqkS1o8h1imAzPqGZBb,dream pop
2026-09-13,short_term,5INjqkS1o8h1imAzPqGZBb,indie rock
2026-09-13,short_term,5INjqkS1o8h1imAzPqGZBb,indietronica
2026-09-13,short_term,5INjqkS1o8h1imAzPqGZBb,leftfield
2026-09-13,short_term,5INjqkS1o8h1imAzPqGZBb,neo-psychedelia
2026-09-13,short_term,5INjqkS1o8h1imAzPqGZBb,pop
2026-09-13,short_term,5INjqkS1o8h1imAzPqGZBb,psychedelic
2026-09-13,short_term,5INjqkS1o8h1imAzPqGZBb,psychedelic pop
2026-09-13,short_term,5INjqkS1o8h1imAzPqGZBb,psychedelic rock
2026-09-13,short_term,5INjqkS1o8h1imAzPqGZBb,rock
2026-09-13,short_term,5INjqkS1o8h1imAzPqGZBb,space rock
2026-09-13,short_term,5INjqkS1o8h1imAzPqGZBb,synth-pop
2026-09-13,short_term,66CXWjxzNUsdJxJ2JdwvnR,contemporary r&b
2026-09-13,short_term,66CXWjxzNUsdJxJ2JdwvnR,dance-pop
2026-09-13,short_term,66CXWjxzNUsdJxJ2JdwvnR,pop
2026-09-13,short_term,66CXWjxzNUsdJxJ2JdwvnR,r&b
2026-09-13,short_term,66CXWjxzNUsdJxJ2JdwvnR,trap soul
2026-09-13,short_term,6IRouO5mvvfcyxtPDKMYFN,acoustic rock
2026-09-13,short_term,6IRouO5mvvfcyxtPDKMYFN,aor
2026-09-13,short_term,6IRouO5mvvfcyxtPDKMYFN,arena rock
2026-09-13,short_term,6IRouO5mvvfcyxtPDKMYFN,classic rock
2026-09-13,short_term,6IRouO5mvvfcyxtPDKMYFN,hard rock
2026-09-13,short_term,6IRouO5mvvfcyxtPDKMYFN,pop rock
2026-09-13,short_term,6IRouO5mvvfcyxtPDKMYFN,rock
2026-09-13,short_term,6IRouO5mvvfcyxtPDKMYFN,soft rock
2026-09-13,short_term,6XwwFnewNgWp81MYMK8zLq,deep house
2026-09-13,short_term,700c9Qz2z6HZKTumeliKAw,electronic
2026-09-13,short_term,77SW9BnxLY8rJ0RciFqkHh,alternative rock
2026-09-13,short_term,77SW9BnxLY8rJ0RciFqkHh,indie pop
2026-09-13,short_term,7Ln80lUS6He07XvHI8qqHH,alternative rock
2026-09-13,short_term,7Ln80lUS6He07XvHI8qqHH,art rock
2026-09-13,short_term,7Ln80lUS6He07XvHI8qqHH,baroque pop
2026-09-13,short_term,7Ln80lUS6He07XvHI8qqHH,dance
2026-09-13,short_term,7Ln80lUS6He07XvHI8qqHH,electronica
2026-09-13,short_term,7Ln80lUS6He07XvHI8qqHH,garage rock
2026-09-13,short_term,7Ln80lUS6He07XvHI8qqHH,garage rock revival
2026-09-13,short_term,7Ln80lUS6He07XvHI8qqHH,house
2026-09-13,short_term,7Ln80lUS6He07XvHI8qqHH,indie rock
2026-09-13,short_term,7Ln80lUS6He07XvHI8qqHH,neo-psychedelia
2026-09-13,short_term,7Ln80lUS6He07XvHI8qqHH,pop
2026-09-13,short_term,7Ln80lUS6He07XvHI8qqHH,post-punk revival
2026-09-13,short_term,7Ln80lUS6He07XvHI8qqHH,psychedelic pop
2026-09-13,short_term,7Ln80lUS6He07XvHI8qqHH,psychedelic rock
2026-09-13,short_term,7Ln80lUS6He07XvHI8qqHH,rock
2026-09-13,short_term,7tYKF4w9nC0nq9CsPZTHyP,alternative r&b
2026-09-13,short_term,7tYKF4w9nC0nq9CsPZTHyP,contemporary r&b
2026-09-13,short_term,7tYKF4w9nC0nq9CsPZTHyP,electronic
2026-09-13,short_term,7tYKF4w9nC0nq9CsPZTHyP,hip hop soul
2026-09-13,short_term,7tYKF4w9nC0nq9CsPZTHyP,neo soul
2026-09-13,short_term,7tYKF4w9nC0nq9CsPZTHyP,pop
2026-09-13,short_term,7tYKF4w9nC0nq9CsPZTHyP,r&b
2026-09-13,short_term,7tYKF4w9nC0nq9CsPZTHyP,soul
2026-09-14,long_term,00FQb4jTyendYWaN8pK0wa,alternative pop
2026-09-14,long_term,00FQb4jTyendYWaN8pK0wa,art pop
2026-09-14,long_term,00FQb4jTyendYWaN8pK0wa,ballad
2026-09-14,long_term,00FQb4jTyendYWaN8pK0wa,baroque pop
2026-09-14,long_term,00FQb4jTyendYWaN8pK0wa,chamber pop
2026-09-14,long_term,00FQb4jTyendYWaN8pK0wa,country
2026-09-14,long_term,00FQb4jTyendYWaN8pK0wa,dance
2026-09-14,long_term,00FQb4jTyendYWaN8pK0wa,dream pop
2026-09-14,long_term,00FQb4jTyendYWaN8pK0wa,edm
2026-09-14,long_term,00FQb4jTyendYWaN8pK0wa,electronic
2026-09-14,long_term,00FQb4jTyendYWaN8pK0wa,electronica
2026-09-14,long_term,00FQb4jTyendYWaN8pK0wa,future bass
2026-09-14,long_term,00FQb4jTyendYWaN8pK0wa,house
2026-09-14,long_term,00FQb4jTyendYWaN8pK0wa,indie pop
2026-09-14,long_term,00FQb4jTyendYWaN8pK0wa,indie rock
2026-09-14,long_term,00FQb4jTyendYWaN8pK0wa,melodic house
2026-09-14,long_term,00FQb4jTyendYWaN8pK0wa,melodic techno
2026-09-14,long_term,00FQb4jTyendYWaN8pK0wa,neo-psychedelia
2026-09-14,long_term,00FQb4jTyendYWaN8pK0wa,pop
2026-09-14,long_term,00FQb4jTyendYWaN8pK0wa,psychedelic pop
2026-09-14,long_term,00FQb4jTyendYWaN8pK0wa,r&b
2026-09-14,long_term,00FQb4jTyendYWaN8pK0wa,rock
2026-09-14,long_term,00FQb4jTyendYWaN8pK0wa,singer-songwriter
2026-09-14,long_term,00FQb4jTyendYWaN8pK0wa,slowcore
2026-09-14,long_term,00FQb4jTyendYWaN8pK0wa,trap
2026-09-14,long_term,00FQb4jTyendYWaN8pK0wa,trip hop
2026-09-14,long_term,06O23tLg0or676h8EEzH7W,chillwave
2026-09-14,long_term,06O23tLg0or676h8EEzH7W,dreamwave
2026-09-14,long_term,06O23tLg0or676h8EEzH7W,electronic
2026-09-14,long_term,06O23tLg0or676h8EEzH7W,synth-pop
2026-09-14,long_term,06O23tLg0or676h8EEzH7W,witch house
2026-09-14,long_term,0Y5tJX1MQlPlqiwlOH1tJY,experimental hip hop
2026-09-14,long_term,0Y5tJX1MQlPlqiwlOH1tJY,hip hop
2026-09-14,long_term,0Y5tJX1MQlPlqiwlOH1tJY,pop rap
2026-09-14,long_term,0Y5tJX1MQlPlqiwlOH1tJY,southern hip hop
2026-09-14,long_term,0Y5tJX1MQlPlqiwlOH1tJY,trap
2026-09-14,long_term,0Y6dVaC9DZtPNH4591M42W,dream pop
2026-09-14,long_term,0Y6dVaC9DZtPNH4591M42W,electronic
2026-09-14,long_term,0Y6dVaC9DZtPNH4591M42W,hip hop
2026-09-14,long_term,0Y6dVaC9DZtPNH4591M42W,indie pop
2026-09-14,long_term,0Y6dVaC9DZtPNH4591M42W,indie rock
2026-09-14,long_term,0Y6dVaC9DZtPNH4591M42W,lo-fi
2026-09-14,long_term,0Y6dVaC9DZtPNH4591M42W,pop
2026-09-14,long_term,0dgJbQ0bKPyUXco8hEXN7X,ambient
2026-09-14,long_term,0dgJbQ0bKPyUXco8hEXN7X,boom bap
2026-09-14,long_term,0dgJbQ0bKPyUXco8hEXN7X,chillout
2026-09-14,long_term,0dgJbQ0bKPyUXco8hEXN7X,chillwave
2026-09-14,long_term,0dgJbQ0bKPyUXco8hEXN7X,downtempo
2026-09-14,long_term,0dgJbQ0bKPyUXco8hEXN7X,drift phonk
2026-09-14,long_term,0dgJbQ0bKPyUXco8hEXN7X,hardwave
2026-09-14,long_term,0dgJbQ0bKPyUXco8hEXN7X,hip hop
2026-09-14,long_term,0dgJbQ0bKPyUXco8hEXN7X,house
2026-09-14,long_term,0dgJbQ0bKPyUXco8hEXN7X,instrumental
2026-09-14,long_term,0dgJbQ0bKPyUXco8hEXN7X,instrumental hip hop
2026-09-14,long_term,0dgJbQ0bKPyUXco8hEXN7X,lo-fi
2026-09-14,long_term,0dgJbQ0bKPyUXco8hEXN7X,lo-fi hip hop
2026-09-14,long_term,0dgJbQ0bKPyUXco8hEXN7X,phonk
2026-09-14,long_term,0dgJbQ0bKPyUXco8hEXN7X,wave
2026-09-14,long_term,0klU31gyC6EZqKgLvVANCy,boom bap
2026-09-14,long_term,0klU31gyC6EZqKgLvVANCy,chillwave
2026-09-14,long_term,0klU31gyC6EZqKgLvVANCy,downtempo
2026-09-14,long_term,0klU31gyC6EZqKgLvVANCy,hip hop
2026-09-14,long_term,0klU31gyC6EZqKgLvVANCy,instrumental
2026-09-14,long_term,0klU31gyC6EZqKgLvVANCy,instrumental hip hop
2026-09-14,long_term,0klU31gyC6EZqKgLvVANCy,lo-fi
2026-09-14,long_term,0klU31gyC6EZqKgLvVANCy,lo-fi hip hop
2026-09-14,long_term,17XXKfRBMCWvLrqGoNkJXm,ballad
2026-09-14,long_term,17XXKfRBMCWvLrqGoNkJXm,easy listening
2026-09-14,long_term,17XXKfRBMCWvLrqGoNkJXm,pop
2026-09-14,long_term,19ra5tSw0tWufvUp8GotLo,ballad
2026-09-14,long_term,19ra5tSw0tWufvUp8GotLo,blue-eyed soul
2026-09-14,long_term,19ra5tSw0tWufvUp8GotLo,contemporary r&b
2026-09-14,long_term,19ra5tSw0tWufvUp8GotLo,dance-pop
2026-09-14,long_term,19ra5tSw0tWufvUp8GotLo,dance-rock
2026-09-14,long_term,19ra5tSw0tWufvUp8GotLo,jazz
2026-09-14,long_term,19ra5tSw0tWufvUp8GotLo,pop
2026-09-14,long_term,19ra5tSw0tWufvUp8GotLo,pop rock
2026-09-14,long_term,19ra5tSw0tWufvUp8GotLo,pop soul
2026-09-14,long_term,19ra5tSw0tWufvUp8GotLo,r&b
2026-09-14,long_term,19ra5tSw0tWufvUp8GotLo,smooth jazz
2026-09-14,long_term,19ra5tSw0tWufvUp8GotLo,smooth soul
2026-09-14,long_term,19ra5tSw0tWufvUp8GotLo,soft rock
2026-09-14,long_term,19ra5tSw0tWufvUp8GotLo,sophisti-pop
2026-09-14,long_term,19ra5tSw0tWufvUp8GotLo,soul
2026-09-14,long_term,1QAJqy2dA3ihHBFIHRphZj,ambient
2026-09-14,long_term,1QAJqy2dA3ihHBFIHRphZj,ambient pop
2026-09-14,long_term,1QAJqy2dA3ihHBFIHRphZj,dream pop
2026-09-14,long_term,1QAJqy2dA3ihHBFIHRphZj,indie pop
2026-09-14,long_term,1QAJqy2dA3ihHBFIHRphZj,indie rock
2026-09-14,long_term,1QAJqy2dA3ihHBFIHRphZj,pop
2026-09-14,long_term,1QAJqy2dA3ihHBFIHRphZj,shoegaze
2026-09-14,long_term,1QAJqy2dA3ihHBFIHRphZj,slowcore
2026-09-14,long_term,1Xyo4u8uXC1ZmMpatF05PJ,alternative r&b
2026-09-14,long_term,1Xyo4u8uXC1ZmMpatF05PJ,contemporary r&b
2026-09-14,long_term,1Xyo4u8uXC1ZmMpatF05PJ,dance-pop
2026-09-14,long_term,1Xyo4u8uXC1ZmMpatF05PJ,hypnagogic pop
2026-09-14,long_term,1Xyo4u8uXC1ZmMpatF05PJ,pop
2026-09-14,long_term,1Xyo4u8uXC1ZmMpatF05PJ,r&b
2026-09-14,long_term,1Xyo4u8uXC1ZmMpatF05PJ,synth-pop
2026-09-14,long_term,1cGyguqPQY22oUd4fKglFS,ambient
2026-09-14,long_term,1cGyguqPQY22oUd4fKglFS,dark ambient
2026-09-14,long_term,1mYsTxnqsietFxj1OgoGbG,classical
2026-09-14,long_term,1mYsTxnqsietFxj1OgoGbG,filmi
2026-09-14,long_term,1mYsTxnqsietFxj1OgoGbG,world fusion
2026-09-14,long_term,1wRPtKGflJrBx9BmLsSwlU,filmi
2026-09-14,long_term,2YZyLoL8N0Wb9xBt1NhZWg,alternative hip hop
2026-09-14,long_term,2YZyLoL8N0Wb9xBt1NhZWg,conscious hip hop
2026-09-14,long_term,2YZyLoL8N0Wb9xBt1NhZWg,dance
2026-09-14,long_term,2YZyLoL8N0Wb9xBt1NhZWg,disco
2026-09-14,long_term,2YZyLoL8N0Wb9xBt1NhZWg,future bass
2026-09-14,long_term,2YZyLoL8N0Wb9xBt1NhZWg,gangsta rap
2026-09-14,long_term,2YZyLoL8N0Wb9xBt1NhZWg,hardcore hip hop
2026-09-14,long_term,2YZyLoL8N0Wb9xBt1NhZWg,hip hop
2026-09-14,long_term,2YZyLoL8N0Wb9xBt1NhZWg,house
2026-09-14,long_term,2YZyLoL8N0Wb9xBt1NhZWg,jazz
2026-09-14,long_term,2YZyLoL8N0Wb9xBt1NhZWg,jazz rap
2026-09-14,long_term,2YZyLoL8N0Wb9xBt1NhZWg,pop
2026-09-14,long_term,2YZyLoL8N0Wb9xBt1NhZWg,pop rap
2026-09-14,long_term,2YZyLoL8N0Wb9xBt1NhZWg,r&b
2026-09-14,long_term,2YZyLoL8N0Wb9xBt1NhZWg,trap
2026-09-14,long_term,2YZyLoL8N0Wb9xBt1NhZWg,west coast hip hop
2026-09-14,long_term,2exebQUDoIoT0dXA8BcN1P,chillwave
2026-09-14,long_term,2exebQUDoIoT0dXA8BcN1P,electronic
2026-09-14,long_term,2exebQUDoIoT0dXA8BcN1P,synthwave
2026-09-14,long_term,2h93pZq0e7k5yf4dywlkpM,alternative r&b
2026-09-14,long_term,2h93pZq0e7k5yf4dywlkpM,contemporary r&b
2026-09-14,long_term,2h93pZq0e7k5yf4dywlkpM,pop
2026-09-14,long_term,2h93pZq0e7k5yf4dywlkpM,r&b
2026-09-14,long_term,2jku7tDXc6XoB6MO2hFuqg,alternative hip hop
2026-09-14,long_term,2jku7tDXc6XoB6MO2hFuqg,alternative r&b
2026-09-14,long_term,2jku7tDXc6XoB6MO2hFuqg,contemporary r&b
2026-09-14,long_term,2jku7tDXc6XoB6MO2hFuqg,dancehall
2026-09-14,long_term,2jku7tDXc6XoB6MO2hFuqg,hip hop
2026-09-14,long_term,2jku7tDXc6XoB6MO2hFuqg,r&b
2026-09-14,long_term,2sSGPbdZJkaSE2AbcGOACx,bedroom pop
2026-09-14,long_term,2sSGPbdZJkaSE2AbcGOACx,dream pop
2026-09-14,long_term,2sSGPbdZJkaSE2AbcGOACx,indie pop
2026-09-14,long_term,2sSGPbdZJkaSE2AbcGOACx,lo-fi
2026-09-14,long_term,2sSGPbdZJkaSE2AbcGOACx,psychedelic pop
2026-09-14,long_term,2sSGPbdZJkaSE2AbcGOACx,psychedelic soul
2026-09-14,long_term,2sSGPbdZJkaSE2AbcGOACx,synth-pop
2026-09-14,long_term,3AA28KZvwAUcZuOKwyblJQ,alternative dance
2026-09-14,long_term,3AA28KZvwAUcZuOKwyblJQ,alternative hip hop
2026-09-14,long_term,3AA28KZvwAUcZuOKwyblJQ,alternative pop
2026-09-14,long_term,3AA28KZvwAUcZuOKwyblJQ,alternative rock
2026-09-14,long_term,3AA28KZvwAUcZuOKwyblJQ,art pop
2026-09-14,long_term,3AA28KZvwAUcZuOKwyblJQ,bassline
2026-09-14,long_term,3AA28KZvwAUcZuOKwyblJQ,breakbeat
2026-09-14,long_term,3AA28KZvwAUcZuOKwyblJQ,breaks
2026-09-14,long_term,3AA28KZvwAUcZuOKwyblJQ,dance
2026-09-14,long_term,3AA28KZvwAUcZuOKwyblJQ,disco
2026-09-14,long_term,3AA28KZvwAUcZuOKwyblJQ,electronic
2026-09-14,long_term,3AA28KZvwAUcZuOKwyblJQ,electronica
2026-09-14,long_term,3AA28KZvwAUcZuOKwyblJQ,electropop
2026-09-14,long_term,3AA28KZvwAUcZuOKwyblJQ,future bass
2026-09-14,long_term,3AA28KZvwAUcZuOKwyblJQ,hip hop
2026-09-14,long_term,3AA28KZvwAUcZuOKwyblJQ,indie rock
2026-09-14,long_term,3AA28KZvwAUcZuOKwyblJQ,latin
2026-09-14,long_term,3AA28KZvwAUcZuOKwyblJQ,pop
2026-09-14,long_term,3AA28KZvwAUcZuOKwyblJQ,pop rock
2026-09-14,long_term,3AA28KZvwAUcZuOKwyblJQ,rock
2026-09-14,long_term,3AA28KZvwAUcZuOKwyblJQ,synth-pop
2026-09-14,long_term,3AA28KZvwAUcZuOKwyblJQ,tech house
2026-09-14,long_term,3AA28KZvwAUcZuOKwyblJQ,trap
2026-09-14,long_term,3AA28KZvwAUcZuOKwyblJQ,trip hop
2026-09-14,long_term,3AA28KZvwAUcZuOKwyblJQ,uk garage
2026-09-14,long_term,3MZsBdqDrRTJihTHQrO6Dq,alternative r&b
2026-09-14,long_term,3MZsBdqDrRTJihTHQrO6Dq,art pop
2026-09-14,long_term,3MZsBdqDrRTJihTHQrO6Dq,ballad
2026-09-14,long_term,3MZsBdqDrRTJihTHQrO6Dq,instrumental hip hop
2026-09-14,long_term,3MZsBdqDrRTJihTHQrO6Dq,lo-fi hip hop
2026-09-14,long_term,3MZsBdqDrRTJihTHQrO6Dq,trip hop
2026-09-14,long_term,3Sz7ZnJQBIHsXLUSo0OQtM,folk pop
2026-09-14,long_term,3Sz7ZnJQBIHsXLUSo0OQtM,indie pop
2026-09-14,long_term,3Sz7ZnJQBIHsXLUSo0OQtM,indie rock
2026-09-14,long_term,3Sz7ZnJQBIHsXLUSo0OQtM,jangle pop
2026-09-14,long_term,3Sz7ZnJQBIHsXLUSo0OQtM,pop
2026-09-14,long_term,3Sz7ZnJQBIHsXLUSo0OQtM,psychedelic pop
2026-09-14,long_term,3TVXtAsR1Inumwj472S9r4,alternative r&b
2026-09-14,long_term,3TVXtAsR1Inumwj472S9r4,contemporary r&b
2026-09-14,long_term,3TVXtAsR1Inumwj472S9r4,hardcore hip hop
2026-09-14,long_term,3TVXtAsR1Inumwj472S9r4,hip hop
2026-09-14,long_term,3TVXtAsR1Inumwj472S9r4,pop
2026-09-14,long_term,3TVXtAsR1Inumwj472S9r4,pop rap
2026-09-14,long_term,3TVXtAsR1Inumwj472S9r4,r&b
2026-09-14,long_term,3TVXtAsR1Inumwj472S9r4,southern hip hop
2026-09-14,long_term,3TVXtAsR1Inumwj472S9r4,trap
2026-09-14,long_term,3zmfs9cQwzJl575W1ZYXeT,bedroom pop
2026-09-14,long_term,3zmfs9cQwzJl575W1ZYXeT,downtempo
2026-09-14,long_term,3zmfs9cQwzJl575W1ZYXeT,dream pop
2026-09-14,long_term,3zmfs9cQwzJl575W1ZYXeT,indie pop
2026-09-14,long_term,3zmfs9cQwzJl575W1ZYXeT,neo-psychedelia
2026-09-14,long_term,3zmfs9cQwzJl575W1ZYXeT,pop
2026-09-14,long_term,3zmfs9cQwzJl575W1ZYXeT,shoegaze
2026-09-14,long_term,3zmfs9cQwzJl575W1ZYXeT,sophisti-pop
2026-09-14,long_term,47zz7sob9NUcODy0BTDvKx,contemporary r&b
2026-09-14,long_term,47zz7sob9NUcODy0BTDvKx,downtempo
2026-09-14,long_term,47zz7sob9NUcODy0BTDvKx,jazz
2026-09-14,long_term,47zz7sob9NUcODy0BTDvKx,jazz pop
2026-09-14,long_term,47zz7sob9NUcODy0BTDvKx,pop
2026-09-14,long_term,47zz7sob9NUcODy0BTDvKx,quiet storm
2026-09-14,long_term,47zz7sob9NUcODy0BTDvKx,smooth jazz
2026-09-14,long_term,47zz7sob9NUcODy0BTDvKx,smooth soul
2026-09-14,long_term,47zz7sob9NUcODy0BTDvKx,sophisti-pop
2026-09-14,long_term,47zz7sob9NUcODy0BTDvKx,soul
2026-09-14,long_term,47zz7sob9NUcODy0BTDvKx,trip hop
2026-09-14,long_term,4KRllJ2dEeoqvxOQLOgOsI,electronic
2026-09-14,long_term,4KRllJ2dEeoqvxOQLOgOsI,phonk
2026-09-14,long_term,4KRllJ2dEeoqvxOQLOgOsI,phonk house
2026-09-14,long_term,4KRllJ2dEeoqvxOQLOgOsI,synthwave
2026-09-14,long_term,4KRllJ2dEeoqvxOQLOgOsI,trap
2026-09-14,long_term,4KRllJ2dEeoqvxOQLOgOsI,wave
2026-09-14,long_term,4MrQDA45Gd0llLrwFUzimG,boom bap
2026-09-14,long_term,4MrQDA45Gd0llLrwFUzimG,chillwave
2026-09-14,long_term,4MrQDA45Gd0llLrwFUzimG,downtempo
2026-09-14,long_term,4MrQDA45Gd0llLrwFUzimG,hip hop
2026-09-14,long_term,4MrQDA45Gd0llLrwFUzimG,instrumental
2026-09-14,long_term,4MrQDA45Gd0llLrwFUzimG,instrumental hip hop
2026-09-14,long_term,4MrQDA45Gd0llLrwFUzimG,lo-fi
2026-09-14,long_term,4MrQDA45Gd0llLrwFUzimG,lo-fi hip hop
2026-09-14,long_term,4gdMJYnopf2nEUcanAwstx,indian pop
2026-09-14,long_term,4gdMJYnopf2nEUcanAwstx,singer-songwriter
2026-09-14,long_term,4gzpq5DPGxSnKTe4SA8HAU,alternative rock
2026-09-14,long_term,4gzpq5DPGxSnKTe4SA8HAU,art pop
2026-09-14,long_term,4gzpq5DPGxSnKTe4SA8HAU,britpop
2026-09-14,long_term,4gzpq5DPGxSnKTe4SA8HAU,dream pop
2026-09-14,long_term,4gzpq5DPGxSnKTe4SA8HAU,piano rock
2026-09-14,long_term,4gzpq5DPGxSnKTe4SA8HAU,pop
2026-09-14,long_term,4gzpq5DPGxSnKTe4SA8HAU,pop rock
2026-09-14,long_term,4gzpq5DPGxSnKTe4SA8HAU,post-britpop
2026-09-14,long_term,4gzpq5DPGxSnKTe4SA8HAU,rock
2026-09-14,long_term,4yvcSjfu4PC0CYQyLy4wSq,electronic
2026-09-14,long_term,4yvcSjfu4PC0CYQyLy4wSq,indie pop
2026-09-14,long_term,4yvcSjfu4PC0CYQyLy4wSq,indie rock
2026-09-14,long_term,4yvcSjfu4PC0CYQyLy4wSq,indietronica
2026-09-14,long_term,4yvcSjfu4PC0CYQyLy4wSq,pop
2026-09-14,long_term,4yvcSjfu4PC0CYQyLy4wSq,psychedelic pop
2026-09-14,long_term,4yvcSjfu4PC0CYQyLy4wSq,psychedelic rock
2026-09-14,long_term,5INjqkS1o8h1imAzPqGZBb,alternative dance
2026-09-14,long_term,5INjqkS1o8h1imAzPqGZBb,alternative rock
2026-09-14,long_term,5INjqkS1o8h1imAzPqGZBb,dream pop
2026-09-14,long_term,5INjqkS1o8h1imAzPqGZBb,indie rock
2026-09-14,long_term,5INjqkS1o8h1imAzPqGZBb,indietronica
2026-09-14,long_term,5INjqkS1o8h1imAzPqGZBb,leftfield
2026-09-14,long_term,5INjqkS1o8h1imAzPqGZBb,neo-psychedelia
2026-09-14,long_term,5INjqkS1o8h1imAzPqGZBb,pop
2026-09-14,long_term,5INjqkS1o8h1imAzPqGZBb,psychedelic
2026-09-14,long_term,5INjqkS1o8h1imAzPqGZBb,psychedelic pop
2026-09-14,long_term,5INjqkS1o8h1imAzPqGZBb,psychedelic rock
2026-09-14,long_term,5INjqkS1o8h1imAzPqGZBb,rock
2026-09-14,long_term,5INjqkS1o8h1imAzPqGZBb,space rock
2026-09-14,long_term,5INjqkS1o8h1imAzPqGZBb,synth-pop
2026-09-14,long_term,5K4W6rqBFWDnAN6FQUkS6x,chipmunk soul
2026-09-14,long_term,5K4W6rqBFWDnAN6FQUkS6x,christian hip hop
2026-09-14,long_term,5K4W6rqBFWDnAN6FQUkS6x,conscious hip hop
2026-09-14,long_term,5K4W6rqBFWDnAN6FQUkS6x,contemporary r&b
2026-09-14,long_term,5K4W6rqBFWDnAN6FQUkS6x,deep house
2026-09-14,long_term,5K4W6rqBFWDnAN6FQUkS6x,electropop
2026-09-14,long_term,5K4W6rqBFWDnAN6FQUkS6x,experimental hip hop
2026-09-14,long_term,5K4W6rqBFWDnAN6FQUkS6x,future bass
2026-09-14,long_term,5K4W6rqBFWDnAN6FQUkS6x,hip hop
2026-09-14,long_term,5K4W6rqBFWDnAN6FQUkS6x,house
2026-09-14,long_term,5K4W6rqBFWDnAN6FQUkS6x,pop
2026-09-14,long_term,5K4W6rqBFWDnAN6FQUkS6x,pop rap
2026-09-14,long_term,5K4W6rqBFWDnAN6FQUkS6x,r&b
2026-09-14,long_term,5K4W6rqBFWDnAN6FQUkS6x,trap
2026-09-14,long_term,5cj0lLjcoR7YOSnhnX0Po5,alternative rock
2026-09-14,long_term,5cj0lLjcoR7YOSnhnX0Po5,grunge
2026-09-14,long_term,5cj0lLjcoR7YOSnhnX0Po5,hip hop
2026-09-14,long_term,5cj0lLjcoR7YOSnhnX0Po5,pop
2026-09-14,long_term,5cj0lLjcoR7YOSnhnX0Po5,pop rap
2026-09-14,long_term,5cj0lLjcoR7YOSnhnX0Po5,post-grunge
2026-09-14,long_term,5cj0lLjcoR7YOSnhnX0Po5,power pop
2026-09-14,long_term,5cj0lLjcoR7YOSnhnX0Po5,rock
2026-09-14,long_term,5cj0lLjcoR7YOSnhnX0Po5,trap
2026-09-14,long_term,5cj0lLjcoR7YOSnhnX0Po5,west coast hip hop
2026-09-14,long_term,5y8tKLUfMvliMe8IKamR32,alternative r&b
2026-09-14,long_term,5y8tKLUfMvliMe8IKamR32,contemporary r&b
2026-09-14,long_term,5y8tKLUfMvliMe8IKamR32,indie pop
2026-09-14,long_term,5y8tKLUfMvliMe8IKamR32,lo-fi
2026-09-14,long_term,6YJ4EgQzDfJnIHRbqIHAdD,chillwave
2026-09-14,long_term,6YJ4EgQzDfJnIHRbqIHAdD,downtempo
2026-09-14,long_term,6YJ4EgQzDfJnIHRbqIHAdD,instrumental
2026-09-14,long_term,6YJ4EgQzDfJnIHRbqIHAdD,instrumental hip hop
2026-09-14,long_term,6YJ4EgQzDfJnIHRbqIHAdD,lo-fi
2026-09-14,long_term,6YJ4EgQzDfJnIHRbqIHAdD,lo-fi hip hop
2026-09-14,long_term,6ft7JnxMyZhp7N52qzHymY,dream pop
2026-09-14,long_term,700c9Qz2z6HZKTumeliKAw,electronic
2026-09-14,long_term,77SW9BnxLY8rJ0RciFqkHh,alternative rock
2026-09-14,long_term,77SW9BnxLY8rJ0RciFqkHh,indie pop
2026-09-14,long_term,78rUTD7y6Cy67W1RVzYs7t,alternative pop
2026-09-14,long_term,78rUTD7y6Cy67W1RVzYs7t,bubblegum pop
2026-09-14,long_term,78rUTD7y6Cy67W1RVzYs7t,dance-pop
2026-09-14,long_term,78rUTD7y6Cy67W1RVzYs7t,drum and bass
2026-09-14,long_term,78rUTD7y6Cy67W1RVzYs7t,future garage
2026-09-14,long_term,78rUTD7y6Cy67W1RVzYs7t,jungle
2026-09-14,long_term,78rUTD7y6Cy67W1RVzYs7t,pop
2026-09-14,long_term,78rUTD7y6Cy67W1RVzYs7t,uk garage
2026-09-14,long_term,7Ln80lUS6He07XvHI8qqHH,alternative rock
2026-09-14,long_term,7Ln80lUS6He07XvHI8qqHH,art rock
2026-09-14,long_term,7Ln80lUS6He07XvHI8qqHH,baroque pop
2026-09-14,long_term,7Ln80lUS6He07XvHI8qqHH,dance
2026-09-14,long_term,7Ln80lUS6He07XvHI8qqHH,electronica
2026-09-14,long_term,7Ln80lUS6He07XvHI8qqHH,garage rock
2026-09-14,long_term,7Ln80lUS6He07XvHI8qqHH,garage rock revival
2026-09-14,long_term,7Ln80lUS6He07XvHI8qqHH,house
2026-09-14,long_term,7Ln80lUS6He07XvHI8qqHH,indie rock
2026-09-14,long_term,7Ln80lUS6He07XvHI8qqHH,neo-psychedelia
2026-09-14,long_term,7Ln80lUS6He07XvHI8qqHH,pop
2026-09-14,long_term,7Ln80lUS6He07XvHI8qqHH,post-punk revival
2026-09-14,long_term,7Ln80lUS6He07XvHI8qqHH,psychedelic pop
2026-09-14,long_term,7Ln80lUS6He07XvHI8qqHH,psychedelic rock
2026-09-14,long_term,7Ln80lUS6He07XvHI8qqHH,rock
2026-09-14,long_term,7gW0r5CkdEUMm42w9XpyZO,bossa nova
2026-09-14,long_term,7gW0r5CkdEUMm42w9XpyZO,jazz
2026-09-14,long_term,7gW0r5CkdEUMm42w9XpyZO,jazz pop
2026-09-14,long_term,7gW0r5CkdEUMm42w9XpyZO,singer-songwriter
2026-09-14,long_term,7gW0r5CkdEUMm42w9XpyZO,vocal jazz
2026-09-14,long_term,7tYKF4w9nC0nq9CsPZTHyP,alternative r&b
2026-09-14,long_term,7tYKF4w9nC0nq9CsPZTHyP,contemporary r&b
2026-09-14,long_term,7tYKF4w9nC0nq9CsPZTHyP,electronic
2026-09-14,long_term,7tYKF4w9nC0nq9CsPZTHyP,hip hop soul
2026-09-14,long_term,7tYKF4w9nC0nq9CsPZTHyP,neo soul
2026-09-14,long_term,7tYKF4w9nC0nq9CsPZTHyP,pop
2026-09-14,long_term,7tYKF4w9nC0nq9CsPZTHyP,r&b
2026-09-14,long_term,7tYKF4w9nC0nq9CsPZTHyP,soul
2026-09-14,medium_term,00FQb4jTyendYWaN8pK0wa,alternative pop
2026-09-14,medium_term,00FQb4jTyendYWaN8pK0wa,art pop
2026-09-14,medium_term,00FQb4jTyendYWaN8pK0wa,ballad
2026-09-14,medium_term,00FQb4jTyendYWaN8pK0wa,baroque pop
2026-09-14,medium_term,00FQb4jTyendYWaN8pK0wa,chamber pop
2026-09-14,medium_term,00FQb4jTyendYWaN8pK0wa,country
2026-09-14,medium_term,00FQb4jTyendYWaN8pK0wa,dance
2026-09-14,medium_term,00FQb4jTyendYWaN8pK0wa,dream pop
2026-09-14,medium_term,00FQb4jTyendYWaN8pK0wa,edm
2026-09-14,medium_term,00FQb4jTyendYWaN8pK0wa,electronic
2026-09-14,medium_term,00FQb4jTyendYWaN8pK0wa,electronica
2026-09-14,medium_term,00FQb4jTyendYWaN8pK0wa,future bass
2026-09-14,medium_term,00FQb4jTyendYWaN8pK0wa,house
2026-09-14,medium_term,00FQb4jTyendYWaN8pK0wa,indie pop
2026-09-14,medium_term,00FQb4jTyendYWaN8pK0wa,indie rock
2026-09-14,medium_term,00FQb4jTyendYWaN8pK0wa,melodic house
2026-09-14,medium_term,00FQb4jTyendYWaN8pK0wa,melodic techno
2026-09-14,medium_term,00FQb4jTyendYWaN8pK0wa,neo-psychedelia
2026-09-14,medium_term,00FQb4jTyendYWaN8pK0wa,pop
2026-09-14,medium_term,00FQb4jTyendYWaN8pK0wa,psychedelic pop
2026-09-14,medium_term,00FQb4jTyendYWaN8pK0wa,r&b
2026-09-14,medium_term,00FQb4jTyendYWaN8pK0wa,rock
2026-09-14,medium_term,00FQb4jTyendYWaN8pK0wa,singer-songwriter
2026-09-14,medium_term,00FQb4jTyendYWaN8pK0wa,slowcore
2026-09-14,medium_term,00FQb4jTyendYWaN8pK0wa,trap
2026-09-14,medium_term,00FQb4jTyendYWaN8pK0wa,trip hop
2026-09-14,medium_term,0Y6dVaC9DZtPNH4591M42W,dream pop
2026-09-14,medium_term,0Y6dVaC9DZtPNH4591M42W,electronic
2026-09-14,medium_term,0Y6dVaC9DZtPNH4591M42W,hip hop
2026-09-14,medium_term,0Y6dVaC9DZtPNH4591M42W,indie pop
2026-09-14,medium_term,0Y6dVaC9DZtPNH4591M42W,indie rock
2026-09-14,medium_term,0Y6dVaC9DZtPNH4591M42W,lo-fi
2026-09-14,medium_term,0Y6dVaC9DZtPNH4591M42W,pop
2026-09-14,medium_term,0dgJbQ0bKPyUXco8hEXN7X,ambient
2026-09-14,medium_term,0dgJbQ0bKPyUXco8hEXN7X,boom bap
2026-09-14,medium_term,0dgJbQ0bKPyUXco8hEXN7X,chillout
2026-09-14,medium_term,0dgJbQ0bKPyUXco8hEXN7X,chillwave
2026-09-14,medium_term,0dgJbQ0bKPyUXco8hEXN7X,downtempo
2026-09-14,medium_term,0dgJbQ0bKPyUXco8hEXN7X,drift phonk
2026-09-14,medium_term,0dgJbQ0bKPyUXco8hEXN7X,hardwave
2026-09-14,medium_term,0dgJbQ0bKPyUXco8hEXN7X,hip hop
2026-09-14,medium_term,0dgJbQ0bKPyUXco8hEXN7X,house
2026-09-14,medium_term,0dgJbQ0bKPyUXco8hEXN7X,instrumental
2026-09-14,medium_term,0dgJbQ0bKPyUXco8hEXN7X,instrumental hip hop
2026-09-14,medium_term,0dgJbQ0bKPyUXco8hEXN7X,lo-fi
2026-09-14,medium_term,0dgJbQ0bKPyUXco8hEXN7X,lo-fi hip hop
2026-09-14,medium_term,0dgJbQ0bKPyUXco8hEXN7X,phonk
2026-09-14,medium_term,0dgJbQ0bKPyUXco8hEXN7X,wave
2026-09-14,medium_term,0klU31gyC6EZqKgLvVANCy,boom bap
2026-09-14,medium_term,0klU31gyC6EZqKgLvVANCy,chillwave
2026-09-14,medium_term,0klU31gyC6EZqKgLvVANCy,downtempo
2026-09-14,medium_term,0klU31gyC6EZqKgLvVANCy,hip hop
2026-09-14,medium_term,0klU31gyC6EZqKgLvVANCy,instrumental
2026-09-14,medium_term,0klU31gyC6EZqKgLvVANCy,instrumental hip hop
2026-09-14,medium_term,0klU31gyC6EZqKgLvVANCy,lo-fi
2026-09-14,medium_term,0klU31gyC6EZqKgLvVANCy,lo-fi hip hop
2026-09-14,medium_term,17XXKfRBMCWvLrqGoNkJXm,ballad
2026-09-14,medium_term,17XXKfRBMCWvLrqGoNkJXm,easy listening
2026-09-14,medium_term,17XXKfRBMCWvLrqGoNkJXm,pop
2026-09-14,medium_term,1Mxqyy3pSjf8kZZL4QVxS0,big band
2026-09-14,medium_term,1Mxqyy3pSjf8kZZL4QVxS0,christmas music
2026-09-14,medium_term,1Mxqyy3pSjf8kZZL4QVxS0,easy listening
2026-09-14,medium_term,1Mxqyy3pSjf8kZZL4QVxS0,jazz
2026-09-14,medium_term,1Mxqyy3pSjf8kZZL4QVxS0,lounge
2026-09-14,medium_term,1Mxqyy3pSjf8kZZL4QVxS0,pop
2026-09-14,medium_term,1Mxqyy3pSjf8kZZL4QVxS0,swing
2026-09-14,medium_term,1Mxqyy3pSjf8kZZL4QVxS0,traditional pop
2026-09-14,medium_term,1Mxqyy3pSjf8kZZL4QVxS0,vocal jazz
2026-09-14,medium_term,1QAJqy2dA3ihHBFIHRphZj,ambient
2026-09-14,medium_term,1QAJqy2dA3ihHBFIHRphZj,ambient pop
2026-09-14,medium_term,1QAJqy2dA3ihHBFIHRphZj,dream pop
2026-09-14,medium_term,1QAJqy2dA3ihHBFIHRphZj,indie pop
2026-09-14,medium_term,1QAJqy2dA3ihHBFIHRphZj,indie rock
2026-09-14,medium_term,1QAJqy2dA3ihHBFIHRphZj,pop
2026-09-14,medium_term,1QAJqy2dA3ihHBFIHRphZj,shoegaze
2026-09-14,medium_term,1QAJqy2dA3ihHBFIHRphZj,slowcore
2026-09-14,medium_term,1Xyo4u8uXC1ZmMpatF05PJ,alternative r&b
2026-09-14,medium_term,1Xyo4u8uXC1ZmMpatF05PJ,contemporary r&b
2026-09-14,medium_term,1Xyo4u8uXC1ZmMpatF05PJ,dance-pop
2026-09-14,medium_term,1Xyo4u8uXC1ZmMpatF05PJ,hypnagogic pop
2026-09-14,medium_term,1Xyo4u8uXC1ZmMpatF05PJ,pop
2026-09-14,medium_term,1Xyo4u8uXC1ZmMpatF05PJ,r&b
2026-09-14,medium_term,1Xyo4u8uXC1ZmMpatF05PJ,synth-pop
2026-09-14,medium_term,1cGyguqPQY22oUd4fKglFS,ambient
2026-09-14,medium_term,1cGyguqPQY22oUd4fKglFS,dark ambient
2026-09-14,medium_term,1wRPtKGflJrBx9BmLsSwlU,filmi
2026-09-14,medium_term,2YZyLoL8N0Wb9xBt1NhZWg,alternative hip hop
2026-09-14,medium_term,2YZyLoL8N0Wb9xBt1NhZWg,conscious hip hop
2026-09-14,medium_term,2YZyLoL8N0Wb9xBt1NhZWg,dance
2026-09-14,medium_term,2YZyLoL8N0Wb9xBt1NhZWg,disco
2026-09-14,medium_term,2YZyLoL8N0Wb9xBt1NhZWg,future bass
2026-09-14,medium_term,2YZyLoL8N0Wb9xBt1NhZWg,gangsta rap
2026-09-14,medium_term,2YZyLoL8N0Wb9xBt1NhZWg,hardcore hip hop
2026-09-14,medium_term,2YZyLoL8N0Wb9xBt1NhZWg,hip hop
2026-09-14,medium_term,2YZyLoL8N0Wb9xBt1NhZWg,house
2026-09-14,medium_term,2YZyLoL8N0Wb9xBt1NhZWg,jazz
2026-09-14,medium_term,2YZyLoL8N0Wb9xBt1NhZWg,jazz rap
2026-09-14,medium_term,2YZyLoL8N0Wb9xBt1NhZWg,pop
2026-09-14,medium_term,2YZyLoL8N0Wb9xBt1NhZWg,pop rap
2026-09-14,medium_term,2YZyLoL8N0Wb9xBt1NhZWg,r&b
2026-09-14,medium_term,2YZyLoL8N0Wb9xBt1NhZWg,trap
2026-09-14,medium_term,2YZyLoL8N0Wb9xBt1NhZWg,west coast hip hop
2026-09-14,medium_term,2h93pZq0e7k5yf4dywlkpM,alternative r&b
2026-09-14,medium_term,2h93pZq0e7k5yf4dywlkpM,contemporary r&b
2026-09-14,medium_term,2h93pZq0e7k5yf4dywlkpM,pop
2026-09-14,medium_term,2h93pZq0e7k5yf4dywlkpM,r&b
2026-09-14,medium_term,2jku7tDXc6XoB6MO2hFuqg,alternative hip hop
2026-09-14,medium_term,2jku7tDXc6XoB6MO2hFuqg,alternative r&b
2026-09-14,medium_term,2jku7tDXc6XoB6MO2hFuqg,contemporary r&b
2026-09-14,medium_term,2jku7tDXc6XoB6MO2hFuqg,dancehall
2026-09-14,medium_term,2jku7tDXc6XoB6MO2hFuqg,hip hop
2026-09-14,medium_term,2jku7tDXc6XoB6MO2hFuqg,r&b
2026-09-14,medium_term,3AA28KZvwAUcZuOKwyblJQ,alternative dance
2026-09-14,medium_term,3AA28KZvwAUcZuOKwyblJQ,alternative hip hop
2026-09-14,medium_term,3AA28KZvwAUcZuOKwyblJQ,alternative pop
2026-09-14,medium_term,3AA28KZvwAUcZuOKwyblJQ,alternative rock
2026-09-14,medium_term,3AA28KZvwAUcZuOKwyblJQ,art pop
2026-09-14,medium_term,3AA28KZvwAUcZuOKwyblJQ,bassline
2026-09-14,medium_term,3AA28KZvwAUcZuOKwyblJQ,breakbeat
2026-09-14,medium_term,3AA28KZvwAUcZuOKwyblJQ,breaks
2026-09-14,medium_term,3AA28KZvwAUcZuOKwyblJQ,dance
2026-09-14,medium_term,3AA28KZvwAUcZuOKwyblJQ,disco
2026-09-14,medium_term,3AA28KZvwAUcZuOKwyblJQ,electronic
2026-09-14,medium_term,3AA28KZvwAUcZuOKwyblJQ,electronica
2026-09-14,medium_term,3AA28KZvwAUcZuOKwyblJQ,electropop
2026-09-14,medium_term,3AA28KZvwAUcZuOKwyblJQ,future bass
2026-09-14,medium_term,3AA28KZvwAUcZuOKwyblJQ,hip hop
2026-09-14,medium_term,3AA28KZvwAUcZuOKwyblJQ,indie rock
2026-09-14,medium_term,3AA28KZvwAUcZuOKwyblJQ,latin
2026-09-14,medium_term,3AA28KZvwAUcZuOKwyblJQ,pop
2026-09-14,medium_term,3AA28KZvwAUcZuOKwyblJQ,pop rock
2026-09-14,medium_term,3AA28KZvwAUcZuOKwyblJQ,rock
2026-09-14,medium_term,3AA28KZvwAUcZuOKwyblJQ,synth-pop
2026-09-14,medium_term,3AA28KZvwAUcZuOKwyblJQ,tech house
2026-09-14,medium_term,3AA28KZvwAUcZuOKwyblJQ,trap
2026-09-14,medium_term,3AA28KZvwAUcZuOKwyblJQ,trip hop
2026-09-14,medium_term,3AA28KZvwAUcZuOKwyblJQ,uk garage
2026-09-14,medium_term,3MZsBdqDrRTJihTHQrO6Dq,alternative r&b
2026-09-14,medium_term,3MZsBdqDrRTJihTHQrO6Dq,art pop
2026-09-14,medium_term,3MZsBdqDrRTJihTHQrO6Dq,ballad
2026-09-14,medium_term,3MZsBdqDrRTJihTHQrO6Dq,instrumental hip hop
2026-09-14,medium_term,3MZsBdqDrRTJihTHQrO6Dq,lo-fi hip hop
2026-09-14,medium_term,3MZsBdqDrRTJihTHQrO6Dq,trip hop
2026-09-14,medium_term,3Sz7ZnJQBIHsXLUSo0OQtM,folk pop
2026-09-14,medium_term,3Sz7ZnJQBIHsXLUSo0OQtM,indie pop
2026-09-14,medium_term,3Sz7ZnJQBIHsXLUSo0OQtM,indie rock
2026-09-14,medium_term,3Sz7ZnJQBIHsXLUSo0OQtM,jangle pop
2026-09-14,medium_term,3Sz7ZnJQBIHsXLUSo0OQtM,pop
2026-09-14,medium_term,3Sz7ZnJQBIHsXLUSo0OQtM,psychedelic pop
2026-09-14,medium_term,3TVXtAsR1Inumwj472S9r4,alternative r&b
2026-09-14,medium_term,3TVXtAsR1Inumwj472S9r4,contemporary r&b
2026-09-14,medium_term,3TVXtAsR1Inumwj472S9r4,hardcore hip hop
2026-09-14,medium_term,3TVXtAsR1Inumwj472S9r4,hip hop
2026-09-14,medium_term,3TVXtAsR1Inumwj472S9r4,pop
2026-09-14,medium_term,3TVXtAsR1Inumwj472S9r4,pop rap
2026-09-14,medium_term,3TVXtAsR1Inumwj472S9r4,r&b
2026-09-14,medium_term,3TVXtAsR1Inumwj472S9r4,southern hip hop
2026-09-14,medium_term,3TVXtAsR1Inumwj472S9r4,trap
2026-09-14,medium_term,3ctnkEZGtVBTxS7IMin8nC,lo-fi hip hop
2026-09-14,medium_term,3mIj9lX2MWuHmhNCA7LSCW,alternative pop
2026-09-14,medium_term,3mIj9lX2MWuHmhNCA7LSCW,alternative rock
2026-09-14,medium_term,3mIj9lX2MWuHmhNCA7LSCW,ambient pop
2026-09-14,medium_term,3mIj9lX2MWuHmhNCA7LSCW,art pop
2026-09-14,medium_term,3mIj9lX2MWuHmhNCA7LSCW,indie pop
2026-09-14,medium_term,3mIj9lX2MWuHmhNCA7LSCW,indie rock
2026-09-14,medium_term,3mIj9lX2MWuHmhNCA7LSCW,indietronica
2026-09-14,medium_term,3mIj9lX2MWuHmhNCA7LSCW,leftfield
2026-09-14,medium_term,3mIj9lX2MWuHmhNCA7LSCW,new wave
2026-09-14,medium_term,3mIj9lX2MWuHmhNCA7LSCW,pop rock
2026-09-14,medium_term,3mIj9lX2MWuHmhNCA7LSCW,post-punk revival
2026-09-14,medium_term,3mIj9lX2MWuHmhNCA7LSCW,synth-pop
2026-09-14,medium_term,47zz7sob9NUcODy0BTDvKx,contemporary r&b
2026-09-14,medium_term,47zz7sob9NUcODy0BTDvKx,downtempo
2026-09-14,medium_term,47zz7sob9NUcODy0BTDvKx,jazz
2026-09-14,medium_term,47zz7sob9NUcODy0BTDvKx,jazz pop
2026-09-14,medium_term,47zz7sob9NUcODy0BTDvKx,pop
2026-09-14,medium_term,47zz7sob9NUcODy0BTDvKx,quiet storm
2026-09-14,medium_term,47zz7sob9NUcODy0BTDvKx,smooth jazz
2026-09-14,medium_term,47zz7sob9NUcODy0BTDvKx,smooth soul
2026-09-14,medium_term,47zz7sob9NUcODy0BTDvKx,sophisti-pop
2026-09-14,medium_term,47zz7sob9NUcODy0BTDvKx,soul
2026-09-14,medium_term,47zz7sob9NUcODy0BTDvKx,trip hop
2026-09-14,medium_term,4KRllJ2dEeoqvxOQLOgOsI,electronic
2026-09-14,medium_term,4KRllJ2dEeoqvxOQLOgOsI,phonk
2026-09-14,medium_term,4KRllJ2dEeoqvxOQLOgOsI,phonk house
2026-09-14,medium_term,4KRllJ2dEeoqvxOQLOgOsI,synthwave
2026-09-14,medium_term,4KRllJ2dEeoqvxOQLOgOsI,trap
2026-09-14,medium_term,4KRllJ2dEeoqvxOQLOgOsI,wave
2026-09-14,medium_term,4Z8W4fKeB5YxbusRsdQVPb,alternative rock
2026-09-14,medium_term,4Z8W4fKeB5YxbusRsdQVPb,ambient pop
2026-09-14,medium_term,4Z8W4fKeB5YxbusRsdQVPb,art pop
2026-09-14,medium_term,4Z8W4fKeB5YxbusRsdQVPb,art rock
2026-09-14,medium_term,4Z8W4fKeB5YxbusRsdQVPb,britpop
2026-09-14,medium_term,4Z8W4fKeB5YxbusRsdQVPb,chamber pop
2026-09-14,medium_term,4Z8W4fKeB5YxbusRsdQVPb,crossover prog
2026-09-14,medium_term,4Z8W4fKeB5YxbusRsdQVPb,electronic
2026-09-14,medium_term,4Z8W4fKeB5YxbusRsdQVPb,electronic rock
2026-09-14,medium_term,4Z8W4fKeB5YxbusRsdQVPb,electronica
2026-09-14,medium_term,4Z8W4fKeB5YxbusRsdQVPb,experimental
2026-09-14,medium_term,4Z8W4fKeB5YxbusRsdQVPb,experimental rock
2026-09-14,medium_term,4Z8W4fKeB5YxbusRsdQVPb,idm
2026-09-14,medium_term,4Z8W4fKeB5YxbusRsdQVPb,indie rock
2026-09-14,medium_term,4Z8W4fKeB5YxbusRsdQVPb,indietronica
2026-09-14,medium_term,4Z8W4fKeB5YxbusRsdQVPb,post-britpop
2026-09-14,medium_term,4Z8W4fKeB5YxbusRsdQVPb,post-grunge
2026-09-14,medium_term,4Z8W4fKeB5YxbusRsdQVPb,rock
2026-09-14,medium_term,4dpARuHxo51G3z768sgnrY,blue-eyed soul
2026-09-14,medium_term,4dpARuHxo51G3z768sgnrY,neo soul
2026-09-14,medium_term,4dpARuHxo51G3z768sgnrY,pop
2026-09-14,medium_term,4dpARuHxo51G3z768sgnrY,pop soul
2026-09-14,medium_term,4dpARuHxo51G3z768sgnrY,r&b
2026-09-14,medium_term,4dpARuHxo51G3z768sgnrY,soul
2026-09-14,medium_term,4gdMJYnopf2nEUcanAwstx,indian pop
2026-09-14,medium_term,4gdMJYnopf2nEUcanAwstx,singer-songwriter
2026-09-14,medium_term,4yvcSjfu4PC0CYQyLy4wSq,electronic
2026-09-14,medium_term,4yvcSjfu4PC0CYQyLy4wSq,indie pop
2026-09-14,medium_term,4yvcSjfu4PC0CYQyLy4wSq,indie rock
2026-09-14,medium_term,4yvcSjfu4PC0CYQyLy4wSq,indietronica
2026-09-14,medium_term,4yvcSjfu4PC0CYQyLy4wSq,pop
2026-09-14,medium_term,4yvcSjfu4PC0CYQyLy4wSq,psychedelic pop
2026-09-14,medium_term,4yvcSjfu4PC0CYQyLy4wSq,psychedelic rock
2026-09-14,medium_term,5INjqkS1o8h1imAzPqGZBb,alternative dance
2026-09-14,medium_term,5INjqkS1o8h1imAzPqGZBb,alternative rock
2026-09-14,medium_term,5INjqkS1o8h1imAzPqGZBb,dream pop
2026-09-14,medium_term,5INjqkS1o8h1imAzPqGZBb,indie rock
2026-09-14,medium_term,5INjqkS1o8h1imAzPqGZBb,indietronica
2026-09-14,medium_term,5INjqkS1o8h1imAzPqGZBb,leftfield
2026-09-14,medium_term,5INjqkS1o8h1imAzPqGZBb,neo-psychedelia
2026-09-14,medium_term,5INjqkS1o8h1imAzPqGZBb,pop
2026-09-14,medium_term,5INjqkS1o8h1imAzPqGZBb,psychedelic
2026-09-14,medium_term,5INjqkS1o8h1imAzPqGZBb,psychedelic pop
2026-09-14,medium_term,5INjqkS1o8h1imAzPqGZBb,psychedelic rock
2026-09-14,medium_term,5INjqkS1o8h1imAzPqGZBb,rock
2026-09-14,medium_term,5INjqkS1o8h1imAzPqGZBb,space rock
2026-09-14,medium_term,5INjqkS1o8h1imAzPqGZBb,synth-pop
2026-09-14,medium_term,5cj0lLjcoR7YOSnhnX0Po5,alternative rock
2026-09-14,medium_term,5cj0lLjcoR7YOSnhnX0Po5,grunge
2026-09-14,medium_term,5cj0lLjcoR7YOSnhnX0Po5,hip hop
2026-09-14,medium_term,5cj0lLjcoR7YOSnhnX0Po5,pop
2026-09-14,medium_term,5cj0lLjcoR7YOSnhnX0Po5,pop rap
2026-09-14,medium_term,5cj0lLjcoR7YOSnhnX0Po5,post-grunge
2026-09-14,medium_term,5cj0lLjcoR7YOSnhnX0Po5,power pop
2026-09-14,medium_term,5cj0lLjcoR7YOSnhnX0Po5,rock
2026-09-14,medium_term,5cj0lLjcoR7YOSnhnX0Po5,trap
2026-09-14,medium_term,5cj0lLjcoR7YOSnhnX0Po5,west coast hip hop
2026-09-14,medium_term,5y8tKLUfMvliMe8IKamR32,alternative r&b
2026-09-14,medium_term,5y8tKLUfMvliMe8IKamR32,contemporary r&b
2026-09-14,medium_term,5y8tKLUfMvliMe8IKamR32,indie pop
2026-09-14,medium_term,5y8tKLUfMvliMe8IKamR32,lo-fi
2026-09-14,medium_term,60jYUgQzKAtnJoXKGk1GNn,folk
2026-09-14,medium_term,60jYUgQzKAtnJoXKGk1GNn,pop
2026-09-14,medium_term,60jYUgQzKAtnJoXKGk1GNn,techno
2026-09-14,medium_term,66CXWjxzNUsdJxJ2JdwvnR,contemporary r&b
2026-09-14,medium_term,66CXWjxzNUsdJxJ2JdwvnR,dance-pop
2026-09-14,medium_term,66CXWjxzNUsdJxJ2JdwvnR,pop
2026-09-14,medium_term,66CXWjxzNUsdJxJ2JdwvnR,r&b
2026-09-14,medium_term,66CXWjxzNUsdJxJ2JdwvnR,trap soul
2026-09-14,medium_term,700c9Qz2z6HZKTumeliKAw,electronic
2026-09-14,medium_term,77SW9BnxLY8rJ0RciFqkHh,alternative rock
2026-09-14,medium_term,77SW9BnxLY8rJ0RciFqkHh,indie pop
2026-09-14,medium_term,78rUTD7y6Cy67W1RVzYs7t,alternative pop
2026-09-14,medium_term,78rUTD7y6Cy67W1RVzYs7t,bubblegum pop
2026-09-14,medium_term,78rUTD7y6Cy67W1RVzYs7t,dance-pop
2026-09-14,medium_term,78rUTD7y6Cy67W1RVzYs7t,drum and bass
2026-09-14,medium_term,78rUTD7y6Cy67W1RVzYs7t,future garage
2026-09-14,medium_term,78rUTD7y6Cy67W1RVzYs7t,jungle
2026-09-14,medium_term,78rUTD7y6Cy67W1RVzYs7t,pop
2026-09-14,medium_term,78rUTD7y6Cy67W1RVzYs7t,uk garage
2026-09-14,medium_term,7Ln80lUS6He07XvHI8qqHH,alternative rock
2026-09-14,medium_term,7Ln80lUS6He07XvHI8qqHH,art rock
2026-09-14,medium_term,7Ln80lUS6He07XvHI8qqHH,baroque pop
2026-09-14,medium_term,7Ln80lUS6He07XvHI8qqHH,dance
2026-09-14,medium_term,7Ln80lUS6He07XvHI8qqHH,electronica
2026-09-14,medium_term,7Ln80lUS6He07XvHI8qqHH,garage rock
2026-09-14,medium_term,7Ln80lUS6He07XvHI8qqHH,garage rock revival
2026-09-14,medium_term,7Ln80lUS6He07XvHI8qqHH,house
2026-09-14,medium_term,7Ln80lUS6He07XvHI8qqHH,indie rock
2026-09-14,medium_term,7Ln80lUS6He07XvHI8qqHH,neo-psychedelia
2026-09-14,medium_term,7Ln80lUS6He07XvHI8qqHH,pop
2026-09-14,medium_term,7Ln80lUS6He07XvHI8qqHH,post-punk revival
2026-09-14,medium_term,7Ln80lUS6He07XvHI8qqHH,psychedelic pop
2026-09-14,medium_term,7Ln80lUS6He07XvHI8qqHH,psychedelic rock
2026-09-14,medium_term,7Ln80lUS6He07XvHI8qqHH,rock
2026-09-14,medium_term,7lzordPuZEXxwt9aoVZYmG,alternative dance
2026-09-14,medium_term,7lzordPuZEXxwt9aoVZYmG,classic rock
2026-09-14,medium_term,7lzordPuZEXxwt9aoVZYmG,electronic
2026-09-14,medium_term,7lzordPuZEXxwt9aoVZYmG,hard rock
2026-09-14,medium_term,7lzordPuZEXxwt9aoVZYmG,new wave
2026-09-14,medium_term,7lzordPuZEXxwt9aoVZYmG,pop rock
2026-09-14,medium_term,7lzordPuZEXxwt9aoVZYmG,punk rock
2026-09-14,medium_term,7lzordPuZEXxwt9aoVZYmG,rock
2026-09-14,medium_term,7tYKF4w9nC0nq9CsPZTHyP,alternative r&b
2026-09-14,medium_term,7tYKF4w9nC0nq9CsPZTHyP,contemporary r&b
2026-09-14,medium_term,7tYKF4w9nC0nq9CsPZTHyP,electronic
2026-09-14,medium_term,7tYKF4w9nC0nq9CsPZTHyP,hip hop soul
2026-09-14,medium_term,7tYKF4w9nC0nq9CsPZTHyP,neo soul
2026-09-14,medium_term,7tYKF4w9nC0nq9CsPZTHyP,pop
2026-09-14,medium_term,7tYKF4w9nC0nq9CsPZTHyP,r&b
2026-09-14,medium_term,7tYKF4w9nC0nq9CsPZTHyP,soul
2026-09-14,short_term,00FQb4jTyendYWaN8pK0wa,alternative pop
2026-09-14,short_term,00FQb4jTyendYWaN8pK0wa,art pop
2026-09-14,short_term,00FQb4jTyendYWaN8pK0wa,ballad
2026-09-14,short_term,00FQb4jTyendYWaN8pK0wa,baroque pop
2026-09-14,short_term,00FQb4jTyendYWaN8pK0wa,chamber pop
2026-09-14,short_term,00FQb4jTyendYWaN8pK0wa,country
2026-09-14,short_term,00FQb4jTyendYWaN8pK0wa,dance
2026-09-14,short_term,00FQb4jTyendYWaN8pK0wa,dream pop
2026-09-14,short_term,00FQb4jTyendYWaN8pK0wa,edm
2026-09-14,short_term,00FQb4jTyendYWaN8pK0wa,electronic
2026-09-14,short_term,00FQb4jTyendYWaN8pK0wa,electronica
2026-09-14,short_term,00FQb4jTyendYWaN8pK0wa,future bass
2026-09-14,short_term,00FQb4jTyendYWaN8pK0wa,house
2026-09-14,short_term,00FQb4jTyendYWaN8pK0wa,indie pop
2026-09-14,short_term,00FQb4jTyendYWaN8pK0wa,indie rock
2026-09-14,short_term,00FQb4jTyendYWaN8pK0wa,melodic house
2026-09-14,short_term,00FQb4jTyendYWaN8pK0wa,melodic techno
2026-09-14,short_term,00FQb4jTyendYWaN8pK0wa,neo-psychedelia
2026-09-14,short_term,00FQb4jTyendYWaN8pK0wa,pop
2026-09-14,short_term,00FQb4jTyendYWaN8pK0wa,psychedelic pop
2026-09-14,short_term,00FQb4jTyendYWaN8pK0wa,r&b
2026-09-14,short_term,00FQb4jTyendYWaN8pK0wa,rock
2026-09-14,short_term,00FQb4jTyendYWaN8pK0wa,singer-songwriter
2026-09-14,short_term,00FQb4jTyendYWaN8pK0wa,slowcore
2026-09-14,short_term,00FQb4jTyendYWaN8pK0wa,trap
2026-09-14,short_term,00FQb4jTyendYWaN8pK0wa,trip hop
2026-09-14,short_term,0U7iI0Dk4Ojvi17nZboNO4,indie rock
2026-09-14,short_term,0U7iI0Dk4Ojvi17nZboNO4,surf rock
2026-09-14,short_term,0Y6dVaC9DZtPNH4591M42W,dream pop
2026-09-14,short_term,0Y6dVaC9DZtPNH4591M42W,electronic
2026-09-14,short_term,0Y6dVaC9DZtPNH4591M42W,hip hop
2026-09-14,short_term,0Y6dVaC9DZtPNH4591M42W,indie pop
2026-09-14,short_term,0Y6dVaC9DZtPNH4591M42W,indie rock
2026-09-14,short_term,0Y6dVaC9DZtPNH4591M42W,lo-fi
2026-09-14,short_term,0Y6dVaC9DZtPNH4591M42W,pop
2026-09-14,short_term,1AbJ2cmwK400LSvdvBL5Jc,bedroom pop
2026-09-14,short_term,1QAJqy2dA3ihHBFIHRphZj,ambient
2026-09-14,short_term,1QAJqy2dA3ihHBFIHRphZj,ambient pop
2026-09-14,short_term,1QAJqy2dA3ihHBFIHRphZj,dream pop
2026-09-14,short_term,1QAJqy2dA3ihHBFIHRphZj,indie pop
2026-09-14,short_term,1QAJqy2dA3ihHBFIHRphZj,indie rock
2026-09-14,short_term,1QAJqy2dA3ihHBFIHRphZj,pop
2026-09-14,short_term,1QAJqy2dA3ihHBFIHRphZj,shoegaze
2026-09-14,short_term,1QAJqy2dA3ihHBFIHRphZj,slowcore
2026-09-14,short_term,1Xyo4u8uXC1ZmMpatF05PJ,alternative r&b
2026-09-14,short_term,1Xyo4u8uXC1ZmMpatF05PJ,contemporary r&b
2026-09-14,short_term,1Xyo4u8uXC1ZmMpatF05PJ,dance-pop
2026-09-14,short_term,1Xyo4u8uXC1ZmMpatF05PJ,hypnagogic pop
2026-09-14,short_term,1Xyo4u8uXC1ZmMpatF05PJ,pop
2026-09-14,short_term,1Xyo4u8uXC1ZmMpatF05PJ,r&b
2026-09-14,short_term,1Xyo4u8uXC1ZmMpatF05PJ,synth-pop
2026-09-14,short_term,1fa0cOhromAZdq2xRA4vv8,blue-eyed soul
2026-09-14,short_term,1fa0cOhromAZdq2xRA4vv8,dance-pop
2026-09-14,short_term,1fa0cOhromAZdq2xRA4vv8,pop
2026-09-14,short_term,1fa0cOhromAZdq2xRA4vv8,pop soul
2026-09-14,short_term,1fa0cOhromAZdq2xRA4vv8,r&b
2026-09-14,short_term,1fa0cOhromAZdq2xRA4vv8,soft rock
2026-09-14,short_term,1fa0cOhromAZdq2xRA4vv8,sophisti-pop
2026-09-14,short_term,1fa0cOhromAZdq2xRA4vv8,soul
2026-09-14,short_term,1mYsTxnqsietFxj1OgoGbG,classical
2026-09-14,short_term,1mYsTxnqsietFxj1OgoGbG,filmi
2026-09-14,short_term,1mYsTxnqsietFxj1OgoGbG,world fusion
2026-09-14,short_term,1wRPtKGflJrBx9BmLsSwlU,filmi
2026-09-14,short_term,2YZyLoL8N0Wb9xBt1NhZWg,alternative hip hop
2026-09-14,short_term,2YZyLoL8N0Wb9xBt1NhZWg,conscious hip hop
2026-09-14,short_term,2YZyLoL8N0Wb9xBt1NhZWg,dance
2026-09-14,short_term,2YZyLoL8N0Wb9xBt1NhZWg,disco
2026-09-14,short_term,2YZyLoL8N0Wb9xBt1NhZWg,future bass
2026-09-14,short_term,2YZyLoL8N0Wb9xBt1NhZWg,gangsta rap
2026-09-14,short_term,2YZyLoL8N0Wb9xBt1NhZWg,hardcore hip hop
2026-09-14,short_term,2YZyLoL8N0Wb9xBt1NhZWg,hip hop
2026-09-14,short_term,2YZyLoL8N0Wb9xBt1NhZWg,house
2026-09-14,short_term,2YZyLoL8N0Wb9xBt1NhZWg,jazz
2026-09-14,short_term,2YZyLoL8N0Wb9xBt1NhZWg,jazz rap
2026-09-14,short_term,2YZyLoL8N0Wb9xBt1NhZWg,pop
2026-09-14,short_term,2YZyLoL8N0Wb9xBt1NhZWg,pop rap
2026-09-14,short_term,2YZyLoL8N0Wb9xBt1NhZWg,r&b
2026-09-14,short_term,2YZyLoL8N0Wb9xBt1NhZWg,trap
2026-09-14,short_term,2YZyLoL8N0Wb9xBt1NhZWg,west coast hip hop
2026-09-14,short_term,2h93pZq0e7k5yf4dywlkpM,alternative r&b
2026-09-14,short_term,2h93pZq0e7k5yf4dywlkpM,contemporary r&b
2026-09-14,short_term,2h93pZq0e7k5yf4dywlkpM,pop
2026-09-14,short_term,2h93pZq0e7k5yf4dywlkpM,r&b
2026-09-14,short_term,2jku7tDXc6XoB6MO2hFuqg,alternative hip hop
2026-09-14,short_term,2jku7tDXc6XoB6MO2hFuqg,alternative r&b
2026-09-14,short_term,2jku7tDXc6XoB6MO2hFuqg,contemporary r&b
2026-09-14,short_term,2jku7tDXc6XoB6MO2hFuqg,dancehall
2026-09-14,short_term,2jku7tDXc6XoB6MO2hFuqg,hip hop
2026-09-14,short_term,2jku7tDXc6XoB6MO2hFuqg,r&b
2026-09-14,short_term,2oSONSC9zQ4UonDKnLqksx,filmi
2026-09-14,short_term,3MZsBdqDrRTJihTHQrO6Dq,alternative r&b
2026-09-14,short_term,3MZsBdqDrRTJihTHQrO6Dq,art pop
2026-09-14,short_term,3MZsBdqDrRTJihTHQrO6Dq,ballad
2026-09-14,short_term,3MZsBdqDrRTJihTHQrO6Dq,instrumental hip hop
2026-09-14,short_term,3MZsBdqDrRTJihTHQrO6Dq,lo-fi hip hop
2026-09-14,short_term,3MZsBdqDrRTJihTHQrO6Dq,trip hop
2026-09-14,short_term,3Sz7ZnJQBIHsXLUSo0OQtM,folk pop
2026-09-14,short_term,3Sz7ZnJQBIHsXLUSo0OQtM,indie pop
2026-09-14,short_term,3Sz7ZnJQBIHsXLUSo0OQtM,indie rock
2026-09-14,short_term,3Sz7ZnJQBIHsXLUSo0OQtM,jangle pop
2026-09-14,short_term,3Sz7ZnJQBIHsXLUSo0OQtM,pop
2026-09-14,short_term,3Sz7ZnJQBIHsXLUSo0OQtM,psychedelic pop
2026-09-14,short_term,3mIj9lX2MWuHmhNCA7LSCW,alternative pop
2026-09-14,short_term,3mIj9lX2MWuHmhNCA7LSCW,alternative rock
2026-09-14,short_term,3mIj9lX2MWuHmhNCA7LSCW,ambient pop
2026-09-14,short_term,3mIj9lX2MWuHmhNCA7LSCW,art pop
2026-09-14,short_term,3mIj9lX2MWuHmhNCA7LSCW,indie pop
2026-09-14,short_term,3mIj9lX2MWuHmhNCA7LSCW,indie rock
2026-09-14,short_term,3mIj9lX2MWuHmhNCA7LSCW,indietronica
2026-09-14,short_term,3mIj9lX2MWuHmhNCA7LSCW,leftfield
2026-09-14,short_term,3mIj9lX2MWuHmhNCA7LSCW,new wave
2026-09-14,short_term,3mIj9lX2MWuHmhNCA7LSCW,pop rock
2026-09-14,short_term,3mIj9lX2MWuHmhNCA7LSCW,post-punk revival
2026-09-14,short_term,3mIj9lX2MWuHmhNCA7LSCW,synth-pop
2026-09-14,short_term,47zz7sob9NUcODy0BTDvKx,contemporary r&b
2026-09-14,short_term,47zz7sob9NUcODy0BTDvKx,downtempo
2026-09-14,short_term,47zz7sob9NUcODy0BTDvKx,jazz
2026-09-14,short_term,47zz7sob9NUcODy0BTDvKx,jazz pop
2026-09-14,short_term,47zz7sob9NUcODy0BTDvKx,pop
2026-09-14,short_term,47zz7sob9NUcODy0BTDvKx,quiet storm
2026-09-14,short_term,47zz7sob9NUcODy0BTDvKx,smooth jazz
2026-09-14,short_term,47zz7sob9NUcODy0BTDvKx,smooth soul
2026-09-14,short_term,47zz7sob9NUcODy0BTDvKx,sophisti-pop
2026-09-14,short_term,47zz7sob9NUcODy0BTDvKx,soul
2026-09-14,short_term,47zz7sob9NUcODy0BTDvKx,trip hop
2026-09-14,short_term,4gdMJYnopf2nEUcanAwstx,indian pop
2026-09-14,short_term,4gdMJYnopf2nEUcanAwstx,singer-songwriter
2026-09-14,short_term,4gzpq5DPGxSnKTe4SA8HAU,alternative rock
2026-09-14,short_term,4gzpq5DPGxSnKTe4SA8HAU,art pop
2026-09-14,short_term,4gzpq5DPGxSnKTe4SA8HAU,britpop
2026-09-14,short_term,4gzpq5DPGxSnKTe4SA8HAU,dream pop
2026-09-14,short_term,4gzpq5DPGxSnKTe4SA8HAU,piano rock
2026-09-14,short_term,4gzpq5DPGxSnKTe4SA8HAU,pop
2026-09-14,short_term,4gzpq5DPGxSnKTe4SA8HAU,pop rock
2026-09-14,short_term,4gzpq5DPGxSnKTe4SA8HAU,post-britpop
2026-09-14,short_term,4gzpq5DPGxSnKTe4SA8HAU,rock
2026-09-14,short_term,5INjqkS1o8h1imAzPqGZBb,alternative dance
2026-09-14,short_term,5INjqkS1o8h1imAzPqGZBb,alternative rock
2026-09-14,short_term,5INjqkS1o8h1imAzPqGZBb,dream pop
2026-09-14,short_term,5INjqkS1o8h1imAzPqGZBb,indie rock
2026-09-14,short_term,5INjqkS1o8h1imAzPqGZBb,indietronica
2026-09-14,short_term,5INjqkS1o8h1imAzPqGZBb,leftfield
2026-09-14,short_term,5INjqkS1o8h1imAzPqGZBb,neo-psychedelia
2026-09-14,short_term,5INjqkS1o8h1imAzPqGZBb,pop
2026-09-14,short_term,5INjqkS1o8h1imAzPqGZBb,psychedelic
2026-09-14,short_term,5INjqkS1o8h1imAzPqGZBb,psychedelic pop
2026-09-14,short_term,5INjqkS1o8h1imAzPqGZBb,psychedelic rock
2026-09-14,short_term,5INjqkS1o8h1imAzPqGZBb,rock
2026-09-14,short_term,5INjqkS1o8h1imAzPqGZBb,space rock
2026-09-14,short_term,5INjqkS1o8h1imAzPqGZBb,synth-pop
2026-09-14,short_term,66CXWjxzNUsdJxJ2JdwvnR,contemporary r&b
2026-09-14,short_term,66CXWjxzNUsdJxJ2JdwvnR,dance-pop
2026-09-14,short_term,66CXWjxzNUsdJxJ2JdwvnR,pop
2026-09-14,short_term,66CXWjxzNUsdJxJ2JdwvnR,r&b
2026-09-14,short_term,66CXWjxzNUsdJxJ2JdwvnR,trap soul
2026-09-14,short_term,6IRouO5mvvfcyxtPDKMYFN,acoustic rock
2026-09-14,short_term,6IRouO5mvvfcyxtPDKMYFN,aor
2026-09-14,short_term,6IRouO5mvvfcyxtPDKMYFN,arena rock
2026-09-14,short_term,6IRouO5mvvfcyxtPDKMYFN,classic rock
2026-09-14,short_term,6IRouO5mvvfcyxtPDKMYFN,hard rock
2026-09-14,short_term,6IRouO5mvvfcyxtPDKMYFN,pop rock
2026-09-14,short_term,6IRouO5mvvfcyxtPDKMYFN,rock
2026-09-14,short_term,6IRouO5mvvfcyxtPDKMYFN,soft rock
2026-09-14,short_term,6XwwFnewNgWp81MYMK8zLq,deep house
2026-09-14,short_term,700c9Qz2z6HZKTumeliKAw,electronic
2026-09-14,short_term,77SW9BnxLY8rJ0RciFqkHh,alternative rock
2026-09-14,short_term,77SW9BnxLY8rJ0RciFqkHh,indie pop
2026-09-14,short_term,7Ln80lUS6He07XvHI8qqHH,alternative rock
2026-09-14,short_term,7Ln80lUS6He07XvHI8qqHH,art rock
2026-09-14,short_term,7Ln80lUS6He07XvHI8qqHH,baroque pop
2026-09-14,short_term,7Ln80lUS6He07XvHI8qqHH,dance
2026-09-14,short_term,7Ln80lUS6He07XvHI8qqHH,electronica
2026-09-14,short_term,7Ln80lUS6He07XvHI8qqHH,garage rock
2026-09-14,short_term,7Ln80lUS6He07XvHI8qqHH,garage rock revival
2026-09-14,short_term,7Ln80lUS6He07XvHI8qqHH,house
2026-09-14,short_term,7Ln80lUS6He07XvHI8qqHH,indie rock
2026-09-14,short_term,7Ln80lUS6He07XvHI8qqHH,neo-psychedelia
2026-09-14,short_term,7Ln80lUS6He07XvHI8qqHH,pop
2026-09-14,short_term,7Ln80lUS6He07XvHI8qqHH,post-punk revival
2026-09-14,short_term,7Ln80lUS6He07XvHI8qqHH,psychedelic pop
2026-09-14,short_term,7Ln80lUS6He07XvHI8qqHH,psychedelic rock
2026-09-14,short_term,7Ln80lUS6He07XvHI8qqHH,rock
2026-09-14,short_term,7tYKF4w9nC0nq9CsPZTHyP,alternative r&b
2026-09-14,short_term,7tYKF4w9nC0nq9CsPZTHyP,contemporary r&b
2026-09-14,short_term,7tYKF4w9nC0nq9CsPZTHyP,electronic
2026-09-14,short_term,7tYKF4w9nC0nq9CsPZTHyP,hip hop soul
2026-09-14,short_term,7tYKF4w9nC0nq9CsPZTHyP,neo soul
2026-09-14,short_term,7tYKF4w9nC0nq9CsPZTHyP,pop
2026-09-14,short_term,7tYKF4w9nC0nq9CsPZTHyP,r&b
2026-09-14,short_term,7tYKF4w9nC0nq9CsPZTHyP,soul
2026-09-15,long_term,00FQb4jTyendYWaN8pK0wa,alternative pop
2026-09-15,long_term,00FQb4jTyendYWaN8pK0wa,art pop
2026-09-15,long_term,00FQb4jTyendYWaN8pK0wa,ballad
2026-09-15,long_term,00FQb4jTyendYWaN8pK0wa,baroque pop
2026-09-15,long_term,00FQb4jTyendYWaN8pK0wa,chamber pop
2026-09-15,long_term,00FQb4jTyendYWaN8pK0wa,country
2026-09-15,long_term,00FQb4jTyendYWaN8pK0wa,dance
2026-09-15,long_term,00FQb4jTyendYWaN8pK0wa,dream pop
2026-09-15,long_term,00FQb4jTyendYWaN8pK0wa,edm
2026-09-15,long_term,00FQb4jTyendYWaN8pK0wa,electronic
2026-09-15,long_term,00FQb4jTyendYWaN8pK0wa,electronica
2026-09-15,long_term,00FQb4jTyendYWaN8pK0wa,future bass
2026-09-15,long_term,00FQb4jTyendYWaN8pK0wa,house
2026-09-15,long_term,00FQb4jTyendYWaN8pK0wa,indie pop
2026-09-15,long_term,00FQb4jTyendYWaN8pK0wa,indie rock
2026-09-15,long_term,00FQb4jTyendYWaN8pK0wa,melodic house
2026-09-15,long_term,00FQb4jTyendYWaN8pK0wa,melodic techno
2026-09-15,long_term,00FQb4jTyendYWaN8pK0wa,neo-psychedelia
2026-09-15,long_term,00FQb4jTyendYWaN8pK0wa,pop
2026-09-15,long_term,00FQb4jTyendYWaN8pK0wa,psychedelic pop
2026-09-15,long_term,00FQb4jTyendYWaN8pK0wa,r&b
2026-09-15,long_term,00FQb4jTyendYWaN8pK0wa,rock
2026-09-15,long_term,00FQb4jTyendYWaN8pK0wa,singer-songwriter
2026-09-15,long_term,00FQb4jTyendYWaN8pK0wa,slowcore
2026-09-15,long_term,00FQb4jTyendYWaN8pK0wa,trap
2026-09-15,long_term,00FQb4jTyendYWaN8pK0wa,trip hop
2026-09-15,long_term,06O23tLg0or676h8EEzH7W,chillwave
2026-09-15,long_term,06O23tLg0or676h8EEzH7W,dreamwave
2026-09-15,long_term,06O23tLg0or676h8EEzH7W,electronic
2026-09-15,long_term,06O23tLg0or676h8EEzH7W,synth-pop
2026-09-15,long_term,06O23tLg0or676h8EEzH7W,witch house
2026-09-15,long_term,0Y5tJX1MQlPlqiwlOH1tJY,experimental hip hop
2026-09-15,long_term,0Y5tJX1MQlPlqiwlOH1tJY,hip hop
2026-09-15,long_term,0Y5tJX1MQlPlqiwlOH1tJY,pop rap
2026-09-15,long_term,0Y5tJX1MQlPlqiwlOH1tJY,southern hip hop
2026-09-15,long_term,0Y5tJX1MQlPlqiwlOH1tJY,trap
2026-09-15,long_term,0Y6dVaC9DZtPNH4591M42W,dream pop
2026-09-15,long_term,0Y6dVaC9DZtPNH4591M42W,electronic
2026-09-15,long_term,0Y6dVaC9DZtPNH4591M42W,hip hop
2026-09-15,long_term,0Y6dVaC9DZtPNH4591M42W,indie pop
2026-09-15,long_term,0Y6dVaC9DZtPNH4591M42W,indie rock
2026-09-15,long_term,0Y6dVaC9DZtPNH4591M42W,lo-fi
2026-09-15,long_term,0Y6dVaC9DZtPNH4591M42W,pop
2026-09-15,long_term,0dgJbQ0bKPyUXco8hEXN7X,ambient
2026-09-15,long_term,0dgJbQ0bKPyUXco8hEXN7X,boom bap
2026-09-15,long_term,0dgJbQ0bKPyUXco8hEXN7X,chillout
2026-09-15,long_term,0dgJbQ0bKPyUXco8hEXN7X,chillwave
2026-09-15,long_term,0dgJbQ0bKPyUXco8hEXN7X,downtempo
2026-09-15,long_term,0dgJbQ0bKPyUXco8hEXN7X,drift phonk
2026-09-15,long_term,0dgJbQ0bKPyUXco8hEXN7X,hardwave
2026-09-15,long_term,0dgJbQ0bKPyUXco8hEXN7X,hip hop
2026-09-15,long_term,0dgJbQ0bKPyUXco8hEXN7X,house
2026-09-15,long_term,0dgJbQ0bKPyUXco8hEXN7X,instrumental
2026-09-15,long_term,0dgJbQ0bKPyUXco8hEXN7X,instrumental hip hop
2026-09-15,long_term,0dgJbQ0bKPyUXco8hEXN7X,lo-fi
2026-09-15,long_term,0dgJbQ0bKPyUXco8hEXN7X,lo-fi hip hop
2026-09-15,long_term,0dgJbQ0bKPyUXco8hEXN7X,phonk
2026-09-15,long_term,0dgJbQ0bKPyUXco8hEXN7X,wave
2026-09-15,long_term,0klU31gyC6EZqKgLvVANCy,boom bap
2026-09-15,long_term,0klU31gyC6EZqKgLvVANCy,chillwave
2026-09-15,long_term,0klU31gyC6EZqKgLvVANCy,downtempo
2026-09-15,long_term,0klU31gyC6EZqKgLvVANCy,hip hop
2026-09-15,long_term,0klU31gyC6EZqKgLvVANCy,instrumental
2026-09-15,long_term,0klU31gyC6EZqKgLvVANCy,instrumental hip hop
2026-09-15,long_term,0klU31gyC6EZqKgLvVANCy,lo-fi
2026-09-15,long_term,0klU31gyC6EZqKgLvVANCy,lo-fi hip hop
2026-09-15,long_term,17XXKfRBMCWvLrqGoNkJXm,ballad
2026-09-15,long_term,17XXKfRBMCWvLrqGoNkJXm,easy listening
2026-09-15,long_term,17XXKfRBMCWvLrqGoNkJXm,pop
2026-09-15,long_term,19ra5tSw0tWufvUp8GotLo,ballad
2026-09-15,long_term,19ra5tSw0tWufvUp8GotLo,blue-eyed soul
2026-09-15,long_term,19ra5tSw0tWufvUp8GotLo,contemporary r&b
2026-09-15,long_term,19ra5tSw0tWufvUp8GotLo,dance-pop
2026-09-15,long_term,19ra5tSw0tWufvUp8GotLo,dance-rock
2026-09-15,long_term,19ra5tSw0tWufvUp8GotLo,jazz
2026-09-15,long_term,19ra5tSw0tWufvUp8GotLo,pop
2026-09-15,long_term,19ra5tSw0tWufvUp8GotLo,pop rock
2026-09-15,long_term,19ra5tSw0tWufvUp8GotLo,pop soul
2026-09-15,long_term,19ra5tSw0tWufvUp8GotLo,r&b
2026-09-15,long_term,19ra5tSw0tWufvUp8GotLo,smooth jazz
2026-09-15,long_term,19ra5tSw0tWufvUp8GotLo,smooth soul
2026-09-15,long_term,19ra5tSw0tWufvUp8GotLo,soft rock
2026-09-15,long_term,19ra5tSw0tWufvUp8GotLo,sophisti-pop
2026-09-15,long_term,19ra5tSw0tWufvUp8GotLo,soul
2026-09-15,long_term,1QAJqy2dA3ihHBFIHRphZj,ambient
2026-09-15,long_term,1QAJqy2dA3ihHBFIHRphZj,ambient pop
2026-09-15,long_term,1QAJqy2dA3ihHBFIHRphZj,dream pop
2026-09-15,long_term,1QAJqy2dA3ihHBFIHRphZj,indie pop
2026-09-15,long_term,1QAJqy2dA3ihHBFIHRphZj,indie rock
2026-09-15,long_term,1QAJqy2dA3ihHBFIHRphZj,pop
2026-09-15,long_term,1QAJqy2dA3ihHBFIHRphZj,shoegaze
2026-09-15,long_term,1QAJqy2dA3ihHBFIHRphZj,slowcore
2026-09-15,long_term,1Xyo4u8uXC1ZmMpatF05PJ,alternative r&b
2026-09-15,long_term,1Xyo4u8uXC1ZmMpatF05PJ,contemporary r&b
2026-09-15,long_term,1Xyo4u8uXC1ZmMpatF05PJ,dance-pop
2026-09-15,long_term,1Xyo4u8uXC1ZmMpatF05PJ,hypnagogic pop
2026-09-15,long_term,1Xyo4u8uXC1ZmMpatF05PJ,pop
2026-09-15,long_term,1Xyo4u8uXC1ZmMpatF05PJ,r&b
2026-09-15,long_term,1Xyo4u8uXC1ZmMpatF05PJ,synth-pop
2026-09-15,long_term,1cGyguqPQY22oUd4fKglFS,ambient
2026-09-15,long_term,1cGyguqPQY22oUd4fKglFS,dark ambient
2026-09-15,long_term,1mYsTxnqsietFxj1OgoGbG,classical
2026-09-15,long_term,1mYsTxnqsietFxj1OgoGbG,filmi
2026-09-15,long_term,1mYsTxnqsietFxj1OgoGbG,world fusion
2026-09-15,long_term,1wRPtKGflJrBx9BmLsSwlU,filmi
2026-09-15,long_term,2YZyLoL8N0Wb9xBt1NhZWg,alternative hip hop
2026-09-15,long_term,2YZyLoL8N0Wb9xBt1NhZWg,conscious hip hop
2026-09-15,long_term,2YZyLoL8N0Wb9xBt1NhZWg,dance
2026-09-15,long_term,2YZyLoL8N0Wb9xBt1NhZWg,disco
2026-09-15,long_term,2YZyLoL8N0Wb9xBt1NhZWg,future bass
2026-09-15,long_term,2YZyLoL8N0Wb9xBt1NhZWg,gangsta rap
2026-09-15,long_term,2YZyLoL8N0Wb9xBt1NhZWg,hardcore hip hop
2026-09-15,long_term,2YZyLoL8N0Wb9xBt1NhZWg,hip hop
2026-09-15,long_term,2YZyLoL8N0Wb9xBt1NhZWg,house
2026-09-15,long_term,2YZyLoL8N0Wb9xBt1NhZWg,jazz
2026-09-15,long_term,2YZyLoL8N0Wb9xBt1NhZWg,jazz rap
2026-09-15,long_term,2YZyLoL8N0Wb9xBt1NhZWg,pop
2026-09-15,long_term,2YZyLoL8N0Wb9xBt1NhZWg,pop rap
2026-09-15,long_term,2YZyLoL8N0Wb9xBt1NhZWg,r&b
2026-09-15,long_term,2YZyLoL8N0Wb9xBt1NhZWg,trap
2026-09-15,long_term,2YZyLoL8N0Wb9xBt1NhZWg,west coast hip hop
2026-09-15,long_term,2exebQUDoIoT0dXA8BcN1P,chillwave
2026-09-15,long_term,2exebQUDoIoT0dXA8BcN1P,electronic
2026-09-15,long_term,2exebQUDoIoT0dXA8BcN1P,synthwave
2026-09-15,long_term,2h93pZq0e7k5yf4dywlkpM,alternative r&b
2026-09-15,long_term,2h93pZq0e7k5yf4dywlkpM,contemporary r&b
2026-09-15,long_term,2h93pZq0e7k5yf4dywlkpM,pop
2026-09-15,long_term,2h93pZq0e7k5yf4dywlkpM,r&b
2026-09-15,long_term,2jku7tDXc6XoB6MO2hFuqg,alternative hip hop
2026-09-15,long_term,2jku7tDXc6XoB6MO2hFuqg,alternative r&b
2026-09-15,long_term,2jku7tDXc6XoB6MO2hFuqg,contemporary r&b
2026-09-15,long_term,2jku7tDXc6XoB6MO2hFuqg,dancehall
2026-09-15,long_term,2jku7tDXc6XoB6MO2hFuqg,hip hop
2026-09-15,long_term,2jku7tDXc6XoB6MO2hFuqg,r&b
2026-09-15,long_term,2sSGPbdZJkaSE2AbcGOACx,bedroom pop
2026-09-15,long_term,2sSGPbdZJkaSE2AbcGOACx,dream pop
2026-09-15,long_term,2sSGPbdZJkaSE2AbcGOACx,indie pop
2026-09-15,long_term,2sSGPbdZJkaSE2AbcGOACx,lo-fi
2026-09-15,long_term,2sSGPbdZJkaSE2AbcGOACx,psychedelic pop
2026-09-15,long_term,2sSGPbdZJkaSE2AbcGOACx,psychedelic soul
2026-09-15,long_term,2sSGPbdZJkaSE2AbcGOACx,synth-pop
2026-09-15,long_term,3AA28KZvwAUcZuOKwyblJQ,alternative dance
2026-09-15,long_term,3AA28KZvwAUcZuOKwyblJQ,alternative hip hop
2026-09-15,long_term,3AA28KZvwAUcZuOKwyblJQ,alternative pop
2026-09-15,long_term,3AA28KZvwAUcZuOKwyblJQ,alternative rock
2026-09-15,long_term,3AA28KZvwAUcZuOKwyblJQ,art pop
2026-09-15,long_term,3AA28KZvwAUcZuOKwyblJQ,bassline
2026-09-15,long_term,3AA28KZvwAUcZuOKwyblJQ,breakbeat
2026-09-15,long_term,3AA28KZvwAUcZuOKwyblJQ,breaks
2026-09-15,long_term,3AA28KZvwAUcZuOKwyblJQ,dance
2026-09-15,long_term,3AA28KZvwAUcZuOKwyblJQ,disco
2026-09-15,long_term,3AA28KZvwAUcZuOKwyblJQ,electronic
2026-09-15,long_term,3AA28KZvwAUcZuOKwyblJQ,electronica
2026-09-15,long_term,3AA28KZvwAUcZuOKwyblJQ,electropop
2026-09-15,long_term,3AA28KZvwAUcZuOKwyblJQ,future bass
2026-09-15,long_term,3AA28KZvwAUcZuOKwyblJQ,hip hop
2026-09-15,long_term,3AA28KZvwAUcZuOKwyblJQ,indie rock
2026-09-15,long_term,3AA28KZvwAUcZuOKwyblJQ,latin
2026-09-15,long_term,3AA28KZvwAUcZuOKwyblJQ,pop
2026-09-15,long_term,3AA28KZvwAUcZuOKwyblJQ,pop rock
2026-09-15,long_term,3AA28KZvwAUcZuOKwyblJQ,rock
2026-09-15,long_term,3AA28KZvwAUcZuOKwyblJQ,synth-pop
2026-09-15,long_term,3AA28KZvwAUcZuOKwyblJQ,tech house
2026-09-15,long_term,3AA28KZvwAUcZuOKwyblJQ,trap
2026-09-15,long_term,3AA28KZvwAUcZuOKwyblJQ,trip hop
2026-09-15,long_term,3AA28KZvwAUcZuOKwyblJQ,uk garage
2026-09-15,long_term,3MZsBdqDrRTJihTHQrO6Dq,alternative r&b
2026-09-15,long_term,3MZsBdqDrRTJihTHQrO6Dq,art pop
2026-09-15,long_term,3MZsBdqDrRTJihTHQrO6Dq,ballad
2026-09-15,long_term,3MZsBdqDrRTJihTHQrO6Dq,instrumental hip hop
2026-09-15,long_term,3MZsBdqDrRTJihTHQrO6Dq,lo-fi hip hop
2026-09-15,long_term,3MZsBdqDrRTJihTHQrO6Dq,trip hop
2026-09-15,long_term,3Sz7ZnJQBIHsXLUSo0OQtM,folk pop
2026-09-15,long_term,3Sz7ZnJQBIHsXLUSo0OQtM,indie pop
2026-09-15,long_term,3Sz7ZnJQBIHsXLUSo0OQtM,indie rock
2026-09-15,long_term,3Sz7ZnJQBIHsXLUSo0OQtM,jangle pop
2026-09-15,long_term,3Sz7ZnJQBIHsXLUSo0OQtM,pop
2026-09-15,long_term,3Sz7ZnJQBIHsXLUSo0OQtM,psychedelic pop
2026-09-15,long_term,3TVXtAsR1Inumwj472S9r4,alternative r&b
2026-09-15,long_term,3TVXtAsR1Inumwj472S9r4,contemporary r&b
2026-09-15,long_term,3TVXtAsR1Inumwj472S9r4,hardcore hip hop
2026-09-15,long_term,3TVXtAsR1Inumwj472S9r4,hip hop
2026-09-15,long_term,3TVXtAsR1Inumwj472S9r4,pop
2026-09-15,long_term,3TVXtAsR1Inumwj472S9r4,pop rap
2026-09-15,long_term,3TVXtAsR1Inumwj472S9r4,r&b
2026-09-15,long_term,3TVXtAsR1Inumwj472S9r4,southern hip hop
2026-09-15,long_term,3TVXtAsR1Inumwj472S9r4,trap
2026-09-15,long_term,3zmfs9cQwzJl575W1ZYXeT,bedroom pop
2026-09-15,long_term,3zmfs9cQwzJl575W1ZYXeT,downtempo
2026-09-15,long_term,3zmfs9cQwzJl575W1ZYXeT,dream pop
2026-09-15,long_term,3zmfs9cQwzJl575W1ZYXeT,indie pop
2026-09-15,long_term,3zmfs9cQwzJl575W1ZYXeT,neo-psychedelia
2026-09-15,long_term,3zmfs9cQwzJl575W1ZYXeT,pop
2026-09-15,long_term,3zmfs9cQwzJl575W1ZYXeT,shoegaze
2026-09-15,long_term,3zmfs9cQwzJl575W1ZYXeT,sophisti-pop
2026-09-15,long_term,47zz7sob9NUcODy0BTDvKx,contemporary r&b
2026-09-15,long_term,47zz7sob9NUcODy0BTDvKx,downtempo
2026-09-15,long_term,47zz7sob9NUcODy0BTDvKx,jazz
2026-09-15,long_term,47zz7sob9NUcODy0BTDvKx,jazz pop
2026-09-15,long_term,47zz7sob9NUcODy0BTDvKx,pop
2026-09-15,long_term,47zz7sob9NUcODy0BTDvKx,quiet storm
2026-09-15,long_term,47zz7sob9NUcODy0BTDvKx,smooth jazz
2026-09-15,long_term,47zz7sob9NUcODy0BTDvKx,smooth soul
2026-09-15,long_term,47zz7sob9NUcODy0BTDvKx,sophisti-pop
2026-09-15,long_term,47zz7sob9NUcODy0BTDvKx,soul
2026-09-15,long_term,47zz7sob9NUcODy0BTDvKx,trip hop
2026-09-15,long_term,4KRllJ2dEeoqvxOQLOgOsI,electronic
2026-09-15,long_term,4KRllJ2dEeoqvxOQLOgOsI,phonk
2026-09-15,long_term,4KRllJ2dEeoqvxOQLOgOsI,phonk house
2026-09-15,long_term,4KRllJ2dEeoqvxOQLOgOsI,synthwave
2026-09-15,long_term,4KRllJ2dEeoqvxOQLOgOsI,trap
2026-09-15,long_term,4KRllJ2dEeoqvxOQLOgOsI,wave
2026-09-15,long_term,4MrQDA45Gd0llLrwFUzimG,boom bap
2026-09-15,long_term,4MrQDA45Gd0llLrwFUzimG,chillwave
2026-09-15,long_term,4MrQDA45Gd0llLrwFUzimG,downtempo
2026-09-15,long_term,4MrQDA45Gd0llLrwFUzimG,hip hop
2026-09-15,long_term,4MrQDA45Gd0llLrwFUzimG,instrumental
2026-09-15,long_term,4MrQDA45Gd0llLrwFUzimG,instrumental hip hop
2026-09-15,long_term,4MrQDA45Gd0llLrwFUzimG,lo-fi
2026-09-15,long_term,4MrQDA45Gd0llLrwFUzimG,lo-fi hip hop
2026-09-15,long_term,4gdMJYnopf2nEUcanAwstx,indian pop
2026-09-15,long_term,4gdMJYnopf2nEUcanAwstx,singer-songwriter
2026-09-15,long_term,4gzpq5DPGxSnKTe4SA8HAU,alternative rock
2026-09-15,long_term,4gzpq5DPGxSnKTe4SA8HAU,art pop
2026-09-15,long_term,4gzpq5DPGxSnKTe4SA8HAU,britpop
2026-09-15,long_term,4gzpq5DPGxSnKTe4SA8HAU,dream pop
2026-09-15,long_term,4gzpq5DPGxSnKTe4SA8HAU,piano rock
2026-09-15,long_term,4gzpq5DPGxSnKTe4SA8HAU,pop
2026-09-15,long_term,4gzpq5DPGxSnKTe4SA8HAU,pop rock
2026-09-15,long_term,4gzpq5DPGxSnKTe4SA8HAU,post-britpop
2026-09-15,long_term,4gzpq5DPGxSnKTe4SA8HAU,rock
2026-09-15,long_term,4yvcSjfu4PC0CYQyLy4wSq,electronic
2026-09-15,long_term,4yvcSjfu4PC0CYQyLy4wSq,indie pop
2026-09-15,long_term,4yvcSjfu4PC0CYQyLy4wSq,indie rock
2026-09-15,long_term,4yvcSjfu4PC0CYQyLy4wSq,indietronica
2026-09-15,long_term,4yvcSjfu4PC0CYQyLy4wSq,pop
2026-09-15,long_term,4yvcSjfu4PC0CYQyLy4wSq,psychedelic pop
2026-09-15,long_term,4yvcSjfu4PC0CYQyLy4wSq,psychedelic rock
2026-09-15,long_term,5INjqkS1o8h1imAzPqGZBb,alternative dance
2026-09-15,long_term,5INjqkS1o8h1imAzPqGZBb,alternative rock
2026-09-15,long_term,5INjqkS1o8h1imAzPqGZBb,dream pop
2026-09-15,long_term,5INjqkS1o8h1imAzPqGZBb,indie rock
2026-09-15,long_term,5INjqkS1o8h1imAzPqGZBb,indietronica
2026-09-15,long_term,5INjqkS1o8h1imAzPqGZBb,leftfield
2026-09-15,long_term,5INjqkS1o8h1imAzPqGZBb,neo-psychedelia
2026-09-15,long_term,5INjqkS1o8h1imAzPqGZBb,pop
2026-09-15,long_term,5INjqkS1o8h1imAzPqGZBb,psychedelic
2026-09-15,long_term,5INjqkS1o8h1imAzPqGZBb,psychedelic pop
2026-09-15,long_term,5INjqkS1o8h1imAzPqGZBb,psychedelic rock
2026-09-15,long_term,5INjqkS1o8h1imAzPqGZBb,rock
2026-09-15,long_term,5INjqkS1o8h1imAzPqGZBb,space rock
2026-09-15,long_term,5INjqkS1o8h1imAzPqGZBb,synth-pop
2026-09-15,long_term,5K4W6rqBFWDnAN6FQUkS6x,chipmunk soul
2026-09-15,long_term,5K4W6rqBFWDnAN6FQUkS6x,christian hip hop
2026-09-15,long_term,5K4W6rqBFWDnAN6FQUkS6x,conscious hip hop
2026-09-15,long_term,5K4W6rqBFWDnAN6FQUkS6x,contemporary r&b
2026-09-15,long_term,5K4W6rqBFWDnAN6FQUkS6x,deep house
2026-09-15,long_term,5K4W6rqBFWDnAN6FQUkS6x,electropop
2026-09-15,long_term,5K4W6rqBFWDnAN6FQUkS6x,experimental hip hop
2026-09-15,long_term,5K4W6rqBFWDnAN6FQUkS6x,future bass
2026-09-15,long_term,5K4W6rqBFWDnAN6FQUkS6x,hip hop
2026-09-15,long_term,5K4W6rqBFWDnAN6FQUkS6x,house
2026-09-15,long_term,5K4W6rqBFWDnAN6FQUkS6x,pop
2026-09-15,long_term,5K4W6rqBFWDnAN6FQUkS6x,pop rap
2026-09-15,long_term,5K4W6rqBFWDnAN6FQUkS6x,r&b
2026-09-15,long_term,5K4W6rqBFWDnAN6FQUkS6x,trap
2026-09-15,long_term,5cj0lLjcoR7YOSnhnX0Po5,alternative rock
2026-09-15,long_term,5cj0lLjcoR7YOSnhnX0Po5,grunge
2026-09-15,long_term,5cj0lLjcoR7YOSnhnX0Po5,hip hop
2026-09-15,long_term,5cj0lLjcoR7YOSnhnX0Po5,pop
2026-09-15,long_term,5cj0lLjcoR7YOSnhnX0Po5,pop rap
2026-09-15,long_term,5cj0lLjcoR7YOSnhnX0Po5,post-grunge
2026-09-15,long_term,5cj0lLjcoR7YOSnhnX0Po5,power pop
2026-09-15,long_term,5cj0lLjcoR7YOSnhnX0Po5,rock
2026-09-15,long_term,5cj0lLjcoR7YOSnhnX0Po5,trap
2026-09-15,long_term,5cj0lLjcoR7YOSnhnX0Po5,west coast hip hop
2026-09-15,long_term,5y8tKLUfMvliMe8IKamR32,alternative r&b
2026-09-15,long_term,5y8tKLUfMvliMe8IKamR32,contemporary r&b
2026-09-15,long_term,5y8tKLUfMvliMe8IKamR32,indie pop
2026-09-15,long_term,5y8tKLUfMvliMe8IKamR32,lo-fi
2026-09-15,long_term,6YJ4EgQzDfJnIHRbqIHAdD,chillwave
2026-09-15,long_term,6YJ4EgQzDfJnIHRbqIHAdD,downtempo
2026-09-15,long_term,6YJ4EgQzDfJnIHRbqIHAdD,instrumental
2026-09-15,long_term,6YJ4EgQzDfJnIHRbqIHAdD,instrumental hip hop
2026-09-15,long_term,6YJ4EgQzDfJnIHRbqIHAdD,lo-fi
2026-09-15,long_term,6YJ4EgQzDfJnIHRbqIHAdD,lo-fi hip hop
2026-09-15,long_term,6ft7JnxMyZhp7N52qzHymY,dream pop
2026-09-15,long_term,700c9Qz2z6HZKTumeliKAw,electronic
2026-09-15,long_term,77SW9BnxLY8rJ0RciFqkHh,alternative rock
2026-09-15,long_term,77SW9BnxLY8rJ0RciFqkHh,indie pop
2026-09-15,long_term,78rUTD7y6Cy67W1RVzYs7t,alternative pop
2026-09-15,long_term,78rUTD7y6Cy67W1RVzYs7t,bubblegum pop
2026-09-15,long_term,78rUTD7y6Cy67W1RVzYs7t,dance-pop
2026-09-15,long_term,78rUTD7y6Cy67W1RVzYs7t,drum and bass
2026-09-15,long_term,78rUTD7y6Cy67W1RVzYs7t,future garage
2026-09-15,long_term,78rUTD7y6Cy67W1RVzYs7t,jungle
2026-09-15,long_term,78rUTD7y6Cy67W1RVzYs7t,pop
2026-09-15,long_term,78rUTD7y6Cy67W1RVzYs7t,uk garage
2026-09-15,long_term,7Ln80lUS6He07XvHI8qqHH,alternative rock
2026-09-15,long_term,7Ln80lUS6He07XvHI8qqHH,art rock
2026-09-15,long_term,7Ln80lUS6He07XvHI8qqHH,baroque pop
2026-09-15,long_term,7Ln80lUS6He07XvHI8qqHH,dance
2026-09-15,long_term,7Ln80lUS6He07XvHI8qqHH,electronica
2026-09-15,long_term,7Ln80lUS6He07XvHI8qqHH,garage rock
2026-09-15,long_term,7Ln80lUS6He07XvHI8qqHH,garage rock revival
2026-09-15,long_term,7Ln80lUS6He07XvHI8qqHH,house
2026-09-15,long_term,7Ln80lUS6He07XvHI8qqHH,indie rock
2026-09-15,long_term,7Ln80lUS6He07XvHI8qqHH,neo-psychedelia
2026-09-15,long_term,7Ln80lUS6He07XvHI8qqHH,pop
2026-09-15,long_term,7Ln80lUS6He07XvHI8qqHH,post-punk revival
2026-09-15,long_term,7Ln80lUS6He07XvHI8qqHH,psychedelic pop
2026-09-15,long_term,7Ln80lUS6He07XvHI8qqHH,psychedelic rock
2026-09-15,long_term,7Ln80lUS6He07XvHI8qqHH,rock
2026-09-15,long_term,7gW0r5CkdEUMm42w9XpyZO,bossa nova
2026-09-15,long_term,7gW0r5CkdEUMm42w9XpyZO,jazz
2026-09-15,long_term,7gW0r5CkdEUMm42w9XpyZO,jazz pop
2026-09-15,long_term,7gW0r5CkdEUMm42w9XpyZO,singer-songwriter
2026-09-15,long_term,7gW0r5CkdEUMm42w9XpyZO,vocal jazz
2026-09-15,long_term,7tYKF4w9nC0nq9CsPZTHyP,alternative r&b
2026-09-15,long_term,7tYKF4w9nC0nq9CsPZTHyP,contemporary r&b
2026-09-15,long_term,7tYKF4w9nC0nq9CsPZTHyP,electronic
2026-09-15,long_term,7tYKF4w9nC0nq9CsPZTHyP,hip hop soul
2026-09-15,long_term,7tYKF4w9nC0nq9CsPZTHyP,neo soul
2026-09-15,long_term,7tYKF4w9nC0nq9CsPZTHyP,pop
2026-09-15,long_term,7tYKF4w9nC0nq9CsPZTHyP,r&b
2026-09-15,long_term,7tYKF4w9nC0nq9CsPZTHyP,soul
2026-09-15,medium_term,00FQb4jTyendYWaN8pK0wa,alternative pop
2026-09-15,medium_term,00FQb4jTyendYWaN8pK0wa,art pop
2026-09-15,medium_term,00FQb4jTyendYWaN8pK0wa,ballad
2026-09-15,medium_term,00FQb4jTyendYWaN8pK0wa,baroque pop
2026-09-15,medium_term,00FQb4jTyendYWaN8pK0wa,chamber pop
2026-09-15,medium_term,00FQb4jTyendYWaN8pK0wa,country
2026-09-15,medium_term,00FQb4jTyendYWaN8pK0wa,dance
2026-09-15,medium_term,00FQb4jTyendYWaN8pK0wa,dream pop
2026-09-15,medium_term,00FQb4jTyendYWaN8pK0wa,edm
2026-09-15,medium_term,00FQb4jTyendYWaN8pK0wa,electronic
2026-09-15,medium_term,00FQb4jTyendYWaN8pK0wa,electronica
2026-09-15,medium_term,00FQb4jTyendYWaN8pK0wa,future bass
2026-09-15,medium_term,00FQb4jTyendYWaN8pK0wa,house
2026-09-15,medium_term,00FQb4jTyendYWaN8pK0wa,indie pop
2026-09-15,medium_term,00FQb4jTyendYWaN8pK0wa,indie rock
2026-09-15,medium_term,00FQb4jTyendYWaN8pK0wa,melodic house
2026-09-15,medium_term,00FQb4jTyendYWaN8pK0wa,melodic techno
2026-09-15,medium_term,00FQb4jTyendYWaN8pK0wa,neo-psychedelia
2026-09-15,medium_term,00FQb4jTyendYWaN8pK0wa,pop
2026-09-15,medium_term,00FQb4jTyendYWaN8pK0wa,psychedelic pop
2026-09-15,medium_term,00FQb4jTyendYWaN8pK0wa,r&b
2026-09-15,medium_term,00FQb4jTyendYWaN8pK0wa,rock
2026-09-15,medium_term,00FQb4jTyendYWaN8pK0wa,singer-songwriter
2026-09-15,medium_term,00FQb4jTyendYWaN8pK0wa,slowcore
2026-09-15,medium_term,00FQb4jTyendYWaN8pK0wa,trap
2026-09-15,medium_term,00FQb4jTyendYWaN8pK0wa,trip hop
2026-09-15,medium_term,0Y6dVaC9DZtPNH4591M42W,dream pop
2026-09-15,medium_term,0Y6dVaC9DZtPNH4591M42W,electronic
2026-09-15,medium_term,0Y6dVaC9DZtPNH4591M42W,hip hop
2026-09-15,medium_term,0Y6dVaC9DZtPNH4591M42W,indie pop
2026-09-15,medium_term,0Y6dVaC9DZtPNH4591M42W,indie rock
2026-09-15,medium_term,0Y6dVaC9DZtPNH4591M42W,lo-fi
2026-09-15,medium_term,0Y6dVaC9DZtPNH4591M42W,pop
2026-09-15,medium_term,0dgJbQ0bKPyUXco8hEXN7X,ambient
2026-09-15,medium_term,0dgJbQ0bKPyUXco8hEXN7X,boom bap
2026-09-15,medium_term,0dgJbQ0bKPyUXco8hEXN7X,chillout
2026-09-15,medium_term,0dgJbQ0bKPyUXco8hEXN7X,chillwave
2026-09-15,medium_term,0dgJbQ0bKPyUXco8hEXN7X,downtempo
2026-09-15,medium_term,0dgJbQ0bKPyUXco8hEXN7X,drift phonk
2026-09-15,medium_term,0dgJbQ0bKPyUXco8hEXN7X,hardwave
2026-09-15,medium_term,0dgJbQ0bKPyUXco8hEXN7X,hip hop
2026-09-15,medium_term,0dgJbQ0bKPyUXco8hEXN7X,house
2026-09-15,medium_term,0dgJbQ0bKPyUXco8hEXN7X,instrumental
2026-09-15,medium_term,0dgJbQ0bKPyUXco8hEXN7X,instrumental hip hop
2026-09-15,medium_term,0dgJbQ0bKPyUXco8hEXN7X,lo-fi
2026-09-15,medium_term,0dgJbQ0bKPyUXco8hEXN7X,lo-fi hip hop
2026-09-15,medium_term,0dgJbQ0bKPyUXco8hEXN7X,phonk
2026-09-15,medium_term,0dgJbQ0bKPyUXco8hEXN7X,wave
2026-09-15,medium_term,0klU31gyC6EZqKgLvVANCy,boom bap
2026-09-15,medium_term,0klU31gyC6EZqKgLvVANCy,chillwave
2026-09-15,medium_term,0klU31gyC6EZqKgLvVANCy,downtempo
2026-09-15,medium_term,0klU31gyC6EZqKgLvVANCy,hip hop
2026-09-15,medium_term,0klU31gyC6EZqKgLvVANCy,instrumental
2026-09-15,medium_term,0klU31gyC6EZqKgLvVANCy,instrumental hip hop
2026-09-15,medium_term,0klU31gyC6EZqKgLvVANCy,lo-fi
2026-09-15,medium_term,0klU31gyC6EZqKgLvVANCy,lo-fi hip hop
2026-09-15,medium_term,17XXKfRBMCWvLrqGoNkJXm,ballad
2026-09-15,medium_term,17XXKfRBMCWvLrqGoNkJXm,easy listening
2026-09-15,medium_term,17XXKfRBMCWvLrqGoNkJXm,pop
2026-09-15,medium_term,1QAJqy2dA3ihHBFIHRphZj,ambient
2026-09-15,medium_term,1QAJqy2dA3ihHBFIHRphZj,ambient pop
2026-09-15,medium_term,1QAJqy2dA3ihHBFIHRphZj,dream pop
2026-09-15,medium_term,1QAJqy2dA3ihHBFIHRphZj,indie pop
2026-09-15,medium_term,1QAJqy2dA3ihHBFIHRphZj,indie rock
2026-09-15,medium_term,1QAJqy2dA3ihHBFIHRphZj,pop
2026-09-15,medium_term,1QAJqy2dA3ihHBFIHRphZj,shoegaze
2026-09-15,medium_term,1QAJqy2dA3ihHBFIHRphZj,slowcore
2026-09-15,medium_term,1Xyo4u8uXC1ZmMpatF05PJ,alternative r&b
2026-09-15,medium_term,1Xyo4u8uXC1ZmMpatF05PJ,contemporary r&b
2026-09-15,medium_term,1Xyo4u8uXC1ZmMpatF05PJ,dance-pop
2026-09-15,medium_term,1Xyo4u8uXC1ZmMpatF05PJ,hypnagogic pop
2026-09-15,medium_term,1Xyo4u8uXC1ZmMpatF05PJ,pop
2026-09-15,medium_term,1Xyo4u8uXC1ZmMpatF05PJ,r&b
2026-09-15,medium_term,1Xyo4u8uXC1ZmMpatF05PJ,synth-pop
2026-09-15,medium_term,1cGyguqPQY22oUd4fKglFS,ambient
2026-09-15,medium_term,1cGyguqPQY22oUd4fKglFS,dark ambient
2026-09-15,medium_term,1wRPtKGflJrBx9BmLsSwlU,filmi
2026-09-15,medium_term,2YZyLoL8N0Wb9xBt1NhZWg,alternative hip hop
2026-09-15,medium_term,2YZyLoL8N0Wb9xBt1NhZWg,conscious hip hop
2026-09-15,medium_term,2YZyLoL8N0Wb9xBt1NhZWg,dance
2026-09-15,medium_term,2YZyLoL8N0Wb9xBt1NhZWg,disco
2026-09-15,medium_term,2YZyLoL8N0Wb9xBt1NhZWg,future bass
2026-09-15,medium_term,2YZyLoL8N0Wb9xBt1NhZWg,gangsta rap
2026-09-15,medium_term,2YZyLoL8N0Wb9xBt1NhZWg,hardcore hip hop
2026-09-15,medium_term,2YZyLoL8N0Wb9xBt1NhZWg,hip hop
2026-09-15,medium_term,2YZyLoL8N0Wb9xBt1NhZWg,house
2026-09-15,medium_term,2YZyLoL8N0Wb9xBt1NhZWg,jazz
2026-09-15,medium_term,2YZyLoL8N0Wb9xBt1NhZWg,jazz rap
2026-09-15,medium_term,2YZyLoL8N0Wb9xBt1NhZWg,pop
2026-09-15,medium_term,2YZyLoL8N0Wb9xBt1NhZWg,pop rap
2026-09-15,medium_term,2YZyLoL8N0Wb9xBt1NhZWg,r&b
2026-09-15,medium_term,2YZyLoL8N0Wb9xBt1NhZWg,trap
2026-09-15,medium_term,2YZyLoL8N0Wb9xBt1NhZWg,west coast hip hop
2026-09-15,medium_term,2h93pZq0e7k5yf4dywlkpM,alternative r&b
2026-09-15,medium_term,2h93pZq0e7k5yf4dywlkpM,contemporary r&b
2026-09-15,medium_term,2h93pZq0e7k5yf4dywlkpM,pop
2026-09-15,medium_term,2h93pZq0e7k5yf4dywlkpM,r&b
2026-09-15,medium_term,2jku7tDXc6XoB6MO2hFuqg,alternative hip hop
2026-09-15,medium_term,2jku7tDXc6XoB6MO2hFuqg,alternative r&b
2026-09-15,medium_term,2jku7tDXc6XoB6MO2hFuqg,contemporary r&b
2026-09-15,medium_term,2jku7tDXc6XoB6MO2hFuqg,dancehall
2026-09-15,medium_term,2jku7tDXc6XoB6MO2hFuqg,hip hop
2026-09-15,medium_term,2jku7tDXc6XoB6MO2hFuqg,r&b
2026-09-15,medium_term,3AA28KZvwAUcZuOKwyblJQ,alternative dance
2026-09-15,medium_term,3AA28KZvwAUcZuOKwyblJQ,alternative hip hop
2026-09-15,medium_term,3AA28KZvwAUcZuOKwyblJQ,alternative pop
2026-09-15,medium_term,3AA28KZvwAUcZuOKwyblJQ,alternative rock
2026-09-15,medium_term,3AA28KZvwAUcZuOKwyblJQ,art pop
2026-09-15,medium_term,3AA28KZvwAUcZuOKwyblJQ,bassline
2026-09-15,medium_term,3AA28KZvwAUcZuOKwyblJQ,breakbeat
2026-09-15,medium_term,3AA28KZvwAUcZuOKwyblJQ,breaks
2026-09-15,medium_term,3AA28KZvwAUcZuOKwyblJQ,dance
2026-09-15,medium_term,3AA28KZvwAUcZuOKwyblJQ,disco
2026-09-15,medium_term,3AA28KZvwAUcZuOKwyblJQ,electronic
2026-09-15,medium_term,3AA28KZvwAUcZuOKwyblJQ,electronica
2026-09-15,medium_term,3AA28KZvwAUcZuOKwyblJQ,electropop
2026-09-15,medium_term,3AA28KZvwAUcZuOKwyblJQ,future bass
2026-09-15,medium_term,3AA28KZvwAUcZuOKwyblJQ,hip hop
2026-09-15,medium_term,3AA28KZvwAUcZuOKwyblJQ,indie rock
2026-09-15,medium_term,3AA28KZvwAUcZuOKwyblJQ,latin
2026-09-15,medium_term,3AA28KZvwAUcZuOKwyblJQ,pop
2026-09-15,medium_term,3AA28KZvwAUcZuOKwyblJQ,pop rock
2026-09-15,medium_term,3AA28KZvwAUcZuOKwyblJQ,rock
2026-09-15,medium_term,3AA28KZvwAUcZuOKwyblJQ,synth-pop
2026-09-15,medium_term,3AA28KZvwAUcZuOKwyblJQ,tech house
2026-09-15,medium_term,3AA28KZvwAUcZuOKwyblJQ,trap
2026-09-15,medium_term,3AA28KZvwAUcZuOKwyblJQ,trip hop
2026-09-15,medium_term,3AA28KZvwAUcZuOKwyblJQ,uk garage
2026-09-15,medium_term,3MZsBdqDrRTJihTHQrO6Dq,alternative r&b
2026-09-15,medium_term,3MZsBdqDrRTJihTHQrO6Dq,art pop
2026-09-15,medium_term,3MZsBdqDrRTJihTHQrO6Dq,ballad
2026-09-15,medium_term,3MZsBdqDrRTJihTHQrO6Dq,instrumental hip hop
2026-09-15,medium_term,3MZsBdqDrRTJihTHQrO6Dq,lo-fi hip hop
2026-09-15,medium_term,3MZsBdqDrRTJihTHQrO6Dq,trip hop
2026-09-15,medium_term,3Sz7ZnJQBIHsXLUSo0OQtM,folk pop
2026-09-15,medium_term,3Sz7ZnJQBIHsXLUSo0OQtM,indie pop
2026-09-15,medium_term,3Sz7ZnJQBIHsXLUSo0OQtM,indie rock
2026-09-15,medium_term,3Sz7ZnJQBIHsXLUSo0OQtM,jangle pop
2026-09-15,medium_term,3Sz7ZnJQBIHsXLUSo0OQtM,pop
2026-09-15,medium_term,3Sz7ZnJQBIHsXLUSo0OQtM,psychedelic pop
2026-09-15,medium_term,3TVXtAsR1Inumwj472S9r4,alternative r&b
2026-09-15,medium_term,3TVXtAsR1Inumwj472S9r4,contemporary r&b
2026-09-15,medium_term,3TVXtAsR1Inumwj472S9r4,hardcore hip hop
2026-09-15,medium_term,3TVXtAsR1Inumwj472S9r4,hip hop
2026-09-15,medium_term,3TVXtAsR1Inumwj472S9r4,pop
2026-09-15,medium_term,3TVXtAsR1Inumwj472S9r4,pop rap
2026-09-15,medium_term,3TVXtAsR1Inumwj472S9r4,r&b
2026-09-15,medium_term,3TVXtAsR1Inumwj472S9r4,southern hip hop
2026-09-15,medium_term,3TVXtAsR1Inumwj472S9r4,trap
2026-09-15,medium_term,3ctnkEZGtVBTxS7IMin8nC,lo-fi hip hop
2026-09-15,medium_term,3mIj9lX2MWuHmhNCA7LSCW,alternative pop
2026-09-15,medium_term,3mIj9lX2MWuHmhNCA7LSCW,alternative rock
2026-09-15,medium_term,3mIj9lX2MWuHmhNCA7LSCW,ambient pop
2026-09-15,medium_term,3mIj9lX2MWuHmhNCA7LSCW,art pop
2026-09-15,medium_term,3mIj9lX2MWuHmhNCA7LSCW,indie pop
2026-09-15,medium_term,3mIj9lX2MWuHmhNCA7LSCW,indie rock
2026-09-15,medium_term,3mIj9lX2MWuHmhNCA7LSCW,indietronica
2026-09-15,medium_term,3mIj9lX2MWuHmhNCA7LSCW,leftfield
2026-09-15,medium_term,3mIj9lX2MWuHmhNCA7LSCW,new wave
2026-09-15,medium_term,3mIj9lX2MWuHmhNCA7LSCW,pop rock
2026-09-15,medium_term,3mIj9lX2MWuHmhNCA7LSCW,post-punk revival
2026-09-15,medium_term,3mIj9lX2MWuHmhNCA7LSCW,synth-pop
2026-09-15,medium_term,47zz7sob9NUcODy0BTDvKx,contemporary r&b
2026-09-15,medium_term,47zz7sob9NUcODy0BTDvKx,downtempo
2026-09-15,medium_term,47zz7sob9NUcODy0BTDvKx,jazz
2026-09-15,medium_term,47zz7sob9NUcODy0BTDvKx,jazz pop
2026-09-15,medium_term,47zz7sob9NUcODy0BTDvKx,pop
2026-09-15,medium_term,47zz7sob9NUcODy0BTDvKx,quiet storm
2026-09-15,medium_term,47zz7sob9NUcODy0BTDvKx,smooth jazz
2026-09-15,medium_term,47zz7sob9NUcODy0BTDvKx,smooth soul
2026-09-15,medium_term,47zz7sob9NUcODy0BTDvKx,sophisti-pop
2026-09-15,medium_term,47zz7sob9NUcODy0BTDvKx,soul
2026-09-15,medium_term,47zz7sob9NUcODy0BTDvKx,trip hop
2026-09-15,medium_term,4KRllJ2dEeoqvxOQLOgOsI,electronic
2026-09-15,medium_term,4KRllJ2dEeoqvxOQLOgOsI,phonk
2026-09-15,medium_term,4KRllJ2dEeoqvxOQLOgOsI,phonk house
2026-09-15,medium_term,4KRllJ2dEeoqvxOQLOgOsI,synthwave
2026-09-15,medium_term,4KRllJ2dEeoqvxOQLOgOsI,trap
2026-09-15,medium_term,4KRllJ2dEeoqvxOQLOgOsI,wave
2026-09-15,medium_term,4Z8W4fKeB5YxbusRsdQVPb,alternative rock
2026-09-15,medium_term,4Z8W4fKeB5YxbusRsdQVPb,ambient pop
2026-09-15,medium_term,4Z8W4fKeB5YxbusRsdQVPb,art pop
2026-09-15,medium_term,4Z8W4fKeB5YxbusRsdQVPb,art rock
2026-09-15,medium_term,4Z8W4fKeB5YxbusRsdQVPb,britpop
2026-09-15,medium_term,4Z8W4fKeB5YxbusRsdQVPb,chamber pop
2026-09-15,medium_term,4Z8W4fKeB5YxbusRsdQVPb,crossover prog
2026-09-15,medium_term,4Z8W4fKeB5YxbusRsdQVPb,electronic
2026-09-15,medium_term,4Z8W4fKeB5YxbusRsdQVPb,electronic rock
2026-09-15,medium_term,4Z8W4fKeB5YxbusRsdQVPb,electronica
2026-09-15,medium_term,4Z8W4fKeB5YxbusRsdQVPb,experimental
2026-09-15,medium_term,4Z8W4fKeB5YxbusRsdQVPb,experimental rock
2026-09-15,medium_term,4Z8W4fKeB5YxbusRsdQVPb,idm
2026-09-15,medium_term,4Z8W4fKeB5YxbusRsdQVPb,indie rock
2026-09-15,medium_term,4Z8W4fKeB5YxbusRsdQVPb,indietronica
2026-09-15,medium_term,4Z8W4fKeB5YxbusRsdQVPb,post-britpop
2026-09-15,medium_term,4Z8W4fKeB5YxbusRsdQVPb,post-grunge
2026-09-15,medium_term,4Z8W4fKeB5YxbusRsdQVPb,rock
2026-09-15,medium_term,4dpARuHxo51G3z768sgnrY,blue-eyed soul
2026-09-15,medium_term,4dpARuHxo51G3z768sgnrY,neo soul
2026-09-15,medium_term,4dpARuHxo51G3z768sgnrY,pop
2026-09-15,medium_term,4dpARuHxo51G3z768sgnrY,pop soul
2026-09-15,medium_term,4dpARuHxo51G3z768sgnrY,r&b
2026-09-15,medium_term,4dpARuHxo51G3z768sgnrY,soul
2026-09-15,medium_term,4gdMJYnopf2nEUcanAwstx,indian pop
2026-09-15,medium_term,4gdMJYnopf2nEUcanAwstx,singer-songwriter
2026-09-15,medium_term,4yvcSjfu4PC0CYQyLy4wSq,electronic
2026-09-15,medium_term,4yvcSjfu4PC0CYQyLy4wSq,indie pop
2026-09-15,medium_term,4yvcSjfu4PC0CYQyLy4wSq,indie rock
2026-09-15,medium_term,4yvcSjfu4PC0CYQyLy4wSq,indietronica
2026-09-15,medium_term,4yvcSjfu4PC0CYQyLy4wSq,pop
2026-09-15,medium_term,4yvcSjfu4PC0CYQyLy4wSq,psychedelic pop
2026-09-15,medium_term,4yvcSjfu4PC0CYQyLy4wSq,psychedelic rock
2026-09-15,medium_term,5INjqkS1o8h1imAzPqGZBb,alternative dance
2026-09-15,medium_term,5INjqkS1o8h1imAzPqGZBb,alternative rock
2026-09-15,medium_term,5INjqkS1o8h1imAzPqGZBb,dream pop
2026-09-15,medium_term,5INjqkS1o8h1imAzPqGZBb,indie rock
2026-09-15,medium_term,5INjqkS1o8h1imAzPqGZBb,indietronica
2026-09-15,medium_term,5INjqkS1o8h1imAzPqGZBb,leftfield
2026-09-15,medium_term,5INjqkS1o8h1imAzPqGZBb,neo-psychedelia
2026-09-15,medium_term,5INjqkS1o8h1imAzPqGZBb,pop
2026-09-15,medium_term,5INjqkS1o8h1imAzPqGZBb,psychedelic
2026-09-15,medium_term,5INjqkS1o8h1imAzPqGZBb,psychedelic pop
2026-09-15,medium_term,5INjqkS1o8h1imAzPqGZBb,psychedelic rock
2026-09-15,medium_term,5INjqkS1o8h1imAzPqGZBb,rock
2026-09-15,medium_term,5INjqkS1o8h1imAzPqGZBb,space rock
2026-09-15,medium_term,5INjqkS1o8h1imAzPqGZBb,synth-pop
2026-09-15,medium_term,5cj0lLjcoR7YOSnhnX0Po5,alternative rock
2026-09-15,medium_term,5cj0lLjcoR7YOSnhnX0Po5,grunge
2026-09-15,medium_term,5cj0lLjcoR7YOSnhnX0Po5,hip hop
2026-09-15,medium_term,5cj0lLjcoR7YOSnhnX0Po5,pop
2026-09-15,medium_term,5cj0lLjcoR7YOSnhnX0Po5,pop rap
2026-09-15,medium_term,5cj0lLjcoR7YOSnhnX0Po5,post-grunge
2026-09-15,medium_term,5cj0lLjcoR7YOSnhnX0Po5,power pop
2026-09-15,medium_term,5cj0lLjcoR7YOSnhnX0Po5,rock
2026-09-15,medium_term,5cj0lLjcoR7YOSnhnX0Po5,trap
2026-09-15,medium_term,5cj0lLjcoR7YOSnhnX0Po5,west coast hip hop
2026-09-15,medium_term,5y8tKLUfMvliMe8IKamR32,alternative r&b
2026-09-15,medium_term,5y8tKLUfMvliMe8IKamR32,contemporary r&b
2026-09-15,medium_term,5y8tKLUfMvliMe8IKamR32,indie pop
2026-09-15,medium_term,5y8tKLUfMvliMe8IKamR32,lo-fi
2026-09-15,medium_term,60jYUgQzKAtnJoXKGk1GNn,folk
2026-09-15,medium_term,60jYUgQzKAtnJoXKGk1GNn,pop
2026-09-15,medium_term,60jYUgQzKAtnJoXKGk1GNn,techno
2026-09-15,medium_term,66CXWjxzNUsdJxJ2JdwvnR,contemporary r&b
2026-09-15,medium_term,66CXWjxzNUsdJxJ2JdwvnR,dance-pop
2026-09-15,medium_term,66CXWjxzNUsdJxJ2JdwvnR,pop
2026-09-15,medium_term,66CXWjxzNUsdJxJ2JdwvnR,r&b
2026-09-15,medium_term,66CXWjxzNUsdJxJ2JdwvnR,trap soul
2026-09-15,medium_term,700c9Qz2z6HZKTumeliKAw,electronic
2026-09-15,medium_term,77SW9BnxLY8rJ0RciFqkHh,alternative rock
2026-09-15,medium_term,77SW9BnxLY8rJ0RciFqkHh,indie pop
2026-09-15,medium_term,78rUTD7y6Cy67W1RVzYs7t,alternative pop
2026-09-15,medium_term,78rUTD7y6Cy67W1RVzYs7t,bubblegum pop
2026-09-15,medium_term,78rUTD7y6Cy67W1RVzYs7t,dance-pop
2026-09-15,medium_term,78rUTD7y6Cy67W1RVzYs7t,drum and bass
2026-09-15,medium_term,78rUTD7y6Cy67W1RVzYs7t,future garage
2026-09-15,medium_term,78rUTD7y6Cy67W1RVzYs7t,jungle
2026-09-15,medium_term,78rUTD7y6Cy67W1RVzYs7t,pop
2026-09-15,medium_term,78rUTD7y6Cy67W1RVzYs7t,uk garage
2026-09-15,medium_term,7Ln80lUS6He07XvHI8qqHH,alternative rock
2026-09-15,medium_term,7Ln80lUS6He07XvHI8qqHH,art rock
2026-09-15,medium_term,7Ln80lUS6He07XvHI8qqHH,baroque pop
2026-09-15,medium_term,7Ln80lUS6He07XvHI8qqHH,dance
2026-09-15,medium_term,7Ln80lUS6He07XvHI8qqHH,electronica
2026-09-15,medium_term,7Ln80lUS6He07XvHI8qqHH,garage rock
2026-09-15,medium_term,7Ln80lUS6He07XvHI8qqHH,garage rock revival
2026-09-15,medium_term,7Ln80lUS6He07XvHI8qqHH,house
2026-09-15,medium_term,7Ln80lUS6He07XvHI8qqHH,indie rock
2026-09-15,medium_term,7Ln80lUS6He07XvHI8qqHH,neo-psychedelia
2026-09-15,medium_term,7Ln80lUS6He07XvHI8qqHH,pop
2026-09-15,medium_term,7Ln80lUS6He07XvHI8qqHH,post-punk revival
2026-09-15,medium_term,7Ln80lUS6He07XvHI8qqHH,psychedelic pop
2026-09-15,medium_term,7Ln80lUS6He07XvHI8qqHH,psychedelic rock
2026-09-15,medium_term,7Ln80lUS6He07XvHI8qqHH,rock
2026-09-15,medium_term,7lzordPuZEXxwt9aoVZYmG,alternative dance
2026-09-15,medium_term,7lzordPuZEXxwt9aoVZYmG,classic rock
2026-09-15,medium_term,7lzordPuZEXxwt9aoVZYmG,electronic
2026-09-15,medium_term,7lzordPuZEXxwt9aoVZYmG,hard rock
2026-09-15,medium_term,7lzordPuZEXxwt9aoVZYmG,new wave
2026-09-15,medium_term,7lzordPuZEXxwt9aoVZYmG,pop rock
2026-09-15,medium_term,7lzordPuZEXxwt9aoVZYmG,punk rock
2026-09-15,medium_term,7lzordPuZEXxwt9aoVZYmG,rock
2026-09-15,medium_term,7tYKF4w9nC0nq9CsPZTHyP,alternative r&b
2026-09-15,medium_term,7tYKF4w9nC0nq9CsPZTHyP,contemporary r&b
2026-09-15,medium_term,7tYKF4w9nC0nq9CsPZTHyP,electronic
2026-09-15,medium_term,7tYKF4w9nC0nq9CsPZTHyP,hip hop soul
2026-09-15,medium_term,7tYKF4w9nC0nq9CsPZTHyP,neo soul
2026-09-15,medium_term,7tYKF4w9nC0nq9CsPZTHyP,pop
2026-09-15,medium_term,7tYKF4w9nC0nq9CsPZTHyP,r&b
2026-09-15,medium_term,7tYKF4w9nC0nq9CsPZTHyP,soul
2026-09-15,short_term,00FQb4jTyendYWaN8pK0wa,alternative pop
2026-09-15,short_term,00FQb4jTyendYWaN8pK0wa,art pop
2026-09-15,short_term,00FQb4jTyendYWaN8pK0wa,ballad
2026-09-15,short_term,00FQb4jTyendYWaN8pK0wa,baroque pop
2026-09-15,short_term,00FQb4jTyendYWaN8pK0wa,chamber pop
2026-09-15,short_term,00FQb4jTyendYWaN8pK0wa,country
2026-09-15,short_term,00FQb4jTyendYWaN8pK0wa,dance
2026-09-15,short_term,00FQb4jTyendYWaN8pK0wa,dream pop
2026-09-15,short_term,00FQb4jTyendYWaN8pK0wa,edm
2026-09-15,short_term,00FQb4jTyendYWaN8pK0wa,electronic
2026-09-15,short_term,00FQb4jTyendYWaN8pK0wa,electronica
2026-09-15,short_term,00FQb4jTyendYWaN8pK0wa,future bass
2026-09-15,short_term,00FQb4jTyendYWaN8pK0wa,house
2026-09-15,short_term,00FQb4jTyendYWaN8pK0wa,indie pop
2026-09-15,short_term,00FQb4jTyendYWaN8pK0wa,indie rock
2026-09-15,short_term,00FQb4jTyendYWaN8pK0wa,melodic house
2026-09-15,short_term,00FQb4jTyendYWaN8pK0wa,melodic techno
2026-09-15,short_term,00FQb4jTyendYWaN8pK0wa,neo-psychedelia
2026-09-15,short_term,00FQb4jTyendYWaN8pK0wa,pop
2026-09-15,short_term,00FQb4jTyendYWaN8pK0wa,psychedelic pop
2026-09-15,short_term,00FQb4jTyendYWaN8pK0wa,r&b
2026-09-15,short_term,00FQb4jTyendYWaN8pK0wa,rock
2026-09-15,short_term,00FQb4jTyendYWaN8pK0wa,singer-songwriter
2026-09-15,short_term,00FQb4jTyendYWaN8pK0wa,slowcore
2026-09-15,short_term,00FQb4jTyendYWaN8pK0wa,trap
2026-09-15,short_term,00FQb4jTyendYWaN8pK0wa,trip hop
2026-09-15,short_term,0U7iI0Dk4Ojvi17nZboNO4,indie rock
2026-09-15,short_term,0U7iI0Dk4Ojvi17nZboNO4,surf rock
2026-09-15,short_term,0Y6dVaC9DZtPNH4591M42W,dream pop
2026-09-15,short_term,0Y6dVaC9DZtPNH4591M42W,electronic
2026-09-15,short_term,0Y6dVaC9DZtPNH4591M42W,hip hop
2026-09-15,short_term,0Y6dVaC9DZtPNH4591M42W,indie pop
2026-09-15,short_term,0Y6dVaC9DZtPNH4591M42W,indie rock
2026-09-15,short_term,0Y6dVaC9DZtPNH4591M42W,lo-fi
2026-09-15,short_term,0Y6dVaC9DZtPNH4591M42W,pop
2026-09-15,short_term,1AbJ2cmwK400LSvdvBL5Jc,bedroom pop
2026-09-15,short_term,1QAJqy2dA3ihHBFIHRphZj,ambient
2026-09-15,short_term,1QAJqy2dA3ihHBFIHRphZj,ambient pop
2026-09-15,short_term,1QAJqy2dA3ihHBFIHRphZj,dream pop
2026-09-15,short_term,1QAJqy2dA3ihHBFIHRphZj,indie pop
2026-09-15,short_term,1QAJqy2dA3ihHBFIHRphZj,indie rock
2026-09-15,short_term,1QAJqy2dA3ihHBFIHRphZj,pop
2026-09-15,short_term,1QAJqy2dA3ihHBFIHRphZj,shoegaze
2026-09-15,short_term,1QAJqy2dA3ihHBFIHRphZj,slowcore
2026-09-15,short_term,1Xyo4u8uXC1ZmMpatF05PJ,alternative r&b
2026-09-15,short_term,1Xyo4u8uXC1ZmMpatF05PJ,contemporary r&b
2026-09-15,short_term,1Xyo4u8uXC1ZmMpatF05PJ,dance-pop
2026-09-15,short_term,1Xyo4u8uXC1ZmMpatF05PJ,hypnagogic pop
2026-09-15,short_term,1Xyo4u8uXC1ZmMpatF05PJ,pop
2026-09-15,short_term,1Xyo4u8uXC1ZmMpatF05PJ,r&b
2026-09-15,short_term,1Xyo4u8uXC1ZmMpatF05PJ,synth-pop
2026-09-15,short_term,1fa0cOhromAZdq2xRA4vv8,blue-eyed soul
2026-09-15,short_term,1fa0cOhromAZdq2xRA4vv8,dance-pop
2026-09-15,short_term,1fa0cOhromAZdq2xRA4vv8,pop
2026-09-15,short_term,1fa0cOhromAZdq2xRA4vv8,pop soul
2026-09-15,short_term,1fa0cOhromAZdq2xRA4vv8,r&b
2026-09-15,short_term,1fa0cOhromAZdq2xRA4vv8,soft rock
2026-09-15,short_term,1fa0cOhromAZdq2xRA4vv8,sophisti-pop
2026-09-15,short_term,1fa0cOhromAZdq2xRA4vv8,soul
2026-09-15,short_term,1mYsTxnqsietFxj1OgoGbG,classical
2026-09-15,short_term,1mYsTxnqsietFxj1OgoGbG,filmi
2026-09-15,short_term,1mYsTxnqsietFxj1OgoGbG,world fusion
2026-09-15,short_term,1wRPtKGflJrBx9BmLsSwlU,filmi
2026-09-15,short_term,2YZyLoL8N0Wb9xBt1NhZWg,alternative hip hop
2026-09-15,short_term,2YZyLoL8N0Wb9xBt1NhZWg,conscious hip hop
2026-09-15,short_term,2YZyLoL8N0Wb9xBt1NhZWg,dance
2026-09-15,short_term,2YZyLoL8N0Wb9xBt1NhZWg,disco
2026-09-15,short_term,2YZyLoL8N0Wb9xBt1NhZWg,future bass
2026-09-15,short_term,2YZyLoL8N0Wb9xBt1NhZWg,gangsta rap
2026-09-15,short_term,2YZyLoL8N0Wb9xBt1NhZWg,hardcore hip hop
2026-09-15,short_term,2YZyLoL8N0Wb9xBt1NhZWg,hip hop
2026-09-15,short_term,2YZyLoL8N0Wb9xBt1NhZWg,house
2026-09-15,short_term,2YZyLoL8N0Wb9xBt1NhZWg,jazz
2026-09-15,short_term,2YZyLoL8N0Wb9xBt1NhZWg,jazz rap
2026-09-15,short_term,2YZyLoL8N0Wb9xBt1NhZWg,pop
2026-09-15,short_term,2YZyLoL8N0Wb9xBt1NhZWg,pop rap
2026-09-15,short_term,2YZyLoL8N0Wb9xBt1NhZWg,r&b
2026-09-15,short_term,2YZyLoL8N0Wb9xBt1NhZWg,trap
2026-09-15,short_term,2YZyLoL8N0Wb9xBt1NhZWg,west coast hip hop
2026-09-15,short_term,2h93pZq0e7k5yf4dywlkpM,alternative r&b
2026-09-15,short_term,2h93pZq0e7k5yf4dywlkpM,contemporary r&b
2026-09-15,short_term,2h93pZq0e7k5yf4dywlkpM,pop
2026-09-15,short_term,2h93pZq0e7k5yf4dywlkpM,r&b
2026-09-15,short_term,2jku7tDXc6XoB6MO2hFuqg,alternative hip hop
2026-09-15,short_term,2jku7tDXc6XoB6MO2hFuqg,alternative r&b
2026-09-15,short_term,2jku7tDXc6XoB6MO2hFuqg,contemporary r&b
2026-09-15,short_term,2jku7tDXc6XoB6MO2hFuqg,dancehall
2026-09-15,short_term,2jku7tDXc6XoB6MO2hFuqg,hip hop
2026-09-15,short_term,2jku7tDXc6XoB6MO2hFuqg,r&b
2026-09-15,short_term,2oSONSC9zQ4UonDKnLqksx,filmi
2026-09-15,short_term,3MZsBdqDrRTJihTHQrO6Dq,alternative r&b
2026-09-15,short_term,3MZsBdqDrRTJihTHQrO6Dq,art pop
2026-09-15,short_term,3MZsBdqDrRTJihTHQrO6Dq,ballad
2026-09-15,short_term,3MZsBdqDrRTJihTHQrO6Dq,instrumental hip hop
2026-09-15,short_term,3MZsBdqDrRTJihTHQrO6Dq,lo-fi hip hop
2026-09-15,short_term,3MZsBdqDrRTJihTHQrO6Dq,trip hop
2026-09-15,short_term,3Sz7ZnJQBIHsXLUSo0OQtM,folk pop
2026-09-15,short_term,3Sz7ZnJQBIHsXLUSo0OQtM,indie pop
2026-09-15,short_term,3Sz7ZnJQBIHsXLUSo0OQtM,indie rock
2026-09-15,short_term,3Sz7ZnJQBIHsXLUSo0OQtM,jangle pop
2026-09-15,short_term,3Sz7ZnJQBIHsXLUSo0OQtM,pop
2026-09-15,short_term,3Sz7ZnJQBIHsXLUSo0OQtM,psychedelic pop
2026-09-15,short_term,3mIj9lX2MWuHmhNCA7LSCW,alternative pop
2026-09-15,short_term,3mIj9lX2MWuHmhNCA7LSCW,alternative rock
2026-09-15,short_term,3mIj9lX2MWuHmhNCA7LSCW,ambient pop
2026-09-15,short_term,3mIj9lX2MWuHmhNCA7LSCW,art pop
2026-09-15,short_term,3mIj9lX2MWuHmhNCA7LSCW,indie pop
2026-09-15,short_term,3mIj9lX2MWuHmhNCA7LSCW,indie rock
2026-09-15,short_term,3mIj9lX2MWuHmhNCA7LSCW,indietronica
2026-09-15,short_term,3mIj9lX2MWuHmhNCA7LSCW,leftfield
2026-09-15,short_term,3mIj9lX2MWuHmhNCA7LSCW,new wave
2026-09-15,short_term,3mIj9lX2MWuHmhNCA7LSCW,pop rock
2026-09-15,short_term,3mIj9lX2MWuHmhNCA7LSCW,post-punk revival
2026-09-15,short_term,3mIj9lX2MWuHmhNCA7LSCW,synth-pop
2026-09-15,short_term,47zz7sob9NUcODy0BTDvKx,contemporary r&b
2026-09-15,short_term,47zz7sob9NUcODy0BTDvKx,downtempo
2026-09-15,short_term,47zz7sob9NUcODy0BTDvKx,jazz
2026-09-15,short_term,47zz7sob9NUcODy0BTDvKx,jazz pop
2026-09-15,short_term,47zz7sob9NUcODy0BTDvKx,pop
2026-09-15,short_term,47zz7sob9NUcODy0BTDvKx,quiet storm
2026-09-15,short_term,47zz7sob9NUcODy0BTDvKx,smooth jazz
2026-09-15,short_term,47zz7sob9NUcODy0BTDvKx,smooth soul
2026-09-15,short_term,47zz7sob9NUcODy0BTDvKx,sophisti-pop
2026-09-15,short_term,47zz7sob9NUcODy0BTDvKx,soul
2026-09-15,short_term,47zz7sob9NUcODy0BTDvKx,trip hop
2026-09-15,short_term,4gdMJYnopf2nEUcanAwstx,indian pop
2026-09-15,short_term,4gdMJYnopf2nEUcanAwstx,singer-songwriter
2026-09-15,short_term,4gzpq5DPGxSnKTe4SA8HAU,alternative rock
2026-09-15,short_term,4gzpq5DPGxSnKTe4SA8HAU,art pop
2026-09-15,short_term,4gzpq5DPGxSnKTe4SA8HAU,britpop
2026-09-15,short_term,4gzpq5DPGxSnKTe4SA8HAU,dream pop
2026-09-15,short_term,4gzpq5DPGxSnKTe4SA8HAU,piano rock
2026-09-15,short_term,4gzpq5DPGxSnKTe4SA8HAU,pop
2026-09-15,short_term,4gzpq5DPGxSnKTe4SA8HAU,pop rock
2026-09-15,short_term,4gzpq5DPGxSnKTe4SA8HAU,post-britpop
2026-09-15,short_term,4gzpq5DPGxSnKTe4SA8HAU,rock
2026-09-15,short_term,5INjqkS1o8h1imAzPqGZBb,alternative dance
2026-09-15,short_term,5INjqkS1o8h1imAzPqGZBb,alternative rock
2026-09-15,short_term,5INjqkS1o8h1imAzPqGZBb,dream pop
2026-09-15,short_term,5INjqkS1o8h1imAzPqGZBb,indie rock
2026-09-15,short_term,5INjqkS1o8h1imAzPqGZBb,indietronica
2026-09-15,short_term,5INjqkS1o8h1imAzPqGZBb,leftfield
2026-09-15,short_term,5INjqkS1o8h1imAzPqGZBb,neo-psychedelia
2026-09-15,short_term,5INjqkS1o8h1imAzPqGZBb,pop
2026-09-15,short_term,5INjqkS1o8h1imAzPqGZBb,psychedelic
2026-09-15,short_term,5INjqkS1o8h1imAzPqGZBb,psychedelic pop
2026-09-15,short_term,5INjqkS1o8h1imAzPqGZBb,psychedelic rock
2026-09-15,short_term,5INjqkS1o8h1imAzPqGZBb,rock
2026-09-15,short_term,5INjqkS1o8h1imAzPqGZBb,space rock
2026-09-15,short_term,5INjqkS1o8h1imAzPqGZBb,synth-pop
2026-09-15,short_term,66CXWjxzNUsdJxJ2JdwvnR,contemporary r&b
2026-09-15,short_term,66CXWjxzNUsdJxJ2JdwvnR,dance-pop
2026-09-15,short_term,66CXWjxzNUsdJxJ2JdwvnR,pop
2026-09-15,short_term,66CXWjxzNUsdJxJ2JdwvnR,r&b
2026-09-15,short_term,66CXWjxzNUsdJxJ2JdwvnR,trap soul
2026-09-15,short_term,6IRouO5mvvfcyxtPDKMYFN,acoustic rock
2026-09-15,short_term,6IRouO5mvvfcyxtPDKMYFN,aor
2026-09-15,short_term,6IRouO5mvvfcyxtPDKMYFN,arena rock
2026-09-15,short_term,6IRouO5mvvfcyxtPDKMYFN,classic rock
2026-09-15,short_term,6IRouO5mvvfcyxtPDKMYFN,hard rock
2026-09-15,short_term,6IRouO5mvvfcyxtPDKMYFN,pop rock
2026-09-15,short_term,6IRouO5mvvfcyxtPDKMYFN,rock
2026-09-15,short_term,6IRouO5mvvfcyxtPDKMYFN,soft rock
2026-09-15,short_term,6XwwFnewNgWp81MYMK8zLq,deep house
2026-09-15,short_term,700c9Qz2z6HZKTumeliKAw,electronic
2026-09-15,short_term,77SW9BnxLY8rJ0RciFqkHh,alternative rock
2026-09-15,short_term,77SW9BnxLY8rJ0RciFqkHh,indie pop
2026-09-15,short_term,7Ln80lUS6He07XvHI8qqHH,alternative rock
2026-09-15,short_term,7Ln80lUS6He07XvHI8qqHH,art rock
2026-09-15,short_term,7Ln80lUS6He07XvHI8qqHH,baroque pop
2026-09-15,short_term,7Ln80lUS6He07XvHI8qqHH,dance
2026-09-15,short_term,7Ln80lUS6He07XvHI8qqHH,electronica
2026-09-15,short_term,7Ln80lUS6He07XvHI8qqHH,garage rock
2026-09-15,short_term,7Ln80lUS6He07XvHI8qqHH,garage rock revival
2026-09-15,short_term,7Ln80lUS6He07XvHI8qqHH,house
2026-09-15,short_term,7Ln80lUS6He07XvHI8qqHH,indie rock
2026-09-15,short_term,7Ln80lUS6He07XvHI8qqHH,neo-psychedelia
2026-09-15,short_term,7Ln80lUS6He07XvHI8qqHH,pop
2026-09-15,short_term,7Ln80lUS6He07XvHI8qqHH,post-punk revival
2026-09-15,short_term,7Ln80lUS6He07XvHI8qqHH,psychedelic pop
2026-09-15,short_term,7Ln80lUS6He07XvHI8qqHH,psychedelic rock
2026-09-15,short_term,7Ln80lUS6He07XvHI8qqHH,rock
2026-09-15,short_term,7tYKF4w9nC0nq9CsPZTHyP,alternative r&b
2026-09-15,short_term,7tYKF4w9nC0nq9CsPZTHyP,contemporary r&b
2026-09-15,short_term,7tYKF4w9nC0nq9CsPZTHyP,electronic
2026-09-15,short_term,7tYKF4w9nC0nq9CsPZTHyP,hip hop soul
2026-09-15,short_term,7tYKF4w9nC0nq9CsPZTHyP,neo soul
2026-09-15,short_term,7tYKF4w9nC0nq9CsPZTHyP,pop
2026-09-15,short_term,7tYKF4w9nC0nq9CsPZTHyP,r&b
2026-09-15,short_term,7tYKF4w9nC0nq9CsPZTHyP,soul
2026-09-16,long_term,00FQb4jTyendYWaN8pK0wa,alternative pop
2026-09-16,long_term,00FQb4jTyendYWaN8pK0wa,art pop
2026-09-16,long_term,00FQb4jTyendYWaN8pK0wa,ballad
2026-09-16,long_term,00FQb4jTyendYWaN8pK0wa,baroque pop
2026-09-16,long_term,00FQb4jTyendYWaN8pK0wa,chamber pop
2026-09-16,long_term,00FQb4jTyendYWaN8pK0wa,country
2026-09-16,long_term,00FQb4jTyendYWaN8pK0wa,dance
2026-09-16,long_term,00FQb4jTyendYWaN8pK0wa,dream pop
2026-09-16,long_term,00FQb4jTyendYWaN8pK0wa,edm
2026-09-16,long_term,00FQb4jTyendYWaN8pK0wa,electronic
2026-09-16,long_term,00FQb4jTyendYWaN8pK0wa,electronica
2026-09-16,long_term,00FQb4jTyendYWaN8pK0wa,future bass
2026-09-16,long_term,00FQb4jTyendYWaN8pK0wa,house
2026-09-16,long_term,00FQb4jTyendYWaN8pK0wa,indie pop
2026-09-16,long_term,00FQb4jTyendYWaN8pK0wa,indie rock
2026-09-16,long_term,00FQb4jTyendYWaN8pK0wa,melodic house
2026-09-16,long_term,00FQb4jTyendYWaN8pK0wa,melodic techno
2026-09-16,long_term,00FQb4jTyendYWaN8pK0wa,neo-psychedelia
2026-09-16,long_term,00FQb4jTyendYWaN8pK0wa,pop
2026-09-16,long_term,00FQb4jTyendYWaN8pK0wa,psychedelic pop
2026-09-16,long_term,00FQb4jTyendYWaN8pK0wa,r&b
2026-09-16,long_term,00FQb4jTyendYWaN8pK0wa,rock
2026-09-16,long_term,00FQb4jTyendYWaN8pK0wa,singer-songwriter
2026-09-16,long_term,00FQb4jTyendYWaN8pK0wa,slowcore
2026-09-16,long_term,00FQb4jTyendYWaN8pK0wa,trap
2026-09-16,long_term,00FQb4jTyendYWaN8pK0wa,trip hop
2026-09-16,long_term,06O23tLg0or676h8EEzH7W,chillwave
2026-09-16,long_term,06O23tLg0or676h8EEzH7W,dreamwave
2026-09-16,long_term,06O23tLg0or676h8EEzH7W,electronic
2026-09-16,long_term,06O23tLg0or676h8EEzH7W,synth-pop
2026-09-16,long_term,06O23tLg0or676h8EEzH7W,witch house
2026-09-16,long_term,0Y5tJX1MQlPlqiwlOH1tJY,experimental hip hop
2026-09-16,long_term,0Y5tJX1MQlPlqiwlOH1tJY,hip hop
2026-09-16,long_term,0Y5tJX1MQlPlqiwlOH1tJY,pop rap
2026-09-16,long_term,0Y5tJX1MQlPlqiwlOH1tJY,southern hip hop
2026-09-16,long_term,0Y5tJX1MQlPlqiwlOH1tJY,trap
2026-09-16,long_term,0Y6dVaC9DZtPNH4591M42W,dream pop
2026-09-16,long_term,0Y6dVaC9DZtPNH4591M42W,electronic
2026-09-16,long_term,0Y6dVaC9DZtPNH4591M42W,hip hop
2026-09-16,long_term,0Y6dVaC9DZtPNH4591M42W,indie pop
2026-09-16,long_term,0Y6dVaC9DZtPNH4591M42W,indie rock
2026-09-16,long_term,0Y6dVaC9DZtPNH4591M42W,lo-fi
2026-09-16,long_term,0Y6dVaC9DZtPNH4591M42W,pop
2026-09-16,long_term,0dgJbQ0bKPyUXco8hEXN7X,ambient
2026-09-16,long_term,0dgJbQ0bKPyUXco8hEXN7X,boom bap
2026-09-16,long_term,0dgJbQ0bKPyUXco8hEXN7X,chillout
2026-09-16,long_term,0dgJbQ0bKPyUXco8hEXN7X,chillwave
2026-09-16,long_term,0dgJbQ0bKPyUXco8hEXN7X,downtempo
2026-09-16,long_term,0dgJbQ0bKPyUXco8hEXN7X,drift phonk
2026-09-16,long_term,0dgJbQ0bKPyUXco8hEXN7X,hardwave
2026-09-16,long_term,0dgJbQ0bKPyUXco8hEXN7X,hip hop
2026-09-16,long_term,0dgJbQ0bKPyUXco8hEXN7X,house
2026-09-16,long_term,0dgJbQ0bKPyUXco8hEXN7X,instrumental
2026-09-16,long_term,0dgJbQ0bKPyUXco8hEXN7X,instrumental hip hop
2026-09-16,long_term,0dgJbQ0bKPyUXco8hEXN7X,lo-fi
2026-09-16,long_term,0dgJbQ0bKPyUXco8hEXN7X,lo-fi hip hop
2026-09-16,long_term,0dgJbQ0bKPyUXco8hEXN7X,phonk
2026-09-16,long_term,0dgJbQ0bKPyUXco8hEXN7X,wave
2026-09-16,long_term,0klU31gyC6EZqKgLvVANCy,boom bap
2026-09-16,long_term,0klU31gyC6EZqKgLvVANCy,chillwave
2026-09-16,long_term,0klU31gyC6EZqKgLvVANCy,downtempo
2026-09-16,long_term,0klU31gyC6EZqKgLvVANCy,hip hop
2026-09-16,long_term,0klU31gyC6EZqKgLvVANCy,instrumental
2026-09-16,long_term,0klU31gyC6EZqKgLvVANCy,instrumental hip hop
2026-09-16,long_term,0klU31gyC6EZqKgLvVANCy,lo-fi
2026-09-16,long_term,0klU31gyC6EZqKgLvVANCy,lo-fi hip hop
2026-09-16,long_term,17XXKfRBMCWvLrqGoNkJXm,ballad
2026-09-16,long_term,17XXKfRBMCWvLrqGoNkJXm,easy listening
2026-09-16,long_term,17XXKfRBMCWvLrqGoNkJXm,pop
2026-09-16,long_term,19ra5tSw0tWufvUp8GotLo,ballad
2026-09-16,long_term,19ra5tSw0tWufvUp8GotLo,blue-eyed soul
2026-09-16,long_term,19ra5tSw0tWufvUp8GotLo,contemporary r&b
2026-09-16,long_term,19ra5tSw0tWufvUp8GotLo,dance-pop
2026-09-16,long_term,19ra5tSw0tWufvUp8GotLo,dance-rock
2026-09-16,long_term,19ra5tSw0tWufvUp8GotLo,jazz
2026-09-16,long_term,19ra5tSw0tWufvUp8GotLo,pop
2026-09-16,long_term,19ra5tSw0tWufvUp8GotLo,pop rock
2026-09-16,long_term,19ra5tSw0tWufvUp8GotLo,pop soul
2026-09-16,long_term,19ra5tSw0tWufvUp8GotLo,r&b
2026-09-16,long_term,19ra5tSw0tWufvUp8GotLo,smooth jazz
2026-09-16,long_term,19ra5tSw0tWufvUp8GotLo,smooth soul
2026-09-16,long_term,19ra5tSw0tWufvUp8GotLo,soft rock
2026-09-16,long_term,19ra5tSw0tWufvUp8GotLo,sophisti-pop
2026-09-16,long_term,19ra5tSw0tWufvUp8GotLo,soul
2026-09-16,long_term,1QAJqy2dA3ihHBFIHRphZj,ambient
2026-09-16,long_term,1QAJqy2dA3ihHBFIHRphZj,ambient pop
2026-09-16,long_term,1QAJqy2dA3ihHBFIHRphZj,dream pop
2026-09-16,long_term,1QAJqy2dA3ihHBFIHRphZj,indie pop
2026-09-16,long_term,1QAJqy2dA3ihHBFIHRphZj,indie rock
2026-09-16,long_term,1QAJqy2dA3ihHBFIHRphZj,pop
2026-09-16,long_term,1QAJqy2dA3ihHBFIHRphZj,shoegaze
2026-09-16,long_term,1QAJqy2dA3ihHBFIHRphZj,slowcore
2026-09-16,long_term,1Xyo4u8uXC1ZmMpatF05PJ,alternative r&b
2026-09-16,long_term,1Xyo4u8uXC1ZmMpatF05PJ,contemporary r&b
2026-09-16,long_term,1Xyo4u8uXC1ZmMpatF05PJ,dance-pop
2026-09-16,long_term,1Xyo4u8uXC1ZmMpatF05PJ,hypnagogic pop
2026-09-16,long_term,1Xyo4u8uXC1ZmMpatF05PJ,pop
2026-09-16,long_term,1Xyo4u8uXC1ZmMpatF05PJ,r&b
2026-09-16,long_term,1Xyo4u8uXC1ZmMpatF05PJ,synth-pop
2026-09-16,long_term,1cGyguqPQY22oUd4fKglFS,ambient
2026-09-16,long_term,1cGyguqPQY22oUd4fKglFS,dark ambient
2026-09-16,long_term,1mYsTxnqsietFxj1OgoGbG,classical
2026-09-16,long_term,1mYsTxnqsietFxj1OgoGbG,filmi
2026-09-16,long_term,1mYsTxnqsietFxj1OgoGbG,world fusion
2026-09-16,long_term,1wRPtKGflJrBx9BmLsSwlU,filmi
2026-09-16,long_term,2YZyLoL8N0Wb9xBt1NhZWg,alternative hip hop
2026-09-16,long_term,2YZyLoL8N0Wb9xBt1NhZWg,conscious hip hop
2026-09-16,long_term,2YZyLoL8N0Wb9xBt1NhZWg,dance
2026-09-16,long_term,2YZyLoL8N0Wb9xBt1NhZWg,disco
2026-09-16,long_term,2YZyLoL8N0Wb9xBt1NhZWg,future bass
2026-09-16,long_term,2YZyLoL8N0Wb9xBt1NhZWg,gangsta rap
2026-09-16,long_term,2YZyLoL8N0Wb9xBt1NhZWg,hardcore hip hop
2026-09-16,long_term,2YZyLoL8N0Wb9xBt1NhZWg,hip hop
2026-09-16,long_term,2YZyLoL8N0Wb9xBt1NhZWg,house
2026-09-16,long_term,2YZyLoL8N0Wb9xBt1NhZWg,jazz
2026-09-16,long_term,2YZyLoL8N0Wb9xBt1NhZWg,jazz rap
2026-09-16,long_term,2YZyLoL8N0Wb9xBt1NhZWg,pop
2026-09-16,long_term,2YZyLoL8N0Wb9xBt1NhZWg,pop rap
2026-09-16,long_term,2YZyLoL8N0Wb9xBt1NhZWg,r&b
2026-09-16,long_term,2YZyLoL8N0Wb9xBt1NhZWg,trap
2026-09-16,long_term,2YZyLoL8N0Wb9xBt1NhZWg,west coast hip hop
2026-09-16,long_term,2exebQUDoIoT0dXA8BcN1P,chillwave
2026-09-16,long_term,2exebQUDoIoT0dXA8BcN1P,electronic
2026-09-16,long_term,2exebQUDoIoT0dXA8BcN1P,synthwave
2026-09-16,long_term,2h93pZq0e7k5yf4dywlkpM,alternative r&b
2026-09-16,long_term,2h93pZq0e7k5yf4dywlkpM,contemporary r&b
2026-09-16,long_term,2h93pZq0e7k5yf4dywlkpM,pop
2026-09-16,long_term,2h93pZq0e7k5yf4dywlkpM,r&b
2026-09-16,long_term,2jku7tDXc6XoB6MO2hFuqg,alternative hip hop
2026-09-16,long_term,2jku7tDXc6XoB6MO2hFuqg,alternative r&b
2026-09-16,long_term,2jku7tDXc6XoB6MO2hFuqg,contemporary r&b
2026-09-16,long_term,2jku7tDXc6XoB6MO2hFuqg,dancehall
2026-09-16,long_term,2jku7tDXc6XoB6MO2hFuqg,hip hop
2026-09-16,long_term,2jku7tDXc6XoB6MO2hFuqg,r&b
2026-09-16,long_term,2sSGPbdZJkaSE2AbcGOACx,bedroom pop
2026-09-16,long_term,2sSGPbdZJkaSE2AbcGOACx,dream pop
2026-09-16,long_term,2sSGPbdZJkaSE2AbcGOACx,indie pop
2026-09-16,long_term,2sSGPbdZJkaSE2AbcGOACx,lo-fi
2026-09-16,long_term,2sSGPbdZJkaSE2AbcGOACx,psychedelic pop
2026-09-16,long_term,2sSGPbdZJkaSE2AbcGOACx,psychedelic soul
2026-09-16,long_term,2sSGPbdZJkaSE2AbcGOACx,synth-pop
2026-09-16,long_term,3AA28KZvwAUcZuOKwyblJQ,alternative dance
2026-09-16,long_term,3AA28KZvwAUcZuOKwyblJQ,alternative hip hop
2026-09-16,long_term,3AA28KZvwAUcZuOKwyblJQ,alternative pop
2026-09-16,long_term,3AA28KZvwAUcZuOKwyblJQ,alternative rock
2026-09-16,long_term,3AA28KZvwAUcZuOKwyblJQ,art pop
2026-09-16,long_term,3AA28KZvwAUcZuOKwyblJQ,bassline
2026-09-16,long_term,3AA28KZvwAUcZuOKwyblJQ,breakbeat
2026-09-16,long_term,3AA28KZvwAUcZuOKwyblJQ,breaks
2026-09-16,long_term,3AA28KZvwAUcZuOKwyblJQ,dance
2026-09-16,long_term,3AA28KZvwAUcZuOKwyblJQ,disco
2026-09-16,long_term,3AA28KZvwAUcZuOKwyblJQ,electronic
2026-09-16,long_term,3AA28KZvwAUcZuOKwyblJQ,electronica
2026-09-16,long_term,3AA28KZvwAUcZuOKwyblJQ,electropop
2026-09-16,long_term,3AA28KZvwAUcZuOKwyblJQ,future bass
2026-09-16,long_term,3AA28KZvwAUcZuOKwyblJQ,hip hop
2026-09-16,long_term,3AA28KZvwAUcZuOKwyblJQ,indie rock
2026-09-16,long_term,3AA28KZvwAUcZuOKwyblJQ,latin
2026-09-16,long_term,3AA28KZvwAUcZuOKwyblJQ,pop
2026-09-16,long_term,3AA28KZvwAUcZuOKwyblJQ,pop rock
2026-09-16,long_term,3AA28KZvwAUcZuOKwyblJQ,rock
2026-09-16,long_term,3AA28KZvwAUcZuOKwyblJQ,synth-pop
2026-09-16,long_term,3AA28KZvwAUcZuOKwyblJQ,tech house
2026-09-16,long_term,3AA28KZvwAUcZuOKwyblJQ,trap
2026-09-16,long_term,3AA28KZvwAUcZuOKwyblJQ,trip hop
2026-09-16,long_term,3AA28KZvwAUcZuOKwyblJQ,uk garage
2026-09-16,long_term,3MZsBdqDrRTJihTHQrO6Dq,alternative r&b
2026-09-16,long_term,3MZsBdqDrRTJihTHQrO6Dq,art pop
2026-09-16,long_term,3MZsBdqDrRTJihTHQrO6Dq,ballad
2026-09-16,long_term,3MZsBdqDrRTJihTHQrO6Dq,instrumental hip hop
2026-09-16,long_term,3MZsBdqDrRTJihTHQrO6Dq,lo-fi hip hop
2026-09-16,long_term,3MZsBdqDrRTJihTHQrO6Dq,trip hop
2026-09-16,long_term,3Sz7ZnJQBIHsXLUSo0OQtM,folk pop
2026-09-16,long_term,3Sz7ZnJQBIHsXLUSo0OQtM,indie pop
2026-09-16,long_term,3Sz7ZnJQBIHsXLUSo0OQtM,indie rock
2026-09-16,long_term,3Sz7ZnJQBIHsXLUSo0OQtM,jangle pop
2026-09-16,long_term,3Sz7ZnJQBIHsXLUSo0OQtM,pop
2026-09-16,long_term,3Sz7ZnJQBIHsXLUSo0OQtM,psychedelic pop
2026-09-16,long_term,3TVXtAsR1Inumwj472S9r4,alternative r&b
2026-09-16,long_term,3TVXtAsR1Inumwj472S9r4,contemporary r&b
2026-09-16,long_term,3TVXtAsR1Inumwj472S9r4,hardcore hip hop
2026-09-16,long_term,3TVXtAsR1Inumwj472S9r4,hip hop
2026-09-16,long_term,3TVXtAsR1Inumwj472S9r4,pop
2026-09-16,long_term,3TVXtAsR1Inumwj472S9r4,pop rap
2026-09-16,long_term,3TVXtAsR1Inumwj472S9r4,r&b
2026-09-16,long_term,3TVXtAsR1Inumwj472S9r4,southern hip hop
2026-09-16,long_term,3TVXtAsR1Inumwj472S9r4,trap
2026-09-16,long_term,3zmfs9cQwzJl575W1ZYXeT,bedroom pop
2026-09-16,long_term,3zmfs9cQwzJl575W1ZYXeT,downtempo
2026-09-16,long_term,3zmfs9cQwzJl575W1ZYXeT,dream pop
2026-09-16,long_term,3zmfs9cQwzJl575W1ZYXeT,indie pop
2026-09-16,long_term,3zmfs9cQwzJl575W1ZYXeT,neo-psychedelia
2026-09-16,long_term,3zmfs9cQwzJl575W1ZYXeT,pop
2026-09-16,long_term,3zmfs9cQwzJl575W1ZYXeT,shoegaze
2026-09-16,long_term,3zmfs9cQwzJl575W1ZYXeT,sophisti-pop
2026-09-16,long_term,47zz7sob9NUcODy0BTDvKx,contemporary r&b
2026-09-16,long_term,47zz7sob9NUcODy0BTDvKx,downtempo
2026-09-16,long_term,47zz7sob9NUcODy0BTDvKx,jazz
2026-09-16,long_term,47zz7sob9NUcODy0BTDvKx,jazz pop
2026-09-16,long_term,47zz7sob9NUcODy0BTDvKx,pop
2026-09-16,long_term,47zz7sob9NUcODy0BTDvKx,quiet storm
2026-09-16,long_term,47zz7sob9NUcODy0BTDvKx,smooth jazz
2026-09-16,long_term,47zz7sob9NUcODy0BTDvKx,smooth soul
2026-09-16,long_term,47zz7sob9NUcODy0BTDvKx,sophisti-pop
2026-09-16,long_term,47zz7sob9NUcODy0BTDvKx,soul
2026-09-16,long_term,47zz7sob9NUcODy0BTDvKx,trip hop
2026-09-16,long_term,4KRllJ2dEeoqvxOQLOgOsI,electronic
2026-09-16,long_term,4KRllJ2dEeoqvxOQLOgOsI,phonk
2026-09-16,long_term,4KRllJ2dEeoqvxOQLOgOsI,phonk house
2026-09-16,long_term,4KRllJ2dEeoqvxOQLOgOsI,synthwave
2026-09-16,long_term,4KRllJ2dEeoqvxOQLOgOsI,trap
2026-09-16,long_term,4KRllJ2dEeoqvxOQLOgOsI,wave
2026-09-16,long_term,4MrQDA45Gd0llLrwFUzimG,boom bap
2026-09-16,long_term,4MrQDA45Gd0llLrwFUzimG,chillwave
2026-09-16,long_term,4MrQDA45Gd0llLrwFUzimG,downtempo
2026-09-16,long_term,4MrQDA45Gd0llLrwFUzimG,hip hop
2026-09-16,long_term,4MrQDA45Gd0llLrwFUzimG,instrumental
2026-09-16,long_term,4MrQDA45Gd0llLrwFUzimG,instrumental hip hop
2026-09-16,long_term,4MrQDA45Gd0llLrwFUzimG,lo-fi
2026-09-16,long_term,4MrQDA45Gd0llLrwFUzimG,lo-fi hip hop
2026-09-16,long_term,4gdMJYnopf2nEUcanAwstx,indian pop
2026-09-16,long_term,4gdMJYnopf2nEUcanAwstx,singer-songwriter
2026-09-16,long_term,4gzpq5DPGxSnKTe4SA8HAU,alternative rock
2026-09-16,long_term,4gzpq5DPGxSnKTe4SA8HAU,art pop
2026-09-16,long_term,4gzpq5DPGxSnKTe4SA8HAU,britpop
2026-09-16,long_term,4gzpq5DPGxSnKTe4SA8HAU,dream pop
2026-09-16,long_term,4gzpq5DPGxSnKTe4SA8HAU,piano rock
2026-09-16,long_term,4gzpq5DPGxSnKTe4SA8HAU,pop
2026-09-16,long_term,4gzpq5DPGxSnKTe4SA8HAU,pop rock
2026-09-16,long_term,4gzpq5DPGxSnKTe4SA8HAU,post-britpop
2026-09-16,long_term,4gzpq5DPGxSnKTe4SA8HAU,rock
2026-09-16,long_term,4yvcSjfu4PC0CYQyLy4wSq,electronic
2026-09-16,long_term,4yvcSjfu4PC0CYQyLy4wSq,indie pop
2026-09-16,long_term,4yvcSjfu4PC0CYQyLy4wSq,indie rock
2026-09-16,long_term,4yvcSjfu4PC0CYQyLy4wSq,indietronica
2026-09-16,long_term,4yvcSjfu4PC0CYQyLy4wSq,pop
2026-09-16,long_term,4yvcSjfu4PC0CYQyLy4wSq,psychedelic pop
2026-09-16,long_term,4yvcSjfu4PC0CYQyLy4wSq,psychedelic rock
2026-09-16,long_term,5INjqkS1o8h1imAzPqGZBb,alternative dance
2026-09-16,long_term,5INjqkS1o8h1imAzPqGZBb,alternative rock
2026-09-16,long_term,5INjqkS1o8h1imAzPqGZBb,dream pop
2026-09-16,long_term,5INjqkS1o8h1imAzPqGZBb,indie rock
2026-09-16,long_term,5INjqkS1o8h1imAzPqGZBb,indietronica
2026-09-16,long_term,5INjqkS1o8h1imAzPqGZBb,leftfield
2026-09-16,long_term,5INjqkS1o8h1imAzPqGZBb,neo-psychedelia
2026-09-16,long_term,5INjqkS1o8h1imAzPqGZBb,pop
2026-09-16,long_term,5INjqkS1o8h1imAzPqGZBb,psychedelic
2026-09-16,long_term,5INjqkS1o8h1imAzPqGZBb,psychedelic pop
2026-09-16,long_term,5INjqkS1o8h1imAzPqGZBb,psychedelic rock
2026-09-16,long_term,5INjqkS1o8h1imAzPqGZBb,rock
2026-09-16,long_term,5INjqkS1o8h1imAzPqGZBb,space rock
2026-09-16,long_term,5INjqkS1o8h1imAzPqGZBb,synth-pop
2026-09-16,long_term,5K4W6rqBFWDnAN6FQUkS6x,chipmunk soul
2026-09-16,long_term,5K4W6rqBFWDnAN6FQUkS6x,christian hip hop
2026-09-16,long_term,5K4W6rqBFWDnAN6FQUkS6x,conscious hip hop
2026-09-16,long_term,5K4W6rqBFWDnAN6FQUkS6x,contemporary r&b
2026-09-16,long_term,5K4W6rqBFWDnAN6FQUkS6x,deep house
2026-09-16,long_term,5K4W6rqBFWDnAN6FQUkS6x,electropop
2026-09-16,long_term,5K4W6rqBFWDnAN6FQUkS6x,experimental hip hop
2026-09-16,long_term,5K4W6rqBFWDnAN6FQUkS6x,future bass
2026-09-16,long_term,5K4W6rqBFWDnAN6FQUkS6x,hip hop
2026-09-16,long_term,5K4W6rqBFWDnAN6FQUkS6x,house
2026-09-16,long_term,5K4W6rqBFWDnAN6FQUkS6x,pop
2026-09-16,long_term,5K4W6rqBFWDnAN6FQUkS6x,pop rap
2026-09-16,long_term,5K4W6rqBFWDnAN6FQUkS6x,r&b
2026-09-16,long_term,5K4W6rqBFWDnAN6FQUkS6x,trap
2026-09-16,long_term,5cj0lLjcoR7YOSnhnX0Po5,alternative rock
2026-09-16,long_term,5cj0lLjcoR7YOSnhnX0Po5,grunge
2026-09-16,long_term,5cj0lLjcoR7YOSnhnX0Po5,hip hop
2026-09-16,long_term,5cj0lLjcoR7YOSnhnX0Po5,pop
2026-09-16,long_term,5cj0lLjcoR7YOSnhnX0Po5,pop rap
2026-09-16,long_term,5cj0lLjcoR7YOSnhnX0Po5,post-grunge
2026-09-16,long_term,5cj0lLjcoR7YOSnhnX0Po5,power pop
2026-09-16,long_term,5cj0lLjcoR7YOSnhnX0Po5,rock
2026-09-16,long_term,5cj0lLjcoR7YOSnhnX0Po5,trap
2026-09-16,long_term,5cj0lLjcoR7YOSnhnX0Po5,west coast hip hop
2026-09-16,long_term,5y8tKLUfMvliMe8IKamR32,alternative r&b
2026-09-16,long_term,5y8tKLUfMvliMe8IKamR32,contemporary r&b
2026-09-16,long_term,5y8tKLUfMvliMe8IKamR32,indie pop
2026-09-16,long_term,5y8tKLUfMvliMe8IKamR32,lo-fi
2026-09-16,long_term,6YJ4EgQzDfJnIHRbqIHAdD,chillwave
2026-09-16,long_term,6YJ4EgQzDfJnIHRbqIHAdD,downtempo
2026-09-16,long_term,6YJ4EgQzDfJnIHRbqIHAdD,instrumental
2026-09-16,long_term,6YJ4EgQzDfJnIHRbqIHAdD,instrumental hip hop
2026-09-16,long_term,6YJ4EgQzDfJnIHRbqIHAdD,lo-fi
2026-09-16,long_term,6YJ4EgQzDfJnIHRbqIHAdD,lo-fi hip hop
2026-09-16,long_term,6ft7JnxMyZhp7N52qzHymY,dream pop
2026-09-16,long_term,700c9Qz2z6HZKTumeliKAw,electronic
2026-09-16,long_term,77SW9BnxLY8rJ0RciFqkHh,alternative rock
2026-09-16,long_term,77SW9BnxLY8rJ0RciFqkHh,indie pop
2026-09-16,long_term,78rUTD7y6Cy67W1RVzYs7t,alternative pop
2026-09-16,long_term,78rUTD7y6Cy67W1RVzYs7t,bubblegum pop
2026-09-16,long_term,78rUTD7y6Cy67W1RVzYs7t,dance-pop
2026-09-16,long_term,78rUTD7y6Cy67W1RVzYs7t,drum and bass
2026-09-16,long_term,78rUTD7y6Cy67W1RVzYs7t,future garage
2026-09-16,long_term,78rUTD7y6Cy67W1RVzYs7t,jungle
2026-09-16,long_term,78rUTD7y6Cy67W1RVzYs7t,pop
2026-09-16,long_term,78rUTD7y6Cy67W1RVzYs7t,uk garage
2026-09-16,long_term,7Ln80lUS6He07XvHI8qqHH,alternative rock
2026-09-16,long_term,7Ln80lUS6He07XvHI8qqHH,art rock
2026-09-16,long_term,7Ln80lUS6He07XvHI8qqHH,baroque pop
2026-09-16,long_term,7Ln80lUS6He07XvHI8qqHH,dance
2026-09-16,long_term,7Ln80lUS6He07XvHI8qqHH,electronica
2026-09-16,long_term,7Ln80lUS6He07XvHI8qqHH,garage rock
2026-09-16,long_term,7Ln80lUS6He07XvHI8qqHH,garage rock revival
2026-09-16,long_term,7Ln80lUS6He07XvHI8qqHH,house
2026-09-16,long_term,7Ln80lUS6He07XvHI8qqHH,indie rock
2026-09-16,long_term,7Ln80lUS6He07XvHI8qqHH,neo-psychedelia
2026-09-16,long_term,7Ln80lUS6He07XvHI8qqHH,pop
2026-09-16,long_term,7Ln80lUS6He07XvHI8qqHH,post-punk revival
2026-09-16,long_term,7Ln80lUS6He07XvHI8qqHH,psychedelic pop
2026-09-16,long_term,7Ln80lUS6He07XvHI8qqHH,psychedelic rock
2026-09-16,long_term,7Ln80lUS6He07XvHI8qqHH,rock
2026-09-16,long_term,7gW0r5CkdEUMm42w9XpyZO,bossa nova
2026-09-16,long_term,7gW0r5CkdEUMm42w9XpyZO,jazz
2026-09-16,long_term,7gW0r5CkdEUMm42w9XpyZO,jazz pop
2026-09-16,long_term,7gW0r5CkdEUMm42w9XpyZO,singer-songwriter
2026-09-16,long_term,7gW0r5CkdEUMm42w9XpyZO,vocal jazz
2026-09-16,long_term,7tYKF4w9nC0nq9CsPZTHyP,alternative r&b
2026-09-16,long_term,7tYKF4w9nC0nq9CsPZTHyP,contemporary r&b
2026-09-16,long_term,7tYKF4w9nC0nq9CsPZTHyP,electronic
2026-09-16,long_term,7tYKF4w9nC0nq9CsPZTHyP,hip hop soul
2026-09-16,long_term,7tYKF4w9nC0nq9CsPZTHyP,neo soul
2026-09-16,long_term,7tYKF4w9nC0nq9CsPZTHyP,pop
2026-09-16,long_term,7tYKF4w9nC0nq9CsPZTHyP,r&b
2026-09-16,long_term,7tYKF4w9nC0nq9CsPZTHyP,soul
2026-09-16,medium_term,00FQb4jTyendYWaN8pK0wa,alternative pop
2026-09-16,medium_term,00FQb4jTyendYWaN8pK0wa,art pop
2026-09-16,medium_term,00FQb4jTyendYWaN8pK0wa,ballad
2026-09-16,medium_term,00FQb4jTyendYWaN8pK0wa,baroque pop
2026-09-16,medium_term,00FQb4jTyendYWaN8pK0wa,chamber pop
2026-09-16,medium_term,00FQb4jTyendYWaN8pK0wa,country
2026-09-16,medium_term,00FQb4jTyendYWaN8pK0wa,dance
2026-09-16,medium_term,00FQb4jTyendYWaN8pK0wa,dream pop
2026-09-16,medium_term,00FQb4jTyendYWaN8pK0wa,edm
2026-09-16,medium_term,00FQb4jTyendYWaN8pK0wa,electronic
2026-09-16,medium_term,00FQb4jTyendYWaN8pK0wa,electronica
2026-09-16,medium_term,00FQb4jTyendYWaN8pK0wa,future bass
2026-09-16,medium_term,00FQb4jTyendYWaN8pK0wa,house
2026-09-16,medium_term,00FQb4jTyendYWaN8pK0wa,indie pop
2026-09-16,medium_term,00FQb4jTyendYWaN8pK0wa,indie rock
2026-09-16,medium_term,00FQb4jTyendYWaN8pK0wa,melodic house
2026-09-16,medium_term,00FQb4jTyendYWaN8pK0wa,melodic techno
2026-09-16,medium_term,00FQb4jTyendYWaN8pK0wa,neo-psychedelia
2026-09-16,medium_term,00FQb4jTyendYWaN8pK0wa,pop
2026-09-16,medium_term,00FQb4jTyendYWaN8pK0wa,psychedelic pop
2026-09-16,medium_term,00FQb4jTyendYWaN8pK0wa,r&b
2026-09-16,medium_term,00FQb4jTyendYWaN8pK0wa,rock
2026-09-16,medium_term,00FQb4jTyendYWaN8pK0wa,singer-songwriter
2026-09-16,medium_term,00FQb4jTyendYWaN8pK0wa,slowcore
2026-09-16,medium_term,00FQb4jTyendYWaN8pK0wa,trap
2026-09-16,medium_term,00FQb4jTyendYWaN8pK0wa,trip hop
2026-09-16,medium_term,0Y6dVaC9DZtPNH4591M42W,dream pop
2026-09-16,medium_term,0Y6dVaC9DZtPNH4591M42W,electronic
2026-09-16,medium_term,0Y6dVaC9DZtPNH4591M42W,hip hop
2026-09-16,medium_term,0Y6dVaC9DZtPNH4591M42W,indie pop
2026-09-16,medium_term,0Y6dVaC9DZtPNH4591M42W,indie rock
2026-09-16,medium_term,0Y6dVaC9DZtPNH4591M42W,lo-fi
2026-09-16,medium_term,0Y6dVaC9DZtPNH4591M42W,pop
2026-09-16,medium_term,0dgJbQ0bKPyUXco8hEXN7X,ambient
2026-09-16,medium_term,0dgJbQ0bKPyUXco8hEXN7X,boom bap
2026-09-16,medium_term,0dgJbQ0bKPyUXco8hEXN7X,chillout
2026-09-16,medium_term,0dgJbQ0bKPyUXco8hEXN7X,chillwave
2026-09-16,medium_term,0dgJbQ0bKPyUXco8hEXN7X,downtempo
2026-09-16,medium_term,0dgJbQ0bKPyUXco8hEXN7X,drift phonk
2026-09-16,medium_term,0dgJbQ0bKPyUXco8hEXN7X,hardwave
2026-09-16,medium_term,0dgJbQ0bKPyUXco8hEXN7X,hip hop
2026-09-16,medium_term,0dgJbQ0bKPyUXco8hEXN7X,house
2026-09-16,medium_term,0dgJbQ0bKPyUXco8hEXN7X,instrumental
2026-09-16,medium_term,0dgJbQ0bKPyUXco8hEXN7X,instrumental hip hop
2026-09-16,medium_term,0dgJbQ0bKPyUXco8hEXN7X,lo-fi
2026-09-16,medium_term,0dgJbQ0bKPyUXco8hEXN7X,lo-fi hip hop
2026-09-16,medium_term,0dgJbQ0bKPyUXco8hEXN7X,phonk
2026-09-16,medium_term,0dgJbQ0bKPyUXco8hEXN7X,wave
2026-09-16,medium_term,0klU31gyC6EZqKgLvVANCy,boom bap
2026-09-16,medium_term,0klU31gyC6EZqKgLvVANCy,chillwave
2026-09-16,medium_term,0klU31gyC6EZqKgLvVANCy,downtempo
2026-09-16,medium_term,0klU31gyC6EZqKgLvVANCy,hip hop
2026-09-16,medium_term,0klU31gyC6EZqKgLvVANCy,instrumental
2026-09-16,medium_term,0klU31gyC6EZqKgLvVANCy,instrumental hip hop
2026-09-16,medium_term,0klU31gyC6EZqKgLvVANCy,lo-fi
2026-09-16,medium_term,0klU31gyC6EZqKgLvVANCy,lo-fi hip hop
2026-09-16,medium_term,17XXKfRBMCWvLrqGoNkJXm,ballad
2026-09-16,medium_term,17XXKfRBMCWvLrqGoNkJXm,easy listening
2026-09-16,medium_term,17XXKfRBMCWvLrqGoNkJXm,pop
2026-09-16,medium_term,1AbJ2cmwK400LSvdvBL5Jc,bedroom pop
2026-09-16,medium_term,1QAJqy2dA3ihHBFIHRphZj,ambient
2026-09-16,medium_term,1QAJqy2dA3ihHBFIHRphZj,ambient pop
2026-09-16,medium_term,1QAJqy2dA3ihHBFIHRphZj,dream pop
2026-09-16,medium_term,1QAJqy2dA3ihHBFIHRphZj,indie pop
2026-09-16,medium_term,1QAJqy2dA3ihHBFIHRphZj,indie rock
2026-09-16,medium_term,1QAJqy2dA3ihHBFIHRphZj,pop
2026-09-16,medium_term,1QAJqy2dA3ihHBFIHRphZj,shoegaze
2026-09-16,medium_term,1QAJqy2dA3ihHBFIHRphZj,slowcore
2026-09-16,medium_term,1Xyo4u8uXC1ZmMpatF05PJ,alternative r&b
2026-09-16,medium_term,1Xyo4u8uXC1ZmMpatF05PJ,contemporary r&b
2026-09-16,medium_term,1Xyo4u8uXC1ZmMpatF05PJ,dance-pop
2026-09-16,medium_term,1Xyo4u8uXC1ZmMpatF05PJ,hypnagogic pop
2026-09-16,medium_term,1Xyo4u8uXC1ZmMpatF05PJ,pop
2026-09-16,medium_term,1Xyo4u8uXC1ZmMpatF05PJ,r&b
2026-09-16,medium_term,1Xyo4u8uXC1ZmMpatF05PJ,synth-pop
2026-09-16,medium_term,1cGyguqPQY22oUd4fKglFS,ambient
2026-09-16,medium_term,1cGyguqPQY22oUd4fKglFS,dark ambient
2026-09-16,medium_term,1wRPtKGflJrBx9BmLsSwlU,filmi
2026-09-16,medium_term,2YZyLoL8N0Wb9xBt1NhZWg,alternative hip hop
2026-09-16,medium_term,2YZyLoL8N0Wb9xBt1NhZWg,conscious hip hop
2026-09-16,medium_term,2YZyLoL8N0Wb9xBt1NhZWg,dance
2026-09-16,medium_term,2YZyLoL8N0Wb9xBt1NhZWg,disco
2026-09-16,medium_term,2YZyLoL8N0Wb9xBt1NhZWg,future bass
2026-09-16,medium_term,2YZyLoL8N0Wb9xBt1NhZWg,gangsta rap
2026-09-16,medium_term,2YZyLoL8N0Wb9xBt1NhZWg,hardcore hip hop
2026-09-16,medium_term,2YZyLoL8N0Wb9xBt1NhZWg,hip hop
2026-09-16,medium_term,2YZyLoL8N0Wb9xBt1NhZWg,house
2026-09-16,medium_term,2YZyLoL8N0Wb9xBt1NhZWg,jazz
2026-09-16,medium_term,2YZyLoL8N0Wb9xBt1NhZWg,jazz rap
2026-09-16,medium_term,2YZyLoL8N0Wb9xBt1NhZWg,pop
2026-09-16,medium_term,2YZyLoL8N0Wb9xBt1NhZWg,pop rap
2026-09-16,medium_term,2YZyLoL8N0Wb9xBt1NhZWg,r&b
2026-09-16,medium_term,2YZyLoL8N0Wb9xBt1NhZWg,trap
2026-09-16,medium_term,2YZyLoL8N0Wb9xBt1NhZWg,west coast hip hop
2026-09-16,medium_term,2h93pZq0e7k5yf4dywlkpM,alternative r&b
2026-09-16,medium_term,2h93pZq0e7k5yf4dywlkpM,contemporary r&b
2026-09-16,medium_term,2h93pZq0e7k5yf4dywlkpM,pop
2026-09-16,medium_term,2h93pZq0e7k5yf4dywlkpM,r&b
2026-09-16,medium_term,2jku7tDXc6XoB6MO2hFuqg,alternative hip hop
2026-09-16,medium_term,2jku7tDXc6XoB6MO2hFuqg,alternative r&b
2026-09-16,medium_term,2jku7tDXc6XoB6MO2hFuqg,contemporary r&b
2026-09-16,medium_term,2jku7tDXc6XoB6MO2hFuqg,dancehall
2026-09-16,medium_term,2jku7tDXc6XoB6MO2hFuqg,hip hop
2026-09-16,medium_term,2jku7tDXc6XoB6MO2hFuqg,r&b
2026-09-16,medium_term,3AA28KZvwAUcZuOKwyblJQ,alternative dance
2026-09-16,medium_term,3AA28KZvwAUcZuOKwyblJQ,alternative hip hop
2026-09-16,medium_term,3AA28KZvwAUcZuOKwyblJQ,alternative pop
2026-09-16,medium_term,3AA28KZvwAUcZuOKwyblJQ,alternative rock
2026-09-16,medium_term,3AA28KZvwAUcZuOKwyblJQ,art pop
2026-09-16,medium_term,3AA28KZvwAUcZuOKwyblJQ,bassline
2026-09-16,medium_term,3AA28KZvwAUcZuOKwyblJQ,breakbeat
2026-09-16,medium_term,3AA28KZvwAUcZuOKwyblJQ,breaks
2026-09-16,medium_term,3AA28KZvwAUcZuOKwyblJQ,dance
2026-09-16,medium_term,3AA28KZvwAUcZuOKwyblJQ,disco
2026-09-16,medium_term,3AA28KZvwAUcZuOKwyblJQ,electronic
2026-09-16,medium_term,3AA28KZvwAUcZuOKwyblJQ,electronica
2026-09-16,medium_term,3AA28KZvwAUcZuOKwyblJQ,electropop
2026-09-16,medium_term,3AA28KZvwAUcZuOKwyblJQ,future bass
2026-09-16,medium_term,3AA28KZvwAUcZuOKwyblJQ,hip hop
2026-09-16,medium_term,3AA28KZvwAUcZuOKwyblJQ,indie rock
2026-09-16,medium_term,3AA28KZvwAUcZuOKwyblJQ,latin
2026-09-16,medium_term,3AA28KZvwAUcZuOKwyblJQ,pop
2026-09-16,medium_term,3AA28KZvwAUcZuOKwyblJQ,pop rock
2026-09-16,medium_term,3AA28KZvwAUcZuOKwyblJQ,rock
2026-09-16,medium_term,3AA28KZvwAUcZuOKwyblJQ,synth-pop
2026-09-16,medium_term,3AA28KZvwAUcZuOKwyblJQ,tech house
2026-09-16,medium_term,3AA28KZvwAUcZuOKwyblJQ,trap
2026-09-16,medium_term,3AA28KZvwAUcZuOKwyblJQ,trip hop
2026-09-16,medium_term,3AA28KZvwAUcZuOKwyblJQ,uk garage
2026-09-16,medium_term,3MZsBdqDrRTJihTHQrO6Dq,alternative r&b
2026-09-16,medium_term,3MZsBdqDrRTJihTHQrO6Dq,art pop
2026-09-16,medium_term,3MZsBdqDrRTJihTHQrO6Dq,ballad
2026-09-16,medium_term,3MZsBdqDrRTJihTHQrO6Dq,instrumental hip hop
2026-09-16,medium_term,3MZsBdqDrRTJihTHQrO6Dq,lo-fi hip hop
2026-09-16,medium_term,3MZsBdqDrRTJihTHQrO6Dq,trip hop
2026-09-16,medium_term,3Sz7ZnJQBIHsXLUSo0OQtM,folk pop
2026-09-16,medium_term,3Sz7ZnJQBIHsXLUSo0OQtM,indie pop
2026-09-16,medium_term,3Sz7ZnJQBIHsXLUSo0OQtM,indie rock
2026-09-16,medium_term,3Sz7ZnJQBIHsXLUSo0OQtM,jangle pop
2026-09-16,medium_term,3Sz7ZnJQBIHsXLUSo0OQtM,pop
2026-09-16,medium_term,3Sz7ZnJQBIHsXLUSo0OQtM,psychedelic pop
2026-09-16,medium_term,3TVXtAsR1Inumwj472S9r4,alternative r&b
2026-09-16,medium_term,3TVXtAsR1Inumwj472S9r4,contemporary r&b
2026-09-16,medium_term,3TVXtAsR1Inumwj472S9r4,hardcore hip hop
2026-09-16,medium_term,3TVXtAsR1Inumwj472S9r4,hip hop
2026-09-16,medium_term,3TVXtAsR1Inumwj472S9r4,pop
2026-09-16,medium_term,3TVXtAsR1Inumwj472S9r4,pop rap
2026-09-16,medium_term,3TVXtAsR1Inumwj472S9r4,r&b
2026-09-16,medium_term,3TVXtAsR1Inumwj472S9r4,southern hip hop
2026-09-16,medium_term,3TVXtAsR1Inumwj472S9r4,trap
2026-09-16,medium_term,3ctnkEZGtVBTxS7IMin8nC,lo-fi hip hop
2026-09-16,medium_term,3mIj9lX2MWuHmhNCA7LSCW,alternative pop
2026-09-16,medium_term,3mIj9lX2MWuHmhNCA7LSCW,alternative rock
2026-09-16,medium_term,3mIj9lX2MWuHmhNCA7LSCW,ambient pop
2026-09-16,medium_term,3mIj9lX2MWuHmhNCA7LSCW,art pop
2026-09-16,medium_term,3mIj9lX2MWuHmhNCA7LSCW,indie pop
2026-09-16,medium_term,3mIj9lX2MWuHmhNCA7LSCW,indie rock
2026-09-16,medium_term,3mIj9lX2MWuHmhNCA7LSCW,indietronica
2026-09-16,medium_term,3mIj9lX2MWuHmhNCA7LSCW,leftfield
2026-09-16,medium_term,3mIj9lX2MWuHmhNCA7LSCW,new wave
2026-09-16,medium_term,3mIj9lX2MWuHmhNCA7LSCW,pop rock
2026-09-16,medium_term,3mIj9lX2MWuHmhNCA7LSCW,post-punk revival
2026-09-16,medium_term,3mIj9lX2MWuHmhNCA7LSCW,synth-pop
2026-09-16,medium_term,47zz7sob9NUcODy0BTDvKx,contemporary r&b
2026-09-16,medium_term,47zz7sob9NUcODy0BTDvKx,downtempo
2026-09-16,medium_term,47zz7sob9NUcODy0BTDvKx,jazz
2026-09-16,medium_term,47zz7sob9NUcODy0BTDvKx,jazz pop
2026-09-16,medium_term,47zz7sob9NUcODy0BTDvKx,pop
2026-09-16,medium_term,47zz7sob9NUcODy0BTDvKx,quiet storm
2026-09-16,medium_term,47zz7sob9NUcODy0BTDvKx,smooth jazz
2026-09-16,medium_term,47zz7sob9NUcODy0BTDvKx,smooth soul
2026-09-16,medium_term,47zz7sob9NUcODy0BTDvKx,sophisti-pop
2026-09-16,medium_term,47zz7sob9NUcODy0BTDvKx,soul
2026-09-16,medium_term,47zz7sob9NUcODy0BTDvKx,trip hop
2026-09-16,medium_term,4KRllJ2dEeoqvxOQLOgOsI,electronic
2026-09-16,medium_term,4KRllJ2dEeoqvxOQLOgOsI,phonk
2026-09-16,medium_term,4KRllJ2dEeoqvxOQLOgOsI,phonk house
2026-09-16,medium_term,4KRllJ2dEeoqvxOQLOgOsI,synthwave
2026-09-16,medium_term,4KRllJ2dEeoqvxOQLOgOsI,trap
2026-09-16,medium_term,4KRllJ2dEeoqvxOQLOgOsI,wave
2026-09-16,medium_term,4Z8W4fKeB5YxbusRsdQVPb,alternative rock
2026-09-16,medium_term,4Z8W4fKeB5YxbusRsdQVPb,ambient pop
2026-09-16,medium_term,4Z8W4fKeB5YxbusRsdQVPb,art pop
2026-09-16,medium_term,4Z8W4fKeB5YxbusRsdQVPb,art rock
2026-09-16,medium_term,4Z8W4fKeB5YxbusRsdQVPb,britpop
2026-09-16,medium_term,4Z8W4fKeB5YxbusRsdQVPb,chamber pop
2026-09-16,medium_term,4Z8W4fKeB5YxbusRsdQVPb,crossover prog
2026-09-16,medium_term,4Z8W4fKeB5YxbusRsdQVPb,electronic
2026-09-16,medium_term,4Z8W4fKeB5YxbusRsdQVPb,electronic rock
2026-09-16,medium_term,4Z8W4fKeB5YxbusRsdQVPb,electronica
2026-09-16,medium_term,4Z8W4fKeB5YxbusRsdQVPb,experimental
2026-09-16,medium_term,4Z8W4fKeB5YxbusRsdQVPb,experimental rock
2026-09-16,medium_term,4Z8W4fKeB5YxbusRsdQVPb,idm
2026-09-16,medium_term,4Z8W4fKeB5YxbusRsdQVPb,indie rock
2026-09-16,medium_term,4Z8W4fKeB5YxbusRsdQVPb,indietronica
2026-09-16,medium_term,4Z8W4fKeB5YxbusRsdQVPb,post-britpop
2026-09-16,medium_term,4Z8W4fKeB5YxbusRsdQVPb,post-grunge
2026-09-16,medium_term,4Z8W4fKeB5YxbusRsdQVPb,rock
2026-09-16,medium_term,4dpARuHxo51G3z768sgnrY,blue-eyed soul
2026-09-16,medium_term,4dpARuHxo51G3z768sgnrY,neo soul
2026-09-16,medium_term,4dpARuHxo51G3z768sgnrY,pop
2026-09-16,medium_term,4dpARuHxo51G3z768sgnrY,pop soul
2026-09-16,medium_term,4dpARuHxo51G3z768sgnrY,r&b
2026-09-16,medium_term,4dpARuHxo51G3z768sgnrY,soul
2026-09-16,medium_term,4gdMJYnopf2nEUcanAwstx,indian pop
2026-09-16,medium_term,4gdMJYnopf2nEUcanAwstx,singer-songwriter
2026-09-16,medium_term,4yvcSjfu4PC0CYQyLy4wSq,electronic
2026-09-16,medium_term,4yvcSjfu4PC0CYQyLy4wSq,indie pop
2026-09-16,medium_term,4yvcSjfu4PC0CYQyLy4wSq,indie rock
2026-09-16,medium_term,4yvcSjfu4PC0CYQyLy4wSq,indietronica
2026-09-16,medium_term,4yvcSjfu4PC0CYQyLy4wSq,pop
2026-09-16,medium_term,4yvcSjfu4PC0CYQyLy4wSq,psychedelic pop
2026-09-16,medium_term,4yvcSjfu4PC0CYQyLy4wSq,psychedelic rock
2026-09-16,medium_term,5INjqkS1o8h1imAzPqGZBb,alternative dance
2026-09-16,medium_term,5INjqkS1o8h1imAzPqGZBb,alternative rock
2026-09-16,medium_term,5INjqkS1o8h1imAzPqGZBb,dream pop
2026-09-16,medium_term,5INjqkS1o8h1imAzPqGZBb,indie rock
2026-09-16,medium_term,5INjqkS1o8h1imAzPqGZBb,indietronica
2026-09-16,medium_term,5INjqkS1o8h1imAzPqGZBb,leftfield
2026-09-16,medium_term,5INjqkS1o8h1imAzPqGZBb,neo-psychedelia
2026-09-16,medium_term,5INjqkS1o8h1imAzPqGZBb,pop
2026-09-16,medium_term,5INjqkS1o8h1imAzPqGZBb,psychedelic
2026-09-16,medium_term,5INjqkS1o8h1imAzPqGZBb,psychedelic pop
2026-09-16,medium_term,5INjqkS1o8h1imAzPqGZBb,psychedelic rock
2026-09-16,medium_term,5INjqkS1o8h1imAzPqGZBb,rock
2026-09-16,medium_term,5INjqkS1o8h1imAzPqGZBb,space rock
2026-09-16,medium_term,5INjqkS1o8h1imAzPqGZBb,synth-pop
2026-09-16,medium_term,5cj0lLjcoR7YOSnhnX0Po5,alternative rock
2026-09-16,medium_term,5cj0lLjcoR7YOSnhnX0Po5,grunge
2026-09-16,medium_term,5cj0lLjcoR7YOSnhnX0Po5,hip hop
2026-09-16,medium_term,5cj0lLjcoR7YOSnhnX0Po5,pop
2026-09-16,medium_term,5cj0lLjcoR7YOSnhnX0Po5,pop rap
2026-09-16,medium_term,5cj0lLjcoR7YOSnhnX0Po5,post-grunge
2026-09-16,medium_term,5cj0lLjcoR7YOSnhnX0Po5,power pop
2026-09-16,medium_term,5cj0lLjcoR7YOSnhnX0Po5,rock
2026-09-16,medium_term,5cj0lLjcoR7YOSnhnX0Po5,trap
2026-09-16,medium_term,5cj0lLjcoR7YOSnhnX0Po5,west coast hip hop
2026-09-16,medium_term,5y8tKLUfMvliMe8IKamR32,alternative r&b
2026-09-16,medium_term,5y8tKLUfMvliMe8IKamR32,contemporary r&b
2026-09-16,medium_term,5y8tKLUfMvliMe8IKamR32,indie pop
2026-09-16,medium_term,5y8tKLUfMvliMe8IKamR32,lo-fi
2026-09-16,medium_term,60jYUgQzKAtnJoXKGk1GNn,folk
2026-09-16,medium_term,60jYUgQzKAtnJoXKGk1GNn,pop
2026-09-16,medium_term,60jYUgQzKAtnJoXKGk1GNn,techno
2026-09-16,medium_term,66CXWjxzNUsdJxJ2JdwvnR,contemporary r&b
2026-09-16,medium_term,66CXWjxzNUsdJxJ2JdwvnR,dance-pop
2026-09-16,medium_term,66CXWjxzNUsdJxJ2JdwvnR,pop
2026-09-16,medium_term,66CXWjxzNUsdJxJ2JdwvnR,r&b
2026-09-16,medium_term,66CXWjxzNUsdJxJ2JdwvnR,trap soul
2026-09-16,medium_term,700c9Qz2z6HZKTumeliKAw,electronic
2026-09-16,medium_term,77SW9BnxLY8rJ0RciFqkHh,alternative rock
2026-09-16,medium_term,77SW9BnxLY8rJ0RciFqkHh,indie pop
2026-09-16,medium_term,78rUTD7y6Cy67W1RVzYs7t,alternative pop
2026-09-16,medium_term,78rUTD7y6Cy67W1RVzYs7t,bubblegum pop
2026-09-16,medium_term,78rUTD7y6Cy67W1RVzYs7t,dance-pop
2026-09-16,medium_term,78rUTD7y6Cy67W1RVzYs7t,drum and bass
2026-09-16,medium_term,78rUTD7y6Cy67W1RVzYs7t,future garage
2026-09-16,medium_term,78rUTD7y6Cy67W1RVzYs7t,jungle
2026-09-16,medium_term,78rUTD7y6Cy67W1RVzYs7t,pop
2026-09-16,medium_term,78rUTD7y6Cy67W1RVzYs7t,uk garage
2026-09-16,medium_term,7Ln80lUS6He07XvHI8qqHH,alternative rock
2026-09-16,medium_term,7Ln80lUS6He07XvHI8qqHH,art rock
2026-09-16,medium_term,7Ln80lUS6He07XvHI8qqHH,baroque pop
2026-09-16,medium_term,7Ln80lUS6He07XvHI8qqHH,dance
2026-09-16,medium_term,7Ln80lUS6He07XvHI8qqHH,electronica
2026-09-16,medium_term,7Ln80lUS6He07XvHI8qqHH,garage rock
2026-09-16,medium_term,7Ln80lUS6He07XvHI8qqHH,garage rock revival
2026-09-16,medium_term,7Ln80lUS6He07XvHI8qqHH,house
2026-09-16,medium_term,7Ln80lUS6He07XvHI8qqHH,indie rock
2026-09-16,medium_term,7Ln80lUS6He07XvHI8qqHH,neo-psychedelia
2026-09-16,medium_term,7Ln80lUS6He07XvHI8qqHH,pop
2026-09-16,medium_term,7Ln80lUS6He07XvHI8qqHH,post-punk revival
2026-09-16,medium_term,7Ln80lUS6He07XvHI8qqHH,psychedelic pop
2026-09-16,medium_term,7Ln80lUS6He07XvHI8qqHH,psychedelic rock
2026-09-16,medium_term,7Ln80lUS6He07XvHI8qqHH,rock
2026-09-16,medium_term,7lzordPuZEXxwt9aoVZYmG,alternative dance
2026-09-16,medium_term,7lzordPuZEXxwt9aoVZYmG,classic rock
2026-09-16,medium_term,7lzordPuZEXxwt9aoVZYmG,electronic
2026-09-16,medium_term,7lzordPuZEXxwt9aoVZYmG,hard rock
2026-09-16,medium_term,7lzordPuZEXxwt9aoVZYmG,new wave
2026-09-16,medium_term,7lzordPuZEXxwt9aoVZYmG,pop rock
2026-09-16,medium_term,7lzordPuZEXxwt9aoVZYmG,punk rock
2026-09-16,medium_term,7lzordPuZEXxwt9aoVZYmG,rock
2026-09-16,medium_term,7tYKF4w9nC0nq9CsPZTHyP,alternative r&b
2026-09-16,medium_term,7tYKF4w9nC0nq9CsPZTHyP,contemporary r&b
2026-09-16,medium_term,7tYKF4w9nC0nq9CsPZTHyP,electronic
2026-09-16,medium_term,7tYKF4w9nC0nq9CsPZTHyP,hip hop soul
2026-09-16,medium_term,7tYKF4w9nC0nq9CsPZTHyP,neo soul
2026-09-16,medium_term,7tYKF4w9nC0nq9CsPZTHyP,pop
2026-09-16,medium_term,7tYKF4w9nC0nq9CsPZTHyP,r&b
2026-09-16,medium_term,7tYKF4w9nC0nq9CsPZTHyP,soul
2026-09-16,short_term,00FQb4jTyendYWaN8pK0wa,alternative pop
2026-09-16,short_term,00FQb4jTyendYWaN8pK0wa,art pop
2026-09-16,short_term,00FQb4jTyendYWaN8pK0wa,ballad
2026-09-16,short_term,00FQb4jTyendYWaN8pK0wa,baroque pop
2026-09-16,short_term,00FQb4jTyendYWaN8pK0wa,chamber pop
2026-09-16,short_term,00FQb4jTyendYWaN8pK0wa,country
2026-09-16,short_term,00FQb4jTyendYWaN8pK0wa,dance
2026-09-16,short_term,00FQb4jTyendYWaN8pK0wa,dream pop
2026-09-16,short_term,00FQb4jTyendYWaN8pK0wa,edm
2026-09-16,short_term,00FQb4jTyendYWaN8pK0wa,electronic
2026-09-16,short_term,00FQb4jTyendYWaN8pK0wa,electronica
2026-09-16,short_term,00FQb4jTyendYWaN8pK0wa,future bass
2026-09-16,short_term,00FQb4jTyendYWaN8pK0wa,house
2026-09-16,short_term,00FQb4jTyendYWaN8pK0wa,indie pop
2026-09-16,short_term,00FQb4jTyendYWaN8pK0wa,indie rock
2026-09-16,short_term,00FQb4jTyendYWaN8pK0wa,melodic house
2026-09-16,short_term,00FQb4jTyendYWaN8pK0wa,melodic techno
2026-09-16,short_term,00FQb4jTyendYWaN8pK0wa,neo-psychedelia
2026-09-16,short_term,00FQb4jTyendYWaN8pK0wa,pop
2026-09-16,short_term,00FQb4jTyendYWaN8pK0wa,psychedelic pop
2026-09-16,short_term,00FQb4jTyendYWaN8pK0wa,r&b
2026-09-16,short_term,00FQb4jTyendYWaN8pK0wa,rock
2026-09-16,short_term,00FQb4jTyendYWaN8pK0wa,singer-songwriter
2026-09-16,short_term,00FQb4jTyendYWaN8pK0wa,slowcore
2026-09-16,short_term,00FQb4jTyendYWaN8pK0wa,trap
2026-09-16,short_term,00FQb4jTyendYWaN8pK0wa,trip hop
2026-09-16,short_term,0U7iI0Dk4Ojvi17nZboNO4,indie rock
2026-09-16,short_term,0U7iI0Dk4Ojvi17nZboNO4,surf rock
2026-09-16,short_term,0Y6dVaC9DZtPNH4591M42W,dream pop
2026-09-16,short_term,0Y6dVaC9DZtPNH4591M42W,electronic
2026-09-16,short_term,0Y6dVaC9DZtPNH4591M42W,hip hop
2026-09-16,short_term,0Y6dVaC9DZtPNH4591M42W,indie pop
2026-09-16,short_term,0Y6dVaC9DZtPNH4591M42W,indie rock
2026-09-16,short_term,0Y6dVaC9DZtPNH4591M42W,lo-fi
2026-09-16,short_term,0Y6dVaC9DZtPNH4591M42W,pop
2026-09-16,short_term,1AbJ2cmwK400LSvdvBL5Jc,bedroom pop
2026-09-16,short_term,1QAJqy2dA3ihHBFIHRphZj,ambient
2026-09-16,short_term,1QAJqy2dA3ihHBFIHRphZj,ambient pop
2026-09-16,short_term,1QAJqy2dA3ihHBFIHRphZj,dream pop
2026-09-16,short_term,1QAJqy2dA3ihHBFIHRphZj,indie pop
2026-09-16,short_term,1QAJqy2dA3ihHBFIHRphZj,indie rock
2026-09-16,short_term,1QAJqy2dA3ihHBFIHRphZj,pop
2026-09-16,short_term,1QAJqy2dA3ihHBFIHRphZj,shoegaze
2026-09-16,short_term,1QAJqy2dA3ihHBFIHRphZj,slowcore
2026-09-16,short_term,1Xyo4u8uXC1ZmMpatF05PJ,alternative r&b
2026-09-16,short_term,1Xyo4u8uXC1ZmMpatF05PJ,contemporary r&b
2026-09-16,short_term,1Xyo4u8uXC1ZmMpatF05PJ,dance-pop
2026-09-16,short_term,1Xyo4u8uXC1ZmMpatF05PJ,hypnagogic pop
2026-09-16,short_term,1Xyo4u8uXC1ZmMpatF05PJ,pop
2026-09-16,short_term,1Xyo4u8uXC1ZmMpatF05PJ,r&b
2026-09-16,short_term,1Xyo4u8uXC1ZmMpatF05PJ,synth-pop
2026-09-16,short_term,1fa0cOhromAZdq2xRA4vv8,blue-eyed soul
2026-09-16,short_term,1fa0cOhromAZdq2xRA4vv8,dance-pop
2026-09-16,short_term,1fa0cOhromAZdq2xRA4vv8,pop
2026-09-16,short_term,1fa0cOhromAZdq2xRA4vv8,pop soul
2026-09-16,short_term,1fa0cOhromAZdq2xRA4vv8,r&b
2026-09-16,short_term,1fa0cOhromAZdq2xRA4vv8,soft rock
2026-09-16,short_term,1fa0cOhromAZdq2xRA4vv8,sophisti-pop
2026-09-16,short_term,1fa0cOhromAZdq2xRA4vv8,soul
2026-09-16,short_term,1mYsTxnqsietFxj1OgoGbG,classical
2026-09-16,short_term,1mYsTxnqsietFxj1OgoGbG,filmi
2026-09-16,short_term,1mYsTxnqsietFxj1OgoGbG,world fusion
2026-09-16,short_term,1wRPtKGflJrBx9BmLsSwlU,filmi
2026-09-16,short_term,2YZyLoL8N0Wb9xBt1NhZWg,alternative hip hop
2026-09-16,short_term,2YZyLoL8N0Wb9xBt1NhZWg,conscious hip hop
2026-09-16,short_term,2YZyLoL8N0Wb9xBt1NhZWg,dance
2026-09-16,short_term,2YZyLoL8N0Wb9xBt1NhZWg,disco
2026-09-16,short_term,2YZyLoL8N0Wb9xBt1NhZWg,future bass
2026-09-16,short_term,2YZyLoL8N0Wb9xBt1NhZWg,gangsta rap
2026-09-16,short_term,2YZyLoL8N0Wb9xBt1NhZWg,hardcore hip hop
2026-09-16,short_term,2YZyLoL8N0Wb9xBt1NhZWg,hip hop
2026-09-16,short_term,2YZyLoL8N0Wb9xBt1NhZWg,house
2026-09-16,short_term,2YZyLoL8N0Wb9xBt1NhZWg,jazz
2026-09-16,short_term,2YZyLoL8N0Wb9xBt1NhZWg,jazz rap
2026-09-16,short_term,2YZyLoL8N0Wb9xBt1NhZWg,pop
2026-09-16,short_term,2YZyLoL8N0Wb9xBt1NhZWg,pop rap
2026-09-16,short_term,2YZyLoL8N0Wb9xBt1NhZWg,r&b
2026-09-16,short_term,2YZyLoL8N0Wb9xBt1NhZWg,trap
2026-09-16,short_term,2YZyLoL8N0Wb9xBt1NhZWg,west coast hip hop
2026-09-16,short_term,2h93pZq0e7k5yf4dywlkpM,alternative r&b
2026-09-16,short_term,2h93pZq0e7k5yf4dywlkpM,contemporary r&b
2026-09-16,short_term,2h93pZq0e7k5yf4dywlkpM,pop
2026-09-16,short_term,2h93pZq0e7k5yf4dywlkpM,r&b
2026-09-16,short_term,2jku7tDXc6XoB6MO2hFuqg,alternative hip hop
2026-09-16,short_term,2jku7tDXc6XoB6MO2hFuqg,alternative r&b
2026-09-16,short_term,2jku7tDXc6XoB6MO2hFuqg,contemporary r&b
2026-09-16,short_term,2jku7tDXc6XoB6MO2hFuqg,dancehall
2026-09-16,short_term,2jku7tDXc6XoB6MO2hFuqg,hip hop
2026-09-16,short_term,2jku7tDXc6XoB6MO2hFuqg,r&b
2026-09-16,short_term,2oSONSC9zQ4UonDKnLqksx,filmi
2026-09-16,short_term,3MZsBdqDrRTJihTHQrO6Dq,alternative r&b
2026-09-16,short_term,3MZsBdqDrRTJihTHQrO6Dq,art pop
2026-09-16,short_term,3MZsBdqDrRTJihTHQrO6Dq,ballad
2026-09-16,short_term,3MZsBdqDrRTJihTHQrO6Dq,instrumental hip hop
2026-09-16,short_term,3MZsBdqDrRTJihTHQrO6Dq,lo-fi hip hop
2026-09-16,short_term,3MZsBdqDrRTJihTHQrO6Dq,trip hop
2026-09-16,short_term,3Sz7ZnJQBIHsXLUSo0OQtM,folk pop
2026-09-16,short_term,3Sz7ZnJQBIHsXLUSo0OQtM,indie pop
2026-09-16,short_term,3Sz7ZnJQBIHsXLUSo0OQtM,indie rock
2026-09-16,short_term,3Sz7ZnJQBIHsXLUSo0OQtM,jangle pop
2026-09-16,short_term,3Sz7ZnJQBIHsXLUSo0OQtM,pop
2026-09-16,short_term,3Sz7ZnJQBIHsXLUSo0OQtM,psychedelic pop
2026-09-16,short_term,3mIj9lX2MWuHmhNCA7LSCW,alternative pop
2026-09-16,short_term,3mIj9lX2MWuHmhNCA7LSCW,alternative rock
2026-09-16,short_term,3mIj9lX2MWuHmhNCA7LSCW,ambient pop
2026-09-16,short_term,3mIj9lX2MWuHmhNCA7LSCW,art pop
2026-09-16,short_term,3mIj9lX2MWuHmhNCA7LSCW,indie pop
2026-09-16,short_term,3mIj9lX2MWuHmhNCA7LSCW,indie rock
2026-09-16,short_term,3mIj9lX2MWuHmhNCA7LSCW,indietronica
2026-09-16,short_term,3mIj9lX2MWuHmhNCA7LSCW,leftfield
2026-09-16,short_term,3mIj9lX2MWuHmhNCA7LSCW,new wave
2026-09-16,short_term,3mIj9lX2MWuHmhNCA7LSCW,pop rock
2026-09-16,short_term,3mIj9lX2MWuHmhNCA7LSCW,post-punk revival
2026-09-16,short_term,3mIj9lX2MWuHmhNCA7LSCW,synth-pop
2026-09-16,short_term,47zz7sob9NUcODy0BTDvKx,contemporary r&b
2026-09-16,short_term,47zz7sob9NUcODy0BTDvKx,downtempo
2026-09-16,short_term,47zz7sob9NUcODy0BTDvKx,jazz
2026-09-16,short_term,47zz7sob9NUcODy0BTDvKx,jazz pop
2026-09-16,short_term,47zz7sob9NUcODy0BTDvKx,pop
2026-09-16,short_term,47zz7sob9NUcODy0BTDvKx,quiet storm
2026-09-16,short_term,47zz7sob9NUcODy0BTDvKx,smooth jazz
2026-09-16,short_term,47zz7sob9NUcODy0BTDvKx,smooth soul
2026-09-16,short_term,47zz7sob9NUcODy0BTDvKx,sophisti-pop
2026-09-16,short_term,47zz7sob9NUcODy0BTDvKx,soul
2026-09-16,short_term,47zz7sob9NUcODy0BTDvKx,trip hop
2026-09-16,short_term,4gdMJYnopf2nEUcanAwstx,indian pop
2026-09-16,short_term,4gdMJYnopf2nEUcanAwstx,singer-songwriter
2026-09-16,short_term,4gzpq5DPGxSnKTe4SA8HAU,alternative rock
2026-09-16,short_term,4gzpq5DPGxSnKTe4SA8HAU,art pop
2026-09-16,short_term,4gzpq5DPGxSnKTe4SA8HAU,britpop
2026-09-16,short_term,4gzpq5DPGxSnKTe4SA8HAU,dream pop
2026-09-16,short_term,4gzpq5DPGxSnKTe4SA8HAU,piano rock
2026-09-16,short_term,4gzpq5DPGxSnKTe4SA8HAU,pop
2026-09-16,short_term,4gzpq5DPGxSnKTe4SA8HAU,pop rock
2026-09-16,short_term,4gzpq5DPGxSnKTe4SA8HAU,post-britpop
2026-09-16,short_term,4gzpq5DPGxSnKTe4SA8HAU,rock
2026-09-16,short_term,5INjqkS1o8h1imAzPqGZBb,alternative dance
2026-09-16,short_term,5INjqkS1o8h1imAzPqGZBb,alternative rock
2026-09-16,short_term,5INjqkS1o8h1imAzPqGZBb,dream pop
2026-09-16,short_term,5INjqkS1o8h1imAzPqGZBb,indie rock
2026-09-16,short_term,5INjqkS1o8h1imAzPqGZBb,indietronica
2026-09-16,short_term,5INjqkS1o8h1imAzPqGZBb,leftfield
2026-09-16,short_term,5INjqkS1o8h1imAzPqGZBb,neo-psychedelia
2026-09-16,short_term,5INjqkS1o8h1imAzPqGZBb,pop
2026-09-16,short_term,5INjqkS1o8h1imAzPqGZBb,psychedelic
2026-09-16,short_term,5INjqkS1o8h1imAzPqGZBb,psychedelic pop
2026-09-16,short_term,5INjqkS1o8h1imAzPqGZBb,psychedelic rock
2026-09-16,short_term,5INjqkS1o8h1imAzPqGZBb,rock
2026-09-16,short_term,5INjqkS1o8h1imAzPqGZBb,space rock
2026-09-16,short_term,5INjqkS1o8h1imAzPqGZBb,synth-pop
2026-09-16,short_term,66CXWjxzNUsdJxJ2JdwvnR,contemporary r&b
2026-09-16,short_term,66CXWjxzNUsdJxJ2JdwvnR,dance-pop
2026-09-16,short_term,66CXWjxzNUsdJxJ2JdwvnR,pop
2026-09-16,short_term,66CXWjxzNUsdJxJ2JdwvnR,r&b
2026-09-16,short_term,66CXWjxzNUsdJxJ2JdwvnR,trap soul
2026-09-16,short_term,6IRouO5mvvfcyxtPDKMYFN,acoustic rock
2026-09-16,short_term,6IRouO5mvvfcyxtPDKMYFN,aor
2026-09-16,short_term,6IRouO5mvvfcyxtPDKMYFN,arena rock
2026-09-16,short_term,6IRouO5mvvfcyxtPDKMYFN,classic rock
2026-09-16,short_term,6IRouO5mvvfcyxtPDKMYFN,hard rock
2026-09-16,short_term,6IRouO5mvvfcyxtPDKMYFN,pop rock
2026-09-16,short_term,6IRouO5mvvfcyxtPDKMYFN,rock
2026-09-16,short_term,6IRouO5mvvfcyxtPDKMYFN,soft rock
2026-09-16,short_term,6XwwFnewNgWp81MYMK8zLq,deep house
2026-09-16,short_term,700c9Qz2z6HZKTumeliKAw,electronic
2026-09-16,short_term,77SW9BnxLY8rJ0RciFqkHh,alternative rock
2026-09-16,short_term,77SW9BnxLY8rJ0RciFqkHh,indie pop
2026-09-16,short_term,7Ln80lUS6He07XvHI8qqHH,alternative rock
2026-09-16,short_term,7Ln80lUS6He07XvHI8qqHH,art rock
2026-09-16,short_term,7Ln80lUS6He07XvHI8qqHH,baroque pop
2026-09-16,short_term,7Ln80lUS6He07XvHI8qqHH,dance
2026-09-16,short_term,7Ln80lUS6He07XvHI8qqHH,electronica
2026-09-16,short_term,7Ln80lUS6He07XvHI8qqHH,garage rock
2026-09-16,short_term,7Ln80lUS6He07XvHI8qqHH,garage rock revival
2026-09-16,short_term,7Ln80lUS6He07XvHI8qqHH,house
2026-09-16,short_term,7Ln80lUS6He07XvHI8qqHH,indie rock
2026-09-16,short_term,7Ln80lUS6He07XvHI8qqHH,neo-psychedelia
2026-09-16,short_term,7Ln80lUS6He07XvHI8qqHH,pop
2026-09-16,short_term,7Ln80lUS6He07XvHI8qqHH,post-punk revival
2026-09-16,short_term,7Ln80lUS6He07XvHI8qqHH,psychedelic pop
2026-09-16,short_term,7Ln80lUS6He07XvHI8qqHH,psychedelic rock
2026-09-16,short_term,7Ln80lUS6He07XvHI8qqHH,rock
2026-09-16,short_term,7tYKF4w9nC0nq9CsPZTHyP,alternative r&b
2026-09-16,short_term,7tYKF4w9nC0nq9CsPZTHyP,contemporary r&b
2026-09-16,short_term,7tYKF4w9nC0nq9CsPZTHyP,electronic
2026-09-16,short_term,7tYKF4w9nC0nq9CsPZTHyP,hip hop soul
2026-09-16,short_term,7tYKF4w9nC0nq9CsPZTHyP,neo soul
2026-09-16,short_term,7tYKF4w9nC0nq9CsPZTHyP,pop
2026-09-16,short_term,7tYKF4w9nC0nq9CsPZTHyP,r&b
2026-09-16,short_term,7tYKF4w9nC0nq9CsPZTHyP,soul
2026-09-17,long_term,00FQb4jTyendYWaN8pK0wa,alternative pop
2026-09-17,long_term,00FQb4jTyendYWaN8pK0wa,art pop
2026-09-17,long_term,00FQb4jTyendYWaN8pK0wa,ballad
2026-09-17,long_term,00FQb4jTyendYWaN8pK0wa,baroque pop
2026-09-17,long_term,00FQb4jTyendYWaN8pK0wa,chamber pop
2026-09-17,long_term,00FQb4jTyendYWaN8pK0wa,country
2026-09-17,long_term,00FQb4jTyendYWaN8pK0wa,dance
2026-09-17,long_term,00FQb4jTyendYWaN8pK0wa,dream pop
2026-09-17,long_term,00FQb4jTyendYWaN8pK0wa,edm
2026-09-17,long_term,00FQb4jTyendYWaN8pK0wa,electronic
2026-09-17,long_term,00FQb4jTyendYWaN8pK0wa,electronica
2026-09-17,long_term,00FQb4jTyendYWaN8pK0wa,future bass
2026-09-17,long_term,00FQb4jTyendYWaN8pK0wa,house
2026-09-17,long_term,00FQb4jTyendYWaN8pK0wa,indie pop
2026-09-17,long_term,00FQb4jTyendYWaN8pK0wa,indie rock
2026-09-17,long_term,00FQb4jTyendYWaN8pK0wa,melodic house
2026-09-17,long_term,00FQb4jTyendYWaN8pK0wa,melodic techno
2026-09-17,long_term,00FQb4jTyendYWaN8pK0wa,neo-psychedelia
2026-09-17,long_term,00FQb4jTyendYWaN8pK0wa,pop
2026-09-17,long_term,00FQb4jTyendYWaN8pK0wa,psychedelic pop
2026-09-17,long_term,00FQb4jTyendYWaN8pK0wa,r&b
2026-09-17,long_term,00FQb4jTyendYWaN8pK0wa,rock
2026-09-17,long_term,00FQb4jTyendYWaN8pK0wa,singer-songwriter
2026-09-17,long_term,00FQb4jTyendYWaN8pK0wa,slowcore
2026-09-17,long_term,00FQb4jTyendYWaN8pK0wa,trap
2026-09-17,long_term,00FQb4jTyendYWaN8pK0wa,trip hop
2026-09-17,long_term,06O23tLg0or676h8EEzH7W,chillwave
2026-09-17,long_term,06O23tLg0or676h8EEzH7W,dreamwave
2026-09-17,long_term,06O23tLg0or676h8EEzH7W,electronic
2026-09-17,long_term,06O23tLg0or676h8EEzH7W,synth-pop
2026-09-17,long_term,06O23tLg0or676h8EEzH7W,witch house
2026-09-17,long_term,0Y5tJX1MQlPlqiwlOH1tJY,experimental hip hop
2026-09-17,long_term,0Y5tJX1MQlPlqiwlOH1tJY,hip hop
2026-09-17,long_term,0Y5tJX1MQlPlqiwlOH1tJY,pop rap
2026-09-17,long_term,0Y5tJX1MQlPlqiwlOH1tJY,southern hip hop
2026-09-17,long_term,0Y5tJX1MQlPlqiwlOH1tJY,trap
2026-09-17,long_term,0Y6dVaC9DZtPNH4591M42W,dream pop
2026-09-17,long_term,0Y6dVaC9DZtPNH4591M42W,electronic
2026-09-17,long_term,0Y6dVaC9DZtPNH4591M42W,hip hop
2026-09-17,long_term,0Y6dVaC9DZtPNH4591M42W,indie pop
2026-09-17,long_term,0Y6dVaC9DZtPNH4591M42W,indie rock
2026-09-17,long_term,0Y6dVaC9DZtPNH4591M42W,lo-fi
2026-09-17,long_term,0Y6dVaC9DZtPNH4591M42W,pop
2026-09-17,long_term,0dgJbQ0bKPyUXco8hEXN7X,ambient
2026-09-17,long_term,0dgJbQ0bKPyUXco8hEXN7X,boom bap
2026-09-17,long_term,0dgJbQ0bKPyUXco8hEXN7X,chillout
2026-09-17,long_term,0dgJbQ0bKPyUXco8hEXN7X,chillwave
2026-09-17,long_term,0dgJbQ0bKPyUXco8hEXN7X,downtempo
2026-09-17,long_term,0dgJbQ0bKPyUXco8hEXN7X,drift phonk
2026-09-17,long_term,0dgJbQ0bKPyUXco8hEXN7X,hardwave
2026-09-17,long_term,0dgJbQ0bKPyUXco8hEXN7X,hip hop
2026-09-17,long_term,0dgJbQ0bKPyUXco8hEXN7X,house
2026-09-17,long_term,0dgJbQ0bKPyUXco8hEXN7X,instrumental
2026-09-17,long_term,0dgJbQ0bKPyUXco8hEXN7X,instrumental hip hop
2026-09-17,long_term,0dgJbQ0bKPyUXco8hEXN7X,lo-fi
2026-09-17,long_term,0dgJbQ0bKPyUXco8hEXN7X,lo-fi hip hop
2026-09-17,long_term,0dgJbQ0bKPyUXco8hEXN7X,phonk
2026-09-17,long_term,0dgJbQ0bKPyUXco8hEXN7X,wave
2026-09-17,long_term,0klU31gyC6EZqKgLvVANCy,boom bap
2026-09-17,long_term,0klU31gyC6EZqKgLvVANCy,chillwave
2026-09-17,long_term,0klU31gyC6EZqKgLvVANCy,downtempo
2026-09-17,long_term,0klU31gyC6EZqKgLvVANCy,hip hop
2026-09-17,long_term,0klU31gyC6EZqKgLvVANCy,instrumental
2026-09-17,long_term,0klU31gyC6EZqKgLvVANCy,instrumental hip hop
2026-09-17,long_term,0klU31gyC6EZqKgLvVANCy,lo-fi
2026-09-17,long_term,0klU31gyC6EZqKgLvVANCy,lo-fi hip hop
2026-09-17,long_term,17XXKfRBMCWvLrqGoNkJXm,ballad
2026-09-17,long_term,17XXKfRBMCWvLrqGoNkJXm,easy listening
2026-09-17,long_term,17XXKfRBMCWvLrqGoNkJXm,pop
2026-09-17,long_term,19ra5tSw0tWufvUp8GotLo,ballad
2026-09-17,long_term,19ra5tSw0tWufvUp8GotLo,blue-eyed soul
2026-09-17,long_term,19ra5tSw0tWufvUp8GotLo,contemporary r&b
2026-09-17,long_term,19ra5tSw0tWufvUp8GotLo,dance-pop
2026-09-17,long_term,19ra5tSw0tWufvUp8GotLo,dance-rock
2026-09-17,long_term,19ra5tSw0tWufvUp8GotLo,jazz
2026-09-17,long_term,19ra5tSw0tWufvUp8GotLo,pop
2026-09-17,long_term,19ra5tSw0tWufvUp8GotLo,pop rock
2026-09-17,long_term,19ra5tSw0tWufvUp8GotLo,pop soul
2026-09-17,long_term,19ra5tSw0tWufvUp8GotLo,r&b
2026-09-17,long_term,19ra5tSw0tWufvUp8GotLo,smooth jazz
2026-09-17,long_term,19ra5tSw0tWufvUp8GotLo,smooth soul
2026-09-17,long_term,19ra5tSw0tWufvUp8GotLo,soft rock
2026-09-17,long_term,19ra5tSw0tWufvUp8GotLo,sophisti-pop
2026-09-17,long_term,19ra5tSw0tWufvUp8GotLo,soul
2026-09-17,long_term,1QAJqy2dA3ihHBFIHRphZj,ambient
2026-09-17,long_term,1QAJqy2dA3ihHBFIHRphZj,ambient pop
2026-09-17,long_term,1QAJqy2dA3ihHBFIHRphZj,dream pop
2026-09-17,long_term,1QAJqy2dA3ihHBFIHRphZj,indie pop
2026-09-17,long_term,1QAJqy2dA3ihHBFIHRphZj,indie rock
2026-09-17,long_term,1QAJqy2dA3ihHBFIHRphZj,pop
2026-09-17,long_term,1QAJqy2dA3ihHBFIHRphZj,shoegaze
2026-09-17,long_term,1QAJqy2dA3ihHBFIHRphZj,slowcore
2026-09-17,long_term,1Xyo4u8uXC1ZmMpatF05PJ,alternative r&b
2026-09-17,long_term,1Xyo4u8uXC1ZmMpatF05PJ,contemporary r&b
2026-09-17,long_term,1Xyo4u8uXC1ZmMpatF05PJ,dance-pop
2026-09-17,long_term,1Xyo4u8uXC1ZmMpatF05PJ,hypnagogic pop
2026-09-17,long_term,1Xyo4u8uXC1ZmMpatF05PJ,pop
2026-09-17,long_term,1Xyo4u8uXC1ZmMpatF05PJ,r&b
2026-09-17,long_term,1Xyo4u8uXC1ZmMpatF05PJ,synth-pop
2026-09-17,long_term,1cGyguqPQY22oUd4fKglFS,ambient
2026-09-17,long_term,1cGyguqPQY22oUd4fKglFS,dark ambient
2026-09-17,long_term,1mYsTxnqsietFxj1OgoGbG,classical
2026-09-17,long_term,1mYsTxnqsietFxj1OgoGbG,filmi
2026-09-17,long_term,1mYsTxnqsietFxj1OgoGbG,world fusion
2026-09-17,long_term,1wRPtKGflJrBx9BmLsSwlU,filmi
2026-09-17,long_term,2YZyLoL8N0Wb9xBt1NhZWg,alternative hip hop
2026-09-17,long_term,2YZyLoL8N0Wb9xBt1NhZWg,conscious hip hop
2026-09-17,long_term,2YZyLoL8N0Wb9xBt1NhZWg,dance
2026-09-17,long_term,2YZyLoL8N0Wb9xBt1NhZWg,disco
2026-09-17,long_term,2YZyLoL8N0Wb9xBt1NhZWg,future bass
2026-09-17,long_term,2YZyLoL8N0Wb9xBt1NhZWg,gangsta rap
2026-09-17,long_term,2YZyLoL8N0Wb9xBt1NhZWg,hardcore hip hop
2026-09-17,long_term,2YZyLoL8N0Wb9xBt1NhZWg,hip hop
2026-09-17,long_term,2YZyLoL8N0Wb9xBt1NhZWg,house
2026-09-17,long_term,2YZyLoL8N0Wb9xBt1NhZWg,jazz
2026-09-17,long_term,2YZyLoL8N0Wb9xBt1NhZWg,jazz rap
2026-09-17,long_term,2YZyLoL8N0Wb9xBt1NhZWg,pop
2026-09-17,long_term,2YZyLoL8N0Wb9xBt1NhZWg,pop rap
2026-09-17,long_term,2YZyLoL8N0Wb9xBt1NhZWg,r&b
2026-09-17,long_term,2YZyLoL8N0Wb9xBt1NhZWg,trap
2026-09-17,long_term,2YZyLoL8N0Wb9xBt1NhZWg,west coast hip hop
2026-09-17,long_term,2exebQUDoIoT0dXA8BcN1P,chillwave
2026-09-17,long_term,2exebQUDoIoT0dXA8BcN1P,electronic
2026-09-17,long_term,2exebQUDoIoT0dXA8BcN1P,synthwave
2026-09-17,long_term,2h93pZq0e7k5yf4dywlkpM,alternative r&b
2026-09-17,long_term,2h93pZq0e7k5yf4dywlkpM,contemporary r&b
2026-09-17,long_term,2h93pZq0e7k5yf4dywlkpM,pop
2026-09-17,long_term,2h93pZq0e7k5yf4dywlkpM,r&b
2026-09-17,long_term,2jku7tDXc6XoB6MO2hFuqg,alternative hip hop
2026-09-17,long_term,2jku7tDXc6XoB6MO2hFuqg,alternative r&b
2026-09-17,long_term,2jku7tDXc6XoB6MO2hFuqg,contemporary r&b
2026-09-17,long_term,2jku7tDXc6XoB6MO2hFuqg,dancehall
2026-09-17,long_term,2jku7tDXc6XoB6MO2hFuqg,hip hop
2026-09-17,long_term,2jku7tDXc6XoB6MO2hFuqg,r&b
2026-09-17,long_term,2sSGPbdZJkaSE2AbcGOACx,bedroom pop
2026-09-17,long_term,2sSGPbdZJkaSE2AbcGOACx,dream pop
2026-09-17,long_term,2sSGPbdZJkaSE2AbcGOACx,indie pop
2026-09-17,long_term,2sSGPbdZJkaSE2AbcGOACx,lo-fi
2026-09-17,long_term,2sSGPbdZJkaSE2AbcGOACx,psychedelic pop
2026-09-17,long_term,2sSGPbdZJkaSE2AbcGOACx,psychedelic soul
2026-09-17,long_term,2sSGPbdZJkaSE2AbcGOACx,synth-pop
2026-09-17,long_term,36QJpDe2go2KgaRleHCDTp,arena rock
2026-09-17,long_term,36QJpDe2go2KgaRleHCDTp,blues rock
2026-09-17,long_term,36QJpDe2go2KgaRleHCDTp,classic rock
2026-09-17,long_term,36QJpDe2go2KgaRleHCDTp,folk rock
2026-09-17,long_term,36QJpDe2go2KgaRleHCDTp,hard rock
2026-09-17,long_term,36QJpDe2go2KgaRleHCDTp,heavy metal
2026-09-17,long_term,36QJpDe2go2KgaRleHCDTp,pop
2026-09-17,long_term,36QJpDe2go2KgaRleHCDTp,progressive rock
2026-09-17,long_term,36QJpDe2go2KgaRleHCDTp,rock
2026-09-17,long_term,36QJpDe2go2KgaRleHCDTp,rock and roll
2026-09-17,long_term,3MZsBdqDrRTJihTHQrO6Dq,alternative r&b
2026-09-17,long_term,3MZsBdqDrRTJihTHQrO6Dq,art pop
2026-09-17,long_term,3MZsBdqDrRTJihTHQrO6Dq,ballad
2026-09-17,long_term,3MZsBdqDrRTJihTHQrO6Dq,instrumental hip hop
2026-09-17,long_term,3MZsBdqDrRTJihTHQrO6Dq,lo-fi hip hop
2026-09-17,long_term,3MZsBdqDrRTJihTHQrO6Dq,trip hop
2026-09-17,long_term,3Sz7ZnJQBIHsXLUSo0OQtM,folk pop
2026-09-17,long_term,3Sz7ZnJQBIHsXLUSo0OQtM,indie pop
2026-09-17,long_term,3Sz7ZnJQBIHsXLUSo0OQtM,indie rock
2026-09-17,long_term,3Sz7ZnJQBIHsXLUSo0OQtM,jangle pop
2026-09-17,long_term,3Sz7ZnJQBIHsXLUSo0OQtM,pop
2026-09-17,long_term,3Sz7ZnJQBIHsXLUSo0OQtM,psychedelic pop
2026-09-17,long_term,3TVXtAsR1Inumwj472S9r4,alternative r&b
2026-09-17,long_term,3TVXtAsR1Inumwj472S9r4,contemporary r&b
2026-09-17,long_term,3TVXtAsR1Inumwj472S9r4,hardcore hip hop
2026-09-17,long_term,3TVXtAsR1Inumwj472S9r4,hip hop
2026-09-17,long_term,3TVXtAsR1Inumwj472S9r4,pop
2026-09-17,long_term,3TVXtAsR1Inumwj472S9r4,pop rap
2026-09-17,long_term,3TVXtAsR1Inumwj472S9r4,r&b
2026-09-17,long_term,3TVXtAsR1Inumwj472S9r4,southern hip hop
2026-09-17,long_term,3TVXtAsR1Inumwj472S9r4,trap
2026-09-17,long_term,3zmfs9cQwzJl575W1ZYXeT,bedroom pop
2026-09-17,long_term,3zmfs9cQwzJl575W1ZYXeT,downtempo
2026-09-17,long_term,3zmfs9cQwzJl575W1ZYXeT,dream pop
2026-09-17,long_term,3zmfs9cQwzJl575W1ZYXeT,indie pop
2026-09-17,long_term,3zmfs9cQwzJl575W1ZYXeT,neo-psychedelia
2026-09-17,long_term,3zmfs9cQwzJl575W1ZYXeT,pop
2026-09-17,long_term,3zmfs9cQwzJl575W1ZYXeT,shoegaze
2026-09-17,long_term,3zmfs9cQwzJl575W1ZYXeT,sophisti-pop
2026-09-17,long_term,47zz7sob9NUcODy0BTDvKx,contemporary r&b
2026-09-17,long_term,47zz7sob9NUcODy0BTDvKx,downtempo
2026-09-17,long_term,47zz7sob9NUcODy0BTDvKx,jazz
2026-09-17,long_term,47zz7sob9NUcODy0BTDvKx,jazz pop
2026-09-17,long_term,47zz7sob9NUcODy0BTDvKx,pop
2026-09-17,long_term,47zz7sob9NUcODy0BTDvKx,quiet storm
2026-09-17,long_term,47zz7sob9NUcODy0BTDvKx,smooth jazz
2026-09-17,long_term,47zz7sob9NUcODy0BTDvKx,smooth soul
2026-09-17,long_term,47zz7sob9NUcODy0BTDvKx,sophisti-pop
2026-09-17,long_term,47zz7sob9NUcODy0BTDvKx,soul
2026-09-17,long_term,47zz7sob9NUcODy0BTDvKx,trip hop
2026-09-17,long_term,4KRllJ2dEeoqvxOQLOgOsI,electronic
2026-09-17,long_term,4KRllJ2dEeoqvxOQLOgOsI,phonk
2026-09-17,long_term,4KRllJ2dEeoqvxOQLOgOsI,phonk house
2026-09-17,long_term,4KRllJ2dEeoqvxOQLOgOsI,synthwave
2026-09-17,long_term,4KRllJ2dEeoqvxOQLOgOsI,trap
2026-09-17,long_term,4KRllJ2dEeoqvxOQLOgOsI,wave
2026-09-17,long_term,4MrQDA45Gd0llLrwFUzimG,boom bap
2026-09-17,long_term,4MrQDA45Gd0llLrwFUzimG,chillwave
2026-09-17,long_term,4MrQDA45Gd0llLrwFUzimG,downtempo
2026-09-17,long_term,4MrQDA45Gd0llLrwFUzimG,hip hop
2026-09-17,long_term,4MrQDA45Gd0llLrwFUzimG,instrumental
2026-09-17,long_term,4MrQDA45Gd0llLrwFUzimG,instrumental hip hop
2026-09-17,long_term,4MrQDA45Gd0llLrwFUzimG,lo-fi
2026-09-17,long_term,4MrQDA45Gd0llLrwFUzimG,lo-fi hip hop
2026-09-17,long_term,4gdMJYnopf2nEUcanAwstx,indian pop
2026-09-17,long_term,4gdMJYnopf2nEUcanAwstx,singer-songwriter
2026-09-17,long_term,4gzpq5DPGxSnKTe4SA8HAU,alternative rock
2026-09-17,long_term,4gzpq5DPGxSnKTe4SA8HAU,art pop
2026-09-17,long_term,4gzpq5DPGxSnKTe4SA8HAU,britpop
2026-09-17,long_term,4gzpq5DPGxSnKTe4SA8HAU,dream pop
2026-09-17,long_term,4gzpq5DPGxSnKTe4SA8HAU,piano rock
2026-09-17,long_term,4gzpq5DPGxSnKTe4SA8HAU,pop
2026-09-17,long_term,4gzpq5DPGxSnKTe4SA8HAU,pop rock
2026-09-17,long_term,4gzpq5DPGxSnKTe4SA8HAU,post-britpop
2026-09-17,long_term,4gzpq5DPGxSnKTe4SA8HAU,rock
2026-09-17,long_term,4yvcSjfu4PC0CYQyLy4wSq,electronic
2026-09-17,long_term,4yvcSjfu4PC0CYQyLy4wSq,indie pop
2026-09-17,long_term,4yvcSjfu4PC0CYQyLy4wSq,indie rock
2026-09-17,long_term,4yvcSjfu4PC0CYQyLy4wSq,indietronica
2026-09-17,long_term,4yvcSjfu4PC0CYQyLy4wSq,pop
2026-09-17,long_term,4yvcSjfu4PC0CYQyLy4wSq,psychedelic pop
2026-09-17,long_term,4yvcSjfu4PC0CYQyLy4wSq,psychedelic rock
2026-09-17,long_term,5INjqkS1o8h1imAzPqGZBb,alternative dance
2026-09-17,long_term,5INjqkS1o8h1imAzPqGZBb,alternative rock
2026-09-17,long_term,5INjqkS1o8h1imAzPqGZBb,dream pop
2026-09-17,long_term,5INjqkS1o8h1imAzPqGZBb,indie rock
2026-09-17,long_term,5INjqkS1o8h1imAzPqGZBb,indietronica
2026-09-17,long_term,5INjqkS1o8h1imAzPqGZBb,leftfield
2026-09-17,long_term,5INjqkS1o8h1imAzPqGZBb,neo-psychedelia
2026-09-17,long_term,5INjqkS1o8h1imAzPqGZBb,pop
2026-09-17,long_term,5INjqkS1o8h1imAzPqGZBb,psychedelic
2026-09-17,long_term,5INjqkS1o8h1imAzPqGZBb,psychedelic pop
2026-09-17,long_term,5INjqkS1o8h1imAzPqGZBb,psychedelic rock
2026-09-17,long_term,5INjqkS1o8h1imAzPqGZBb,rock
2026-09-17,long_term,5INjqkS1o8h1imAzPqGZBb,space rock
2026-09-17,long_term,5INjqkS1o8h1imAzPqGZBb,synth-pop
2026-09-17,long_term,5K4W6rqBFWDnAN6FQUkS6x,chipmunk soul
2026-09-17,long_term,5K4W6rqBFWDnAN6FQUkS6x,christian hip hop
2026-09-17,long_term,5K4W6rqBFWDnAN6FQUkS6x,conscious hip hop
2026-09-17,long_term,5K4W6rqBFWDnAN6FQUkS6x,contemporary r&b
2026-09-17,long_term,5K4W6rqBFWDnAN6FQUkS6x,deep house
2026-09-17,long_term,5K4W6rqBFWDnAN6FQUkS6x,electropop
2026-09-17,long_term,5K4W6rqBFWDnAN6FQUkS6x,experimental hip hop
2026-09-17,long_term,5K4W6rqBFWDnAN6FQUkS6x,future bass
2026-09-17,long_term,5K4W6rqBFWDnAN6FQUkS6x,hip hop
2026-09-17,long_term,5K4W6rqBFWDnAN6FQUkS6x,house
2026-09-17,long_term,5K4W6rqBFWDnAN6FQUkS6x,pop
2026-09-17,long_term,5K4W6rqBFWDnAN6FQUkS6x,pop rap
2026-09-17,long_term,5K4W6rqBFWDnAN6FQUkS6x,r&b
2026-09-17,long_term,5K4W6rqBFWDnAN6FQUkS6x,trap
2026-09-17,long_term,5cj0lLjcoR7YOSnhnX0Po5,alternative rock
2026-09-17,long_term,5cj0lLjcoR7YOSnhnX0Po5,grunge
2026-09-17,long_term,5cj0lLjcoR7YOSnhnX0Po5,hip hop
2026-09-17,long_term,5cj0lLjcoR7YOSnhnX0Po5,pop
2026-09-17,long_term,5cj0lLjcoR7YOSnhnX0Po5,pop rap
2026-09-17,long_term,5cj0lLjcoR7YOSnhnX0Po5,post-grunge
2026-09-17,long_term,5cj0lLjcoR7YOSnhnX0Po5,power pop
2026-09-17,long_term,5cj0lLjcoR7YOSnhnX0Po5,rock
2026-09-17,long_term,5cj0lLjcoR7YOSnhnX0Po5,trap
2026-09-17,long_term,5cj0lLjcoR7YOSnhnX0Po5,west coast hip hop
2026-09-17,long_term,5y8tKLUfMvliMe8IKamR32,alternative r&b
2026-09-17,long_term,5y8tKLUfMvliMe8IKamR32,contemporary r&b
2026-09-17,long_term,5y8tKLUfMvliMe8IKamR32,indie pop
2026-09-17,long_term,5y8tKLUfMvliMe8IKamR32,lo-fi
2026-09-17,long_term,6YJ4EgQzDfJnIHRbqIHAdD,chillwave
2026-09-17,long_term,6YJ4EgQzDfJnIHRbqIHAdD,downtempo
2026-09-17,long_term,6YJ4EgQzDfJnIHRbqIHAdD,instrumental
2026-09-17,long_term,6YJ4EgQzDfJnIHRbqIHAdD,instrumental hip hop
2026-09-17,long_term,6YJ4EgQzDfJnIHRbqIHAdD,lo-fi
2026-09-17,long_term,6YJ4EgQzDfJnIHRbqIHAdD,lo-fi hip hop
2026-09-17,long_term,6ft7JnxMyZhp7N52qzHymY,dream pop
2026-09-17,long_term,700c9Qz2z6HZKTumeliKAw,electronic
2026-09-17,long_term,77SW9BnxLY8rJ0RciFqkHh,alternative rock
2026-09-17,long_term,77SW9BnxLY8rJ0RciFqkHh,indie pop
2026-09-17,long_term,78rUTD7y6Cy67W1RVzYs7t,alternative pop
2026-09-17,long_term,78rUTD7y6Cy67W1RVzYs7t,bubblegum pop
2026-09-17,long_term,78rUTD7y6Cy67W1RVzYs7t,dance-pop
2026-09-17,long_term,78rUTD7y6Cy67W1RVzYs7t,drum and bass
2026-09-17,long_term,78rUTD7y6Cy67W1RVzYs7t,future garage
2026-09-17,long_term,78rUTD7y6Cy67W1RVzYs7t,jungle
2026-09-17,long_term,78rUTD7y6Cy67W1RVzYs7t,pop
2026-09-17,long_term,78rUTD7y6Cy67W1RVzYs7t,uk garage
2026-09-17,long_term,7Ln80lUS6He07XvHI8qqHH,alternative rock
2026-09-17,long_term,7Ln80lUS6He07XvHI8qqHH,art rock
2026-09-17,long_term,7Ln80lUS6He07XvHI8qqHH,baroque pop
2026-09-17,long_term,7Ln80lUS6He07XvHI8qqHH,dance
2026-09-17,long_term,7Ln80lUS6He07XvHI8qqHH,electronica
2026-09-17,long_term,7Ln80lUS6He07XvHI8qqHH,garage rock
2026-09-17,long_term,7Ln80lUS6He07XvHI8qqHH,garage rock revival
2026-09-17,long_term,7Ln80lUS6He07XvHI8qqHH,house
2026-09-17,long_term,7Ln80lUS6He07XvHI8qqHH,indie rock
2026-09-17,long_term,7Ln80lUS6He07XvHI8qqHH,neo-psychedelia
2026-09-17,long_term,7Ln80lUS6He07XvHI8qqHH,pop
2026-09-17,long_term,7Ln80lUS6He07XvHI8qqHH,post-punk revival
2026-09-17,long_term,7Ln80lUS6He07XvHI8qqHH,psychedelic pop
2026-09-17,long_term,7Ln80lUS6He07XvHI8qqHH,psychedelic rock
2026-09-17,long_term,7Ln80lUS6He07XvHI8qqHH,rock
2026-09-17,long_term,7gW0r5CkdEUMm42w9XpyZO,bossa nova
2026-09-17,long_term,7gW0r5CkdEUMm42w9XpyZO,jazz
2026-09-17,long_term,7gW0r5CkdEUMm42w9XpyZO,jazz pop
2026-09-17,long_term,7gW0r5CkdEUMm42w9XpyZO,singer-songwriter
2026-09-17,long_term,7gW0r5CkdEUMm42w9XpyZO,vocal jazz
2026-09-17,long_term,7tYKF4w9nC0nq9CsPZTHyP,alternative r&b
2026-09-17,long_term,7tYKF4w9nC0nq9CsPZTHyP,contemporary r&b
2026-09-17,long_term,7tYKF4w9nC0nq9CsPZTHyP,electronic
2026-09-17,long_term,7tYKF4w9nC0nq9CsPZTHyP,hip hop soul
2026-09-17,long_term,7tYKF4w9nC0nq9CsPZTHyP,neo soul
2026-09-17,long_term,7tYKF4w9nC0nq9CsPZTHyP,pop
2026-09-17,long_term,7tYKF4w9nC0nq9CsPZTHyP,r&b
2026-09-17,long_term,7tYKF4w9nC0nq9CsPZTHyP,soul
2026-09-17,medium_term,00FQb4jTyendYWaN8pK0wa,alternative pop
2026-09-17,medium_term,00FQb4jTyendYWaN8pK0wa,art pop
2026-09-17,medium_term,00FQb4jTyendYWaN8pK0wa,ballad
2026-09-17,medium_term,00FQb4jTyendYWaN8pK0wa,baroque pop
2026-09-17,medium_term,00FQb4jTyendYWaN8pK0wa,chamber pop
2026-09-17,medium_term,00FQb4jTyendYWaN8pK0wa,country
2026-09-17,medium_term,00FQb4jTyendYWaN8pK0wa,dance
2026-09-17,medium_term,00FQb4jTyendYWaN8pK0wa,dream pop
2026-09-17,medium_term,00FQb4jTyendYWaN8pK0wa,edm
2026-09-17,medium_term,00FQb4jTyendYWaN8pK0wa,electronic
2026-09-17,medium_term,00FQb4jTyendYWaN8pK0wa,electronica
2026-09-17,medium_term,00FQb4jTyendYWaN8pK0wa,future bass
2026-09-17,medium_term,00FQb4jTyendYWaN8pK0wa,house
2026-09-17,medium_term,00FQb4jTyendYWaN8pK0wa,indie pop
2026-09-17,medium_term,00FQb4jTyendYWaN8pK0wa,indie rock
2026-09-17,medium_term,00FQb4jTyendYWaN8pK0wa,melodic house
2026-09-17,medium_term,00FQb4jTyendYWaN8pK0wa,melodic techno
2026-09-17,medium_term,00FQb4jTyendYWaN8pK0wa,neo-psychedelia
2026-09-17,medium_term,00FQb4jTyendYWaN8pK0wa,pop
2026-09-17,medium_term,00FQb4jTyendYWaN8pK0wa,psychedelic pop
2026-09-17,medium_term,00FQb4jTyendYWaN8pK0wa,r&b
2026-09-17,medium_term,00FQb4jTyendYWaN8pK0wa,rock
2026-09-17,medium_term,00FQb4jTyendYWaN8pK0wa,singer-songwriter
2026-09-17,medium_term,00FQb4jTyendYWaN8pK0wa,slowcore
2026-09-17,medium_term,00FQb4jTyendYWaN8pK0wa,trap
2026-09-17,medium_term,00FQb4jTyendYWaN8pK0wa,trip hop
2026-09-17,medium_term,0Y6dVaC9DZtPNH4591M42W,dream pop
2026-09-17,medium_term,0Y6dVaC9DZtPNH4591M42W,electronic
2026-09-17,medium_term,0Y6dVaC9DZtPNH4591M42W,hip hop
2026-09-17,medium_term,0Y6dVaC9DZtPNH4591M42W,indie pop
2026-09-17,medium_term,0Y6dVaC9DZtPNH4591M42W,indie rock
2026-09-17,medium_term,0Y6dVaC9DZtPNH4591M42W,lo-fi
2026-09-17,medium_term,0Y6dVaC9DZtPNH4591M42W,pop
2026-09-17,medium_term,0dgJbQ0bKPyUXco8hEXN7X,ambient
2026-09-17,medium_term,0dgJbQ0bKPyUXco8hEXN7X,boom bap
2026-09-17,medium_term,0dgJbQ0bKPyUXco8hEXN7X,chillout
2026-09-17,medium_term,0dgJbQ0bKPyUXco8hEXN7X,chillwave
2026-09-17,medium_term,0dgJbQ0bKPyUXco8hEXN7X,downtempo
2026-09-17,medium_term,0dgJbQ0bKPyUXco8hEXN7X,drift phonk
2026-09-17,medium_term,0dgJbQ0bKPyUXco8hEXN7X,hardwave
2026-09-17,medium_term,0dgJbQ0bKPyUXco8hEXN7X,hip hop
2026-09-17,medium_term,0dgJbQ0bKPyUXco8hEXN7X,house
2026-09-17,medium_term,0dgJbQ0bKPyUXco8hEXN7X,instrumental
2026-09-17,medium_term,0dgJbQ0bKPyUXco8hEXN7X,instrumental hip hop
2026-09-17,medium_term,0dgJbQ0bKPyUXco8hEXN7X,lo-fi
2026-09-17,medium_term,0dgJbQ0bKPyUXco8hEXN7X,lo-fi hip hop
2026-09-17,medium_term,0dgJbQ0bKPyUXco8hEXN7X,phonk
2026-09-17,medium_term,0dgJbQ0bKPyUXco8hEXN7X,wave
2026-09-17,medium_term,0klU31gyC6EZqKgLvVANCy,boom bap
2026-09-17,medium_term,0klU31gyC6EZqKgLvVANCy,chillwave
2026-09-17,medium_term,0klU31gyC6EZqKgLvVANCy,downtempo
2026-09-17,medium_term,0klU31gyC6EZqKgLvVANCy,hip hop
2026-09-17,medium_term,0klU31gyC6EZqKgLvVANCy,instrumental
2026-09-17,medium_term,0klU31gyC6EZqKgLvVANCy,instrumental hip hop
2026-09-17,medium_term,0klU31gyC6EZqKgLvVANCy,lo-fi
2026-09-17,medium_term,0klU31gyC6EZqKgLvVANCy,lo-fi hip hop
2026-09-17,medium_term,17XXKfRBMCWvLrqGoNkJXm,ballad
2026-09-17,medium_term,17XXKfRBMCWvLrqGoNkJXm,easy listening
2026-09-17,medium_term,17XXKfRBMCWvLrqGoNkJXm,pop
2026-09-17,medium_term,1AbJ2cmwK400LSvdvBL5Jc,bedroom pop
2026-09-17,medium_term,1QAJqy2dA3ihHBFIHRphZj,ambient
2026-09-17,medium_term,1QAJqy2dA3ihHBFIHRphZj,ambient pop
2026-09-17,medium_term,1QAJqy2dA3ihHBFIHRphZj,dream pop
2026-09-17,medium_term,1QAJqy2dA3ihHBFIHRphZj,indie pop
2026-09-17,medium_term,1QAJqy2dA3ihHBFIHRphZj,indie rock
2026-09-17,medium_term,1QAJqy2dA3ihHBFIHRphZj,pop
2026-09-17,medium_term,1QAJqy2dA3ihHBFIHRphZj,shoegaze
2026-09-17,medium_term,1QAJqy2dA3ihHBFIHRphZj,slowcore
2026-09-17,medium_term,1Xyo4u8uXC1ZmMpatF05PJ,alternative r&b
2026-09-17,medium_term,1Xyo4u8uXC1ZmMpatF05PJ,contemporary r&b
2026-09-17,medium_term,1Xyo4u8uXC1ZmMpatF05PJ,dance-pop
2026-09-17,medium_term,1Xyo4u8uXC1ZmMpatF05PJ,hypnagogic pop
2026-09-17,medium_term,1Xyo4u8uXC1ZmMpatF05PJ,pop
2026-09-17,medium_term,1Xyo4u8uXC1ZmMpatF05PJ,r&b
2026-09-17,medium_term,1Xyo4u8uXC1ZmMpatF05PJ,synth-pop
2026-09-17,medium_term,1cGyguqPQY22oUd4fKglFS,ambient
2026-09-17,medium_term,1cGyguqPQY22oUd4fKglFS,dark ambient
2026-09-17,medium_term,1wRPtKGflJrBx9BmLsSwlU,filmi
2026-09-17,medium_term,2YZyLoL8N0Wb9xBt1NhZWg,alternative hip hop
2026-09-17,medium_term,2YZyLoL8N0Wb9xBt1NhZWg,conscious hip hop
2026-09-17,medium_term,2YZyLoL8N0Wb9xBt1NhZWg,dance
2026-09-17,medium_term,2YZyLoL8N0Wb9xBt1NhZWg,disco
2026-09-17,medium_term,2YZyLoL8N0Wb9xBt1NhZWg,future bass
2026-09-17,medium_term,2YZyLoL8N0Wb9xBt1NhZWg,gangsta rap
2026-09-17,medium_term,2YZyLoL8N0Wb9xBt1NhZWg,hardcore hip hop
2026-09-17,medium_term,2YZyLoL8N0Wb9xBt1NhZWg,hip hop
2026-09-17,medium_term,2YZyLoL8N0Wb9xBt1NhZWg,house
2026-09-17,medium_term,2YZyLoL8N0Wb9xBt1NhZWg,jazz
2026-09-17,medium_term,2YZyLoL8N0Wb9xBt1NhZWg,jazz rap
2026-09-17,medium_term,2YZyLoL8N0Wb9xBt1NhZWg,pop
2026-09-17,medium_term,2YZyLoL8N0Wb9xBt1NhZWg,pop rap
2026-09-17,medium_term,2YZyLoL8N0Wb9xBt1NhZWg,r&b
2026-09-17,medium_term,2YZyLoL8N0Wb9xBt1NhZWg,trap
2026-09-17,medium_term,2YZyLoL8N0Wb9xBt1NhZWg,west coast hip hop
2026-09-17,medium_term,2h93pZq0e7k5yf4dywlkpM,alternative r&b
2026-09-17,medium_term,2h93pZq0e7k5yf4dywlkpM,contemporary r&b
2026-09-17,medium_term,2h93pZq0e7k5yf4dywlkpM,pop
2026-09-17,medium_term,2h93pZq0e7k5yf4dywlkpM,r&b
2026-09-17,medium_term,2jku7tDXc6XoB6MO2hFuqg,alternative hip hop
2026-09-17,medium_term,2jku7tDXc6XoB6MO2hFuqg,alternative r&b
2026-09-17,medium_term,2jku7tDXc6XoB6MO2hFuqg,contemporary r&b
2026-09-17,medium_term,2jku7tDXc6XoB6MO2hFuqg,dancehall
2026-09-17,medium_term,2jku7tDXc6XoB6MO2hFuqg,hip hop
2026-09-17,medium_term,2jku7tDXc6XoB6MO2hFuqg,r&b
2026-09-17,medium_term,3AA28KZvwAUcZuOKwyblJQ,alternative dance
2026-09-17,medium_term,3AA28KZvwAUcZuOKwyblJQ,alternative hip hop
2026-09-17,medium_term,3AA28KZvwAUcZuOKwyblJQ,alternative pop
2026-09-17,medium_term,3AA28KZvwAUcZuOKwyblJQ,alternative rock
2026-09-17,medium_term,3AA28KZvwAUcZuOKwyblJQ,art pop
2026-09-17,medium_term,3AA28KZvwAUcZuOKwyblJQ,bassline
2026-09-17,medium_term,3AA28KZvwAUcZuOKwyblJQ,breakbeat
2026-09-17,medium_term,3AA28KZvwAUcZuOKwyblJQ,breaks
2026-09-17,medium_term,3AA28KZvwAUcZuOKwyblJQ,dance
2026-09-17,medium_term,3AA28KZvwAUcZuOKwyblJQ,disco
2026-09-17,medium_term,3AA28KZvwAUcZuOKwyblJQ,electronic
2026-09-17,medium_term,3AA28KZvwAUcZuOKwyblJQ,electronica
2026-09-17,medium_term,3AA28KZvwAUcZuOKwyblJQ,electropop
2026-09-17,medium_term,3AA28KZvwAUcZuOKwyblJQ,future bass
2026-09-17,medium_term,3AA28KZvwAUcZuOKwyblJQ,hip hop
2026-09-17,medium_term,3AA28KZvwAUcZuOKwyblJQ,indie rock
2026-09-17,medium_term,3AA28KZvwAUcZuOKwyblJQ,latin
2026-09-17,medium_term,3AA28KZvwAUcZuOKwyblJQ,pop
2026-09-17,medium_term,3AA28KZvwAUcZuOKwyblJQ,pop rock
2026-09-17,medium_term,3AA28KZvwAUcZuOKwyblJQ,rock
2026-09-17,medium_term,3AA28KZvwAUcZuOKwyblJQ,synth-pop
2026-09-17,medium_term,3AA28KZvwAUcZuOKwyblJQ,tech house
2026-09-17,medium_term,3AA28KZvwAUcZuOKwyblJQ,trap
2026-09-17,medium_term,3AA28KZvwAUcZuOKwyblJQ,trip hop
2026-09-17,medium_term,3AA28KZvwAUcZuOKwyblJQ,uk garage
2026-09-17,medium_term,3MZsBdqDrRTJihTHQrO6Dq,alternative r&b
2026-09-17,medium_term,3MZsBdqDrRTJihTHQrO6Dq,art pop
2026-09-17,medium_term,3MZsBdqDrRTJihTHQrO6Dq,ballad
2026-09-17,medium_term,3MZsBdqDrRTJihTHQrO6Dq,instrumental hip hop
2026-09-17,medium_term,3MZsBdqDrRTJihTHQrO6Dq,lo-fi hip hop
2026-09-17,medium_term,3MZsBdqDrRTJihTHQrO6Dq,trip hop
2026-09-17,medium_term,3Sz7ZnJQBIHsXLUSo0OQtM,folk pop
2026-09-17,medium_term,3Sz7ZnJQBIHsXLUSo0OQtM,indie pop
2026-09-17,medium_term,3Sz7ZnJQBIHsXLUSo0OQtM,indie rock
2026-09-17,medium_term,3Sz7ZnJQBIHsXLUSo0OQtM,jangle pop
2026-09-17,medium_term,3Sz7ZnJQBIHsXLUSo0OQtM,pop
2026-09-17,medium_term,3Sz7ZnJQBIHsXLUSo0OQtM,psychedelic pop
2026-09-17,medium_term,3TVXtAsR1Inumwj472S9r4,alternative r&b
2026-09-17,medium_term,3TVXtAsR1Inumwj472S9r4,contemporary r&b
2026-09-17,medium_term,3TVXtAsR1Inumwj472S9r4,hardcore hip hop
2026-09-17,medium_term,3TVXtAsR1Inumwj472S9r4,hip hop
2026-09-17,medium_term,3TVXtAsR1Inumwj472S9r4,pop
2026-09-17,medium_term,3TVXtAsR1Inumwj472S9r4,pop rap
2026-09-17,medium_term,3TVXtAsR1Inumwj472S9r4,r&b
2026-09-17,medium_term,3TVXtAsR1Inumwj472S9r4,southern hip hop
2026-09-17,medium_term,3TVXtAsR1Inumwj472S9r4,trap
2026-09-17,medium_term,3ctnkEZGtVBTxS7IMin8nC,lo-fi hip hop
2026-09-17,medium_term,3mIj9lX2MWuHmhNCA7LSCW,alternative pop
2026-09-17,medium_term,3mIj9lX2MWuHmhNCA7LSCW,alternative rock
2026-09-17,medium_term,3mIj9lX2MWuHmhNCA7LSCW,ambient pop
2026-09-17,medium_term,3mIj9lX2MWuHmhNCA7LSCW,art pop
2026-09-17,medium_term,3mIj9lX2MWuHmhNCA7LSCW,indie pop
2026-09-17,medium_term,3mIj9lX2MWuHmhNCA7LSCW,indie rock
2026-09-17,medium_term,3mIj9lX2MWuHmhNCA7LSCW,indietronica
2026-09-17,medium_term,3mIj9lX2MWuHmhNCA7LSCW,leftfield
2026-09-17,medium_term,3mIj9lX2MWuHmhNCA7LSCW,new wave
2026-09-17,medium_term,3mIj9lX2MWuHmhNCA7LSCW,pop rock
2026-09-17,medium_term,3mIj9lX2MWuHmhNCA7LSCW,post-punk revival
2026-09-17,medium_term,3mIj9lX2MWuHmhNCA7LSCW,synth-pop
2026-09-17,medium_term,47zz7sob9NUcODy0BTDvKx,contemporary r&b
2026-09-17,medium_term,47zz7sob9NUcODy0BTDvKx,downtempo
2026-09-17,medium_term,47zz7sob9NUcODy0BTDvKx,jazz
2026-09-17,medium_term,47zz7sob9NUcODy0BTDvKx,jazz pop
2026-09-17,medium_term,47zz7sob9NUcODy0BTDvKx,pop
2026-09-17,medium_term,47zz7sob9NUcODy0BTDvKx,quiet storm
2026-09-17,medium_term,47zz7sob9NUcODy0BTDvKx,smooth jazz
2026-09-17,medium_term,47zz7sob9NUcODy0BTDvKx,smooth soul
2026-09-17,medium_term,47zz7sob9NUcODy0BTDvKx,sophisti-pop
2026-09-17,medium_term,47zz7sob9NUcODy0BTDvKx,soul
2026-09-17,medium_term,47zz7sob9NUcODy0BTDvKx,trip hop
2026-09-17,medium_term,4KRllJ2dEeoqvxOQLOgOsI,electronic
2026-09-17,medium_term,4KRllJ2dEeoqvxOQLOgOsI,phonk
2026-09-17,medium_term,4KRllJ2dEeoqvxOQLOgOsI,phonk house
2026-09-17,medium_term,4KRllJ2dEeoqvxOQLOgOsI,synthwave
2026-09-17,medium_term,4KRllJ2dEeoqvxOQLOgOsI,trap
2026-09-17,medium_term,4KRllJ2dEeoqvxOQLOgOsI,wave
2026-09-17,medium_term,4Z8W4fKeB5YxbusRsdQVPb,alternative rock
2026-09-17,medium_term,4Z8W4fKeB5YxbusRsdQVPb,ambient pop
2026-09-17,medium_term,4Z8W4fKeB5YxbusRsdQVPb,art pop
2026-09-17,medium_term,4Z8W4fKeB5YxbusRsdQVPb,art rock
2026-09-17,medium_term,4Z8W4fKeB5YxbusRsdQVPb,britpop
2026-09-17,medium_term,4Z8W4fKeB5YxbusRsdQVPb,chamber pop
2026-09-17,medium_term,4Z8W4fKeB5YxbusRsdQVPb,crossover prog
2026-09-17,medium_term,4Z8W4fKeB5YxbusRsdQVPb,electronic
2026-09-17,medium_term,4Z8W4fKeB5YxbusRsdQVPb,electronic rock
2026-09-17,medium_term,4Z8W4fKeB5YxbusRsdQVPb,electronica
2026-09-17,medium_term,4Z8W4fKeB5YxbusRsdQVPb,experimental
2026-09-17,medium_term,4Z8W4fKeB5YxbusRsdQVPb,experimental rock
2026-09-17,medium_term,4Z8W4fKeB5YxbusRsdQVPb,idm
2026-09-17,medium_term,4Z8W4fKeB5YxbusRsdQVPb,indie rock
2026-09-17,medium_term,4Z8W4fKeB5YxbusRsdQVPb,indietronica
2026-09-17,medium_term,4Z8W4fKeB5YxbusRsdQVPb,post-britpop
2026-09-17,medium_term,4Z8W4fKeB5YxbusRsdQVPb,post-grunge
2026-09-17,medium_term,4Z8W4fKeB5YxbusRsdQVPb,rock
2026-09-17,medium_term,4dpARuHxo51G3z768sgnrY,blue-eyed soul
2026-09-17,medium_term,4dpARuHxo51G3z768sgnrY,neo soul
2026-09-17,medium_term,4dpARuHxo51G3z768sgnrY,pop
2026-09-17,medium_term,4dpARuHxo51G3z768sgnrY,pop soul
2026-09-17,medium_term,4dpARuHxo51G3z768sgnrY,r&b
2026-09-17,medium_term,4dpARuHxo51G3z768sgnrY,soul
2026-09-17,medium_term,4gdMJYnopf2nEUcanAwstx,indian pop
2026-09-17,medium_term,4gdMJYnopf2nEUcanAwstx,singer-songwriter
2026-09-17,medium_term,4yvcSjfu4PC0CYQyLy4wSq,electronic
2026-09-17,medium_term,4yvcSjfu4PC0CYQyLy4wSq,indie pop
2026-09-17,medium_term,4yvcSjfu4PC0CYQyLy4wSq,indie rock
2026-09-17,medium_term,4yvcSjfu4PC0CYQyLy4wSq,indietronica
2026-09-17,medium_term,4yvcSjfu4PC0CYQyLy4wSq,pop
2026-09-17,medium_term,4yvcSjfu4PC0CYQyLy4wSq,psychedelic pop
2026-09-17,medium_term,4yvcSjfu4PC0CYQyLy4wSq,psychedelic rock
2026-09-17,medium_term,5INjqkS1o8h1imAzPqGZBb,alternative dance
2026-09-17,medium_term,5INjqkS1o8h1imAzPqGZBb,alternative rock
2026-09-17,medium_term,5INjqkS1o8h1imAzPqGZBb,dream pop
2026-09-17,medium_term,5INjqkS1o8h1imAzPqGZBb,indie rock
2026-09-17,medium_term,5INjqkS1o8h1imAzPqGZBb,indietronica
2026-09-17,medium_term,5INjqkS1o8h1imAzPqGZBb,leftfield
2026-09-17,medium_term,5INjqkS1o8h1imAzPqGZBb,neo-psychedelia
2026-09-17,medium_term,5INjqkS1o8h1imAzPqGZBb,pop
2026-09-17,medium_term,5INjqkS1o8h1imAzPqGZBb,psychedelic
2026-09-17,medium_term,5INjqkS1o8h1imAzPqGZBb,psychedelic pop
2026-09-17,medium_term,5INjqkS1o8h1imAzPqGZBb,psychedelic rock
2026-09-17,medium_term,5INjqkS1o8h1imAzPqGZBb,rock
2026-09-17,medium_term,5INjqkS1o8h1imAzPqGZBb,space rock
2026-09-17,medium_term,5INjqkS1o8h1imAzPqGZBb,synth-pop
2026-09-17,medium_term,5cj0lLjcoR7YOSnhnX0Po5,alternative rock
2026-09-17,medium_term,5cj0lLjcoR7YOSnhnX0Po5,grunge
2026-09-17,medium_term,5cj0lLjcoR7YOSnhnX0Po5,hip hop
2026-09-17,medium_term,5cj0lLjcoR7YOSnhnX0Po5,pop
2026-09-17,medium_term,5cj0lLjcoR7YOSnhnX0Po5,pop rap
2026-09-17,medium_term,5cj0lLjcoR7YOSnhnX0Po5,post-grunge
2026-09-17,medium_term,5cj0lLjcoR7YOSnhnX0Po5,power pop
2026-09-17,medium_term,5cj0lLjcoR7YOSnhnX0Po5,rock
2026-09-17,medium_term,5cj0lLjcoR7YOSnhnX0Po5,trap
2026-09-17,medium_term,5cj0lLjcoR7YOSnhnX0Po5,west coast hip hop
2026-09-17,medium_term,5y8tKLUfMvliMe8IKamR32,alternative r&b
2026-09-17,medium_term,5y8tKLUfMvliMe8IKamR32,contemporary r&b
2026-09-17,medium_term,5y8tKLUfMvliMe8IKamR32,indie pop
2026-09-17,medium_term,5y8tKLUfMvliMe8IKamR32,lo-fi
2026-09-17,medium_term,60jYUgQzKAtnJoXKGk1GNn,folk
2026-09-17,medium_term,60jYUgQzKAtnJoXKGk1GNn,pop
2026-09-17,medium_term,60jYUgQzKAtnJoXKGk1GNn,techno
2026-09-17,medium_term,66CXWjxzNUsdJxJ2JdwvnR,contemporary r&b
2026-09-17,medium_term,66CXWjxzNUsdJxJ2JdwvnR,dance-pop
2026-09-17,medium_term,66CXWjxzNUsdJxJ2JdwvnR,pop
2026-09-17,medium_term,66CXWjxzNUsdJxJ2JdwvnR,r&b
2026-09-17,medium_term,66CXWjxzNUsdJxJ2JdwvnR,trap soul
2026-09-17,medium_term,700c9Qz2z6HZKTumeliKAw,electronic
2026-09-17,medium_term,77SW9BnxLY8rJ0RciFqkHh,alternative rock
2026-09-17,medium_term,77SW9BnxLY8rJ0RciFqkHh,indie pop
2026-09-17,medium_term,78rUTD7y6Cy67W1RVzYs7t,alternative pop
2026-09-17,medium_term,78rUTD7y6Cy67W1RVzYs7t,bubblegum pop
2026-09-17,medium_term,78rUTD7y6Cy67W1RVzYs7t,dance-pop
2026-09-17,medium_term,78rUTD7y6Cy67W1RVzYs7t,drum and bass
2026-09-17,medium_term,78rUTD7y6Cy67W1RVzYs7t,future garage
2026-09-17,medium_term,78rUTD7y6Cy67W1RVzYs7t,jungle
2026-09-17,medium_term,78rUTD7y6Cy67W1RVzYs7t,pop
2026-09-17,medium_term,78rUTD7y6Cy67W1RVzYs7t,uk garage
2026-09-17,medium_term,7Ln80lUS6He07XvHI8qqHH,alternative rock
2026-09-17,medium_term,7Ln80lUS6He07XvHI8qqHH,art rock
2026-09-17,medium_term,7Ln80lUS6He07XvHI8qqHH,baroque pop
2026-09-17,medium_term,7Ln80lUS6He07XvHI8qqHH,dance
2026-09-17,medium_term,7Ln80lUS6He07XvHI8qqHH,electronica
2026-09-17,medium_term,7Ln80lUS6He07XvHI8qqHH,garage rock
2026-09-17,medium_term,7Ln80lUS6He07XvHI8qqHH,garage rock revival
2026-09-17,medium_term,7Ln80lUS6He07XvHI8qqHH,house
2026-09-17,medium_term,7Ln80lUS6He07XvHI8qqHH,indie rock
2026-09-17,medium_term,7Ln80lUS6He07XvHI8qqHH,neo-psychedelia
2026-09-17,medium_term,7Ln80lUS6He07XvHI8qqHH,pop
2026-09-17,medium_term,7Ln80lUS6He07XvHI8qqHH,post-punk revival
2026-09-17,medium_term,7Ln80lUS6He07XvHI8qqHH,psychedelic pop
2026-09-17,medium_term,7Ln80lUS6He07XvHI8qqHH,psychedelic rock
2026-09-17,medium_term,7Ln80lUS6He07XvHI8qqHH,rock
2026-09-17,medium_term,7lzordPuZEXxwt9aoVZYmG,alternative dance
2026-09-17,medium_term,7lzordPuZEXxwt9aoVZYmG,classic rock
2026-09-17,medium_term,7lzordPuZEXxwt9aoVZYmG,electronic
2026-09-17,medium_term,7lzordPuZEXxwt9aoVZYmG,hard rock
2026-09-17,medium_term,7lzordPuZEXxwt9aoVZYmG,new wave
2026-09-17,medium_term,7lzordPuZEXxwt9aoVZYmG,pop rock
2026-09-17,medium_term,7lzordPuZEXxwt9aoVZYmG,punk rock
2026-09-17,medium_term,7lzordPuZEXxwt9aoVZYmG,rock
2026-09-17,medium_term,7tYKF4w9nC0nq9CsPZTHyP,alternative r&b
2026-09-17,medium_term,7tYKF4w9nC0nq9CsPZTHyP,contemporary r&b
2026-09-17,medium_term,7tYKF4w9nC0nq9CsPZTHyP,electronic
2026-09-17,medium_term,7tYKF4w9nC0nq9CsPZTHyP,hip hop soul
2026-09-17,medium_term,7tYKF4w9nC0nq9CsPZTHyP,neo soul
2026-09-17,medium_term,7tYKF4w9nC0nq9CsPZTHyP,pop
2026-09-17,medium_term,7tYKF4w9nC0nq9CsPZTHyP,r&b
2026-09-17,medium_term,7tYKF4w9nC0nq9CsPZTHyP,soul
2026-09-17,short_term,00FQb4jTyendYWaN8pK0wa,alternative pop
2026-09-17,short_term,00FQb4jTyendYWaN8pK0wa,art pop
2026-09-17,short_term,00FQb4jTyendYWaN8pK0wa,ballad
2026-09-17,short_term,00FQb4jTyendYWaN8pK0wa,baroque pop
2026-09-17,short_term,00FQb4jTyendYWaN8pK0wa,chamber pop
2026-09-17,short_term,00FQb4jTyendYWaN8pK0wa,country
2026-09-17,short_term,00FQb4jTyendYWaN8pK0wa,dance
2026-09-17,short_term,00FQb4jTyendYWaN8pK0wa,dream pop
2026-09-17,short_term,00FQb4jTyendYWaN8pK0wa,edm
2026-09-17,short_term,00FQb4jTyendYWaN8pK0wa,electronic
2026-09-17,short_term,00FQb4jTyendYWaN8pK0wa,electronica
2026-09-17,short_term,00FQb4jTyendYWaN8pK0wa,future bass
2026-09-17,short_term,00FQb4jTyendYWaN8pK0wa,house
2026-09-17,short_term,00FQb4jTyendYWaN8pK0wa,indie pop
2026-09-17,short_term,00FQb4jTyendYWaN8pK0wa,indie rock
2026-09-17,short_term,00FQb4jTyendYWaN8pK0wa,melodic house
2026-09-17,short_term,00FQb4jTyendYWaN8pK0wa,melodic techno
2026-09-17,short_term,00FQb4jTyendYWaN8pK0wa,neo-psychedelia
2026-09-17,short_term,00FQb4jTyendYWaN8pK0wa,pop
2026-09-17,short_term,00FQb4jTyendYWaN8pK0wa,psychedelic pop
2026-09-17,short_term,00FQb4jTyendYWaN8pK0wa,r&b
2026-09-17,short_term,00FQb4jTyendYWaN8pK0wa,rock
2026-09-17,short_term,00FQb4jTyendYWaN8pK0wa,singer-songwriter
2026-09-17,short_term,00FQb4jTyendYWaN8pK0wa,slowcore
2026-09-17,short_term,00FQb4jTyendYWaN8pK0wa,trap
2026-09-17,short_term,00FQb4jTyendYWaN8pK0wa,trip hop
2026-09-17,short_term,0U7iI0Dk4Ojvi17nZboNO4,indie rock
2026-09-17,short_term,0U7iI0Dk4Ojvi17nZboNO4,surf rock
2026-09-17,short_term,0Y6dVaC9DZtPNH4591M42W,dream pop
2026-09-17,short_term,0Y6dVaC9DZtPNH4591M42W,electronic
2026-09-17,short_term,0Y6dVaC9DZtPNH4591M42W,hip hop
2026-09-17,short_term,0Y6dVaC9DZtPNH4591M42W,indie pop
2026-09-17,short_term,0Y6dVaC9DZtPNH4591M42W,indie rock
2026-09-17,short_term,0Y6dVaC9DZtPNH4591M42W,lo-fi
2026-09-17,short_term,0Y6dVaC9DZtPNH4591M42W,pop
2026-09-17,short_term,0dgJbQ0bKPyUXco8hEXN7X,ambient
2026-09-17,short_term,0dgJbQ0bKPyUXco8hEXN7X,boom bap
2026-09-17,short_term,0dgJbQ0bKPyUXco8hEXN7X,chillout
2026-09-17,short_term,0dgJbQ0bKPyUXco8hEXN7X,chillwave
2026-09-17,short_term,0dgJbQ0bKPyUXco8hEXN7X,downtempo
2026-09-17,short_term,0dgJbQ0bKPyUXco8hEXN7X,drift phonk
2026-09-17,short_term,0dgJbQ0bKPyUXco8hEXN7X,hardwave
2026-09-17,short_term,0dgJbQ0bKPyUXco8hEXN7X,hip hop
2026-09-17,short_term,0dgJbQ0bKPyUXco8hEXN7X,house
2026-09-17,short_term,0dgJbQ0bKPyUXco8hEXN7X,instrumental
2026-09-17,short_term,0dgJbQ0bKPyUXco8hEXN7X,instrumental hip hop
2026-09-17,short_term,0dgJbQ0bKPyUXco8hEXN7X,lo-fi
2026-09-17,short_term,0dgJbQ0bKPyUXco8hEXN7X,lo-fi hip hop
2026-09-17,short_term,0dgJbQ0bKPyUXco8hEXN7X,phonk
2026-09-17,short_term,0dgJbQ0bKPyUXco8hEXN7X,wave
2026-09-17,short_term,1AbJ2cmwK400LSvdvBL5Jc,bedroom pop
2026-09-17,short_term,1QAJqy2dA3ihHBFIHRphZj,ambient
2026-09-17,short_term,1QAJqy2dA3ihHBFIHRphZj,ambient pop
2026-09-17,short_term,1QAJqy2dA3ihHBFIHRphZj,dream pop
2026-09-17,short_term,1QAJqy2dA3ihHBFIHRphZj,indie pop
2026-09-17,short_term,1QAJqy2dA3ihHBFIHRphZj,indie rock
2026-09-17,short_term,1QAJqy2dA3ihHBFIHRphZj,pop
2026-09-17,short_term,1QAJqy2dA3ihHBFIHRphZj,shoegaze
2026-09-17,short_term,1QAJqy2dA3ihHBFIHRphZj,slowcore
2026-09-17,short_term,1Xyo4u8uXC1ZmMpatF05PJ,alternative r&b
2026-09-17,short_term,1Xyo4u8uXC1ZmMpatF05PJ,contemporary r&b
2026-09-17,short_term,1Xyo4u8uXC1ZmMpatF05PJ,dance-pop
2026-09-17,short_term,1Xyo4u8uXC1ZmMpatF05PJ,hypnagogic pop
2026-09-17,short_term,1Xyo4u8uXC1ZmMpatF05PJ,pop
2026-09-17,short_term,1Xyo4u8uXC1ZmMpatF05PJ,r&b
2026-09-17,short_term,1Xyo4u8uXC1ZmMpatF05PJ,synth-pop
2026-09-17,short_term,1fa0cOhromAZdq2xRA4vv8,blue-eyed soul
2026-09-17,short_term,1fa0cOhromAZdq2xRA4vv8,dance-pop
2026-09-17,short_term,1fa0cOhromAZdq2xRA4vv8,pop
2026-09-17,short_term,1fa0cOhromAZdq2xRA4vv8,pop soul
2026-09-17,short_term,1fa0cOhromAZdq2xRA4vv8,r&b
2026-09-17,short_term,1fa0cOhromAZdq2xRA4vv8,soft rock
2026-09-17,short_term,1fa0cOhromAZdq2xRA4vv8,sophisti-pop
2026-09-17,short_term,1fa0cOhromAZdq2xRA4vv8,soul
2026-09-17,short_term,1mYsTxnqsietFxj1OgoGbG,classical
2026-09-17,short_term,1mYsTxnqsietFxj1OgoGbG,filmi
2026-09-17,short_term,1mYsTxnqsietFxj1OgoGbG,world fusion
2026-09-17,short_term,1wRPtKGflJrBx9BmLsSwlU,filmi
2026-09-17,short_term,2YZyLoL8N0Wb9xBt1NhZWg,alternative hip hop
2026-09-17,short_term,2YZyLoL8N0Wb9xBt1NhZWg,conscious hip hop
2026-09-17,short_term,2YZyLoL8N0Wb9xBt1NhZWg,dance
2026-09-17,short_term,2YZyLoL8N0Wb9xBt1NhZWg,disco
2026-09-17,short_term,2YZyLoL8N0Wb9xBt1NhZWg,future bass
2026-09-17,short_term,2YZyLoL8N0Wb9xBt1NhZWg,gangsta rap
2026-09-17,short_term,2YZyLoL8N0Wb9xBt1NhZWg,hardcore hip hop
2026-09-17,short_term,2YZyLoL8N0Wb9xBt1NhZWg,hip hop
2026-09-17,short_term,2YZyLoL8N0Wb9xBt1NhZWg,house
2026-09-17,short_term,2YZyLoL8N0Wb9xBt1NhZWg,jazz
2026-09-17,short_term,2YZyLoL8N0Wb9xBt1NhZWg,jazz rap
2026-09-17,short_term,2YZyLoL8N0Wb9xBt1NhZWg,pop
2026-09-17,short_term,2YZyLoL8N0Wb9xBt1NhZWg,pop rap
2026-09-17,short_term,2YZyLoL8N0Wb9xBt1NhZWg,r&b
2026-09-17,short_term,2YZyLoL8N0Wb9xBt1NhZWg,trap
2026-09-17,short_term,2YZyLoL8N0Wb9xBt1NhZWg,west coast hip hop
2026-09-17,short_term,2h93pZq0e7k5yf4dywlkpM,alternative r&b
2026-09-17,short_term,2h93pZq0e7k5yf4dywlkpM,contemporary r&b
2026-09-17,short_term,2h93pZq0e7k5yf4dywlkpM,pop
2026-09-17,short_term,2h93pZq0e7k5yf4dywlkpM,r&b
2026-09-17,short_term,2jku7tDXc6XoB6MO2hFuqg,alternative hip hop
2026-09-17,short_term,2jku7tDXc6XoB6MO2hFuqg,alternative r&b
2026-09-17,short_term,2jku7tDXc6XoB6MO2hFuqg,contemporary r&b
2026-09-17,short_term,2jku7tDXc6XoB6MO2hFuqg,dancehall
2026-09-17,short_term,2jku7tDXc6XoB6MO2hFuqg,hip hop
2026-09-17,short_term,2jku7tDXc6XoB6MO2hFuqg,r&b
2026-09-17,short_term,2oSONSC9zQ4UonDKnLqksx,filmi
2026-09-17,short_term,3MZsBdqDrRTJihTHQrO6Dq,alternative r&b
2026-09-17,short_term,3MZsBdqDrRTJihTHQrO6Dq,art pop
2026-09-17,short_term,3MZsBdqDrRTJihTHQrO6Dq,ballad
2026-09-17,short_term,3MZsBdqDrRTJihTHQrO6Dq,instrumental hip hop
2026-09-17,short_term,3MZsBdqDrRTJihTHQrO6Dq,lo-fi hip hop
2026-09-17,short_term,3MZsBdqDrRTJihTHQrO6Dq,trip hop
2026-09-17,short_term,3Sz7ZnJQBIHsXLUSo0OQtM,folk pop
2026-09-17,short_term,3Sz7ZnJQBIHsXLUSo0OQtM,indie pop
2026-09-17,short_term,3Sz7ZnJQBIHsXLUSo0OQtM,indie rock
2026-09-17,short_term,3Sz7ZnJQBIHsXLUSo0OQtM,jangle pop
2026-09-17,short_term,3Sz7ZnJQBIHsXLUSo0OQtM,pop
2026-09-17,short_term,3Sz7ZnJQBIHsXLUSo0OQtM,psychedelic pop
2026-09-17,short_term,3mIj9lX2MWuHmhNCA7LSCW,alternative pop
2026-09-17,short_term,3mIj9lX2MWuHmhNCA7LSCW,alternative rock
2026-09-17,short_term,3mIj9lX2MWuHmhNCA7LSCW,ambient pop
2026-09-17,short_term,3mIj9lX2MWuHmhNCA7LSCW,art pop
2026-09-17,short_term,3mIj9lX2MWuHmhNCA7LSCW,indie pop
2026-09-17,short_term,3mIj9lX2MWuHmhNCA7LSCW,indie rock
2026-09-17,short_term,3mIj9lX2MWuHmhNCA7LSCW,indietronica
2026-09-17,short_term,3mIj9lX2MWuHmhNCA7LSCW,leftfield
2026-09-17,short_term,3mIj9lX2MWuHmhNCA7LSCW,new wave
2026-09-17,short_term,3mIj9lX2MWuHmhNCA7LSCW,pop rock
2026-09-17,short_term,3mIj9lX2MWuHmhNCA7LSCW,post-punk revival
2026-09-17,short_term,3mIj9lX2MWuHmhNCA7LSCW,synth-pop
2026-09-17,short_term,47zz7sob9NUcODy0BTDvKx,contemporary r&b
2026-09-17,short_term,47zz7sob9NUcODy0BTDvKx,downtempo
2026-09-17,short_term,47zz7sob9NUcODy0BTDvKx,jazz
2026-09-17,short_term,47zz7sob9NUcODy0BTDvKx,jazz pop
2026-09-17,short_term,47zz7sob9NUcODy0BTDvKx,pop
2026-09-17,short_term,47zz7sob9NUcODy0BTDvKx,quiet storm
2026-09-17,short_term,47zz7sob9NUcODy0BTDvKx,smooth jazz
2026-09-17,short_term,47zz7sob9NUcODy0BTDvKx,smooth soul
2026-09-17,short_term,47zz7sob9NUcODy0BTDvKx,sophisti-pop
2026-09-17,short_term,47zz7sob9NUcODy0BTDvKx,soul
2026-09-17,short_term,47zz7sob9NUcODy0BTDvKx,trip hop
2026-09-17,short_term,4gdMJYnopf2nEUcanAwstx,indian pop
2026-09-17,short_term,4gdMJYnopf2nEUcanAwstx,singer-songwriter
2026-09-17,short_term,4gzpq5DPGxSnKTe4SA8HAU,alternative rock
2026-09-17,short_term,4gzpq5DPGxSnKTe4SA8HAU,art pop
2026-09-17,short_term,4gzpq5DPGxSnKTe4SA8HAU,britpop
2026-09-17,short_term,4gzpq5DPGxSnKTe4SA8HAU,dream pop
2026-09-17,short_term,4gzpq5DPGxSnKTe4SA8HAU,piano rock
2026-09-17,short_term,4gzpq5DPGxSnKTe4SA8HAU,pop
2026-09-17,short_term,4gzpq5DPGxSnKTe4SA8HAU,pop rock
2026-09-17,short_term,4gzpq5DPGxSnKTe4SA8HAU,post-britpop
2026-09-17,short_term,4gzpq5DPGxSnKTe4SA8HAU,rock
2026-09-17,short_term,5INjqkS1o8h1imAzPqGZBb,alternative dance
2026-09-17,short_term,5INjqkS1o8h1imAzPqGZBb,alternative rock
2026-09-17,short_term,5INjqkS1o8h1imAzPqGZBb,dream pop
2026-09-17,short_term,5INjqkS1o8h1imAzPqGZBb,indie rock
2026-09-17,short_term,5INjqkS1o8h1imAzPqGZBb,indietronica
2026-09-17,short_term,5INjqkS1o8h1imAzPqGZBb,leftfield
2026-09-17,short_term,5INjqkS1o8h1imAzPqGZBb,neo-psychedelia
2026-09-17,short_term,5INjqkS1o8h1imAzPqGZBb,pop
2026-09-17,short_term,5INjqkS1o8h1imAzPqGZBb,psychedelic
2026-09-17,short_term,5INjqkS1o8h1imAzPqGZBb,psychedelic pop
2026-09-17,short_term,5INjqkS1o8h1imAzPqGZBb,psychedelic rock
2026-09-17,short_term,5INjqkS1o8h1imAzPqGZBb,rock
2026-09-17,short_term,5INjqkS1o8h1imAzPqGZBb,space rock
2026-09-17,short_term,5INjqkS1o8h1imAzPqGZBb,synth-pop
2026-09-17,short_term,66CXWjxzNUsdJxJ2JdwvnR,contemporary r&b
2026-09-17,short_term,66CXWjxzNUsdJxJ2JdwvnR,dance-pop
2026-09-17,short_term,66CXWjxzNUsdJxJ2JdwvnR,pop
2026-09-17,short_term,66CXWjxzNUsdJxJ2JdwvnR,r&b
2026-09-17,short_term,66CXWjxzNUsdJxJ2JdwvnR,trap soul
2026-09-17,short_term,6IRouO5mvvfcyxtPDKMYFN,acoustic rock
2026-09-17,short_term,6IRouO5mvvfcyxtPDKMYFN,aor
2026-09-17,short_term,6IRouO5mvvfcyxtPDKMYFN,arena rock
2026-09-17,short_term,6IRouO5mvvfcyxtPDKMYFN,classic rock
2026-09-17,short_term,6IRouO5mvvfcyxtPDKMYFN,hard rock
2026-09-17,short_term,6IRouO5mvvfcyxtPDKMYFN,pop rock
2026-09-17,short_term,6IRouO5mvvfcyxtPDKMYFN,rock
2026-09-17,short_term,6IRouO5mvvfcyxtPDKMYFN,soft rock
2026-09-17,short_term,6XwwFnewNgWp81MYMK8zLq,deep house
2026-09-17,short_term,700c9Qz2z6HZKTumeliKAw,electronic
2026-09-17,short_term,77SW9BnxLY8rJ0RciFqkHh,alternative rock
2026-09-17,short_term,77SW9BnxLY8rJ0RciFqkHh,indie pop
2026-09-17,short_term,7CajNmpbOovFoOoasH2HaY,acid house
2026-09-17,short_term,7CajNmpbOovFoOoasH2HaY,club
2026-09-17,short_term,7CajNmpbOovFoOoasH2HaY,complextro
2026-09-17,short_term,7CajNmpbOovFoOoasH2HaY,contemporary r&b
2026-09-17,short_term,7CajNmpbOovFoOoasH2HaY,dance
2026-09-17,short_term,7CajNmpbOovFoOoasH2HaY,dance-pop
2026-09-17,short_term,7CajNmpbOovFoOoasH2HaY,disco
2026-09-17,short_term,7CajNmpbOovFoOoasH2HaY,edm
2026-09-17,short_term,7CajNmpbOovFoOoasH2HaY,electro house
2026-09-17,short_term,7CajNmpbOovFoOoasH2HaY,electro-disco
2026-09-17,short_term,7CajNmpbOovFoOoasH2HaY,electronic
2026-09-17,short_term,7CajNmpbOovFoOoasH2HaY,electropop
2026-09-17,short_term,7CajNmpbOovFoOoasH2HaY,festival progressive house
2026-09-17,short_term,7CajNmpbOovFoOoasH2HaY,funktronica
2026-09-17,short_term,7CajNmpbOovFoOoasH2HaY,hip house
2026-09-17,short_term,7CajNmpbOovFoOoasH2HaY,house
2026-09-17,short_term,7CajNmpbOovFoOoasH2HaY,melodic house
2026-09-17,short_term,7CajNmpbOovFoOoasH2HaY,melodic techno
2026-09-17,short_term,7CajNmpbOovFoOoasH2HaY,nu disco
2026-09-17,short_term,7CajNmpbOovFoOoasH2HaY,pop
2026-09-17,short_term,7CajNmpbOovFoOoasH2HaY,progressive house
2026-09-17,short_term,7CajNmpbOovFoOoasH2HaY,synth-pop
2026-09-17,short_term,7CajNmpbOovFoOoasH2HaY,uk garage
2026-09-17,short_term,7Ln80lUS6He07XvHI8qqHH,alternative rock
2026-09-17,short_term,7Ln80lUS6He07XvHI8qqHH,art rock
2026-09-17,short_term,7Ln80lUS6He07XvHI8qqHH,baroque pop
2026-09-17,short_term,7Ln80lUS6He07XvHI8qqHH,dance
2026-09-17,short_term,7Ln80lUS6He07XvHI8qqHH,electronica
2026-09-17,short_term,7Ln80lUS6He07XvHI8qqHH,garage rock
2026-09-17,short_term,7Ln80lUS6He07XvHI8qqHH,garage rock revival
2026-09-17,short_term,7Ln80lUS6He07XvHI8qqHH,house
2026-09-17,short_term,7Ln80lUS6He07XvHI8qqHH,indie rock
2026-09-17,short_term,7Ln80lUS6He07XvHI8qqHH,neo-psychedelia
2026-09-17,short_term,7Ln80lUS6He07XvHI8qqHH,pop
2026-09-17,short_term,7Ln80lUS6He07XvHI8qqHH,post-punk revival
2026-09-17,short_term,7Ln80lUS6He07XvHI8qqHH,psychedelic pop
2026-09-17,short_term,7Ln80lUS6He07XvHI8qqHH,psychedelic rock
2026-09-17,short_term,7Ln80lUS6He07XvHI8qqHH,rock
2026-09-17,short_term,7tYKF4w9nC0nq9CsPZTHyP,alternative r&b
2026-09-17,short_term,7tYKF4w9nC0nq9CsPZTHyP,contemporary r&b
2026-09-17,short_term,7tYKF4w9nC0nq9CsPZTHyP,electronic
2026-09-17,short_term,7tYKF4w9nC0nq9CsPZTHyP,hip hop soul
2026-09-17,short_term,7tYKF4w9nC0nq9CsPZTHyP,neo soul
2026-09-17,short_term,7tYKF4w9nC0nq9CsPZTHyP,pop
2026-09-17,short_term,7tYKF4w9nC0nq9CsPZTHyP,r&b
2026-09-17,short_term,7tYKF4w9nC0nq9CsPZTHyP,soul
2026-09-18,long_term,00FQb4jTyendYWaN8pK0wa,alternative pop
2026-09-18,long_term,00FQb4jTyendYWaN8pK0wa,art pop
2026-09-18,long_term,00FQb4jTyendYWaN8pK0wa,ballad
2026-09-18,long_term,00FQb4jTyendYWaN8pK0wa,baroque pop
2026-09-18,long_term,00FQb4jTyendYWaN8pK0wa,chamber pop
2026-09-18,long_term,00FQb4jTyendYWaN8pK0wa,country
2026-09-18,long_term,00FQb4jTyendYWaN8pK0wa,dance
2026-09-18,long_term,00FQb4jTyendYWaN8pK0wa,dream pop
2026-09-18,long_term,00FQb4jTyendYWaN8pK0wa,edm
2026-09-18,long_term,00FQb4jTyendYWaN8pK0wa,electronic
2026-09-18,long_term,00FQb4jTyendYWaN8pK0wa,electronica
2026-09-18,long_term,00FQb4jTyendYWaN8pK0wa,future bass
2026-09-18,long_term,00FQb4jTyendYWaN8pK0wa,house
2026-09-18,long_term,00FQb4jTyendYWaN8pK0wa,indie pop
2026-09-18,long_term,00FQb4jTyendYWaN8pK0wa,indie rock
2026-09-18,long_term,00FQb4jTyendYWaN8pK0wa,melodic house
2026-09-18,long_term,00FQb4jTyendYWaN8pK0wa,melodic techno
2026-09-18,long_term,00FQb4jTyendYWaN8pK0wa,neo-psychedelia
2026-09-18,long_term,00FQb4jTyendYWaN8pK0wa,pop
2026-09-18,long_term,00FQb4jTyendYWaN8pK0wa,psychedelic pop
2026-09-18,long_term,00FQb4jTyendYWaN8pK0wa,r&b
2026-09-18,long_term,00FQb4jTyendYWaN8pK0wa,rock
2026-09-18,long_term,00FQb4jTyendYWaN8pK0wa,singer-songwriter
2026-09-18,long_term,00FQb4jTyendYWaN8pK0wa,slowcore
2026-09-18,long_term,00FQb4jTyendYWaN8pK0wa,trap
2026-09-18,long_term,00FQb4jTyendYWaN8pK0wa,trip hop
2026-09-18,long_term,06O23tLg0or676h8EEzH7W,chillwave
2026-09-18,long_term,06O23tLg0or676h8EEzH7W,dreamwave
2026-09-18,long_term,06O23tLg0or676h8EEzH7W,electronic
2026-09-18,long_term,06O23tLg0or676h8EEzH7W,synth-pop
2026-09-18,long_term,06O23tLg0or676h8EEzH7W,witch house
2026-09-18,long_term,0Y6dVaC9DZtPNH4591M42W,dream pop
2026-09-18,long_term,0Y6dVaC9DZtPNH4591M42W,electronic
2026-09-18,long_term,0Y6dVaC9DZtPNH4591M42W,hip hop
2026-09-18,long_term,0Y6dVaC9DZtPNH4591M42W,indie pop
2026-09-18,long_term,0Y6dVaC9DZtPNH4591M42W,indie rock
2026-09-18,long_term,0Y6dVaC9DZtPNH4591M42W,lo-fi
2026-09-18,long_term,0Y6dVaC9DZtPNH4591M42W,pop
2026-09-18,long_term,0dgJbQ0bKPyUXco8hEXN7X,ambient
2026-09-18,long_term,0dgJbQ0bKPyUXco8hEXN7X,boom bap
2026-09-18,long_term,0dgJbQ0bKPyUXco8hEXN7X,chillout
2026-09-18,long_term,0dgJbQ0bKPyUXco8hEXN7X,chillwave
2026-09-18,long_term,0dgJbQ0bKPyUXco8hEXN7X,downtempo
2026-09-18,long_term,0dgJbQ0bKPyUXco8hEXN7X,drift phonk
2026-09-18,long_term,0dgJbQ0bKPyUXco8hEXN7X,hardwave
2026-09-18,long_term,0dgJbQ0bKPyUXco8hEXN7X,hip hop
2026-09-18,long_term,0dgJbQ0bKPyUXco8hEXN7X,house
2026-09-18,long_term,0dgJbQ0bKPyUXco8hEXN7X,instrumental
2026-09-18,long_term,0dgJbQ0bKPyUXco8hEXN7X,instrumental hip hop
2026-09-18,long_term,0dgJbQ0bKPyUXco8hEXN7X,lo-fi
2026-09-18,long_term,0dgJbQ0bKPyUXco8hEXN7X,lo-fi hip hop
2026-09-18,long_term,0dgJbQ0bKPyUXco8hEXN7X,phonk
2026-09-18,long_term,0dgJbQ0bKPyUXco8hEXN7X,wave
2026-09-18,long_term,0hEurMDQu99nJRq8pTxO14,acoustic rock
2026-09-18,long_term,0hEurMDQu99nJRq8pTxO14,alternative rock
2026-09-18,long_term,0hEurMDQu99nJRq8pTxO14,americana
2026-09-18,long_term,0hEurMDQu99nJRq8pTxO14,blue-eyed soul
2026-09-18,long_term,0hEurMDQu99nJRq8pTxO14,blues
2026-09-18,long_term,0hEurMDQu99nJRq8pTxO14,blues rock
2026-09-18,long_term,0hEurMDQu99nJRq8pTxO14,country
2026-09-18,long_term,0hEurMDQu99nJRq8pTxO14,country rock
2026-09-18,long_term,0hEurMDQu99nJRq8pTxO14,folk rock
2026-09-18,long_term,0hEurMDQu99nJRq8pTxO14,indie rock
2026-09-18,long_term,0hEurMDQu99nJRq8pTxO14,pop
2026-09-18,long_term,0hEurMDQu99nJRq8pTxO14,pop rock
2026-09-18,long_term,0hEurMDQu99nJRq8pTxO14,rock
2026-09-18,long_term,0hEurMDQu99nJRq8pTxO14,singer-songwriter
2026-09-18,long_term,0hEurMDQu99nJRq8pTxO14,soft rock
2026-09-18,long_term,0hEurMDQu99nJRq8pTxO14,soul
2026-09-18,long_term,0klU31gyC6EZqKgLvVANCy,boom bap
2026-09-18,long_term,0klU31gyC6EZqKgLvVANCy,chillwave
2026-09-18,long_term,0klU31gyC6EZqKgLvVANCy,downtempo
2026-09-18,long_term,0klU31gyC6EZqKgLvVANCy,hip hop
2026-09-18,long_term,0klU31gyC6EZqKgLvVANCy,instrumental
2026-09-18,long_term,0klU31gyC6EZqKgLvVANCy,instrumental hip hop
2026-09-18,long_term,0klU31gyC6EZqKgLvVANCy,lo-fi
2026-09-18,long_term,0klU31gyC6EZqKgLvVANCy,lo-fi hip hop
2026-09-18,long_term,17XXKfRBMCWvLrqGoNkJXm,ballad
2026-09-18,long_term,17XXKfRBMCWvLrqGoNkJXm,easy listening
2026-09-18,long_term,17XXKfRBMCWvLrqGoNkJXm,pop
2026-09-18,long_term,19ra5tSw0tWufvUp8GotLo,ballad
2026-09-18,long_term,19ra5tSw0tWufvUp8GotLo,blue-eyed soul
2026-09-18,long_term,19ra5tSw0tWufvUp8GotLo,contemporary r&b
2026-09-18,long_term,19ra5tSw0tWufvUp8GotLo,dance-pop
2026-09-18,long_term,19ra5tSw0tWufvUp8GotLo,dance-rock
2026-09-18,long_term,19ra5tSw0tWufvUp8GotLo,jazz
2026-09-18,long_term,19ra5tSw0tWufvUp8GotLo,pop
2026-09-18,long_term,19ra5tSw0tWufvUp8GotLo,pop rock
2026-09-18,long_term,19ra5tSw0tWufvUp8GotLo,pop soul
2026-09-18,long_term,19ra5tSw0tWufvUp8GotLo,r&b
2026-09-18,long_term,19ra5tSw0tWufvUp8GotLo,smooth jazz
2026-09-18,long_term,19ra5tSw0tWufvUp8GotLo,smooth soul
2026-09-18,long_term,19ra5tSw0tWufvUp8GotLo,soft rock
2026-09-18,long_term,19ra5tSw0tWufvUp8GotLo,sophisti-pop
2026-09-18,long_term,19ra5tSw0tWufvUp8GotLo,soul
2026-09-18,long_term,1QAJqy2dA3ihHBFIHRphZj,ambient
2026-09-18,long_term,1QAJqy2dA3ihHBFIHRphZj,ambient pop
2026-09-18,long_term,1QAJqy2dA3ihHBFIHRphZj,dream pop
2026-09-18,long_term,1QAJqy2dA3ihHBFIHRphZj,indie pop
2026-09-18,long_term,1QAJqy2dA3ihHBFIHRphZj,indie rock
2026-09-18,long_term,1QAJqy2dA3ihHBFIHRphZj,pop
2026-09-18,long_term,1QAJqy2dA3ihHBFIHRphZj,shoegaze
2026-09-18,long_term,1QAJqy2dA3ihHBFIHRphZj,slowcore
2026-09-18,long_term,1Xyo4u8uXC1ZmMpatF05PJ,alternative r&b
2026-09-18,long_term,1Xyo4u8uXC1ZmMpatF05PJ,contemporary r&b
2026-09-18,long_term,1Xyo4u8uXC1ZmMpatF05PJ,dance-pop
2026-09-18,long_term,1Xyo4u8uXC1ZmMpatF05PJ,hypnagogic pop
2026-09-18,long_term,1Xyo4u8uXC1ZmMpatF05PJ,pop
2026-09-18,long_term,1Xyo4u8uXC1ZmMpatF05PJ,r&b
2026-09-18,long_term,1Xyo4u8uXC1ZmMpatF05PJ,synth-pop
2026-09-18,long_term,1cGyguqPQY22oUd4fKglFS,ambient
2026-09-18,long_term,1cGyguqPQY22oUd4fKglFS,dark ambient
2026-09-18,long_term,1mYsTxnqsietFxj1OgoGbG,classical
2026-09-18,long_term,1mYsTxnqsietFxj1OgoGbG,filmi
2026-09-18,long_term,1mYsTxnqsietFxj1OgoGbG,world fusion
2026-09-18,long_term,1wRPtKGflJrBx9BmLsSwlU,filmi
2026-09-18,long_term,2YZyLoL8N0Wb9xBt1NhZWg,alternative hip hop
2026-09-18,long_term,2YZyLoL8N0Wb9xBt1NhZWg,conscious hip hop
2026-09-18,long_term,2YZyLoL8N0Wb9xBt1NhZWg,dance
2026-09-18,long_term,2YZyLoL8N0Wb9xBt1NhZWg,disco
2026-09-18,long_term,2YZyLoL8N0Wb9xBt1NhZWg,future bass
2026-09-18,long_term,2YZyLoL8N0Wb9xBt1NhZWg,gangsta rap
2026-09-18,long_term,2YZyLoL8N0Wb9xBt1NhZWg,hardcore hip hop
2026-09-18,long_term,2YZyLoL8N0Wb9xBt1NhZWg,hip hop
2026-09-18,long_term,2YZyLoL8N0Wb9xBt1NhZWg,house
2026-09-18,long_term,2YZyLoL8N0Wb9xBt1NhZWg,jazz
2026-09-18,long_term,2YZyLoL8N0Wb9xBt1NhZWg,jazz rap
2026-09-18,long_term,2YZyLoL8N0Wb9xBt1NhZWg,pop
2026-09-18,long_term,2YZyLoL8N0Wb9xBt1NhZWg,pop rap
2026-09-18,long_term,2YZyLoL8N0Wb9xBt1NhZWg,r&b
2026-09-18,long_term,2YZyLoL8N0Wb9xBt1NhZWg,trap
2026-09-18,long_term,2YZyLoL8N0Wb9xBt1NhZWg,west coast hip hop
2026-09-18,long_term,2exebQUDoIoT0dXA8BcN1P,chillwave
2026-09-18,long_term,2exebQUDoIoT0dXA8BcN1P,electronic
2026-09-18,long_term,2exebQUDoIoT0dXA8BcN1P,synthwave
2026-09-18,long_term,2h93pZq0e7k5yf4dywlkpM,alternative r&b
2026-09-18,long_term,2h93pZq0e7k5yf4dywlkpM,contemporary r&b
2026-09-18,long_term,2h93pZq0e7k5yf4dywlkpM,pop
2026-09-18,long_term,2h93pZq0e7k5yf4dywlkpM,r&b
2026-09-18,long_term,2jku7tDXc6XoB6MO2hFuqg,alternative hip hop
2026-09-18,long_term,2jku7tDXc6XoB6MO2hFuqg,alternative r&b
2026-09-18,long_term,2jku7tDXc6XoB6MO2hFuqg,contemporary r&b
2026-09-18,long_term,2jku7tDXc6XoB6MO2hFuqg,dancehall
2026-09-18,long_term,2jku7tDXc6XoB6MO2hFuqg,hip hop
2026-09-18,long_term,2jku7tDXc6XoB6MO2hFuqg,r&b
2026-09-18,long_term,2sSGPbdZJkaSE2AbcGOACx,bedroom pop
2026-09-18,long_term,2sSGPbdZJkaSE2AbcGOACx,dream pop
2026-09-18,long_term,2sSGPbdZJkaSE2AbcGOACx,indie pop
2026-09-18,long_term,2sSGPbdZJkaSE2AbcGOACx,lo-fi
2026-09-18,long_term,2sSGPbdZJkaSE2AbcGOACx,psychedelic pop
2026-09-18,long_term,2sSGPbdZJkaSE2AbcGOACx,psychedelic soul
2026-09-18,long_term,2sSGPbdZJkaSE2AbcGOACx,synth-pop
2026-09-18,long_term,36QJpDe2go2KgaRleHCDTp,arena rock
2026-09-18,long_term,36QJpDe2go2KgaRleHCDTp,blues rock
2026-09-18,long_term,36QJpDe2go2KgaRleHCDTp,classic rock
2026-09-18,long_term,36QJpDe2go2KgaRleHCDTp,folk rock
2026-09-18,long_term,36QJpDe2go2KgaRleHCDTp,hard rock
2026-09-18,long_term,36QJpDe2go2KgaRleHCDTp,heavy metal
2026-09-18,long_term,36QJpDe2go2KgaRleHCDTp,pop
2026-09-18,long_term,36QJpDe2go2KgaRleHCDTp,progressive rock
2026-09-18,long_term,36QJpDe2go2KgaRleHCDTp,rock
2026-09-18,long_term,36QJpDe2go2KgaRleHCDTp,rock and roll
2026-09-18,long_term,3MZsBdqDrRTJihTHQrO6Dq,alternative r&b
2026-09-18,long_term,3MZsBdqDrRTJihTHQrO6Dq,art pop
2026-09-18,long_term,3MZsBdqDrRTJihTHQrO6Dq,ballad
2026-09-18,long_term,3MZsBdqDrRTJihTHQrO6Dq,instrumental hip hop
2026-09-18,long_term,3MZsBdqDrRTJihTHQrO6Dq,lo-fi hip hop
2026-09-18,long_term,3MZsBdqDrRTJihTHQrO6Dq,trip hop
2026-09-18,long_term,3Sz7ZnJQBIHsXLUSo0OQtM,folk pop
2026-09-18,long_term,3Sz7ZnJQBIHsXLUSo0OQtM,indie pop
2026-09-18,long_term,3Sz7ZnJQBIHsXLUSo0OQtM,indie rock
2026-09-18,long_term,3Sz7ZnJQBIHsXLUSo0OQtM,jangle pop
2026-09-18,long_term,3Sz7ZnJQBIHsXLUSo0OQtM,pop
2026-09-18,long_term,3Sz7ZnJQBIHsXLUSo0OQtM,psychedelic pop
2026-09-18,long_term,3TVXtAsR1Inumwj472S9r4,alternative r&b
2026-09-18,long_term,3TVXtAsR1Inumwj472S9r4,contemporary r&b
2026-09-18,long_term,3TVXtAsR1Inumwj472S9r4,hardcore hip hop
2026-09-18,long_term,3TVXtAsR1Inumwj472S9r4,hip hop
2026-09-18,long_term,3TVXtAsR1Inumwj472S9r4,pop
2026-09-18,long_term,3TVXtAsR1Inumwj472S9r4,pop rap
2026-09-18,long_term,3TVXtAsR1Inumwj472S9r4,r&b
2026-09-18,long_term,3TVXtAsR1Inumwj472S9r4,southern hip hop
2026-09-18,long_term,3TVXtAsR1Inumwj472S9r4,trap
2026-09-18,long_term,3zmfs9cQwzJl575W1ZYXeT,bedroom pop
2026-09-18,long_term,3zmfs9cQwzJl575W1ZYXeT,downtempo
2026-09-18,long_term,3zmfs9cQwzJl575W1ZYXeT,dream pop
2026-09-18,long_term,3zmfs9cQwzJl575W1ZYXeT,indie pop
2026-09-18,long_term,3zmfs9cQwzJl575W1ZYXeT,neo-psychedelia
2026-09-18,long_term,3zmfs9cQwzJl575W1ZYXeT,pop
2026-09-18,long_term,3zmfs9cQwzJl575W1ZYXeT,shoegaze
2026-09-18,long_term,3zmfs9cQwzJl575W1ZYXeT,sophisti-pop
2026-09-18,long_term,47zz7sob9NUcODy0BTDvKx,contemporary r&b
2026-09-18,long_term,47zz7sob9NUcODy0BTDvKx,downtempo
2026-09-18,long_term,47zz7sob9NUcODy0BTDvKx,jazz
2026-09-18,long_term,47zz7sob9NUcODy0BTDvKx,jazz pop
2026-09-18,long_term,47zz7sob9NUcODy0BTDvKx,pop
2026-09-18,long_term,47zz7sob9NUcODy0BTDvKx,quiet storm
2026-09-18,long_term,47zz7sob9NUcODy0BTDvKx,smooth jazz
2026-09-18,long_term,47zz7sob9NUcODy0BTDvKx,smooth soul
2026-09-18,long_term,47zz7sob9NUcODy0BTDvKx,sophisti-pop
2026-09-18,long_term,47zz7sob9NUcODy0BTDvKx,soul
2026-09-18,long_term,47zz7sob9NUcODy0BTDvKx,trip hop
2026-09-18,long_term,4KRllJ2dEeoqvxOQLOgOsI,electronic
2026-09-18,long_term,4KRllJ2dEeoqvxOQLOgOsI,phonk
2026-09-18,long_term,4KRllJ2dEeoqvxOQLOgOsI,phonk house
2026-09-18,long_term,4KRllJ2dEeoqvxOQLOgOsI,synthwave
2026-09-18,long_term,4KRllJ2dEeoqvxOQLOgOsI,trap
2026-09-18,long_term,4KRllJ2dEeoqvxOQLOgOsI,wave
2026-09-18,long_term,4MrQDA45Gd0llLrwFUzimG,boom bap
2026-09-18,long_term,4MrQDA45Gd0llLrwFUzimG,chillwave
2026-09-18,long_term,4MrQDA45Gd0llLrwFUzimG,downtempo
2026-09-18,long_term,4MrQDA45Gd0llLrwFUzimG,hip hop
2026-09-18,long_term,4MrQDA45Gd0llLrwFUzimG,instrumental
2026-09-18,long_term,4MrQDA45Gd0llLrwFUzimG,instrumental hip hop
2026-09-18,long_term,4MrQDA45Gd0llLrwFUzimG,lo-fi
2026-09-18,long_term,4MrQDA45Gd0llLrwFUzimG,lo-fi hip hop
2026-09-18,long_term,4gdMJYnopf2nEUcanAwstx,indian pop
2026-09-18,long_term,4gdMJYnopf2nEUcanAwstx,singer-songwriter
2026-09-18,long_term,4gzpq5DPGxSnKTe4SA8HAU,alternative rock
2026-09-18,long_term,4gzpq5DPGxSnKTe4SA8HAU,art pop
2026-09-18,long_term,4gzpq5DPGxSnKTe4SA8HAU,britpop
2026-09-18,long_term,4gzpq5DPGxSnKTe4SA8HAU,dream pop
2026-09-18,long_term,4gzpq5DPGxSnKTe4SA8HAU,piano rock
2026-09-18,long_term,4gzpq5DPGxSnKTe4SA8HAU,pop
2026-09-18,long_term,4gzpq5DPGxSnKTe4SA8HAU,pop rock
2026-09-18,long_term,4gzpq5DPGxSnKTe4SA8HAU,post-britpop
2026-09-18,long_term,4gzpq5DPGxSnKTe4SA8HAU,rock
2026-09-18,long_term,4yvcSjfu4PC0CYQyLy4wSq,electronic
2026-09-18,long_term,4yvcSjfu4PC0CYQyLy4wSq,indie pop
2026-09-18,long_term,4yvcSjfu4PC0CYQyLy4wSq,indie rock
2026-09-18,long_term,4yvcSjfu4PC0CYQyLy4wSq,indietronica
2026-09-18,long_term,4yvcSjfu4PC0CYQyLy4wSq,pop
2026-09-18,long_term,4yvcSjfu4PC0CYQyLy4wSq,psychedelic pop
2026-09-18,long_term,4yvcSjfu4PC0CYQyLy4wSq,psychedelic rock
2026-09-18,long_term,5INjqkS1o8h1imAzPqGZBb,alternative dance
2026-09-18,long_term,5INjqkS1o8h1imAzPqGZBb,alternative rock
2026-09-18,long_term,5INjqkS1o8h1imAzPqGZBb,dream pop
2026-09-18,long_term,5INjqkS1o8h1imAzPqGZBb,indie rock
2026-09-18,long_term,5INjqkS1o8h1imAzPqGZBb,indietronica
2026-09-18,long_term,5INjqkS1o8h1imAzPqGZBb,leftfield
2026-09-18,long_term,5INjqkS1o8h1imAzPqGZBb,neo-psychedelia
2026-09-18,long_term,5INjqkS1o8h1imAzPqGZBb,pop
2026-09-18,long_term,5INjqkS1o8h1imAzPqGZBb,psychedelic
2026-09-18,long_term,5INjqkS1o8h1imAzPqGZBb,psychedelic pop
2026-09-18,long_term,5INjqkS1o8h1imAzPqGZBb,psychedelic rock
2026-09-18,long_term,5INjqkS1o8h1imAzPqGZBb,rock
2026-09-18,long_term,5INjqkS1o8h1imAzPqGZBb,space rock
2026-09-18,long_term,5INjqkS1o8h1imAzPqGZBb,synth-pop
2026-09-18,long_term,5K4W6rqBFWDnAN6FQUkS6x,chipmunk soul
2026-09-18,long_term,5K4W6rqBFWDnAN6FQUkS6x,christian hip hop
2026-09-18,long_term,5K4W6rqBFWDnAN6FQUkS6x,conscious hip hop
2026-09-18,long_term,5K4W6rqBFWDnAN6FQUkS6x,contemporary r&b
2026-09-18,long_term,5K4W6rqBFWDnAN6FQUkS6x,deep house
2026-09-18,long_term,5K4W6rqBFWDnAN6FQUkS6x,electropop
2026-09-18,long_term,5K4W6rqBFWDnAN6FQUkS6x,experimental hip hop
2026-09-18,long_term,5K4W6rqBFWDnAN6FQUkS6x,future bass
2026-09-18,long_term,5K4W6rqBFWDnAN6FQUkS6x,hip hop
2026-09-18,long_term,5K4W6rqBFWDnAN6FQUkS6x,house
2026-09-18,long_term,5K4W6rqBFWDnAN6FQUkS6x,pop
2026-09-18,long_term,5K4W6rqBFWDnAN6FQUkS6x,pop rap
2026-09-18,long_term,5K4W6rqBFWDnAN6FQUkS6x,r&b
2026-09-18,long_term,5K4W6rqBFWDnAN6FQUkS6x,trap
2026-09-18,long_term,5cj0lLjcoR7YOSnhnX0Po5,alternative rock
2026-09-18,long_term,5cj0lLjcoR7YOSnhnX0Po5,grunge
2026-09-18,long_term,5cj0lLjcoR7YOSnhnX0Po5,hip hop
2026-09-18,long_term,5cj0lLjcoR7YOSnhnX0Po5,pop
2026-09-18,long_term,5cj0lLjcoR7YOSnhnX0Po5,pop rap
2026-09-18,long_term,5cj0lLjcoR7YOSnhnX0Po5,post-grunge
2026-09-18,long_term,5cj0lLjcoR7YOSnhnX0Po5,power pop
2026-09-18,long_term,5cj0lLjcoR7YOSnhnX0Po5,rock
2026-09-18,long_term,5cj0lLjcoR7YOSnhnX0Po5,trap
2026-09-18,long_term,5cj0lLjcoR7YOSnhnX0Po5,west coast hip hop
2026-09-18,long_term,5y8tKLUfMvliMe8IKamR32,alternative r&b
2026-09-18,long_term,5y8tKLUfMvliMe8IKamR32,contemporary r&b
2026-09-18,long_term,5y8tKLUfMvliMe8IKamR32,indie pop
2026-09-18,long_term,5y8tKLUfMvliMe8IKamR32,lo-fi
2026-09-18,long_term,6YJ4EgQzDfJnIHRbqIHAdD,chillwave
2026-09-18,long_term,6YJ4EgQzDfJnIHRbqIHAdD,downtempo
2026-09-18,long_term,6YJ4EgQzDfJnIHRbqIHAdD,instrumental
2026-09-18,long_term,6YJ4EgQzDfJnIHRbqIHAdD,instrumental hip hop
2026-09-18,long_term,6YJ4EgQzDfJnIHRbqIHAdD,lo-fi
2026-09-18,long_term,6YJ4EgQzDfJnIHRbqIHAdD,lo-fi hip hop
2026-09-18,long_term,6ft7JnxMyZhp7N52qzHymY,dream pop
2026-09-18,long_term,700c9Qz2z6HZKTumeliKAw,electronic
2026-09-18,long_term,77SW9BnxLY8rJ0RciFqkHh,alternative rock
2026-09-18,long_term,77SW9BnxLY8rJ0RciFqkHh,indie pop
2026-09-18,long_term,78rUTD7y6Cy67W1RVzYs7t,alternative pop
2026-09-18,long_term,78rUTD7y6Cy67W1RVzYs7t,bubblegum pop
2026-09-18,long_term,78rUTD7y6Cy67W1RVzYs7t,dance-pop
2026-09-18,long_term,78rUTD7y6Cy67W1RVzYs7t,drum and bass
2026-09-18,long_term,78rUTD7y6Cy67W1RVzYs7t,future garage
2026-09-18,long_term,78rUTD7y6Cy67W1RVzYs7t,jungle
2026-09-18,long_term,78rUTD7y6Cy67W1RVzYs7t,pop
2026-09-18,long_term,78rUTD7y6Cy67W1RVzYs7t,uk garage
2026-09-18,long_term,7Ln80lUS6He07XvHI8qqHH,alternative rock
2026-09-18,long_term,7Ln80lUS6He07XvHI8qqHH,art rock
2026-09-18,long_term,7Ln80lUS6He07XvHI8qqHH,baroque pop
2026-09-18,long_term,7Ln80lUS6He07XvHI8qqHH,dance
2026-09-18,long_term,7Ln80lUS6He07XvHI8qqHH,electronica
2026-09-18,long_term,7Ln80lUS6He07XvHI8qqHH,garage rock
2026-09-18,long_term,7Ln80lUS6He07XvHI8qqHH,garage rock revival
2026-09-18,long_term,7Ln80lUS6He07XvHI8qqHH,house
2026-09-18,long_term,7Ln80lUS6He07XvHI8qqHH,indie rock
2026-09-18,long_term,7Ln80lUS6He07XvHI8qqHH,neo-psychedelia
2026-09-18,long_term,7Ln80lUS6He07XvHI8qqHH,pop
2026-09-18,long_term,7Ln80lUS6He07XvHI8qqHH,post-punk revival
2026-09-18,long_term,7Ln80lUS6He07XvHI8qqHH,psychedelic pop
2026-09-18,long_term,7Ln80lUS6He07XvHI8qqHH,psychedelic rock
2026-09-18,long_term,7Ln80lUS6He07XvHI8qqHH,rock
2026-09-18,long_term,7gW0r5CkdEUMm42w9XpyZO,bossa nova
2026-09-18,long_term,7gW0r5CkdEUMm42w9XpyZO,jazz
2026-09-18,long_term,7gW0r5CkdEUMm42w9XpyZO,jazz pop
2026-09-18,long_term,7gW0r5CkdEUMm42w9XpyZO,singer-songwriter
2026-09-18,long_term,7gW0r5CkdEUMm42w9XpyZO,vocal jazz
2026-09-18,long_term,7tYKF4w9nC0nq9CsPZTHyP,alternative r&b
2026-09-18,long_term,7tYKF4w9nC0nq9CsPZTHyP,contemporary r&b
2026-09-18,long_term,7tYKF4w9nC0nq9CsPZTHyP,electronic
2026-09-18,long_term,7tYKF4w9nC0nq9CsPZTHyP,hip hop soul
2026-09-18,long_term,7tYKF4w9nC0nq9CsPZTHyP,neo soul
2026-09-18,long_term,7tYKF4w9nC0nq9CsPZTHyP,pop
2026-09-18,long_term,7tYKF4w9nC0nq9CsPZTHyP,r&b
2026-09-18,long_term,7tYKF4w9nC0nq9CsPZTHyP,soul
2026-09-18,medium_term,00FQb4jTyendYWaN8pK0wa,alternative pop
2026-09-18,medium_term,00FQb4jTyendYWaN8pK0wa,art pop
2026-09-18,medium_term,00FQb4jTyendYWaN8pK0wa,ballad
2026-09-18,medium_term,00FQb4jTyendYWaN8pK0wa,baroque pop
2026-09-18,medium_term,00FQb4jTyendYWaN8pK0wa,chamber pop
2026-09-18,medium_term,00FQb4jTyendYWaN8pK0wa,country
2026-09-18,medium_term,00FQb4jTyendYWaN8pK0wa,dance
2026-09-18,medium_term,00FQb4jTyendYWaN8pK0wa,dream pop
2026-09-18,medium_term,00FQb4jTyendYWaN8pK0wa,edm
2026-09-18,medium_term,00FQb4jTyendYWaN8pK0wa,electronic
2026-09-18,medium_term,00FQb4jTyendYWaN8pK0wa,electronica
2026-09-18,medium_term,00FQb4jTyendYWaN8pK0wa,future bass
2026-09-18,medium_term,00FQb4jTyendYWaN8pK0wa,house
2026-09-18,medium_term,00FQb4jTyendYWaN8pK0wa,indie pop
2026-09-18,medium_term,00FQb4jTyendYWaN8pK0wa,indie rock
2026-09-18,medium_term,00FQb4jTyendYWaN8pK0wa,melodic house
2026-09-18,medium_term,00FQb4jTyendYWaN8pK0wa,melodic techno
2026-09-18,medium_term,00FQb4jTyendYWaN8pK0wa,neo-psychedelia
2026-09-18,medium_term,00FQb4jTyendYWaN8pK0wa,pop
2026-09-18,medium_term,00FQb4jTyendYWaN8pK0wa,psychedelic pop
2026-09-18,medium_term,00FQb4jTyendYWaN8pK0wa,r&b
2026-09-18,medium_term,00FQb4jTyendYWaN8pK0wa,rock
2026-09-18,medium_term,00FQb4jTyendYWaN8pK0wa,singer-songwriter
2026-09-18,medium_term,00FQb4jTyendYWaN8pK0wa,slowcore
2026-09-18,medium_term,00FQb4jTyendYWaN8pK0wa,trap
2026-09-18,medium_term,00FQb4jTyendYWaN8pK0wa,trip hop
2026-09-18,medium_term,0Y6dVaC9DZtPNH4591M42W,dream pop
2026-09-18,medium_term,0Y6dVaC9DZtPNH4591M42W,electronic
2026-09-18,medium_term,0Y6dVaC9DZtPNH4591M42W,hip hop
2026-09-18,medium_term,0Y6dVaC9DZtPNH4591M42W,indie pop
2026-09-18,medium_term,0Y6dVaC9DZtPNH4591M42W,indie rock
2026-09-18,medium_term,0Y6dVaC9DZtPNH4591M42W,lo-fi
2026-09-18,medium_term,0Y6dVaC9DZtPNH4591M42W,pop
2026-09-18,medium_term,0dgJbQ0bKPyUXco8hEXN7X,ambient
2026-09-18,medium_term,0dgJbQ0bKPyUXco8hEXN7X,boom bap
2026-09-18,medium_term,0dgJbQ0bKPyUXco8hEXN7X,chillout
2026-09-18,medium_term,0dgJbQ0bKPyUXco8hEXN7X,chillwave
2026-09-18,medium_term,0dgJbQ0bKPyUXco8hEXN7X,downtempo
2026-09-18,medium_term,0dgJbQ0bKPyUXco8hEXN7X,drift phonk
2026-09-18,medium_term,0dgJbQ0bKPyUXco8hEXN7X,hardwave
2026-09-18,medium_term,0dgJbQ0bKPyUXco8hEXN7X,hip hop
2026-09-18,medium_term,0dgJbQ0bKPyUXco8hEXN7X,house
2026-09-18,medium_term,0dgJbQ0bKPyUXco8hEXN7X,instrumental
2026-09-18,medium_term,0dgJbQ0bKPyUXco8hEXN7X,instrumental hip hop
2026-09-18,medium_term,0dgJbQ0bKPyUXco8hEXN7X,lo-fi
2026-09-18,medium_term,0dgJbQ0bKPyUXco8hEXN7X,lo-fi hip hop
2026-09-18,medium_term,0dgJbQ0bKPyUXco8hEXN7X,phonk
2026-09-18,medium_term,0dgJbQ0bKPyUXco8hEXN7X,wave
2026-09-18,medium_term,0klU31gyC6EZqKgLvVANCy,boom bap
2026-09-18,medium_term,0klU31gyC6EZqKgLvVANCy,chillwave
2026-09-18,medium_term,0klU31gyC6EZqKgLvVANCy,downtempo
2026-09-18,medium_term,0klU31gyC6EZqKgLvVANCy,hip hop
2026-09-18,medium_term,0klU31gyC6EZqKgLvVANCy,instrumental
2026-09-18,medium_term,0klU31gyC6EZqKgLvVANCy,instrumental hip hop
2026-09-18,medium_term,0klU31gyC6EZqKgLvVANCy,lo-fi
2026-09-18,medium_term,0klU31gyC6EZqKgLvVANCy,lo-fi hip hop
2026-09-18,medium_term,17XXKfRBMCWvLrqGoNkJXm,ballad
2026-09-18,medium_term,17XXKfRBMCWvLrqGoNkJXm,easy listening
2026-09-18,medium_term,17XXKfRBMCWvLrqGoNkJXm,pop
2026-09-18,medium_term,1AbJ2cmwK400LSvdvBL5Jc,bedroom pop
2026-09-18,medium_term,1QAJqy2dA3ihHBFIHRphZj,ambient
2026-09-18,medium_term,1QAJqy2dA3ihHBFIHRphZj,ambient pop
2026-09-18,medium_term,1QAJqy2dA3ihHBFIHRphZj,dream pop
2026-09-18,medium_term,1QAJqy2dA3ihHBFIHRphZj,indie pop
2026-09-18,medium_term,1QAJqy2dA3ihHBFIHRphZj,indie rock
2026-09-18,medium_term,1QAJqy2dA3ihHBFIHRphZj,pop
2026-09-18,medium_term,1QAJqy2dA3ihHBFIHRphZj,shoegaze
2026-09-18,medium_term,1QAJqy2dA3ihHBFIHRphZj,slowcore
2026-09-18,medium_term,1Xyo4u8uXC1ZmMpatF05PJ,alternative r&b
2026-09-18,medium_term,1Xyo4u8uXC1ZmMpatF05PJ,contemporary r&b
2026-09-18,medium_term,1Xyo4u8uXC1ZmMpatF05PJ,dance-pop
2026-09-18,medium_term,1Xyo4u8uXC1ZmMpatF05PJ,hypnagogic pop
2026-09-18,medium_term,1Xyo4u8uXC1ZmMpatF05PJ,pop
2026-09-18,medium_term,1Xyo4u8uXC1ZmMpatF05PJ,r&b
2026-09-18,medium_term,1Xyo4u8uXC1ZmMpatF05PJ,synth-pop
2026-09-18,medium_term,1cGyguqPQY22oUd4fKglFS,ambient
2026-09-18,medium_term,1cGyguqPQY22oUd4fKglFS,dark ambient
2026-09-18,medium_term,1wRPtKGflJrBx9BmLsSwlU,filmi
2026-09-18,medium_term,2YZyLoL8N0Wb9xBt1NhZWg,alternative hip hop
2026-09-18,medium_term,2YZyLoL8N0Wb9xBt1NhZWg,conscious hip hop
2026-09-18,medium_term,2YZyLoL8N0Wb9xBt1NhZWg,dance
2026-09-18,medium_term,2YZyLoL8N0Wb9xBt1NhZWg,disco
2026-09-18,medium_term,2YZyLoL8N0Wb9xBt1NhZWg,future bass
2026-09-18,medium_term,2YZyLoL8N0Wb9xBt1NhZWg,gangsta rap
2026-09-18,medium_term,2YZyLoL8N0Wb9xBt1NhZWg,hardcore hip hop
2026-09-18,medium_term,2YZyLoL8N0Wb9xBt1NhZWg,hip hop
2026-09-18,medium_term,2YZyLoL8N0Wb9xBt1NhZWg,house
2026-09-18,medium_term,2YZyLoL8N0Wb9xBt1NhZWg,jazz
2026-09-18,medium_term,2YZyLoL8N0Wb9xBt1NhZWg,jazz rap
2026-09-18,medium_term,2YZyLoL8N0Wb9xBt1NhZWg,pop
2026-09-18,medium_term,2YZyLoL8N0Wb9xBt1NhZWg,pop rap
2026-09-18,medium_term,2YZyLoL8N0Wb9xBt1NhZWg,r&b
2026-09-18,medium_term,2YZyLoL8N0Wb9xBt1NhZWg,trap
2026-09-18,medium_term,2YZyLoL8N0Wb9xBt1NhZWg,west coast hip hop
2026-09-18,medium_term,2h93pZq0e7k5yf4dywlkpM,alternative r&b
2026-09-18,medium_term,2h93pZq0e7k5yf4dywlkpM,contemporary r&b
2026-09-18,medium_term,2h93pZq0e7k5yf4dywlkpM,pop
2026-09-18,medium_term,2h93pZq0e7k5yf4dywlkpM,r&b
2026-09-18,medium_term,2jku7tDXc6XoB6MO2hFuqg,alternative hip hop
2026-09-18,medium_term,2jku7tDXc6XoB6MO2hFuqg,alternative r&b
2026-09-18,medium_term,2jku7tDXc6XoB6MO2hFuqg,contemporary r&b
2026-09-18,medium_term,2jku7tDXc6XoB6MO2hFuqg,dancehall
2026-09-18,medium_term,2jku7tDXc6XoB6MO2hFuqg,hip hop
2026-09-18,medium_term,2jku7tDXc6XoB6MO2hFuqg,r&b
2026-09-18,medium_term,3AA28KZvwAUcZuOKwyblJQ,alternative dance
2026-09-18,medium_term,3AA28KZvwAUcZuOKwyblJQ,alternative hip hop
2026-09-18,medium_term,3AA28KZvwAUcZuOKwyblJQ,alternative pop
2026-09-18,medium_term,3AA28KZvwAUcZuOKwyblJQ,alternative rock
2026-09-18,medium_term,3AA28KZvwAUcZuOKwyblJQ,art pop
2026-09-18,medium_term,3AA28KZvwAUcZuOKwyblJQ,bassline
2026-09-18,medium_term,3AA28KZvwAUcZuOKwyblJQ,breakbeat
2026-09-18,medium_term,3AA28KZvwAUcZuOKwyblJQ,breaks
2026-09-18,medium_term,3AA28KZvwAUcZuOKwyblJQ,dance
2026-09-18,medium_term,3AA28KZvwAUcZuOKwyblJQ,disco
2026-09-18,medium_term,3AA28KZvwAUcZuOKwyblJQ,electronic
2026-09-18,medium_term,3AA28KZvwAUcZuOKwyblJQ,electronica
2026-09-18,medium_term,3AA28KZvwAUcZuOKwyblJQ,electropop
2026-09-18,medium_term,3AA28KZvwAUcZuOKwyblJQ,future bass
2026-09-18,medium_term,3AA28KZvwAUcZuOKwyblJQ,hip hop
2026-09-18,medium_term,3AA28KZvwAUcZuOKwyblJQ,indie rock
2026-09-18,medium_term,3AA28KZvwAUcZuOKwyblJQ,latin
2026-09-18,medium_term,3AA28KZvwAUcZuOKwyblJQ,pop
2026-09-18,medium_term,3AA28KZvwAUcZuOKwyblJQ,pop rock
2026-09-18,medium_term,3AA28KZvwAUcZuOKwyblJQ,rock
2026-09-18,medium_term,3AA28KZvwAUcZuOKwyblJQ,synth-pop
2026-09-18,medium_term,3AA28KZvwAUcZuOKwyblJQ,tech house
2026-09-18,medium_term,3AA28KZvwAUcZuOKwyblJQ,trap
2026-09-18,medium_term,3AA28KZvwAUcZuOKwyblJQ,trip hop
2026-09-18,medium_term,3AA28KZvwAUcZuOKwyblJQ,uk garage
2026-09-18,medium_term,3MZsBdqDrRTJihTHQrO6Dq,alternative r&b
2026-09-18,medium_term,3MZsBdqDrRTJihTHQrO6Dq,art pop
2026-09-18,medium_term,3MZsBdqDrRTJihTHQrO6Dq,ballad
2026-09-18,medium_term,3MZsBdqDrRTJihTHQrO6Dq,instrumental hip hop
2026-09-18,medium_term,3MZsBdqDrRTJihTHQrO6Dq,lo-fi hip hop
2026-09-18,medium_term,3MZsBdqDrRTJihTHQrO6Dq,trip hop
2026-09-18,medium_term,3Sz7ZnJQBIHsXLUSo0OQtM,folk pop
2026-09-18,medium_term,3Sz7ZnJQBIHsXLUSo0OQtM,indie pop
2026-09-18,medium_term,3Sz7ZnJQBIHsXLUSo0OQtM,indie rock
2026-09-18,medium_term,3Sz7ZnJQBIHsXLUSo0OQtM,jangle pop
2026-09-18,medium_term,3Sz7ZnJQBIHsXLUSo0OQtM,pop
2026-09-18,medium_term,3Sz7ZnJQBIHsXLUSo0OQtM,psychedelic pop
2026-09-18,medium_term,3TVXtAsR1Inumwj472S9r4,alternative r&b
2026-09-18,medium_term,3TVXtAsR1Inumwj472S9r4,contemporary r&b
2026-09-18,medium_term,3TVXtAsR1Inumwj472S9r4,hardcore hip hop
2026-09-18,medium_term,3TVXtAsR1Inumwj472S9r4,hip hop
2026-09-18,medium_term,3TVXtAsR1Inumwj472S9r4,pop
2026-09-18,medium_term,3TVXtAsR1Inumwj472S9r4,pop rap
2026-09-18,medium_term,3TVXtAsR1Inumwj472S9r4,r&b
2026-09-18,medium_term,3TVXtAsR1Inumwj472S9r4,southern hip hop
2026-09-18,medium_term,3TVXtAsR1Inumwj472S9r4,trap
2026-09-18,medium_term,3ctnkEZGtVBTxS7IMin8nC,lo-fi hip hop
2026-09-18,medium_term,3mIj9lX2MWuHmhNCA7LSCW,alternative pop
2026-09-18,medium_term,3mIj9lX2MWuHmhNCA7LSCW,alternative rock
2026-09-18,medium_term,3mIj9lX2MWuHmhNCA7LSCW,ambient pop
2026-09-18,medium_term,3mIj9lX2MWuHmhNCA7LSCW,art pop
2026-09-18,medium_term,3mIj9lX2MWuHmhNCA7LSCW,indie pop
2026-09-18,medium_term,3mIj9lX2MWuHmhNCA7LSCW,indie rock
2026-09-18,medium_term,3mIj9lX2MWuHmhNCA7LSCW,indietronica
2026-09-18,medium_term,3mIj9lX2MWuHmhNCA7LSCW,leftfield
2026-09-18,medium_term,3mIj9lX2MWuHmhNCA7LSCW,new wave
2026-09-18,medium_term,3mIj9lX2MWuHmhNCA7LSCW,pop rock
2026-09-18,medium_term,3mIj9lX2MWuHmhNCA7LSCW,post-punk revival
2026-09-18,medium_term,3mIj9lX2MWuHmhNCA7LSCW,synth-pop
2026-09-18,medium_term,47zz7sob9NUcODy0BTDvKx,contemporary r&b
2026-09-18,medium_term,47zz7sob9NUcODy0BTDvKx,downtempo
2026-09-18,medium_term,47zz7sob9NUcODy0BTDvKx,jazz
2026-09-18,medium_term,47zz7sob9NUcODy0BTDvKx,jazz pop
2026-09-18,medium_term,47zz7sob9NUcODy0BTDvKx,pop
2026-09-18,medium_term,47zz7sob9NUcODy0BTDvKx,quiet storm
2026-09-18,medium_term,47zz7sob9NUcODy0BTDvKx,smooth jazz
2026-09-18,medium_term,47zz7sob9NUcODy0BTDvKx,smooth soul
2026-09-18,medium_term,47zz7sob9NUcODy0BTDvKx,sophisti-pop
2026-09-18,medium_term,47zz7sob9NUcODy0BTDvKx,soul
2026-09-18,medium_term,47zz7sob9NUcODy0BTDvKx,trip hop
2026-09-18,medium_term,4Z8W4fKeB5YxbusRsdQVPb,alternative rock
2026-09-18,medium_term,4Z8W4fKeB5YxbusRsdQVPb,ambient pop
2026-09-18,medium_term,4Z8W4fKeB5YxbusRsdQVPb,art pop
2026-09-18,medium_term,4Z8W4fKeB5YxbusRsdQVPb,art rock
2026-09-18,medium_term,4Z8W4fKeB5YxbusRsdQVPb,britpop
2026-09-18,medium_term,4Z8W4fKeB5YxbusRsdQVPb,chamber pop
2026-09-18,medium_term,4Z8W4fKeB5YxbusRsdQVPb,crossover prog
2026-09-18,medium_term,4Z8W4fKeB5YxbusRsdQVPb,electronic
2026-09-18,medium_term,4Z8W4fKeB5YxbusRsdQVPb,electronic rock
2026-09-18,medium_term,4Z8W4fKeB5YxbusRsdQVPb,electronica
2026-09-18,medium_term,4Z8W4fKeB5YxbusRsdQVPb,experimental
2026-09-18,medium_term,4Z8W4fKeB5YxbusRsdQVPb,experimental rock
2026-09-18,medium_term,4Z8W4fKeB5YxbusRsdQVPb,idm
2026-09-18,medium_term,4Z8W4fKeB5YxbusRsdQVPb,indie rock
2026-09-18,medium_term,4Z8W4fKeB5YxbusRsdQVPb,indietronica
2026-09-18,medium_term,4Z8W4fKeB5YxbusRsdQVPb,post-britpop
2026-09-18,medium_term,4Z8W4fKeB5YxbusRsdQVPb,post-grunge
2026-09-18,medium_term,4Z8W4fKeB5YxbusRsdQVPb,rock
2026-09-18,medium_term,4dpARuHxo51G3z768sgnrY,blue-eyed soul
2026-09-18,medium_term,4dpARuHxo51G3z768sgnrY,neo soul
2026-09-18,medium_term,4dpARuHxo51G3z768sgnrY,pop
2026-09-18,medium_term,4dpARuHxo51G3z768sgnrY,pop soul
2026-09-18,medium_term,4dpARuHxo51G3z768sgnrY,r&b
2026-09-18,medium_term,4dpARuHxo51G3z768sgnrY,soul
2026-09-18,medium_term,4gdMJYnopf2nEUcanAwstx,indian pop
2026-09-18,medium_term,4gdMJYnopf2nEUcanAwstx,singer-songwriter
2026-09-18,medium_term,4yvcSjfu4PC0CYQyLy4wSq,electronic
2026-09-18,medium_term,4yvcSjfu4PC0CYQyLy4wSq,indie pop
2026-09-18,medium_term,4yvcSjfu4PC0CYQyLy4wSq,indie rock
2026-09-18,medium_term,4yvcSjfu4PC0CYQyLy4wSq,indietronica
2026-09-18,medium_term,4yvcSjfu4PC0CYQyLy4wSq,pop
2026-09-18,medium_term,4yvcSjfu4PC0CYQyLy4wSq,psychedelic pop
2026-09-18,medium_term,4yvcSjfu4PC0CYQyLy4wSq,psychedelic rock
2026-09-18,medium_term,5INjqkS1o8h1imAzPqGZBb,alternative dance
2026-09-18,medium_term,5INjqkS1o8h1imAzPqGZBb,alternative rock
2026-09-18,medium_term,5INjqkS1o8h1imAzPqGZBb,dream pop
2026-09-18,medium_term,5INjqkS1o8h1imAzPqGZBb,indie rock
2026-09-18,medium_term,5INjqkS1o8h1imAzPqGZBb,indietronica
2026-09-18,medium_term,5INjqkS1o8h1imAzPqGZBb,leftfield
2026-09-18,medium_term,5INjqkS1o8h1imAzPqGZBb,neo-psychedelia
2026-09-18,medium_term,5INjqkS1o8h1imAzPqGZBb,pop
2026-09-18,medium_term,5INjqkS1o8h1imAzPqGZBb,psychedelic
2026-09-18,medium_term,5INjqkS1o8h1imAzPqGZBb,psychedelic pop
2026-09-18,medium_term,5INjqkS1o8h1imAzPqGZBb,psychedelic rock
2026-09-18,medium_term,5INjqkS1o8h1imAzPqGZBb,rock
2026-09-18,medium_term,5INjqkS1o8h1imAzPqGZBb,space rock
2026-09-18,medium_term,5INjqkS1o8h1imAzPqGZBb,synth-pop
2026-09-18,medium_term,5cj0lLjcoR7YOSnhnX0Po5,alternative rock
2026-09-18,medium_term,5cj0lLjcoR7YOSnhnX0Po5,grunge
2026-09-18,medium_term,5cj0lLjcoR7YOSnhnX0Po5,hip hop
2026-09-18,medium_term,5cj0lLjcoR7YOSnhnX0Po5,pop
2026-09-18,medium_term,5cj0lLjcoR7YOSnhnX0Po5,pop rap
2026-09-18,medium_term,5cj0lLjcoR7YOSnhnX0Po5,post-grunge
2026-09-18,medium_term,5cj0lLjcoR7YOSnhnX0Po5,power pop
2026-09-18,medium_term,5cj0lLjcoR7YOSnhnX0Po5,rock
2026-09-18,medium_term,5cj0lLjcoR7YOSnhnX0Po5,trap
2026-09-18,medium_term,5cj0lLjcoR7YOSnhnX0Po5,west coast hip hop
2026-09-18,medium_term,5y8tKLUfMvliMe8IKamR32,alternative r&b
2026-09-18,medium_term,5y8tKLUfMvliMe8IKamR32,contemporary r&b
2026-09-18,medium_term,5y8tKLUfMvliMe8IKamR32,indie pop
2026-09-18,medium_term,5y8tKLUfMvliMe8IKamR32,lo-fi
2026-09-18,medium_term,60jYUgQzKAtnJoXKGk1GNn,folk
2026-09-18,medium_term,60jYUgQzKAtnJoXKGk1GNn,pop
2026-09-18,medium_term,60jYUgQzKAtnJoXKGk1GNn,techno
2026-09-18,medium_term,66CXWjxzNUsdJxJ2JdwvnR,contemporary r&b
2026-09-18,medium_term,66CXWjxzNUsdJxJ2JdwvnR,dance-pop
2026-09-18,medium_term,66CXWjxzNUsdJxJ2JdwvnR,pop
2026-09-18,medium_term,66CXWjxzNUsdJxJ2JdwvnR,r&b
2026-09-18,medium_term,66CXWjxzNUsdJxJ2JdwvnR,trap soul
2026-09-18,medium_term,700c9Qz2z6HZKTumeliKAw,electronic
2026-09-18,medium_term,77SW9BnxLY8rJ0RciFqkHh,alternative rock
2026-09-18,medium_term,77SW9BnxLY8rJ0RciFqkHh,indie pop
2026-09-18,medium_term,78rUTD7y6Cy67W1RVzYs7t,alternative pop
2026-09-18,medium_term,78rUTD7y6Cy67W1RVzYs7t,bubblegum pop
2026-09-18,medium_term,78rUTD7y6Cy67W1RVzYs7t,dance-pop
2026-09-18,medium_term,78rUTD7y6Cy67W1RVzYs7t,drum and bass
2026-09-18,medium_term,78rUTD7y6Cy67W1RVzYs7t,future garage
2026-09-18,medium_term,78rUTD7y6Cy67W1RVzYs7t,jungle
2026-09-18,medium_term,78rUTD7y6Cy67W1RVzYs7t,pop
2026-09-18,medium_term,78rUTD7y6Cy67W1RVzYs7t,uk garage
2026-09-18,medium_term,7Ln80lUS6He07XvHI8qqHH,alternative rock
2026-09-18,medium_term,7Ln80lUS6He07XvHI8qqHH,art rock
2026-09-18,medium_term,7Ln80lUS6He07XvHI8qqHH,baroque pop
2026-09-18,medium_term,7Ln80lUS6He07XvHI8qqHH,dance
2026-09-18,medium_term,7Ln80lUS6He07XvHI8qqHH,electronica
2026-09-18,medium_term,7Ln80lUS6He07XvHI8qqHH,garage rock
2026-09-18,medium_term,7Ln80lUS6He07XvHI8qqHH,garage rock revival
2026-09-18,medium_term,7Ln80lUS6He07XvHI8qqHH,house
2026-09-18,medium_term,7Ln80lUS6He07XvHI8qqHH,indie rock
2026-09-18,medium_term,7Ln80lUS6He07XvHI8qqHH,neo-psychedelia
2026-09-18,medium_term,7Ln80lUS6He07XvHI8qqHH,pop
2026-09-18,medium_term,7Ln80lUS6He07XvHI8qqHH,post-punk revival
2026-09-18,medium_term,7Ln80lUS6He07XvHI8qqHH,psychedelic pop
2026-09-18,medium_term,7Ln80lUS6He07XvHI8qqHH,psychedelic rock
2026-09-18,medium_term,7Ln80lUS6He07XvHI8qqHH,rock
2026-09-18,medium_term,7lzordPuZEXxwt9aoVZYmG,alternative dance
2026-09-18,medium_term,7lzordPuZEXxwt9aoVZYmG,classic rock
2026-09-18,medium_term,7lzordPuZEXxwt9aoVZYmG,electronic
2026-09-18,medium_term,7lzordPuZEXxwt9aoVZYmG,hard rock
2026-09-18,medium_term,7lzordPuZEXxwt9aoVZYmG,new wave
2026-09-18,medium_term,7lzordPuZEXxwt9aoVZYmG,pop rock
2026-09-18,medium_term,7lzordPuZEXxwt9aoVZYmG,punk rock
2026-09-18,medium_term,7lzordPuZEXxwt9aoVZYmG,rock
2026-09-18,medium_term,7tYKF4w9nC0nq9CsPZTHyP,alternative r&b
2026-09-18,medium_term,7tYKF4w9nC0nq9CsPZTHyP,contemporary r&b
2026-09-18,medium_term,7tYKF4w9nC0nq9CsPZTHyP,electronic
2026-09-18,medium_term,7tYKF4w9nC0nq9CsPZTHyP,hip hop soul
2026-09-18,medium_term,7tYKF4w9nC0nq9CsPZTHyP,neo soul
2026-09-18,medium_term,7tYKF4w9nC0nq9CsPZTHyP,pop
2026-09-18,medium_term,7tYKF4w9nC0nq9CsPZTHyP,r&b
2026-09-18,medium_term,7tYKF4w9nC0nq9CsPZTHyP,soul
2026-09-18,short_term,00FQb4jTyendYWaN8pK0wa,alternative pop
2026-09-18,short_term,00FQb4jTyendYWaN8pK0wa,art pop
2026-09-18,short_term,00FQb4jTyendYWaN8pK0wa,ballad
2026-09-18,short_term,00FQb4jTyendYWaN8pK0wa,baroque pop
2026-09-18,short_term,00FQb4jTyendYWaN8pK0wa,chamber pop
2026-09-18,short_term,00FQb4jTyendYWaN8pK0wa,country
2026-09-18,short_term,00FQb4jTyendYWaN8pK0wa,dance
2026-09-18,short_term,00FQb4jTyendYWaN8pK0wa,dream pop
2026-09-18,short_term,00FQb4jTyendYWaN8pK0wa,edm
2026-09-18,short_term,00FQb4jTyendYWaN8pK0wa,electronic
2026-09-18,short_term,00FQb4jTyendYWaN8pK0wa,electronica
2026-09-18,short_term,00FQb4jTyendYWaN8pK0wa,future bass
2026-09-18,short_term,00FQb4jTyendYWaN8pK0wa,house
2026-09-18,short_term,00FQb4jTyendYWaN8pK0wa,indie pop
2026-09-18,short_term,00FQb4jTyendYWaN8pK0wa,indie rock
2026-09-18,short_term,00FQb4jTyendYWaN8pK0wa,melodic house
2026-09-18,short_term,00FQb4jTyendYWaN8pK0wa,melodic techno
2026-09-18,short_term,00FQb4jTyendYWaN8pK0wa,neo-psychedelia
2026-09-18,short_term,00FQb4jTyendYWaN8pK0wa,pop
2026-09-18,short_term,00FQb4jTyendYWaN8pK0wa,psychedelic pop
2026-09-18,short_term,00FQb4jTyendYWaN8pK0wa,r&b
2026-09-18,short_term,00FQb4jTyendYWaN8pK0wa,rock
2026-09-18,short_term,00FQb4jTyendYWaN8pK0wa,singer-songwriter
2026-09-18,short_term,00FQb4jTyendYWaN8pK0wa,slowcore
2026-09-18,short_term,00FQb4jTyendYWaN8pK0wa,trap
2026-09-18,short_term,00FQb4jTyendYWaN8pK0wa,trip hop
2026-09-18,short_term,0Y6dVaC9DZtPNH4591M42W,dream pop
2026-09-18,short_term,0Y6dVaC9DZtPNH4591M42W,electronic
2026-09-18,short_term,0Y6dVaC9DZtPNH4591M42W,hip hop
2026-09-18,short_term,0Y6dVaC9DZtPNH4591M42W,indie pop
2026-09-18,short_term,0Y6dVaC9DZtPNH4591M42W,indie rock
2026-09-18,short_term,0Y6dVaC9DZtPNH4591M42W,lo-fi
2026-09-18,short_term,0Y6dVaC9DZtPNH4591M42W,pop
2026-09-18,short_term,0dgJbQ0bKPyUXco8hEXN7X,ambient
2026-09-18,short_term,0dgJbQ0bKPyUXco8hEXN7X,boom bap
2026-09-18,short_term,0dgJbQ0bKPyUXco8hEXN7X,chillout
2026-09-18,short_term,0dgJbQ0bKPyUXco8hEXN7X,chillwave
2026-09-18,short_term,0dgJbQ0bKPyUXco8hEXN7X,downtempo
2026-09-18,short_term,0dgJbQ0bKPyUXco8hEXN7X,drift phonk
2026-09-18,short_term,0dgJbQ0bKPyUXco8hEXN7X,hardwave
2026-09-18,short_term,0dgJbQ0bKPyUXco8hEXN7X,hip hop
2026-09-18,short_term,0dgJbQ0bKPyUXco8hEXN7X,house
2026-09-18,short_term,0dgJbQ0bKPyUXco8hEXN7X,instrumental
2026-09-18,short_term,0dgJbQ0bKPyUXco8hEXN7X,instrumental hip hop
2026-09-18,short_term,0dgJbQ0bKPyUXco8hEXN7X,lo-fi
2026-09-18,short_term,0dgJbQ0bKPyUXco8hEXN7X,lo-fi hip hop
2026-09-18,short_term,0dgJbQ0bKPyUXco8hEXN7X,phonk
2026-09-18,short_term,0dgJbQ0bKPyUXco8hEXN7X,wave
2026-09-18,short_term,0hEurMDQu99nJRq8pTxO14,acoustic rock
2026-09-18,short_term,0hEurMDQu99nJRq8pTxO14,alternative rock
2026-09-18,short_term,0hEurMDQu99nJRq8pTxO14,americana
2026-09-18,short_term,0hEurMDQu99nJRq8pTxO14,blue-eyed soul
2026-09-18,short_term,0hEurMDQu99nJRq8pTxO14,blues
2026-09-18,short_term,0hEurMDQu99nJRq8pTxO14,blues rock
2026-09-18,short_term,0hEurMDQu99nJRq8pTxO14,country
2026-09-18,short_term,0hEurMDQu99nJRq8pTxO14,country rock
2026-09-18,short_term,0hEurMDQu99nJRq8pTxO14,folk rock
2026-09-18,short_term,0hEurMDQu99nJRq8pTxO14,indie rock
2026-09-18,short_term,0hEurMDQu99nJRq8pTxO14,pop
2026-09-18,short_term,0hEurMDQu99nJRq8pTxO14,pop rock
2026-09-18,short_term,0hEurMDQu99nJRq8pTxO14,rock
2026-09-18,short_term,0hEurMDQu99nJRq8pTxO14,singer-songwriter
2026-09-18,short_term,0hEurMDQu99nJRq8pTxO14,soft rock
2026-09-18,short_term,0hEurMDQu99nJRq8pTxO14,soul
2026-09-18,short_term,1AbJ2cmwK400LSvdvBL5Jc,bedroom pop
2026-09-18,short_term,1QAJqy2dA3ihHBFIHRphZj,ambient
2026-09-18,short_term,1QAJqy2dA3ihHBFIHRphZj,ambient pop
2026-09-18,short_term,1QAJqy2dA3ihHBFIHRphZj,dream pop
2026-09-18,short_term,1QAJqy2dA3ihHBFIHRphZj,indie pop
2026-09-18,short_term,1QAJqy2dA3ihHBFIHRphZj,indie rock
2026-09-18,short_term,1QAJqy2dA3ihHBFIHRphZj,pop
2026-09-18,short_term,1QAJqy2dA3ihHBFIHRphZj,shoegaze
2026-09-18,short_term,1QAJqy2dA3ihHBFIHRphZj,slowcore
2026-09-18,short_term,1Xyo4u8uXC1ZmMpatF05PJ,alternative r&b
2026-09-18,short_term,1Xyo4u8uXC1ZmMpatF05PJ,contemporary r&b
2026-09-18,short_term,1Xyo4u8uXC1ZmMpatF05PJ,dance-pop
2026-09-18,short_term,1Xyo4u8uXC1ZmMpatF05PJ,hypnagogic pop
2026-09-18,short_term,1Xyo4u8uXC1ZmMpatF05PJ,pop
2026-09-18,short_term,1Xyo4u8uXC1ZmMpatF05PJ,r&b
2026-09-18,short_term,1Xyo4u8uXC1ZmMpatF05PJ,synth-pop
2026-09-18,short_term,1fa0cOhromAZdq2xRA4vv8,blue-eyed soul
2026-09-18,short_term,1fa0cOhromAZdq2xRA4vv8,dance-pop
2026-09-18,short_term,1fa0cOhromAZdq2xRA4vv8,pop
2026-09-18,short_term,1fa0cOhromAZdq2xRA4vv8,pop soul
2026-09-18,short_term,1fa0cOhromAZdq2xRA4vv8,r&b
2026-09-18,short_term,1fa0cOhromAZdq2xRA4vv8,soft rock
2026-09-18,short_term,1fa0cOhromAZdq2xRA4vv8,sophisti-pop
2026-09-18,short_term,1fa0cOhromAZdq2xRA4vv8,soul
2026-09-18,short_term,1mYsTxnqsietFxj1OgoGbG,classical
2026-09-18,short_term,1mYsTxnqsietFxj1OgoGbG,filmi
2026-09-18,short_term,1mYsTxnqsietFxj1OgoGbG,world fusion
2026-09-18,short_term,1wRPtKGflJrBx9BmLsSwlU,filmi
2026-09-18,short_term,2YZyLoL8N0Wb9xBt1NhZWg,alternative hip hop
2026-09-18,short_term,2YZyLoL8N0Wb9xBt1NhZWg,conscious hip hop
2026-09-18,short_term,2YZyLoL8N0Wb9xBt1NhZWg,dance
2026-09-18,short_term,2YZyLoL8N0Wb9xBt1NhZWg,disco
2026-09-18,short_term,2YZyLoL8N0Wb9xBt1NhZWg,future bass
2026-09-18,short_term,2YZyLoL8N0Wb9xBt1NhZWg,gangsta rap
2026-09-18,short_term,2YZyLoL8N0Wb9xBt1NhZWg,hardcore hip hop
2026-09-18,short_term,2YZyLoL8N0Wb9xBt1NhZWg,hip hop
2026-09-18,short_term,2YZyLoL8N0Wb9xBt1NhZWg,house
2026-09-18,short_term,2YZyLoL8N0Wb9xBt1NhZWg,jazz
2026-09-18,short_term,2YZyLoL8N0Wb9xBt1NhZWg,jazz rap
2026-09-18,short_term,2YZyLoL8N0Wb9xBt1NhZWg,pop
2026-09-18,short_term,2YZyLoL8N0Wb9xBt1NhZWg,pop rap
2026-09-18,short_term,2YZyLoL8N0Wb9xBt1NhZWg,r&b
2026-09-18,short_term,2YZyLoL8N0Wb9xBt1NhZWg,trap
2026-09-18,short_term,2YZyLoL8N0Wb9xBt1NhZWg,west coast hip hop
2026-09-18,short_term,2h93pZq0e7k5yf4dywlkpM,alternative r&b
2026-09-18,short_term,2h93pZq0e7k5yf4dywlkpM,contemporary r&b
2026-09-18,short_term,2h93pZq0e7k5yf4dywlkpM,pop
2026-09-18,short_term,2h93pZq0e7k5yf4dywlkpM,r&b
2026-09-18,short_term,2jku7tDXc6XoB6MO2hFuqg,alternative hip hop
2026-09-18,short_term,2jku7tDXc6XoB6MO2hFuqg,alternative r&b
2026-09-18,short_term,2jku7tDXc6XoB6MO2hFuqg,contemporary r&b
2026-09-18,short_term,2jku7tDXc6XoB6MO2hFuqg,dancehall
2026-09-18,short_term,2jku7tDXc6XoB6MO2hFuqg,hip hop
2026-09-18,short_term,2jku7tDXc6XoB6MO2hFuqg,r&b
2026-09-18,short_term,2oSONSC9zQ4UonDKnLqksx,filmi
2026-09-18,short_term,3MZsBdqDrRTJihTHQrO6Dq,alternative r&b
2026-09-18,short_term,3MZsBdqDrRTJihTHQrO6Dq,art pop
2026-09-18,short_term,3MZsBdqDrRTJihTHQrO6Dq,ballad
2026-09-18,short_term,3MZsBdqDrRTJihTHQrO6Dq,instrumental hip hop
2026-09-18,short_term,3MZsBdqDrRTJihTHQrO6Dq,lo-fi hip hop
2026-09-18,short_term,3MZsBdqDrRTJihTHQrO6Dq,trip hop
2026-09-18,short_term,3Sz7ZnJQBIHsXLUSo0OQtM,folk pop
2026-09-18,short_term,3Sz7ZnJQBIHsXLUSo0OQtM,indie pop
2026-09-18,short_term,3Sz7ZnJQBIHsXLUSo0OQtM,indie rock
2026-09-18,short_term,3Sz7ZnJQBIHsXLUSo0OQtM,jangle pop
2026-09-18,short_term,3Sz7ZnJQBIHsXLUSo0OQtM,pop
2026-09-18,short_term,3Sz7ZnJQBIHsXLUSo0OQtM,psychedelic pop
2026-09-18,short_term,3mIj9lX2MWuHmhNCA7LSCW,alternative pop
2026-09-18,short_term,3mIj9lX2MWuHmhNCA7LSCW,alternative rock
2026-09-18,short_term,3mIj9lX2MWuHmhNCA7LSCW,ambient pop
2026-09-18,short_term,3mIj9lX2MWuHmhNCA7LSCW,art pop
2026-09-18,short_term,3mIj9lX2MWuHmhNCA7LSCW,indie pop
2026-09-18,short_term,3mIj9lX2MWuHmhNCA7LSCW,indie rock
2026-09-18,short_term,3mIj9lX2MWuHmhNCA7LSCW,indietronica
2026-09-18,short_term,3mIj9lX2MWuHmhNCA7LSCW,leftfield
2026-09-18,short_term,3mIj9lX2MWuHmhNCA7LSCW,new wave
2026-09-18,short_term,3mIj9lX2MWuHmhNCA7LSCW,pop rock
2026-09-18,short_term,3mIj9lX2MWuHmhNCA7LSCW,post-punk revival
2026-09-18,short_term,3mIj9lX2MWuHmhNCA7LSCW,synth-pop
2026-09-18,short_term,47zz7sob9NUcODy0BTDvKx,contemporary r&b
2026-09-18,short_term,47zz7sob9NUcODy0BTDvKx,downtempo
2026-09-18,short_term,47zz7sob9NUcODy0BTDvKx,jazz
2026-09-18,short_term,47zz7sob9NUcODy0BTDvKx,jazz pop
2026-09-18,short_term,47zz7sob9NUcODy0BTDvKx,pop
2026-09-18,short_term,47zz7sob9NUcODy0BTDvKx,quiet storm
2026-09-18,short_term,47zz7sob9NUcODy0BTDvKx,smooth jazz
2026-09-18,short_term,47zz7sob9NUcODy0BTDvKx,smooth soul
2026-09-18,short_term,47zz7sob9NUcODy0BTDvKx,sophisti-pop
2026-09-18,short_term,47zz7sob9NUcODy0BTDvKx,soul
2026-09-18,short_term,47zz7sob9NUcODy0BTDvKx,trip hop
2026-09-18,short_term,4gdMJYnopf2nEUcanAwstx,indian pop
2026-09-18,short_term,4gdMJYnopf2nEUcanAwstx,singer-songwriter
2026-09-18,short_term,4gzpq5DPGxSnKTe4SA8HAU,alternative rock
2026-09-18,short_term,4gzpq5DPGxSnKTe4SA8HAU,art pop
2026-09-18,short_term,4gzpq5DPGxSnKTe4SA8HAU,britpop
2026-09-18,short_term,4gzpq5DPGxSnKTe4SA8HAU,dream pop
2026-09-18,short_term,4gzpq5DPGxSnKTe4SA8HAU,piano rock
2026-09-18,short_term,4gzpq5DPGxSnKTe4SA8HAU,pop
2026-09-18,short_term,4gzpq5DPGxSnKTe4SA8HAU,pop rock
2026-09-18,short_term,4gzpq5DPGxSnKTe4SA8HAU,post-britpop
2026-09-18,short_term,4gzpq5DPGxSnKTe4SA8HAU,rock
2026-09-18,short_term,5INjqkS1o8h1imAzPqGZBb,alternative dance
2026-09-18,short_term,5INjqkS1o8h1imAzPqGZBb,alternative rock
2026-09-18,short_term,5INjqkS1o8h1imAzPqGZBb,dream pop
2026-09-18,short_term,5INjqkS1o8h1imAzPqGZBb,indie rock
2026-09-18,short_term,5INjqkS1o8h1imAzPqGZBb,indietronica
2026-09-18,short_term,5INjqkS1o8h1imAzPqGZBb,leftfield
2026-09-18,short_term,5INjqkS1o8h1imAzPqGZBb,neo-psychedelia
2026-09-18,short_term,5INjqkS1o8h1imAzPqGZBb,pop
2026-09-18,short_term,5INjqkS1o8h1imAzPqGZBb,psychedelic
2026-09-18,short_term,5INjqkS1o8h1imAzPqGZBb,psychedelic pop
2026-09-18,short_term,5INjqkS1o8h1imAzPqGZBb,psychedelic rock
2026-09-18,short_term,5INjqkS1o8h1imAzPqGZBb,rock
2026-09-18,short_term,5INjqkS1o8h1imAzPqGZBb,space rock
2026-09-18,short_term,5INjqkS1o8h1imAzPqGZBb,synth-pop
2026-09-18,short_term,66CXWjxzNUsdJxJ2JdwvnR,contemporary r&b
2026-09-18,short_term,66CXWjxzNUsdJxJ2JdwvnR,dance-pop
2026-09-18,short_term,66CXWjxzNUsdJxJ2JdwvnR,pop
2026-09-18,short_term,66CXWjxzNUsdJxJ2JdwvnR,r&b
2026-09-18,short_term,66CXWjxzNUsdJxJ2JdwvnR,trap soul
2026-09-18,short_term,6IRouO5mvvfcyxtPDKMYFN,acoustic rock
2026-09-18,short_term,6IRouO5mvvfcyxtPDKMYFN,aor
2026-09-18,short_term,6IRouO5mvvfcyxtPDKMYFN,arena rock
2026-09-18,short_term,6IRouO5mvvfcyxtPDKMYFN,classic rock
2026-09-18,short_term,6IRouO5mvvfcyxtPDKMYFN,hard rock
2026-09-18,short_term,6IRouO5mvvfcyxtPDKMYFN,pop rock
2026-09-18,short_term,6IRouO5mvvfcyxtPDKMYFN,rock
2026-09-18,short_term,6IRouO5mvvfcyxtPDKMYFN,soft rock
2026-09-18,short_term,6XwwFnewNgWp81MYMK8zLq,deep house
2026-09-18,short_term,700c9Qz2z6HZKTumeliKAw,electronic
2026-09-18,short_term,77SW9BnxLY8rJ0RciFqkHh,alternative rock
2026-09-18,short_term,77SW9BnxLY8rJ0RciFqkHh,indie pop
2026-09-18,short_term,7CajNmpbOovFoOoasH2HaY,acid house
2026-09-18,short_term,7CajNmpbOovFoOoasH2HaY,club
2026-09-18,short_term,7CajNmpbOovFoOoasH2HaY,complextro
2026-09-18,short_term,7CajNmpbOovFoOoasH2HaY,contemporary r&b
2026-09-18,short_term,7CajNmpbOovFoOoasH2HaY,dance
2026-09-18,short_term,7CajNmpbOovFoOoasH2HaY,dance-pop
2026-09-18,short_term,7CajNmpbOovFoOoasH2HaY,disco
2026-09-18,short_term,7CajNmpbOovFoOoasH2HaY,edm
2026-09-18,short_term,7CajNmpbOovFoOoasH2HaY,electro house
2026-09-18,short_term,7CajNmpbOovFoOoasH2HaY,electro-disco
2026-09-18,short_term,7CajNmpbOovFoOoasH2HaY,electronic
2026-09-18,short_term,7CajNmpbOovFoOoasH2HaY,electropop
2026-09-18,short_term,7CajNmpbOovFoOoasH2HaY,festival progressive house
2026-09-18,short_term,7CajNmpbOovFoOoasH2HaY,funktronica
2026-09-18,short_term,7CajNmpbOovFoOoasH2HaY,hip house
2026-09-18,short_term,7CajNmpbOovFoOoasH2HaY,house
2026-09-18,short_term,7CajNmpbOovFoOoasH2HaY,melodic house
2026-09-18,short_term,7CajNmpbOovFoOoasH2HaY,melodic techno
2026-09-18,short_term,7CajNmpbOovFoOoasH2HaY,nu disco
2026-09-18,short_term,7CajNmpbOovFoOoasH2HaY,pop
2026-09-18,short_term,7CajNmpbOovFoOoasH2HaY,progressive house
2026-09-18,short_term,7CajNmpbOovFoOoasH2HaY,synth-pop
2026-09-18,short_term,7CajNmpbOovFoOoasH2HaY,uk garage
2026-09-18,short_term,7Ln80lUS6He07XvHI8qqHH,alternative rock
2026-09-18,short_term,7Ln80lUS6He07XvHI8qqHH,art rock
2026-09-18,short_term,7Ln80lUS6He07XvHI8qqHH,baroque pop
2026-09-18,short_term,7Ln80lUS6He07XvHI8qqHH,dance
2026-09-18,short_term,7Ln80lUS6He07XvHI8qqHH,electronica
2026-09-18,short_term,7Ln80lUS6He07XvHI8qqHH,garage rock
2026-09-18,short_term,7Ln80lUS6He07XvHI8qqHH,garage rock revival
2026-09-18,short_term,7Ln80lUS6He07XvHI8qqHH,house
2026-09-18,short_term,7Ln80lUS6He07XvHI8qqHH,indie rock
2026-09-18,short_term,7Ln80lUS6He07XvHI8qqHH,neo-psychedelia
2026-09-18,short_term,7Ln80lUS6He07XvHI8qqHH,pop
2026-09-18,short_term,7Ln80lUS6He07XvHI8qqHH,post-punk revival
2026-09-18,short_term,7Ln80lUS6He07XvHI8qqHH,psychedelic pop
2026-09-18,short_term,7Ln80lUS6He07XvHI8qqHH,psychedelic rock
2026-09-18,short_term,7Ln80lUS6He07XvHI8qqHH,rock
2026-09-18,short_term,7tYKF4w9nC0nq9CsPZTHyP,alternative r&b
2026-09-18,short_term,7tYKF4w9nC0nq9CsPZTHyP,contemporary r&b
2026-09-18,short_term,7tYKF4w9nC0nq9CsPZTHyP,electronic
2026-09-18,short_term,7tYKF4w9nC0nq9CsPZTHyP,hip hop soul
2026-09-18,short_term,7tYKF4w9nC0nq9CsPZTHyP,neo soul
2026-09-18,short_term,7tYKF4w9nC0nq9CsPZTHyP,pop
2026-09-18,short_term,7tYKF4w9nC0nq9CsPZTHyP,r&b
2026-09-18,short_term,7tYKF4w9nC0nq9CsPZTHyP,soul
2026-09-19,long_term,00FQb4jTyendYWaN8pK0wa,alternative pop
2026-09-19,long_term,00FQb4jTyendYWaN8pK0wa,art pop
2026-09-19,long_term,00FQb4jTyendYWaN8pK0wa,ballad
2026-09-19,long_term,00FQb4jTyendYWaN8pK0wa,baroque pop
2026-09-19,long_term,00FQb4jTyendYWaN8pK0wa,chamber pop
2026-09-19,long_term,00FQb4jTyendYWaN8pK0wa,country
2026-09-19,long_term,00FQb4jTyendYWaN8pK0wa,dance
2026-09-19,long_term,00FQb4jTyendYWaN8pK0wa,dream pop
2026-09-19,long_term,00FQb4jTyendYWaN8pK0wa,edm
2026-09-19,long_term,00FQb4jTyendYWaN8pK0wa,electronic
2026-09-19,long_term,00FQb4jTyendYWaN8pK0wa,electronica
2026-09-19,long_term,00FQb4jTyendYWaN8pK0wa,future bass
2026-09-19,long_term,00FQb4jTyendYWaN8pK0wa,house
2026-09-19,long_term,00FQb4jTyendYWaN8pK0wa,indie pop
2026-09-19,long_term,00FQb4jTyendYWaN8pK0wa,indie rock
2026-09-19,long_term,00FQb4jTyendYWaN8pK0wa,melodic house
2026-09-19,long_term,00FQb4jTyendYWaN8pK0wa,melodic techno
2026-09-19,long_term,00FQb4jTyendYWaN8pK0wa,neo-psychedelia
2026-09-19,long_term,00FQb4jTyendYWaN8pK0wa,pop
2026-09-19,long_term,00FQb4jTyendYWaN8pK0wa,psychedelic pop
2026-09-19,long_term,00FQb4jTyendYWaN8pK0wa,r&b
2026-09-19,long_term,00FQb4jTyendYWaN8pK0wa,rock
2026-09-19,long_term,00FQb4jTyendYWaN8pK0wa,singer-songwriter
2026-09-19,long_term,00FQb4jTyendYWaN8pK0wa,slowcore
2026-09-19,long_term,00FQb4jTyendYWaN8pK0wa,trap
2026-09-19,long_term,00FQb4jTyendYWaN8pK0wa,trip hop
2026-09-19,long_term,06O23tLg0or676h8EEzH7W,chillwave
2026-09-19,long_term,06O23tLg0or676h8EEzH7W,dreamwave
2026-09-19,long_term,06O23tLg0or676h8EEzH7W,electronic
2026-09-19,long_term,06O23tLg0or676h8EEzH7W,synth-pop
2026-09-19,long_term,06O23tLg0or676h8EEzH7W,witch house
2026-09-19,long_term,0Y6dVaC9DZtPNH4591M42W,dream pop
2026-09-19,long_term,0Y6dVaC9DZtPNH4591M42W,electronic
2026-09-19,long_term,0Y6dVaC9DZtPNH4591M42W,hip hop
2026-09-19,long_term,0Y6dVaC9DZtPNH4591M42W,indie pop
2026-09-19,long_term,0Y6dVaC9DZtPNH4591M42W,indie rock
2026-09-19,long_term,0Y6dVaC9DZtPNH4591M42W,lo-fi
2026-09-19,long_term,0Y6dVaC9DZtPNH4591M42W,pop
2026-09-19,long_term,0dgJbQ0bKPyUXco8hEXN7X,ambient
2026-09-19,long_term,0dgJbQ0bKPyUXco8hEXN7X,boom bap
2026-09-19,long_term,0dgJbQ0bKPyUXco8hEXN7X,chillout
2026-09-19,long_term,0dgJbQ0bKPyUXco8hEXN7X,chillwave
2026-09-19,long_term,0dgJbQ0bKPyUXco8hEXN7X,downtempo
2026-09-19,long_term,0dgJbQ0bKPyUXco8hEXN7X,drift phonk
2026-09-19,long_term,0dgJbQ0bKPyUXco8hEXN7X,hardwave
2026-09-19,long_term,0dgJbQ0bKPyUXco8hEXN7X,hip hop
2026-09-19,long_term,0dgJbQ0bKPyUXco8hEXN7X,house
2026-09-19,long_term,0dgJbQ0bKPyUXco8hEXN7X,instrumental
2026-09-19,long_term,0dgJbQ0bKPyUXco8hEXN7X,instrumental hip hop
2026-09-19,long_term,0dgJbQ0bKPyUXco8hEXN7X,lo-fi
2026-09-19,long_term,0dgJbQ0bKPyUXco8hEXN7X,lo-fi hip hop
2026-09-19,long_term,0dgJbQ0bKPyUXco8hEXN7X,phonk
2026-09-19,long_term,0dgJbQ0bKPyUXco8hEXN7X,wave
2026-09-19,long_term,0hEurMDQu99nJRq8pTxO14,acoustic rock
2026-09-19,long_term,0hEurMDQu99nJRq8pTxO14,alternative rock
2026-09-19,long_term,0hEurMDQu99nJRq8pTxO14,americana
2026-09-19,long_term,0hEurMDQu99nJRq8pTxO14,blue-eyed soul
2026-09-19,long_term,0hEurMDQu99nJRq8pTxO14,blues
2026-09-19,long_term,0hEurMDQu99nJRq8pTxO14,blues rock
2026-09-19,long_term,0hEurMDQu99nJRq8pTxO14,country
2026-09-19,long_term,0hEurMDQu99nJRq8pTxO14,country rock
2026-09-19,long_term,0hEurMDQu99nJRq8pTxO14,folk rock
2026-09-19,long_term,0hEurMDQu99nJRq8pTxO14,indie rock
2026-09-19,long_term,0hEurMDQu99nJRq8pTxO14,pop
2026-09-19,long_term,0hEurMDQu99nJRq8pTxO14,pop rock
2026-09-19,long_term,0hEurMDQu99nJRq8pTxO14,rock
2026-09-19,long_term,0hEurMDQu99nJRq8pTxO14,singer-songwriter
2026-09-19,long_term,0hEurMDQu99nJRq8pTxO14,soft rock
2026-09-19,long_term,0hEurMDQu99nJRq8pTxO14,soul
2026-09-19,long_term,0klU31gyC6EZqKgLvVANCy,boom bap
2026-09-19,long_term,0klU31gyC6EZqKgLvVANCy,chillwave
2026-09-19,long_term,0klU31gyC6EZqKgLvVANCy,downtempo
2026-09-19,long_term,0klU31gyC6EZqKgLvVANCy,hip hop
2026-09-19,long_term,0klU31gyC6EZqKgLvVANCy,instrumental
2026-09-19,long_term,0klU31gyC6EZqKgLvVANCy,instrumental hip hop
2026-09-19,long_term,0klU31gyC6EZqKgLvVANCy,lo-fi
2026-09-19,long_term,0klU31gyC6EZqKgLvVANCy,lo-fi hip hop
2026-09-19,long_term,17XXKfRBMCWvLrqGoNkJXm,ballad
2026-09-19,long_term,17XXKfRBMCWvLrqGoNkJXm,easy listening
2026-09-19,long_term,17XXKfRBMCWvLrqGoNkJXm,pop
2026-09-19,long_term,19ra5tSw0tWufvUp8GotLo,ballad
2026-09-19,long_term,19ra5tSw0tWufvUp8GotLo,blue-eyed soul
2026-09-19,long_term,19ra5tSw0tWufvUp8GotLo,contemporary r&b
2026-09-19,long_term,19ra5tSw0tWufvUp8GotLo,dance-pop
2026-09-19,long_term,19ra5tSw0tWufvUp8GotLo,dance-rock
2026-09-19,long_term,19ra5tSw0tWufvUp8GotLo,jazz
2026-09-19,long_term,19ra5tSw0tWufvUp8GotLo,pop
2026-09-19,long_term,19ra5tSw0tWufvUp8GotLo,pop rock
2026-09-19,long_term,19ra5tSw0tWufvUp8GotLo,pop soul
2026-09-19,long_term,19ra5tSw0tWufvUp8GotLo,r&b
2026-09-19,long_term,19ra5tSw0tWufvUp8GotLo,smooth jazz
2026-09-19,long_term,19ra5tSw0tWufvUp8GotLo,smooth soul
2026-09-19,long_term,19ra5tSw0tWufvUp8GotLo,soft rock
2026-09-19,long_term,19ra5tSw0tWufvUp8GotLo,sophisti-pop
2026-09-19,long_term,19ra5tSw0tWufvUp8GotLo,soul
2026-09-19,long_term,1QAJqy2dA3ihHBFIHRphZj,ambient
2026-09-19,long_term,1QAJqy2dA3ihHBFIHRphZj,ambient pop
2026-09-19,long_term,1QAJqy2dA3ihHBFIHRphZj,dream pop
2026-09-19,long_term,1QAJqy2dA3ihHBFIHRphZj,indie pop
2026-09-19,long_term,1QAJqy2dA3ihHBFIHRphZj,indie rock
2026-09-19,long_term,1QAJqy2dA3ihHBFIHRphZj,pop
2026-09-19,long_term,1QAJqy2dA3ihHBFIHRphZj,shoegaze
2026-09-19,long_term,1QAJqy2dA3ihHBFIHRphZj,slowcore
2026-09-19,long_term,1Xyo4u8uXC1ZmMpatF05PJ,alternative r&b
2026-09-19,long_term,1Xyo4u8uXC1ZmMpatF05PJ,contemporary r&b
2026-09-19,long_term,1Xyo4u8uXC1ZmMpatF05PJ,dance-pop
2026-09-19,long_term,1Xyo4u8uXC1ZmMpatF05PJ,hypnagogic pop
2026-09-19,long_term,1Xyo4u8uXC1ZmMpatF05PJ,pop
2026-09-19,long_term,1Xyo4u8uXC1ZmMpatF05PJ,r&b
2026-09-19,long_term,1Xyo4u8uXC1ZmMpatF05PJ,synth-pop
2026-09-19,long_term,1cGyguqPQY22oUd4fKglFS,ambient
2026-09-19,long_term,1cGyguqPQY22oUd4fKglFS,dark ambient
2026-09-19,long_term,1mYsTxnqsietFxj1OgoGbG,classical
2026-09-19,long_term,1mYsTxnqsietFxj1OgoGbG,filmi
2026-09-19,long_term,1mYsTxnqsietFxj1OgoGbG,world fusion
2026-09-19,long_term,1wRPtKGflJrBx9BmLsSwlU,filmi
2026-09-19,long_term,2YZyLoL8N0Wb9xBt1NhZWg,alternative hip hop
2026-09-19,long_term,2YZyLoL8N0Wb9xBt1NhZWg,conscious hip hop
2026-09-19,long_term,2YZyLoL8N0Wb9xBt1NhZWg,dance
2026-09-19,long_term,2YZyLoL8N0Wb9xBt1NhZWg,disco
2026-09-19,long_term,2YZyLoL8N0Wb9xBt1NhZWg,future bass
2026-09-19,long_term,2YZyLoL8N0Wb9xBt1NhZWg,gangsta rap
2026-09-19,long_term,2YZyLoL8N0Wb9xBt1NhZWg,hardcore hip hop
2026-09-19,long_term,2YZyLoL8N0Wb9xBt1NhZWg,hip hop
2026-09-19,long_term,2YZyLoL8N0Wb9xBt1NhZWg,house
2026-09-19,long_term,2YZyLoL8N0Wb9xBt1NhZWg,jazz
2026-09-19,long_term,2YZyLoL8N0Wb9xBt1NhZWg,jazz rap
2026-09-19,long_term,2YZyLoL8N0Wb9xBt1NhZWg,pop
2026-09-19,long_term,2YZyLoL8N0Wb9xBt1NhZWg,pop rap
2026-09-19,long_term,2YZyLoL8N0Wb9xBt1NhZWg,r&b
2026-09-19,long_term,2YZyLoL8N0Wb9xBt1NhZWg,trap
2026-09-19,long_term,2YZyLoL8N0Wb9xBt1NhZWg,west coast hip hop
2026-09-19,long_term,2exebQUDoIoT0dXA8BcN1P,chillwave
2026-09-19,long_term,2exebQUDoIoT0dXA8BcN1P,electronic
2026-09-19,long_term,2exebQUDoIoT0dXA8BcN1P,synthwave
2026-09-19,long_term,2h93pZq0e7k5yf4dywlkpM,alternative r&b
2026-09-19,long_term,2h93pZq0e7k5yf4dywlkpM,contemporary r&b
2026-09-19,long_term,2h93pZq0e7k5yf4dywlkpM,pop
2026-09-19,long_term,2h93pZq0e7k5yf4dywlkpM,r&b
2026-09-19,long_term,2jku7tDXc6XoB6MO2hFuqg,alternative hip hop
2026-09-19,long_term,2jku7tDXc6XoB6MO2hFuqg,alternative r&b
2026-09-19,long_term,2jku7tDXc6XoB6MO2hFuqg,contemporary r&b
2026-09-19,long_term,2jku7tDXc6XoB6MO2hFuqg,dancehall
2026-09-19,long_term,2jku7tDXc6XoB6MO2hFuqg,hip hop
2026-09-19,long_term,2jku7tDXc6XoB6MO2hFuqg,r&b
2026-09-19,long_term,2sSGPbdZJkaSE2AbcGOACx,bedroom pop
2026-09-19,long_term,2sSGPbdZJkaSE2AbcGOACx,dream pop
2026-09-19,long_term,2sSGPbdZJkaSE2AbcGOACx,indie pop
2026-09-19,long_term,2sSGPbdZJkaSE2AbcGOACx,lo-fi
2026-09-19,long_term,2sSGPbdZJkaSE2AbcGOACx,psychedelic pop
2026-09-19,long_term,2sSGPbdZJkaSE2AbcGOACx,psychedelic soul
2026-09-19,long_term,2sSGPbdZJkaSE2AbcGOACx,synth-pop
2026-09-19,long_term,36QJpDe2go2KgaRleHCDTp,arena rock
2026-09-19,long_term,36QJpDe2go2KgaRleHCDTp,blues rock
2026-09-19,long_term,36QJpDe2go2KgaRleHCDTp,classic rock
2026-09-19,long_term,36QJpDe2go2KgaRleHCDTp,folk rock
2026-09-19,long_term,36QJpDe2go2KgaRleHCDTp,hard rock
2026-09-19,long_term,36QJpDe2go2KgaRleHCDTp,heavy metal
2026-09-19,long_term,36QJpDe2go2KgaRleHCDTp,pop
2026-09-19,long_term,36QJpDe2go2KgaRleHCDTp,progressive rock
2026-09-19,long_term,36QJpDe2go2KgaRleHCDTp,rock
2026-09-19,long_term,36QJpDe2go2KgaRleHCDTp,rock and roll
2026-09-19,long_term,3MZsBdqDrRTJihTHQrO6Dq,alternative r&b
2026-09-19,long_term,3MZsBdqDrRTJihTHQrO6Dq,art pop
2026-09-19,long_term,3MZsBdqDrRTJihTHQrO6Dq,ballad
2026-09-19,long_term,3MZsBdqDrRTJihTHQrO6Dq,instrumental hip hop
2026-09-19,long_term,3MZsBdqDrRTJihTHQrO6Dq,lo-fi hip hop
2026-09-19,long_term,3MZsBdqDrRTJihTHQrO6Dq,trip hop
2026-09-19,long_term,3Sz7ZnJQBIHsXLUSo0OQtM,folk pop
2026-09-19,long_term,3Sz7ZnJQBIHsXLUSo0OQtM,indie pop
2026-09-19,long_term,3Sz7ZnJQBIHsXLUSo0OQtM,indie rock
2026-09-19,long_term,3Sz7ZnJQBIHsXLUSo0OQtM,jangle pop
2026-09-19,long_term,3Sz7ZnJQBIHsXLUSo0OQtM,pop
2026-09-19,long_term,3Sz7ZnJQBIHsXLUSo0OQtM,psychedelic pop
2026-09-19,long_term,3TVXtAsR1Inumwj472S9r4,alternative r&b
2026-09-19,long_term,3TVXtAsR1Inumwj472S9r4,contemporary r&b
2026-09-19,long_term,3TVXtAsR1Inumwj472S9r4,hardcore hip hop
2026-09-19,long_term,3TVXtAsR1Inumwj472S9r4,hip hop
2026-09-19,long_term,3TVXtAsR1Inumwj472S9r4,pop
2026-09-19,long_term,3TVXtAsR1Inumwj472S9r4,pop rap
2026-09-19,long_term,3TVXtAsR1Inumwj472S9r4,r&b
2026-09-19,long_term,3TVXtAsR1Inumwj472S9r4,southern hip hop
2026-09-19,long_term,3TVXtAsR1Inumwj472S9r4,trap
2026-09-19,long_term,3zmfs9cQwzJl575W1ZYXeT,bedroom pop
2026-09-19,long_term,3zmfs9cQwzJl575W1ZYXeT,downtempo
2026-09-19,long_term,3zmfs9cQwzJl575W1ZYXeT,dream pop
2026-09-19,long_term,3zmfs9cQwzJl575W1ZYXeT,indie pop
2026-09-19,long_term,3zmfs9cQwzJl575W1ZYXeT,neo-psychedelia
2026-09-19,long_term,3zmfs9cQwzJl575W1ZYXeT,pop
2026-09-19,long_term,3zmfs9cQwzJl575W1ZYXeT,shoegaze
2026-09-19,long_term,3zmfs9cQwzJl575W1ZYXeT,sophisti-pop
2026-09-19,long_term,47zz7sob9NUcODy0BTDvKx,contemporary r&b
2026-09-19,long_term,47zz7sob9NUcODy0BTDvKx,downtempo
2026-09-19,long_term,47zz7sob9NUcODy0BTDvKx,jazz
2026-09-19,long_term,47zz7sob9NUcODy0BTDvKx,jazz pop
2026-09-19,long_term,47zz7sob9NUcODy0BTDvKx,pop
2026-09-19,long_term,47zz7sob9NUcODy0BTDvKx,quiet storm
2026-09-19,long_term,47zz7sob9NUcODy0BTDvKx,smooth jazz
2026-09-19,long_term,47zz7sob9NUcODy0BTDvKx,smooth soul
2026-09-19,long_term,47zz7sob9NUcODy0BTDvKx,sophisti-pop
2026-09-19,long_term,47zz7sob9NUcODy0BTDvKx,soul
2026-09-19,long_term,47zz7sob9NUcODy0BTDvKx,trip hop
2026-09-19,long_term,4KRllJ2dEeoqvxOQLOgOsI,electronic
2026-09-19,long_term,4KRllJ2dEeoqvxOQLOgOsI,phonk
2026-09-19,long_term,4KRllJ2dEeoqvxOQLOgOsI,phonk house
2026-09-19,long_term,4KRllJ2dEeoqvxOQLOgOsI,synthwave
2026-09-19,long_term,4KRllJ2dEeoqvxOQLOgOsI,trap
2026-09-19,long_term,4KRllJ2dEeoqvxOQLOgOsI,wave
2026-09-19,long_term,4MrQDA45Gd0llLrwFUzimG,boom bap
2026-09-19,long_term,4MrQDA45Gd0llLrwFUzimG,chillwave
2026-09-19,long_term,4MrQDA45Gd0llLrwFUzimG,downtempo
2026-09-19,long_term,4MrQDA45Gd0llLrwFUzimG,hip hop
2026-09-19,long_term,4MrQDA45Gd0llLrwFUzimG,instrumental
2026-09-19,long_term,4MrQDA45Gd0llLrwFUzimG,instrumental hip hop
2026-09-19,long_term,4MrQDA45Gd0llLrwFUzimG,lo-fi
2026-09-19,long_term,4MrQDA45Gd0llLrwFUzimG,lo-fi hip hop
2026-09-19,long_term,4gdMJYnopf2nEUcanAwstx,indian pop
2026-09-19,long_term,4gdMJYnopf2nEUcanAwstx,singer-songwriter
2026-09-19,long_term,4gzpq5DPGxSnKTe4SA8HAU,alternative rock
2026-09-19,long_term,4gzpq5DPGxSnKTe4SA8HAU,art pop
2026-09-19,long_term,4gzpq5DPGxSnKTe4SA8HAU,britpop
2026-09-19,long_term,4gzpq5DPGxSnKTe4SA8HAU,dream pop
2026-09-19,long_term,4gzpq5DPGxSnKTe4SA8HAU,piano rock
2026-09-19,long_term,4gzpq5DPGxSnKTe4SA8HAU,pop
2026-09-19,long_term,4gzpq5DPGxSnKTe4SA8HAU,pop rock
2026-09-19,long_term,4gzpq5DPGxSnKTe4SA8HAU,post-britpop
2026-09-19,long_term,4gzpq5DPGxSnKTe4SA8HAU,rock
2026-09-19,long_term,4yvcSjfu4PC0CYQyLy4wSq,electronic
2026-09-19,long_term,4yvcSjfu4PC0CYQyLy4wSq,indie pop
2026-09-19,long_term,4yvcSjfu4PC0CYQyLy4wSq,indie rock
2026-09-19,long_term,4yvcSjfu4PC0CYQyLy4wSq,indietronica
2026-09-19,long_term,4yvcSjfu4PC0CYQyLy4wSq,pop
2026-09-19,long_term,4yvcSjfu4PC0CYQyLy4wSq,psychedelic pop
2026-09-19,long_term,4yvcSjfu4PC0CYQyLy4wSq,psychedelic rock
2026-09-19,long_term,5INjqkS1o8h1imAzPqGZBb,alternative dance
2026-09-19,long_term,5INjqkS1o8h1imAzPqGZBb,alternative rock
2026-09-19,long_term,5INjqkS1o8h1imAzPqGZBb,dream pop
2026-09-19,long_term,5INjqkS1o8h1imAzPqGZBb,indie rock
2026-09-19,long_term,5INjqkS1o8h1imAzPqGZBb,indietronica
2026-09-19,long_term,5INjqkS1o8h1imAzPqGZBb,leftfield
2026-09-19,long_term,5INjqkS1o8h1imAzPqGZBb,neo-psychedelia
2026-09-19,long_term,5INjqkS1o8h1imAzPqGZBb,pop
2026-09-19,long_term,5INjqkS1o8h1imAzPqGZBb,psychedelic
2026-09-19,long_term,5INjqkS1o8h1imAzPqGZBb,psychedelic pop
2026-09-19,long_term,5INjqkS1o8h1imAzPqGZBb,psychedelic rock
2026-09-19,long_term,5INjqkS1o8h1imAzPqGZBb,rock
2026-09-19,long_term,5INjqkS1o8h1imAzPqGZBb,space rock
2026-09-19,long_term,5INjqkS1o8h1imAzPqGZBb,synth-pop
2026-09-19,long_term,5K4W6rqBFWDnAN6FQUkS6x,chipmunk soul
2026-09-19,long_term,5K4W6rqBFWDnAN6FQUkS6x,christian hip hop
2026-09-19,long_term,5K4W6rqBFWDnAN6FQUkS6x,conscious hip hop
2026-09-19,long_term,5K4W6rqBFWDnAN6FQUkS6x,contemporary r&b
2026-09-19,long_term,5K4W6rqBFWDnAN6FQUkS6x,deep house
2026-09-19,long_term,5K4W6rqBFWDnAN6FQUkS6x,electropop
2026-09-19,long_term,5K4W6rqBFWDnAN6FQUkS6x,experimental hip hop
2026-09-19,long_term,5K4W6rqBFWDnAN6FQUkS6x,future bass
2026-09-19,long_term,5K4W6rqBFWDnAN6FQUkS6x,hip hop
2026-09-19,long_term,5K4W6rqBFWDnAN6FQUkS6x,house
2026-09-19,long_term,5K4W6rqBFWDnAN6FQUkS6x,pop
2026-09-19,long_term,5K4W6rqBFWDnAN6FQUkS6x,pop rap
2026-09-19,long_term,5K4W6rqBFWDnAN6FQUkS6x,r&b
2026-09-19,long_term,5K4W6rqBFWDnAN6FQUkS6x,trap
2026-09-19,long_term,5cj0lLjcoR7YOSnhnX0Po5,alternative rock
2026-09-19,long_term,5cj0lLjcoR7YOSnhnX0Po5,grunge
2026-09-19,long_term,5cj0lLjcoR7YOSnhnX0Po5,hip hop
2026-09-19,long_term,5cj0lLjcoR7YOSnhnX0Po5,pop
2026-09-19,long_term,5cj0lLjcoR7YOSnhnX0Po5,pop rap
2026-09-19,long_term,5cj0lLjcoR7YOSnhnX0Po5,post-grunge
2026-09-19,long_term,5cj0lLjcoR7YOSnhnX0Po5,power pop
2026-09-19,long_term,5cj0lLjcoR7YOSnhnX0Po5,rock
2026-09-19,long_term,5cj0lLjcoR7YOSnhnX0Po5,trap
2026-09-19,long_term,5cj0lLjcoR7YOSnhnX0Po5,west coast hip hop
2026-09-19,long_term,5y8tKLUfMvliMe8IKamR32,alternative r&b
2026-09-19,long_term,5y8tKLUfMvliMe8IKamR32,contemporary r&b
2026-09-19,long_term,5y8tKLUfMvliMe8IKamR32,indie pop
2026-09-19,long_term,5y8tKLUfMvliMe8IKamR32,lo-fi
2026-09-19,long_term,6YJ4EgQzDfJnIHRbqIHAdD,chillwave
2026-09-19,long_term,6YJ4EgQzDfJnIHRbqIHAdD,downtempo
2026-09-19,long_term,6YJ4EgQzDfJnIHRbqIHAdD,instrumental
2026-09-19,long_term,6YJ4EgQzDfJnIHRbqIHAdD,instrumental hip hop
2026-09-19,long_term,6YJ4EgQzDfJnIHRbqIHAdD,lo-fi
2026-09-19,long_term,6YJ4EgQzDfJnIHRbqIHAdD,lo-fi hip hop
2026-09-19,long_term,6ft7JnxMyZhp7N52qzHymY,dream pop
2026-09-19,long_term,700c9Qz2z6HZKTumeliKAw,electronic
2026-09-19,long_term,77SW9BnxLY8rJ0RciFqkHh,alternative rock
2026-09-19,long_term,77SW9BnxLY8rJ0RciFqkHh,indie pop
2026-09-19,long_term,78rUTD7y6Cy67W1RVzYs7t,alternative pop
2026-09-19,long_term,78rUTD7y6Cy67W1RVzYs7t,bubblegum pop
2026-09-19,long_term,78rUTD7y6Cy67W1RVzYs7t,dance-pop
2026-09-19,long_term,78rUTD7y6Cy67W1RVzYs7t,drum and bass
2026-09-19,long_term,78rUTD7y6Cy67W1RVzYs7t,future garage
2026-09-19,long_term,78rUTD7y6Cy67W1RVzYs7t,jungle
2026-09-19,long_term,78rUTD7y6Cy67W1RVzYs7t,pop
2026-09-19,long_term,78rUTD7y6Cy67W1RVzYs7t,uk garage
2026-09-19,long_term,7Ln80lUS6He07XvHI8qqHH,alternative rock
2026-09-19,long_term,7Ln80lUS6He07XvHI8qqHH,art rock
2026-09-19,long_term,7Ln80lUS6He07XvHI8qqHH,baroque pop
2026-09-19,long_term,7Ln80lUS6He07XvHI8qqHH,dance
2026-09-19,long_term,7Ln80lUS6He07XvHI8qqHH,electronica
2026-09-19,long_term,7Ln80lUS6He07XvHI8qqHH,garage rock
2026-09-19,long_term,7Ln80lUS6He07XvHI8qqHH,garage rock revival
2026-09-19,long_term,7Ln80lUS6He07XvHI8qqHH,house
2026-09-19,long_term,7Ln80lUS6He07XvHI8qqHH,indie rock
2026-09-19,long_term,7Ln80lUS6He07XvHI8qqHH,neo-psychedelia
2026-09-19,long_term,7Ln80lUS6He07XvHI8qqHH,pop
2026-09-19,long_term,7Ln80lUS6He07XvHI8qqHH,post-punk revival
2026-09-19,long_term,7Ln80lUS6He07XvHI8qqHH,psychedelic pop
2026-09-19,long_term,7Ln80lUS6He07XvHI8qqHH,psychedelic rock
2026-09-19,long_term,7Ln80lUS6He07XvHI8qqHH,rock
2026-09-19,long_term,7gW0r5CkdEUMm42w9XpyZO,bossa nova
2026-09-19,long_term,7gW0r5CkdEUMm42w9XpyZO,jazz
2026-09-19,long_term,7gW0r5CkdEUMm42w9XpyZO,jazz pop
2026-09-19,long_term,7gW0r5CkdEUMm42w9XpyZO,singer-songwriter
2026-09-19,long_term,7gW0r5CkdEUMm42w9XpyZO,vocal jazz
2026-09-19,long_term,7tYKF4w9nC0nq9CsPZTHyP,alternative r&b
2026-09-19,long_term,7tYKF4w9nC0nq9CsPZTHyP,contemporary r&b
2026-09-19,long_term,7tYKF4w9nC0nq9CsPZTHyP,electronic
2026-09-19,long_term,7tYKF4w9nC0nq9CsPZTHyP,hip hop soul
2026-09-19,long_term,7tYKF4w9nC0nq9CsPZTHyP,neo soul
2026-09-19,long_term,7tYKF4w9nC0nq9CsPZTHyP,pop
2026-09-19,long_term,7tYKF4w9nC0nq9CsPZTHyP,r&b
2026-09-19,long_term,7tYKF4w9nC0nq9CsPZTHyP,soul
2026-09-19,medium_term,00FQb4jTyendYWaN8pK0wa,alternative pop
2026-09-19,medium_term,00FQb4jTyendYWaN8pK0wa,art pop
2026-09-19,medium_term,00FQb4jTyendYWaN8pK0wa,ballad
2026-09-19,medium_term,00FQb4jTyendYWaN8pK0wa,baroque pop
2026-09-19,medium_term,00FQb4jTyendYWaN8pK0wa,chamber pop
2026-09-19,medium_term,00FQb4jTyendYWaN8pK0wa,country
2026-09-19,medium_term,00FQb4jTyendYWaN8pK0wa,dance
2026-09-19,medium_term,00FQb4jTyendYWaN8pK0wa,dream pop
2026-09-19,medium_term,00FQb4jTyendYWaN8pK0wa,edm
2026-09-19,medium_term,00FQb4jTyendYWaN8pK0wa,electronic
2026-09-19,medium_term,00FQb4jTyendYWaN8pK0wa,electronica
2026-09-19,medium_term,00FQb4jTyendYWaN8pK0wa,future bass
2026-09-19,medium_term,00FQb4jTyendYWaN8pK0wa,house
2026-09-19,medium_term,00FQb4jTyendYWaN8pK0wa,indie pop
2026-09-19,medium_term,00FQb4jTyendYWaN8pK0wa,indie rock
2026-09-19,medium_term,00FQb4jTyendYWaN8pK0wa,melodic house
2026-09-19,medium_term,00FQb4jTyendYWaN8pK0wa,melodic techno
2026-09-19,medium_term,00FQb4jTyendYWaN8pK0wa,neo-psychedelia
2026-09-19,medium_term,00FQb4jTyendYWaN8pK0wa,pop
2026-09-19,medium_term,00FQb4jTyendYWaN8pK0wa,psychedelic pop
2026-09-19,medium_term,00FQb4jTyendYWaN8pK0wa,r&b
2026-09-19,medium_term,00FQb4jTyendYWaN8pK0wa,rock
2026-09-19,medium_term,00FQb4jTyendYWaN8pK0wa,singer-songwriter
2026-09-19,medium_term,00FQb4jTyendYWaN8pK0wa,slowcore
2026-09-19,medium_term,00FQb4jTyendYWaN8pK0wa,trap
2026-09-19,medium_term,00FQb4jTyendYWaN8pK0wa,trip hop
2026-09-19,medium_term,0Y6dVaC9DZtPNH4591M42W,dream pop
2026-09-19,medium_term,0Y6dVaC9DZtPNH4591M42W,electronic
2026-09-19,medium_term,0Y6dVaC9DZtPNH4591M42W,hip hop
2026-09-19,medium_term,0Y6dVaC9DZtPNH4591M42W,indie pop
2026-09-19,medium_term,0Y6dVaC9DZtPNH4591M42W,indie rock
2026-09-19,medium_term,0Y6dVaC9DZtPNH4591M42W,lo-fi
2026-09-19,medium_term,0Y6dVaC9DZtPNH4591M42W,pop
2026-09-19,medium_term,0dgJbQ0bKPyUXco8hEXN7X,ambient
2026-09-19,medium_term,0dgJbQ0bKPyUXco8hEXN7X,boom bap
2026-09-19,medium_term,0dgJbQ0bKPyUXco8hEXN7X,chillout
2026-09-19,medium_term,0dgJbQ0bKPyUXco8hEXN7X,chillwave
2026-09-19,medium_term,0dgJbQ0bKPyUXco8hEXN7X,downtempo
2026-09-19,medium_term,0dgJbQ0bKPyUXco8hEXN7X,drift phonk
2026-09-19,medium_term,0dgJbQ0bKPyUXco8hEXN7X,hardwave
2026-09-19,medium_term,0dgJbQ0bKPyUXco8hEXN7X,hip hop
2026-09-19,medium_term,0dgJbQ0bKPyUXco8hEXN7X,house
2026-09-19,medium_term,0dgJbQ0bKPyUXco8hEXN7X,instrumental
2026-09-19,medium_term,0dgJbQ0bKPyUXco8hEXN7X,instrumental hip hop
2026-09-19,medium_term,0dgJbQ0bKPyUXco8hEXN7X,lo-fi
2026-09-19,medium_term,0dgJbQ0bKPyUXco8hEXN7X,lo-fi hip hop
2026-09-19,medium_term,0dgJbQ0bKPyUXco8hEXN7X,phonk
2026-09-19,medium_term,0dgJbQ0bKPyUXco8hEXN7X,wave
2026-09-19,medium_term,0hEurMDQu99nJRq8pTxO14,acoustic rock
2026-09-19,medium_term,0hEurMDQu99nJRq8pTxO14,alternative rock
2026-09-19,medium_term,0hEurMDQu99nJRq8pTxO14,americana
2026-09-19,medium_term,0hEurMDQu99nJRq8pTxO14,blue-eyed soul
2026-09-19,medium_term,0hEurMDQu99nJRq8pTxO14,blues
2026-09-19,medium_term,0hEurMDQu99nJRq8pTxO14,blues rock
2026-09-19,medium_term,0hEurMDQu99nJRq8pTxO14,country
2026-09-19,medium_term,0hEurMDQu99nJRq8pTxO14,country rock
2026-09-19,medium_term,0hEurMDQu99nJRq8pTxO14,folk rock
2026-09-19,medium_term,0hEurMDQu99nJRq8pTxO14,indie rock
2026-09-19,medium_term,0hEurMDQu99nJRq8pTxO14,pop
2026-09-19,medium_term,0hEurMDQu99nJRq8pTxO14,pop rock
2026-09-19,medium_term,0hEurMDQu99nJRq8pTxO14,rock
2026-09-19,medium_term,0hEurMDQu99nJRq8pTxO14,singer-songwriter
2026-09-19,medium_term,0hEurMDQu99nJRq8pTxO14,soft rock
2026-09-19,medium_term,0hEurMDQu99nJRq8pTxO14,soul
2026-09-19,medium_term,0klU31gyC6EZqKgLvVANCy,boom bap
2026-09-19,medium_term,0klU31gyC6EZqKgLvVANCy,chillwave
2026-09-19,medium_term,0klU31gyC6EZqKgLvVANCy,downtempo
2026-09-19,medium_term,0klU31gyC6EZqKgLvVANCy,hip hop
2026-09-19,medium_term,0klU31gyC6EZqKgLvVANCy,instrumental
2026-09-19,medium_term,0klU31gyC6EZqKgLvVANCy,instrumental hip hop
2026-09-19,medium_term,0klU31gyC6EZqKgLvVANCy,lo-fi
2026-09-19,medium_term,0klU31gyC6EZqKgLvVANCy,lo-fi hip hop
2026-09-19,medium_term,17XXKfRBMCWvLrqGoNkJXm,ballad
2026-09-19,medium_term,17XXKfRBMCWvLrqGoNkJXm,easy listening
2026-09-19,medium_term,17XXKfRBMCWvLrqGoNkJXm,pop
2026-09-19,medium_term,1AbJ2cmwK400LSvdvBL5Jc,bedroom pop
2026-09-19,medium_term,1QAJqy2dA3ihHBFIHRphZj,ambient
2026-09-19,medium_term,1QAJqy2dA3ihHBFIHRphZj,ambient pop
2026-09-19,medium_term,1QAJqy2dA3ihHBFIHRphZj,dream pop
2026-09-19,medium_term,1QAJqy2dA3ihHBFIHRphZj,indie pop
2026-09-19,medium_term,1QAJqy2dA3ihHBFIHRphZj,indie rock
2026-09-19,medium_term,1QAJqy2dA3ihHBFIHRphZj,pop
2026-09-19,medium_term,1QAJqy2dA3ihHBFIHRphZj,shoegaze
2026-09-19,medium_term,1QAJqy2dA3ihHBFIHRphZj,slowcore
2026-09-19,medium_term,1Xyo4u8uXC1ZmMpatF05PJ,alternative r&b
2026-09-19,medium_term,1Xyo4u8uXC1ZmMpatF05PJ,contemporary r&b
2026-09-19,medium_term,1Xyo4u8uXC1ZmMpatF05PJ,dance-pop
2026-09-19,medium_term,1Xyo4u8uXC1ZmMpatF05PJ,hypnagogic pop
2026-09-19,medium_term,1Xyo4u8uXC1ZmMpatF05PJ,pop
2026-09-19,medium_term,1Xyo4u8uXC1ZmMpatF05PJ,r&b
2026-09-19,medium_term,1Xyo4u8uXC1ZmMpatF05PJ,synth-pop
2026-09-19,medium_term,1cGyguqPQY22oUd4fKglFS,ambient
2026-09-19,medium_term,1cGyguqPQY22oUd4fKglFS,dark ambient
2026-09-19,medium_term,1wRPtKGflJrBx9BmLsSwlU,filmi
2026-09-19,medium_term,2YZyLoL8N0Wb9xBt1NhZWg,alternative hip hop
2026-09-19,medium_term,2YZyLoL8N0Wb9xBt1NhZWg,conscious hip hop
2026-09-19,medium_term,2YZyLoL8N0Wb9xBt1NhZWg,dance
2026-09-19,medium_term,2YZyLoL8N0Wb9xBt1NhZWg,disco
2026-09-19,medium_term,2YZyLoL8N0Wb9xBt1NhZWg,future bass
2026-09-19,medium_term,2YZyLoL8N0Wb9xBt1NhZWg,gangsta rap
2026-09-19,medium_term,2YZyLoL8N0Wb9xBt1NhZWg,hardcore hip hop
2026-09-19,medium_term,2YZyLoL8N0Wb9xBt1NhZWg,hip hop
2026-09-19,medium_term,2YZyLoL8N0Wb9xBt1NhZWg,house
2026-09-19,medium_term,2YZyLoL8N0Wb9xBt1NhZWg,jazz
2026-09-19,medium_term,2YZyLoL8N0Wb9xBt1NhZWg,jazz rap
2026-09-19,medium_term,2YZyLoL8N0Wb9xBt1NhZWg,pop
2026-09-19,medium_term,2YZyLoL8N0Wb9xBt1NhZWg,pop rap
2026-09-19,medium_term,2YZyLoL8N0Wb9xBt1NhZWg,r&b
2026-09-19,medium_term,2YZyLoL8N0Wb9xBt1NhZWg,trap
2026-09-19,medium_term,2YZyLoL8N0Wb9xBt1NhZWg,west coast hip hop
2026-09-19,medium_term,2h93pZq0e7k5yf4dywlkpM,alternative r&b
2026-09-19,medium_term,2h93pZq0e7k5yf4dywlkpM,contemporary r&b
2026-09-19,medium_term,2h93pZq0e7k5yf4dywlkpM,pop
2026-09-19,medium_term,2h93pZq0e7k5yf4dywlkpM,r&b
2026-09-19,medium_term,2jku7tDXc6XoB6MO2hFuqg,alternative hip hop
2026-09-19,medium_term,2jku7tDXc6XoB6MO2hFuqg,alternative r&b
2026-09-19,medium_term,2jku7tDXc6XoB6MO2hFuqg,contemporary r&b
2026-09-19,medium_term,2jku7tDXc6XoB6MO2hFuqg,dancehall
2026-09-19,medium_term,2jku7tDXc6XoB6MO2hFuqg,hip hop
2026-09-19,medium_term,2jku7tDXc6XoB6MO2hFuqg,r&b
2026-09-19,medium_term,3AA28KZvwAUcZuOKwyblJQ,alternative dance
2026-09-19,medium_term,3AA28KZvwAUcZuOKwyblJQ,alternative hip hop
2026-09-19,medium_term,3AA28KZvwAUcZuOKwyblJQ,alternative pop
2026-09-19,medium_term,3AA28KZvwAUcZuOKwyblJQ,alternative rock
2026-09-19,medium_term,3AA28KZvwAUcZuOKwyblJQ,art pop
2026-09-19,medium_term,3AA28KZvwAUcZuOKwyblJQ,bassline
2026-09-19,medium_term,3AA28KZvwAUcZuOKwyblJQ,breakbeat
2026-09-19,medium_term,3AA28KZvwAUcZuOKwyblJQ,breaks
2026-09-19,medium_term,3AA28KZvwAUcZuOKwyblJQ,dance
2026-09-19,medium_term,3AA28KZvwAUcZuOKwyblJQ,disco
2026-09-19,medium_term,3AA28KZvwAUcZuOKwyblJQ,electronic
2026-09-19,medium_term,3AA28KZvwAUcZuOKwyblJQ,electronica
2026-09-19,medium_term,3AA28KZvwAUcZuOKwyblJQ,electropop
2026-09-19,medium_term,3AA28KZvwAUcZuOKwyblJQ,future bass
2026-09-19,medium_term,3AA28KZvwAUcZuOKwyblJQ,hip hop
2026-09-19,medium_term,3AA28KZvwAUcZuOKwyblJQ,indie rock
2026-09-19,medium_term,3AA28KZvwAUcZuOKwyblJQ,latin
2026-09-19,medium_term,3AA28KZvwAUcZuOKwyblJQ,pop
2026-09-19,medium_term,3AA28KZvwAUcZuOKwyblJQ,pop rock
2026-09-19,medium_term,3AA28KZvwAUcZuOKwyblJQ,rock
2026-09-19,medium_term,3AA28KZvwAUcZuOKwyblJQ,synth-pop
2026-09-19,medium_term,3AA28KZvwAUcZuOKwyblJQ,tech house
2026-09-19,medium_term,3AA28KZvwAUcZuOKwyblJQ,trap
2026-09-19,medium_term,3AA28KZvwAUcZuOKwyblJQ,trip hop
2026-09-19,medium_term,3AA28KZvwAUcZuOKwyblJQ,uk garage
2026-09-19,medium_term,3MZsBdqDrRTJihTHQrO6Dq,alternative r&b
2026-09-19,medium_term,3MZsBdqDrRTJihTHQrO6Dq,art pop
2026-09-19,medium_term,3MZsBdqDrRTJihTHQrO6Dq,ballad
2026-09-19,medium_term,3MZsBdqDrRTJihTHQrO6Dq,instrumental hip hop
2026-09-19,medium_term,3MZsBdqDrRTJihTHQrO6Dq,lo-fi hip hop
2026-09-19,medium_term,3MZsBdqDrRTJihTHQrO6Dq,trip hop
2026-09-19,medium_term,3Sz7ZnJQBIHsXLUSo0OQtM,folk pop
2026-09-19,medium_term,3Sz7ZnJQBIHsXLUSo0OQtM,indie pop
2026-09-19,medium_term,3Sz7ZnJQBIHsXLUSo0OQtM,indie rock
2026-09-19,medium_term,3Sz7ZnJQBIHsXLUSo0OQtM,jangle pop
2026-09-19,medium_term,3Sz7ZnJQBIHsXLUSo0OQtM,pop
2026-09-19,medium_term,3Sz7ZnJQBIHsXLUSo0OQtM,psychedelic pop
2026-09-19,medium_term,3ctnkEZGtVBTxS7IMin8nC,lo-fi hip hop
2026-09-19,medium_term,3mIj9lX2MWuHmhNCA7LSCW,alternative pop
2026-09-19,medium_term,3mIj9lX2MWuHmhNCA7LSCW,alternative rock
2026-09-19,medium_term,3mIj9lX2MWuHmhNCA7LSCW,ambient pop
2026-09-19,medium_term,3mIj9lX2MWuHmhNCA7LSCW,art pop
2026-09-19,medium_term,3mIj9lX2MWuHmhNCA7LSCW,indie pop
2026-09-19,medium_term,3mIj9lX2MWuHmhNCA7LSCW,indie rock
2026-09-19,medium_term,3mIj9lX2MWuHmhNCA7LSCW,indietronica
2026-09-19,medium_term,3mIj9lX2MWuHmhNCA7LSCW,leftfield
2026-09-19,medium_term,3mIj9lX2MWuHmhNCA7LSCW,new wave
2026-09-19,medium_term,3mIj9lX2MWuHmhNCA7LSCW,pop rock
2026-09-19,medium_term,3mIj9lX2MWuHmhNCA7LSCW,post-punk revival
2026-09-19,medium_term,3mIj9lX2MWuHmhNCA7LSCW,synth-pop
2026-09-19,medium_term,47zz7sob9NUcODy0BTDvKx,contemporary r&b
2026-09-19,medium_term,47zz7sob9NUcODy0BTDvKx,downtempo
2026-09-19,medium_term,47zz7sob9NUcODy0BTDvKx,jazz
2026-09-19,medium_term,47zz7sob9NUcODy0BTDvKx,jazz pop
2026-09-19,medium_term,47zz7sob9NUcODy0BTDvKx,pop
2026-09-19,medium_term,47zz7sob9NUcODy0BTDvKx,quiet storm
2026-09-19,medium_term,47zz7sob9NUcODy0BTDvKx,smooth jazz
2026-09-19,medium_term,47zz7sob9NUcODy0BTDvKx,smooth soul
2026-09-19,medium_term,47zz7sob9NUcODy0BTDvKx,sophisti-pop
2026-09-19,medium_term,47zz7sob9NUcODy0BTDvKx,soul
2026-09-19,medium_term,47zz7sob9NUcODy0BTDvKx,trip hop
2026-09-19,medium_term,4Z8W4fKeB5YxbusRsdQVPb,alternative rock
2026-09-19,medium_term,4Z8W4fKeB5YxbusRsdQVPb,ambient pop
2026-09-19,medium_term,4Z8W4fKeB5YxbusRsdQVPb,art pop
2026-09-19,medium_term,4Z8W4fKeB5YxbusRsdQVPb,art rock
2026-09-19,medium_term,4Z8W4fKeB5YxbusRsdQVPb,britpop
2026-09-19,medium_term,4Z8W4fKeB5YxbusRsdQVPb,chamber pop
2026-09-19,medium_term,4Z8W4fKeB5YxbusRsdQVPb,crossover prog
2026-09-19,medium_term,4Z8W4fKeB5YxbusRsdQVPb,electronic
2026-09-19,medium_term,4Z8W4fKeB5YxbusRsdQVPb,electronic rock
2026-09-19,medium_term,4Z8W4fKeB5YxbusRsdQVPb,electronica
2026-09-19,medium_term,4Z8W4fKeB5YxbusRsdQVPb,experimental
2026-09-19,medium_term,4Z8W4fKeB5YxbusRsdQVPb,experimental rock
2026-09-19,medium_term,4Z8W4fKeB5YxbusRsdQVPb,idm
2026-09-19,medium_term,4Z8W4fKeB5YxbusRsdQVPb,indie rock
2026-09-19,medium_term,4Z8W4fKeB5YxbusRsdQVPb,indietronica
2026-09-19,medium_term,4Z8W4fKeB5YxbusRsdQVPb,post-britpop
2026-09-19,medium_term,4Z8W4fKeB5YxbusRsdQVPb,post-grunge
2026-09-19,medium_term,4Z8W4fKeB5YxbusRsdQVPb,rock
2026-09-19,medium_term,4dpARuHxo51G3z768sgnrY,blue-eyed soul
2026-09-19,medium_term,4dpARuHxo51G3z768sgnrY,neo soul
2026-09-19,medium_term,4dpARuHxo51G3z768sgnrY,pop
2026-09-19,medium_term,4dpARuHxo51G3z768sgnrY,pop soul
2026-09-19,medium_term,4dpARuHxo51G3z768sgnrY,r&b
2026-09-19,medium_term,4dpARuHxo51G3z768sgnrY,soul
2026-09-19,medium_term,4gdMJYnopf2nEUcanAwstx,indian pop
2026-09-19,medium_term,4gdMJYnopf2nEUcanAwstx,singer-songwriter
2026-09-19,medium_term,4yvcSjfu4PC0CYQyLy4wSq,electronic
2026-09-19,medium_term,4yvcSjfu4PC0CYQyLy4wSq,indie pop
2026-09-19,medium_term,4yvcSjfu4PC0CYQyLy4wSq,indie rock
2026-09-19,medium_term,4yvcSjfu4PC0CYQyLy4wSq,indietronica
2026-09-19,medium_term,4yvcSjfu4PC0CYQyLy4wSq,pop
2026-09-19,medium_term,4yvcSjfu4PC0CYQyLy4wSq,psychedelic pop
2026-09-19,medium_term,4yvcSjfu4PC0CYQyLy4wSq,psychedelic rock
2026-09-19,medium_term,5INjqkS1o8h1imAzPqGZBb,alternative dance
2026-09-19,medium_term,5INjqkS1o8h1imAzPqGZBb,alternative rock
2026-09-19,medium_term,5INjqkS1o8h1imAzPqGZBb,dream pop
2026-09-19,medium_term,5INjqkS1o8h1imAzPqGZBb,indie rock
2026-09-19,medium_term,5INjqkS1o8h1imAzPqGZBb,indietronica
2026-09-19,medium_term,5INjqkS1o8h1imAzPqGZBb,leftfield
2026-09-19,medium_term,5INjqkS1o8h1imAzPqGZBb,neo-psychedelia
2026-09-19,medium_term,5INjqkS1o8h1imAzPqGZBb,pop
2026-09-19,medium_term,5INjqkS1o8h1imAzPqGZBb,psychedelic
2026-09-19,medium_term,5INjqkS1o8h1imAzPqGZBb,psychedelic pop
2026-09-19,medium_term,5INjqkS1o8h1imAzPqGZBb,psychedelic rock
2026-09-19,medium_term,5INjqkS1o8h1imAzPqGZBb,rock
2026-09-19,medium_term,5INjqkS1o8h1imAzPqGZBb,space rock
2026-09-19,medium_term,5INjqkS1o8h1imAzPqGZBb,synth-pop
2026-09-19,medium_term,5cj0lLjcoR7YOSnhnX0Po5,alternative rock
2026-09-19,medium_term,5cj0lLjcoR7YOSnhnX0Po5,grunge
2026-09-19,medium_term,5cj0lLjcoR7YOSnhnX0Po5,hip hop
2026-09-19,medium_term,5cj0lLjcoR7YOSnhnX0Po5,pop
2026-09-19,medium_term,5cj0lLjcoR7YOSnhnX0Po5,pop rap
2026-09-19,medium_term,5cj0lLjcoR7YOSnhnX0Po5,post-grunge
2026-09-19,medium_term,5cj0lLjcoR7YOSnhnX0Po5,power pop
2026-09-19,medium_term,5cj0lLjcoR7YOSnhnX0Po5,rock
2026-09-19,medium_term,5cj0lLjcoR7YOSnhnX0Po5,trap
2026-09-19,medium_term,5cj0lLjcoR7YOSnhnX0Po5,west coast hip hop
2026-09-19,medium_term,5y8tKLUfMvliMe8IKamR32,alternative r&b
2026-09-19,medium_term,5y8tKLUfMvliMe8IKamR32,contemporary r&b
2026-09-19,medium_term,5y8tKLUfMvliMe8IKamR32,indie pop
2026-09-19,medium_term,5y8tKLUfMvliMe8IKamR32,lo-fi
2026-09-19,medium_term,60jYUgQzKAtnJoXKGk1GNn,folk
2026-09-19,medium_term,60jYUgQzKAtnJoXKGk1GNn,pop
2026-09-19,medium_term,60jYUgQzKAtnJoXKGk1GNn,techno
2026-09-19,medium_term,66CXWjxzNUsdJxJ2JdwvnR,contemporary r&b
2026-09-19,medium_term,66CXWjxzNUsdJxJ2JdwvnR,dance-pop
2026-09-19,medium_term,66CXWjxzNUsdJxJ2JdwvnR,pop
2026-09-19,medium_term,66CXWjxzNUsdJxJ2JdwvnR,r&b
2026-09-19,medium_term,66CXWjxzNUsdJxJ2JdwvnR,trap soul
2026-09-19,medium_term,700c9Qz2z6HZKTumeliKAw,electronic
2026-09-19,medium_term,77SW9BnxLY8rJ0RciFqkHh,alternative rock
2026-09-19,medium_term,77SW9BnxLY8rJ0RciFqkHh,indie pop
2026-09-19,medium_term,78rUTD7y6Cy67W1RVzYs7t,alternative pop
2026-09-19,medium_term,78rUTD7y6Cy67W1RVzYs7t,bubblegum pop
2026-09-19,medium_term,78rUTD7y6Cy67W1RVzYs7t,dance-pop
2026-09-19,medium_term,78rUTD7y6Cy67W1RVzYs7t,drum and bass
2026-09-19,medium_term,78rUTD7y6Cy67W1RVzYs7t,future garage
2026-09-19,medium_term,78rUTD7y6Cy67W1RVzYs7t,jungle
2026-09-19,medium_term,78rUTD7y6Cy67W1RVzYs7t,pop
2026-09-19,medium_term,78rUTD7y6Cy67W1RVzYs7t,uk garage
2026-09-19,medium_term,7Ln80lUS6He07XvHI8qqHH,alternative rock
2026-09-19,medium_term,7Ln80lUS6He07XvHI8qqHH,art rock
2026-09-19,medium_term,7Ln80lUS6He07XvHI8qqHH,baroque pop
2026-09-19,medium_term,7Ln80lUS6He07XvHI8qqHH,dance
2026-09-19,medium_term,7Ln80lUS6He07XvHI8qqHH,electronica
2026-09-19,medium_term,7Ln80lUS6He07XvHI8qqHH,garage rock
2026-09-19,medium_term,7Ln80lUS6He07XvHI8qqHH,garage rock revival
2026-09-19,medium_term,7Ln80lUS6He07XvHI8qqHH,house
2026-09-19,medium_term,7Ln80lUS6He07XvHI8qqHH,indie rock
2026-09-19,medium_term,7Ln80lUS6He07XvHI8qqHH,neo-psychedelia
2026-09-19,medium_term,7Ln80lUS6He07XvHI8qqHH,pop
2026-09-19,medium_term,7Ln80lUS6He07XvHI8qqHH,post-punk revival
2026-09-19,medium_term,7Ln80lUS6He07XvHI8qqHH,psychedelic pop
2026-09-19,medium_term,7Ln80lUS6He07XvHI8qqHH,psychedelic rock
2026-09-19,medium_term,7Ln80lUS6He07XvHI8qqHH,rock
2026-09-19,medium_term,7lzordPuZEXxwt9aoVZYmG,alternative dance
2026-09-19,medium_term,7lzordPuZEXxwt9aoVZYmG,classic rock
2026-09-19,medium_term,7lzordPuZEXxwt9aoVZYmG,electronic
2026-09-19,medium_term,7lzordPuZEXxwt9aoVZYmG,hard rock
2026-09-19,medium_term,7lzordPuZEXxwt9aoVZYmG,new wave
2026-09-19,medium_term,7lzordPuZEXxwt9aoVZYmG,pop rock
2026-09-19,medium_term,7lzordPuZEXxwt9aoVZYmG,punk rock
2026-09-19,medium_term,7lzordPuZEXxwt9aoVZYmG,rock
2026-09-19,medium_term,7tYKF4w9nC0nq9CsPZTHyP,alternative r&b
2026-09-19,medium_term,7tYKF4w9nC0nq9CsPZTHyP,contemporary r&b
2026-09-19,medium_term,7tYKF4w9nC0nq9CsPZTHyP,electronic
2026-09-19,medium_term,7tYKF4w9nC0nq9CsPZTHyP,hip hop soul
2026-09-19,medium_term,7tYKF4w9nC0nq9CsPZTHyP,neo soul
2026-09-19,medium_term,7tYKF4w9nC0nq9CsPZTHyP,pop
2026-09-19,medium_term,7tYKF4w9nC0nq9CsPZTHyP,r&b
2026-09-19,medium_term,7tYKF4w9nC0nq9CsPZTHyP,soul
2026-09-19,short_term,00FQb4jTyendYWaN8pK0wa,alternative pop
2026-09-19,short_term,00FQb4jTyendYWaN8pK0wa,art pop
2026-09-19,short_term,00FQb4jTyendYWaN8pK0wa,ballad
2026-09-19,short_term,00FQb4jTyendYWaN8pK0wa,baroque pop
2026-09-19,short_term,00FQb4jTyendYWaN8pK0wa,chamber pop
2026-09-19,short_term,00FQb4jTyendYWaN8pK0wa,country
2026-09-19,short_term,00FQb4jTyendYWaN8pK0wa,dance
2026-09-19,short_term,00FQb4jTyendYWaN8pK0wa,dream pop
2026-09-19,short_term,00FQb4jTyendYWaN8pK0wa,edm
2026-09-19,short_term,00FQb4jTyendYWaN8pK0wa,electronic
2026-09-19,short_term,00FQb4jTyendYWaN8pK0wa,electronica
2026-09-19,short_term,00FQb4jTyendYWaN8pK0wa,future bass
2026-09-19,short_term,00FQb4jTyendYWaN8pK0wa,house
2026-09-19,short_term,00FQb4jTyendYWaN8pK0wa,indie pop
2026-09-19,short_term,00FQb4jTyendYWaN8pK0wa,indie rock
2026-09-19,short_term,00FQb4jTyendYWaN8pK0wa,melodic house
2026-09-19,short_term,00FQb4jTyendYWaN8pK0wa,melodic techno
2026-09-19,short_term,00FQb4jTyendYWaN8pK0wa,neo-psychedelia
2026-09-19,short_term,00FQb4jTyendYWaN8pK0wa,pop
2026-09-19,short_term,00FQb4jTyendYWaN8pK0wa,psychedelic pop
2026-09-19,short_term,00FQb4jTyendYWaN8pK0wa,r&b
2026-09-19,short_term,00FQb4jTyendYWaN8pK0wa,rock
2026-09-19,short_term,00FQb4jTyendYWaN8pK0wa,singer-songwriter
2026-09-19,short_term,00FQb4jTyendYWaN8pK0wa,slowcore
2026-09-19,short_term,00FQb4jTyendYWaN8pK0wa,trap
2026-09-19,short_term,00FQb4jTyendYWaN8pK0wa,trip hop
2026-09-19,short_term,0Y6dVaC9DZtPNH4591M42W,dream pop
2026-09-19,short_term,0Y6dVaC9DZtPNH4591M42W,electronic
2026-09-19,short_term,0Y6dVaC9DZtPNH4591M42W,hip hop
2026-09-19,short_term,0Y6dVaC9DZtPNH4591M42W,indie pop
2026-09-19,short_term,0Y6dVaC9DZtPNH4591M42W,indie rock
2026-09-19,short_term,0Y6dVaC9DZtPNH4591M42W,lo-fi
2026-09-19,short_term,0Y6dVaC9DZtPNH4591M42W,pop
2026-09-19,short_term,0dgJbQ0bKPyUXco8hEXN7X,ambient
2026-09-19,short_term,0dgJbQ0bKPyUXco8hEXN7X,boom bap
2026-09-19,short_term,0dgJbQ0bKPyUXco8hEXN7X,chillout
2026-09-19,short_term,0dgJbQ0bKPyUXco8hEXN7X,chillwave
2026-09-19,short_term,0dgJbQ0bKPyUXco8hEXN7X,downtempo
2026-09-19,short_term,0dgJbQ0bKPyUXco8hEXN7X,drift phonk
2026-09-19,short_term,0dgJbQ0bKPyUXco8hEXN7X,hardwave
2026-09-19,short_term,0dgJbQ0bKPyUXco8hEXN7X,hip hop
2026-09-19,short_term,0dgJbQ0bKPyUXco8hEXN7X,house
2026-09-19,short_term,0dgJbQ0bKPyUXco8hEXN7X,instrumental
2026-09-19,short_term,0dgJbQ0bKPyUXco8hEXN7X,instrumental hip hop
2026-09-19,short_term,0dgJbQ0bKPyUXco8hEXN7X,lo-fi
2026-09-19,short_term,0dgJbQ0bKPyUXco8hEXN7X,lo-fi hip hop
2026-09-19,short_term,0dgJbQ0bKPyUXco8hEXN7X,phonk
2026-09-19,short_term,0dgJbQ0bKPyUXco8hEXN7X,wave
2026-09-19,short_term,0hEurMDQu99nJRq8pTxO14,acoustic rock
2026-09-19,short_term,0hEurMDQu99nJRq8pTxO14,alternative rock
2026-09-19,short_term,0hEurMDQu99nJRq8pTxO14,americana
2026-09-19,short_term,0hEurMDQu99nJRq8pTxO14,blue-eyed soul
2026-09-19,short_term,0hEurMDQu99nJRq8pTxO14,blues
2026-09-19,short_term,0hEurMDQu99nJRq8pTxO14,blues rock
2026-09-19,short_term,0hEurMDQu99nJRq8pTxO14,country
2026-09-19,short_term,0hEurMDQu99nJRq8pTxO14,country rock
2026-09-19,short_term,0hEurMDQu99nJRq8pTxO14,folk rock
2026-09-19,short_term,0hEurMDQu99nJRq8pTxO14,indie rock
2026-09-19,short_term,0hEurMDQu99nJRq8pTxO14,pop
2026-09-19,short_term,0hEurMDQu99nJRq8pTxO14,pop rock
2026-09-19,short_term,0hEurMDQu99nJRq8pTxO14,rock
2026-09-19,short_term,0hEurMDQu99nJRq8pTxO14,singer-songwriter
2026-09-19,short_term,0hEurMDQu99nJRq8pTxO14,soft rock
2026-09-19,short_term,0hEurMDQu99nJRq8pTxO14,soul
2026-09-19,short_term,1AbJ2cmwK400LSvdvBL5Jc,bedroom pop
2026-09-19,short_term,1QAJqy2dA3ihHBFIHRphZj,ambient
2026-09-19,short_term,1QAJqy2dA3ihHBFIHRphZj,ambient pop
2026-09-19,short_term,1QAJqy2dA3ihHBFIHRphZj,dream pop
2026-09-19,short_term,1QAJqy2dA3ihHBFIHRphZj,indie pop
2026-09-19,short_term,1QAJqy2dA3ihHBFIHRphZj,indie rock
2026-09-19,short_term,1QAJqy2dA3ihHBFIHRphZj,pop
2026-09-19,short_term,1QAJqy2dA3ihHBFIHRphZj,shoegaze
2026-09-19,short_term,1QAJqy2dA3ihHBFIHRphZj,slowcore
2026-09-19,short_term,1Xyo4u8uXC1ZmMpatF05PJ,alternative r&b
2026-09-19,short_term,1Xyo4u8uXC1ZmMpatF05PJ,contemporary r&b
2026-09-19,short_term,1Xyo4u8uXC1ZmMpatF05PJ,dance-pop
2026-09-19,short_term,1Xyo4u8uXC1ZmMpatF05PJ,hypnagogic pop
2026-09-19,short_term,1Xyo4u8uXC1ZmMpatF05PJ,pop
2026-09-19,short_term,1Xyo4u8uXC1ZmMpatF05PJ,r&b
2026-09-19,short_term,1Xyo4u8uXC1ZmMpatF05PJ,synth-pop
2026-09-19,short_term,1fa0cOhromAZdq2xRA4vv8,blue-eyed soul
2026-09-19,short_term,1fa0cOhromAZdq2xRA4vv8,dance-pop
2026-09-19,short_term,1fa0cOhromAZdq2xRA4vv8,pop
2026-09-19,short_term,1fa0cOhromAZdq2xRA4vv8,pop soul
2026-09-19,short_term,1fa0cOhromAZdq2xRA4vv8,r&b
2026-09-19,short_term,1fa0cOhromAZdq2xRA4vv8,soft rock
2026-09-19,short_term,1fa0cOhromAZdq2xRA4vv8,sophisti-pop
2026-09-19,short_term,1fa0cOhromAZdq2xRA4vv8,soul
2026-09-19,short_term,1mYsTxnqsietFxj1OgoGbG,classical
2026-09-19,short_term,1mYsTxnqsietFxj1OgoGbG,filmi
2026-09-19,short_term,1mYsTxnqsietFxj1OgoGbG,world fusion
2026-09-19,short_term,1wRPtKGflJrBx9BmLsSwlU,filmi
2026-09-19,short_term,2YZyLoL8N0Wb9xBt1NhZWg,alternative hip hop
2026-09-19,short_term,2YZyLoL8N0Wb9xBt1NhZWg,conscious hip hop
2026-09-19,short_term,2YZyLoL8N0Wb9xBt1NhZWg,dance
2026-09-19,short_term,2YZyLoL8N0Wb9xBt1NhZWg,disco
2026-09-19,short_term,2YZyLoL8N0Wb9xBt1NhZWg,future bass
2026-09-19,short_term,2YZyLoL8N0Wb9xBt1NhZWg,gangsta rap
2026-09-19,short_term,2YZyLoL8N0Wb9xBt1NhZWg,hardcore hip hop
2026-09-19,short_term,2YZyLoL8N0Wb9xBt1NhZWg,hip hop
2026-09-19,short_term,2YZyLoL8N0Wb9xBt1NhZWg,house
2026-09-19,short_term,2YZyLoL8N0Wb9xBt1NhZWg,jazz
2026-09-19,short_term,2YZyLoL8N0Wb9xBt1NhZWg,jazz rap
2026-09-19,short_term,2YZyLoL8N0Wb9xBt1NhZWg,pop
2026-09-19,short_term,2YZyLoL8N0Wb9xBt1NhZWg,pop rap
2026-09-19,short_term,2YZyLoL8N0Wb9xBt1NhZWg,r&b
2026-09-19,short_term,2YZyLoL8N0Wb9xBt1NhZWg,trap
2026-09-19,short_term,2YZyLoL8N0Wb9xBt1NhZWg,west coast hip hop
2026-09-19,short_term,2h93pZq0e7k5yf4dywlkpM,alternative r&b
2026-09-19,short_term,2h93pZq0e7k5yf4dywlkpM,contemporary r&b
2026-09-19,short_term,2h93pZq0e7k5yf4dywlkpM,pop
2026-09-19,short_term,2h93pZq0e7k5yf4dywlkpM,r&b
2026-09-19,short_term,2jku7tDXc6XoB6MO2hFuqg,alternative hip hop
2026-09-19,short_term,2jku7tDXc6XoB6MO2hFuqg,alternative r&b
2026-09-19,short_term,2jku7tDXc6XoB6MO2hFuqg,contemporary r&b
2026-09-19,short_term,2jku7tDXc6XoB6MO2hFuqg,dancehall
2026-09-19,short_term,2jku7tDXc6XoB6MO2hFuqg,hip hop
2026-09-19,short_term,2jku7tDXc6XoB6MO2hFuqg,r&b
2026-09-19,short_term,2oSONSC9zQ4UonDKnLqksx,filmi
2026-09-19,short_term,3MZsBdqDrRTJihTHQrO6Dq,alternative r&b
2026-09-19,short_term,3MZsBdqDrRTJihTHQrO6Dq,art pop
2026-09-19,short_term,3MZsBdqDrRTJihTHQrO6Dq,ballad
2026-09-19,short_term,3MZsBdqDrRTJihTHQrO6Dq,instrumental hip hop
2026-09-19,short_term,3MZsBdqDrRTJihTHQrO6Dq,lo-fi hip hop
2026-09-19,short_term,3MZsBdqDrRTJihTHQrO6Dq,trip hop
2026-09-19,short_term,3Sz7ZnJQBIHsXLUSo0OQtM,folk pop
2026-09-19,short_term,3Sz7ZnJQBIHsXLUSo0OQtM,indie pop
2026-09-19,short_term,3Sz7ZnJQBIHsXLUSo0OQtM,indie rock
2026-09-19,short_term,3Sz7ZnJQBIHsXLUSo0OQtM,jangle pop
2026-09-19,short_term,3Sz7ZnJQBIHsXLUSo0OQtM,pop
2026-09-19,short_term,3Sz7ZnJQBIHsXLUSo0OQtM,psychedelic pop
2026-09-19,short_term,3mIj9lX2MWuHmhNCA7LSCW,alternative pop
2026-09-19,short_term,3mIj9lX2MWuHmhNCA7LSCW,alternative rock
2026-09-19,short_term,3mIj9lX2MWuHmhNCA7LSCW,ambient pop
2026-09-19,short_term,3mIj9lX2MWuHmhNCA7LSCW,art pop
2026-09-19,short_term,3mIj9lX2MWuHmhNCA7LSCW,indie pop
2026-09-19,short_term,3mIj9lX2MWuHmhNCA7LSCW,indie rock
2026-09-19,short_term,3mIj9lX2MWuHmhNCA7LSCW,indietronica
2026-09-19,short_term,3mIj9lX2MWuHmhNCA7LSCW,leftfield
2026-09-19,short_term,3mIj9lX2MWuHmhNCA7LSCW,new wave
2026-09-19,short_term,3mIj9lX2MWuHmhNCA7LSCW,pop rock
2026-09-19,short_term,3mIj9lX2MWuHmhNCA7LSCW,post-punk revival
2026-09-19,short_term,3mIj9lX2MWuHmhNCA7LSCW,synth-pop
2026-09-19,short_term,47zz7sob9NUcODy0BTDvKx,contemporary r&b
2026-09-19,short_term,47zz7sob9NUcODy0BTDvKx,downtempo
2026-09-19,short_term,47zz7sob9NUcODy0BTDvKx,jazz
2026-09-19,short_term,47zz7sob9NUcODy0BTDvKx,jazz pop
2026-09-19,short_term,47zz7sob9NUcODy0BTDvKx,pop
2026-09-19,short_term,47zz7sob9NUcODy0BTDvKx,quiet storm
2026-09-19,short_term,47zz7sob9NUcODy0BTDvKx,smooth jazz
2026-09-19,short_term,47zz7sob9NUcODy0BTDvKx,smooth soul
2026-09-19,short_term,47zz7sob9NUcODy0BTDvKx,sophisti-pop
2026-09-19,short_term,47zz7sob9NUcODy0BTDvKx,soul
2026-09-19,short_term,47zz7sob9NUcODy0BTDvKx,trip hop
2026-09-19,short_term,4gdMJYnopf2nEUcanAwstx,indian pop
2026-09-19,short_term,4gdMJYnopf2nEUcanAwstx,singer-songwriter
2026-09-19,short_term,4gzpq5DPGxSnKTe4SA8HAU,alternative rock
2026-09-19,short_term,4gzpq5DPGxSnKTe4SA8HAU,art pop
2026-09-19,short_term,4gzpq5DPGxSnKTe4SA8HAU,britpop
2026-09-19,short_term,4gzpq5DPGxSnKTe4SA8HAU,dream pop
2026-09-19,short_term,4gzpq5DPGxSnKTe4SA8HAU,piano rock
2026-09-19,short_term,4gzpq5DPGxSnKTe4SA8HAU,pop
2026-09-19,short_term,4gzpq5DPGxSnKTe4SA8HAU,pop rock
2026-09-19,short_term,4gzpq5DPGxSnKTe4SA8HAU,post-britpop
2026-09-19,short_term,4gzpq5DPGxSnKTe4SA8HAU,rock
2026-09-19,short_term,5INjqkS1o8h1imAzPqGZBb,alternative dance
2026-09-19,short_term,5INjqkS1o8h1imAzPqGZBb,alternative rock
2026-09-19,short_term,5INjqkS1o8h1imAzPqGZBb,dream pop
2026-09-19,short_term,5INjqkS1o8h1imAzPqGZBb,indie rock
2026-09-19,short_term,5INjqkS1o8h1imAzPqGZBb,indietronica
2026-09-19,short_term,5INjqkS1o8h1imAzPqGZBb,leftfield
2026-09-19,short_term,5INjqkS1o8h1imAzPqGZBb,neo-psychedelia
2026-09-19,short_term,5INjqkS1o8h1imAzPqGZBb,pop
2026-09-19,short_term,5INjqkS1o8h1imAzPqGZBb,psychedelic
2026-09-19,short_term,5INjqkS1o8h1imAzPqGZBb,psychedelic pop
2026-09-19,short_term,5INjqkS1o8h1imAzPqGZBb,psychedelic rock
2026-09-19,short_term,5INjqkS1o8h1imAzPqGZBb,rock
2026-09-19,short_term,5INjqkS1o8h1imAzPqGZBb,space rock
2026-09-19,short_term,5INjqkS1o8h1imAzPqGZBb,synth-pop
2026-09-19,short_term,66CXWjxzNUsdJxJ2JdwvnR,contemporary r&b
2026-09-19,short_term,66CXWjxzNUsdJxJ2JdwvnR,dance-pop
2026-09-19,short_term,66CXWjxzNUsdJxJ2JdwvnR,pop
2026-09-19,short_term,66CXWjxzNUsdJxJ2JdwvnR,r&b
2026-09-19,short_term,66CXWjxzNUsdJxJ2JdwvnR,trap soul
2026-09-19,short_term,6IRouO5mvvfcyxtPDKMYFN,acoustic rock
2026-09-19,short_term,6IRouO5mvvfcyxtPDKMYFN,aor
2026-09-19,short_term,6IRouO5mvvfcyxtPDKMYFN,arena rock
2026-09-19,short_term,6IRouO5mvvfcyxtPDKMYFN,classic rock
2026-09-19,short_term,6IRouO5mvvfcyxtPDKMYFN,hard rock
2026-09-19,short_term,6IRouO5mvvfcyxtPDKMYFN,pop rock
2026-09-19,short_term,6IRouO5mvvfcyxtPDKMYFN,rock
2026-09-19,short_term,6IRouO5mvvfcyxtPDKMYFN,soft rock
2026-09-19,short_term,6XwwFnewNgWp81MYMK8zLq,deep house
2026-09-19,short_term,700c9Qz2z6HZKTumeliKAw,electronic
2026-09-19,short_term,77SW9BnxLY8rJ0RciFqkHh,alternative rock
2026-09-19,short_term,77SW9BnxLY8rJ0RciFqkHh,indie pop
2026-09-19,short_term,7CajNmpbOovFoOoasH2HaY,acid house
2026-09-19,short_term,7CajNmpbOovFoOoasH2HaY,club
2026-09-19,short_term,7CajNmpbOovFoOoasH2HaY,complextro
2026-09-19,short_term,7CajNmpbOovFoOoasH2HaY,contemporary r&b
2026-09-19,short_term,7CajNmpbOovFoOoasH2HaY,dance
2026-09-19,short_term,7CajNmpbOovFoOoasH2HaY,dance-pop
2026-09-19,short_term,7CajNmpbOovFoOoasH2HaY,disco
2026-09-19,short_term,7CajNmpbOovFoOoasH2HaY,edm
2026-09-19,short_term,7CajNmpbOovFoOoasH2HaY,electro house
2026-09-19,short_term,7CajNmpbOovFoOoasH2HaY,electro-disco
2026-09-19,short_term,7CajNmpbOovFoOoasH2HaY,electronic
2026-09-19,short_term,7CajNmpbOovFoOoasH2HaY,electropop
2026-09-19,short_term,7CajNmpbOovFoOoasH2HaY,festival progressive house
2026-09-19,short_term,7CajNmpbOovFoOoasH2HaY,funktronica
2026-09-19,short_term,7CajNmpbOovFoOoasH2HaY,hip house
2026-09-19,short_term,7CajNmpbOovFoOoasH2HaY,house
2026-09-19,short_term,7CajNmpbOovFoOoasH2HaY,melodic house
2026-09-19,short_term,7CajNmpbOovFoOoasH2HaY,melodic techno
2026-09-19,short_term,7CajNmpbOovFoOoasH2HaY,nu disco
2026-09-19,short_term,7CajNmpbOovFoOoasH2HaY,pop
2026-09-19,short_term,7CajNmpbOovFoOoasH2HaY,progressive house
2026-09-19,short_term,7CajNmpbOovFoOoasH2HaY,synth-pop
2026-09-19,short_term,7CajNmpbOovFoOoasH2HaY,uk garage
2026-09-19,short_term,7Ln80lUS6He07XvHI8qqHH,alternative rock
2026-09-19,short_term,7Ln80lUS6He07XvHI8qqHH,art rock
2026-09-19,short_term,7Ln80lUS6He07XvHI8qqHH,baroque pop
2026-09-19,short_term,7Ln80lUS6He07XvHI8qqHH,dance
2026-09-19,short_term,7Ln80lUS6He07XvHI8qqHH,electronica
2026-09-19,short_term,7Ln80lUS6He07XvHI8qqHH,garage rock
2026-09-19,short_term,7Ln80lUS6He07XvHI8qqHH,garage rock revival
2026-09-19,short_term,7Ln80lUS6He07XvHI8qqHH,house
2026-09-19,short_term,7Ln80lUS6He07XvHI8qqHH,indie rock
2026-09-19,short_term,7Ln80lUS6He07XvHI8qqHH,neo-psychedelia
2026-09-19,short_term,7Ln80lUS6He07XvHI8qqHH,pop
2026-09-19,short_term,7Ln80lUS6He07XvHI8qqHH,post-punk revival
2026-09-19,short_term,7Ln80lUS6He07XvHI8qqHH,psychedelic pop
2026-09-19,short_term,7Ln80lUS6He07XvHI8qqHH,psychedelic rock
2026-09-19,short_term,7Ln80lUS6He07XvHI8qqHH,rock
2026-09-19,short_term,7tYKF4w9nC0nq9CsPZTHyP,alternative r&b
2026-09-19,short_term,7tYKF4w9nC0nq9CsPZTHyP,contemporary r&b
2026-09-19,short_term,7tYKF4w9nC0nq9CsPZTHyP,electronic
2026-09-19,short_term,7tYKF4w9nC0nq9CsPZTHyP,hip hop soul
2026-09-19,short_term,7tYKF4w9nC0nq9CsPZTHyP,neo soul
2026-09-19,short_term,7tYKF4w9nC0nq9CsPZTHyP,pop
2026-09-19,short_term,7tYKF4w9nC0nq9CsPZTHyP,r&b
2026-09-19,short_term,7tYKF4w9nC0nq9CsPZTHyP,soul
2026-09-20,long_term,00FQb4jTyendYWaN8pK0wa,alternative pop
2026-09-20,long_term,00FQb4jTyendYWaN8pK0wa,art pop
2026-09-20,long_term,00FQb4jTyendYWaN8pK0wa,ballad
2026-09-20,long_term,00FQb4jTyendYWaN8pK0wa,baroque pop
2026-09-20,long_term,00FQb4jTyendYWaN8pK0wa,chamber pop
2026-09-20,long_term,00FQb4jTyendYWaN8pK0wa,country
2026-09-20,long_term,00FQb4jTyendYWaN8pK0wa,dance
2026-09-20,long_term,00FQb4jTyendYWaN8pK0wa,dream pop
2026-09-20,long_term,00FQb4jTyendYWaN8pK0wa,edm
2026-09-20,long_term,00FQb4jTyendYWaN8pK0wa,electronic
2026-09-20,long_term,00FQb4jTyendYWaN8pK0wa,electronica
2026-09-20,long_term,00FQb4jTyendYWaN8pK0wa,future bass
2026-09-20,long_term,00FQb4jTyendYWaN8pK0wa,house
2026-09-20,long_term,00FQb4jTyendYWaN8pK0wa,indie pop
2026-09-20,long_term,00FQb4jTyendYWaN8pK0wa,indie rock
2026-09-20,long_term,00FQb4jTyendYWaN8pK0wa,melodic house
2026-09-20,long_term,00FQb4jTyendYWaN8pK0wa,melodic techno
2026-09-20,long_term,00FQb4jTyendYWaN8pK0wa,neo-psychedelia
2026-09-20,long_term,00FQb4jTyendYWaN8pK0wa,pop
2026-09-20,long_term,00FQb4jTyendYWaN8pK0wa,psychedelic pop
2026-09-20,long_term,00FQb4jTyendYWaN8pK0wa,r&b
2026-09-20,long_term,00FQb4jTyendYWaN8pK0wa,rock
2026-09-20,long_term,00FQb4jTyendYWaN8pK0wa,singer-songwriter
2026-09-20,long_term,00FQb4jTyendYWaN8pK0wa,slowcore
2026-09-20,long_term,00FQb4jTyendYWaN8pK0wa,trap
2026-09-20,long_term,00FQb4jTyendYWaN8pK0wa,trip hop
2026-09-20,long_term,06O23tLg0or676h8EEzH7W,chillwave
2026-09-20,long_term,06O23tLg0or676h8EEzH7W,dreamwave
2026-09-20,long_term,06O23tLg0or676h8EEzH7W,electronic
2026-09-20,long_term,06O23tLg0or676h8EEzH7W,synth-pop
2026-09-20,long_term,06O23tLg0or676h8EEzH7W,witch house
2026-09-20,long_term,0Y6dVaC9DZtPNH4591M42W,dream pop
2026-09-20,long_term,0Y6dVaC9DZtPNH4591M42W,electronic
2026-09-20,long_term,0Y6dVaC9DZtPNH4591M42W,hip hop
2026-09-20,long_term,0Y6dVaC9DZtPNH4591M42W,indie pop
2026-09-20,long_term,0Y6dVaC9DZtPNH4591M42W,indie rock
2026-09-20,long_term,0Y6dVaC9DZtPNH4591M42W,lo-fi
2026-09-20,long_term,0Y6dVaC9DZtPNH4591M42W,pop
2026-09-20,long_term,0dgJbQ0bKPyUXco8hEXN7X,ambient
2026-09-20,long_term,0dgJbQ0bKPyUXco8hEXN7X,boom bap
2026-09-20,long_term,0dgJbQ0bKPyUXco8hEXN7X,chillout
2026-09-20,long_term,0dgJbQ0bKPyUXco8hEXN7X,chillwave
2026-09-20,long_term,0dgJbQ0bKPyUXco8hEXN7X,downtempo
2026-09-20,long_term,0dgJbQ0bKPyUXco8hEXN7X,drift phonk
2026-09-20,long_term,0dgJbQ0bKPyUXco8hEXN7X,hardwave
2026-09-20,long_term,0dgJbQ0bKPyUXco8hEXN7X,hip hop
2026-09-20,long_term,0dgJbQ0bKPyUXco8hEXN7X,house
2026-09-20,long_term,0dgJbQ0bKPyUXco8hEXN7X,instrumental
2026-09-20,long_term,0dgJbQ0bKPyUXco8hEXN7X,instrumental hip hop
2026-09-20,long_term,0dgJbQ0bKPyUXco8hEXN7X,lo-fi
2026-09-20,long_term,0dgJbQ0bKPyUXco8hEXN7X,lo-fi hip hop
2026-09-20,long_term,0dgJbQ0bKPyUXco8hEXN7X,phonk
2026-09-20,long_term,0dgJbQ0bKPyUXco8hEXN7X,wave
2026-09-20,long_term,0hEurMDQu99nJRq8pTxO14,acoustic rock
2026-09-20,long_term,0hEurMDQu99nJRq8pTxO14,alternative rock
2026-09-20,long_term,0hEurMDQu99nJRq8pTxO14,americana
2026-09-20,long_term,0hEurMDQu99nJRq8pTxO14,blue-eyed soul
2026-09-20,long_term,0hEurMDQu99nJRq8pTxO14,blues
2026-09-20,long_term,0hEurMDQu99nJRq8pTxO14,blues rock
2026-09-20,long_term,0hEurMDQu99nJRq8pTxO14,country
2026-09-20,long_term,0hEurMDQu99nJRq8pTxO14,country rock
2026-09-20,long_term,0hEurMDQu99nJRq8pTxO14,folk rock
2026-09-20,long_term,0hEurMDQu99nJRq8pTxO14,indie rock
2026-09-20,long_term,0hEurMDQu99nJRq8pTxO14,pop
2026-09-20,long_term,0hEurMDQu99nJRq8pTxO14,pop rock
2026-09-20,long_term,0hEurMDQu99nJRq8pTxO14,rock
2026-09-20,long_term,0hEurMDQu99nJRq8pTxO14,singer-songwriter
2026-09-20,long_term,0hEurMDQu99nJRq8pTxO14,soft rock
2026-09-20,long_term,0hEurMDQu99nJRq8pTxO14,soul
2026-09-20,long_term,0klU31gyC6EZqKgLvVANCy,boom bap
2026-09-20,long_term,0klU31gyC6EZqKgLvVANCy,chillwave
2026-09-20,long_term,0klU31gyC6EZqKgLvVANCy,downtempo
2026-09-20,long_term,0klU31gyC6EZqKgLvVANCy,hip hop
2026-09-20,long_term,0klU31gyC6EZqKgLvVANCy,instrumental
2026-09-20,long_term,0klU31gyC6EZqKgLvVANCy,instrumental hip hop
2026-09-20,long_term,0klU31gyC6EZqKgLvVANCy,lo-fi
2026-09-20,long_term,0klU31gyC6EZqKgLvVANCy,lo-fi hip hop
2026-09-20,long_term,17XXKfRBMCWvLrqGoNkJXm,ballad
2026-09-20,long_term,17XXKfRBMCWvLrqGoNkJXm,easy listening
2026-09-20,long_term,17XXKfRBMCWvLrqGoNkJXm,pop
2026-09-20,long_term,19ra5tSw0tWufvUp8GotLo,ballad
2026-09-20,long_term,19ra5tSw0tWufvUp8GotLo,blue-eyed soul
2026-09-20,long_term,19ra5tSw0tWufvUp8GotLo,contemporary r&b
2026-09-20,long_term,19ra5tSw0tWufvUp8GotLo,dance-pop
2026-09-20,long_term,19ra5tSw0tWufvUp8GotLo,dance-rock
2026-09-20,long_term,19ra5tSw0tWufvUp8GotLo,jazz
2026-09-20,long_term,19ra5tSw0tWufvUp8GotLo,pop
2026-09-20,long_term,19ra5tSw0tWufvUp8GotLo,pop rock
2026-09-20,long_term,19ra5tSw0tWufvUp8GotLo,pop soul
2026-09-20,long_term,19ra5tSw0tWufvUp8GotLo,r&b
2026-09-20,long_term,19ra5tSw0tWufvUp8GotLo,smooth jazz
2026-09-20,long_term,19ra5tSw0tWufvUp8GotLo,smooth soul
2026-09-20,long_term,19ra5tSw0tWufvUp8GotLo,soft rock
2026-09-20,long_term,19ra5tSw0tWufvUp8GotLo,sophisti-pop
2026-09-20,long_term,19ra5tSw0tWufvUp8GotLo,soul
2026-09-20,long_term,1QAJqy2dA3ihHBFIHRphZj,ambient
2026-09-20,long_term,1QAJqy2dA3ihHBFIHRphZj,ambient pop
2026-09-20,long_term,1QAJqy2dA3ihHBFIHRphZj,dream pop
2026-09-20,long_term,1QAJqy2dA3ihHBFIHRphZj,indie pop
2026-09-20,long_term,1QAJqy2dA3ihHBFIHRphZj,indie rock
2026-09-20,long_term,1QAJqy2dA3ihHBFIHRphZj,pop
2026-09-20,long_term,1QAJqy2dA3ihHBFIHRphZj,shoegaze
2026-09-20,long_term,1QAJqy2dA3ihHBFIHRphZj,slowcore
2026-09-20,long_term,1Xyo4u8uXC1ZmMpatF05PJ,alternative r&b
2026-09-20,long_term,1Xyo4u8uXC1ZmMpatF05PJ,contemporary r&b
2026-09-20,long_term,1Xyo4u8uXC1ZmMpatF05PJ,dance-pop
2026-09-20,long_term,1Xyo4u8uXC1ZmMpatF05PJ,hypnagogic pop
2026-09-20,long_term,1Xyo4u8uXC1ZmMpatF05PJ,pop
2026-09-20,long_term,1Xyo4u8uXC1ZmMpatF05PJ,r&b
2026-09-20,long_term,1Xyo4u8uXC1ZmMpatF05PJ,synth-pop
2026-09-20,long_term,1cGyguqPQY22oUd4fKglFS,ambient
2026-09-20,long_term,1cGyguqPQY22oUd4fKglFS,dark ambient
2026-09-20,long_term,1mYsTxnqsietFxj1OgoGbG,classical
2026-09-20,long_term,1mYsTxnqsietFxj1OgoGbG,filmi
2026-09-20,long_term,1mYsTxnqsietFxj1OgoGbG,world fusion
2026-09-20,long_term,1wRPtKGflJrBx9BmLsSwlU,filmi
2026-09-20,long_term,2YZyLoL8N0Wb9xBt1NhZWg,alternative hip hop
2026-09-20,long_term,2YZyLoL8N0Wb9xBt1NhZWg,conscious hip hop
2026-09-20,long_term,2YZyLoL8N0Wb9xBt1NhZWg,dance
2026-09-20,long_term,2YZyLoL8N0Wb9xBt1NhZWg,disco
2026-09-20,long_term,2YZyLoL8N0Wb9xBt1NhZWg,future bass
2026-09-20,long_term,2YZyLoL8N0Wb9xBt1NhZWg,gangsta rap
2026-09-20,long_term,2YZyLoL8N0Wb9xBt1NhZWg,hardcore hip hop
2026-09-20,long_term,2YZyLoL8N0Wb9xBt1NhZWg,hip hop
2026-09-20,long_term,2YZyLoL8N0Wb9xBt1NhZWg,house
2026-09-20,long_term,2YZyLoL8N0Wb9xBt1NhZWg,jazz
2026-09-20,long_term,2YZyLoL8N0Wb9xBt1NhZWg,jazz rap
2026-09-20,long_term,2YZyLoL8N0Wb9xBt1NhZWg,pop
2026-09-20,long_term,2YZyLoL8N0Wb9xBt1NhZWg,pop rap
2026-09-20,long_term,2YZyLoL8N0Wb9xBt1NhZWg,r&b
2026-09-20,long_term,2YZyLoL8N0Wb9xBt1NhZWg,trap
2026-09-20,long_term,2YZyLoL8N0Wb9xBt1NhZWg,west coast hip hop
2026-09-20,long_term,2exebQUDoIoT0dXA8BcN1P,chillwave
2026-09-20,long_term,2exebQUDoIoT0dXA8BcN1P,electronic
2026-09-20,long_term,2exebQUDoIoT0dXA8BcN1P,synthwave
2026-09-20,long_term,2h93pZq0e7k5yf4dywlkpM,alternative r&b
2026-09-20,long_term,2h93pZq0e7k5yf4dywlkpM,contemporary r&b
2026-09-20,long_term,2h93pZq0e7k5yf4dywlkpM,pop
2026-09-20,long_term,2h93pZq0e7k5yf4dywlkpM,r&b
2026-09-20,long_term,2jku7tDXc6XoB6MO2hFuqg,alternative hip hop
2026-09-20,long_term,2jku7tDXc6XoB6MO2hFuqg,alternative r&b
2026-09-20,long_term,2jku7tDXc6XoB6MO2hFuqg,contemporary r&b
2026-09-20,long_term,2jku7tDXc6XoB6MO2hFuqg,dancehall
2026-09-20,long_term,2jku7tDXc6XoB6MO2hFuqg,hip hop
2026-09-20,long_term,2jku7tDXc6XoB6MO2hFuqg,r&b
2026-09-20,long_term,2sSGPbdZJkaSE2AbcGOACx,bedroom pop
2026-09-20,long_term,2sSGPbdZJkaSE2AbcGOACx,dream pop
2026-09-20,long_term,2sSGPbdZJkaSE2AbcGOACx,indie pop
2026-09-20,long_term,2sSGPbdZJkaSE2AbcGOACx,lo-fi
2026-09-20,long_term,2sSGPbdZJkaSE2AbcGOACx,psychedelic pop
2026-09-20,long_term,2sSGPbdZJkaSE2AbcGOACx,psychedelic soul
2026-09-20,long_term,2sSGPbdZJkaSE2AbcGOACx,synth-pop
2026-09-20,long_term,36QJpDe2go2KgaRleHCDTp,arena rock
2026-09-20,long_term,36QJpDe2go2KgaRleHCDTp,blues rock
2026-09-20,long_term,36QJpDe2go2KgaRleHCDTp,classic rock
2026-09-20,long_term,36QJpDe2go2KgaRleHCDTp,folk rock
2026-09-20,long_term,36QJpDe2go2KgaRleHCDTp,hard rock
2026-09-20,long_term,36QJpDe2go2KgaRleHCDTp,heavy metal
2026-09-20,long_term,36QJpDe2go2KgaRleHCDTp,pop
2026-09-20,long_term,36QJpDe2go2KgaRleHCDTp,progressive rock
2026-09-20,long_term,36QJpDe2go2KgaRleHCDTp,rock
2026-09-20,long_term,36QJpDe2go2KgaRleHCDTp,rock and roll
2026-09-20,long_term,3MZsBdqDrRTJihTHQrO6Dq,alternative r&b
2026-09-20,long_term,3MZsBdqDrRTJihTHQrO6Dq,art pop
2026-09-20,long_term,3MZsBdqDrRTJihTHQrO6Dq,ballad
2026-09-20,long_term,3MZsBdqDrRTJihTHQrO6Dq,instrumental hip hop
2026-09-20,long_term,3MZsBdqDrRTJihTHQrO6Dq,lo-fi hip hop
2026-09-20,long_term,3MZsBdqDrRTJihTHQrO6Dq,trip hop
2026-09-20,long_term,3Sz7ZnJQBIHsXLUSo0OQtM,folk pop
2026-09-20,long_term,3Sz7ZnJQBIHsXLUSo0OQtM,indie pop
2026-09-20,long_term,3Sz7ZnJQBIHsXLUSo0OQtM,indie rock
2026-09-20,long_term,3Sz7ZnJQBIHsXLUSo0OQtM,jangle pop
2026-09-20,long_term,3Sz7ZnJQBIHsXLUSo0OQtM,pop
2026-09-20,long_term,3Sz7ZnJQBIHsXLUSo0OQtM,psychedelic pop
2026-09-20,long_term,3TVXtAsR1Inumwj472S9r4,alternative r&b
2026-09-20,long_term,3TVXtAsR1Inumwj472S9r4,contemporary r&b
2026-09-20,long_term,3TVXtAsR1Inumwj472S9r4,hardcore hip hop
2026-09-20,long_term,3TVXtAsR1Inumwj472S9r4,hip hop
2026-09-20,long_term,3TVXtAsR1Inumwj472S9r4,pop
2026-09-20,long_term,3TVXtAsR1Inumwj472S9r4,pop rap
2026-09-20,long_term,3TVXtAsR1Inumwj472S9r4,r&b
2026-09-20,long_term,3TVXtAsR1Inumwj472S9r4,southern hip hop
2026-09-20,long_term,3TVXtAsR1Inumwj472S9r4,trap
2026-09-20,long_term,3zmfs9cQwzJl575W1ZYXeT,bedroom pop
2026-09-20,long_term,3zmfs9cQwzJl575W1ZYXeT,downtempo
2026-09-20,long_term,3zmfs9cQwzJl575W1ZYXeT,dream pop
2026-09-20,long_term,3zmfs9cQwzJl575W1ZYXeT,indie pop
2026-09-20,long_term,3zmfs9cQwzJl575W1ZYXeT,neo-psychedelia
2026-09-20,long_term,3zmfs9cQwzJl575W1ZYXeT,pop
2026-09-20,long_term,3zmfs9cQwzJl575W1ZYXeT,shoegaze
2026-09-20,long_term,3zmfs9cQwzJl575W1ZYXeT,sophisti-pop
2026-09-20,long_term,47zz7sob9NUcODy0BTDvKx,contemporary r&b
2026-09-20,long_term,47zz7sob9NUcODy0BTDvKx,downtempo
2026-09-20,long_term,47zz7sob9NUcODy0BTDvKx,jazz
2026-09-20,long_term,47zz7sob9NUcODy0BTDvKx,jazz pop
2026-09-20,long_term,47zz7sob9NUcODy0BTDvKx,pop
2026-09-20,long_term,47zz7sob9NUcODy0BTDvKx,quiet storm
2026-09-20,long_term,47zz7sob9NUcODy0BTDvKx,smooth jazz
2026-09-20,long_term,47zz7sob9NUcODy0BTDvKx,smooth soul
2026-09-20,long_term,47zz7sob9NUcODy0BTDvKx,sophisti-pop
2026-09-20,long_term,47zz7sob9NUcODy0BTDvKx,soul
2026-09-20,long_term,47zz7sob9NUcODy0BTDvKx,trip hop
2026-09-20,long_term,4KRllJ2dEeoqvxOQLOgOsI,electronic
2026-09-20,long_term,4KRllJ2dEeoqvxOQLOgOsI,phonk
2026-09-20,long_term,4KRllJ2dEeoqvxOQLOgOsI,phonk house
2026-09-20,long_term,4KRllJ2dEeoqvxOQLOgOsI,synthwave
2026-09-20,long_term,4KRllJ2dEeoqvxOQLOgOsI,trap
2026-09-20,long_term,4KRllJ2dEeoqvxOQLOgOsI,wave
2026-09-20,long_term,4MrQDA45Gd0llLrwFUzimG,boom bap
2026-09-20,long_term,4MrQDA45Gd0llLrwFUzimG,chillwave
2026-09-20,long_term,4MrQDA45Gd0llLrwFUzimG,downtempo
2026-09-20,long_term,4MrQDA45Gd0llLrwFUzimG,hip hop
2026-09-20,long_term,4MrQDA45Gd0llLrwFUzimG,instrumental
2026-09-20,long_term,4MrQDA45Gd0llLrwFUzimG,instrumental hip hop
2026-09-20,long_term,4MrQDA45Gd0llLrwFUzimG,lo-fi
2026-09-20,long_term,4MrQDA45Gd0llLrwFUzimG,lo-fi hip hop
2026-09-20,long_term,4gdMJYnopf2nEUcanAwstx,indian pop
2026-09-20,long_term,4gdMJYnopf2nEUcanAwstx,singer-songwriter
2026-09-20,long_term,4gzpq5DPGxSnKTe4SA8HAU,alternative rock
2026-09-20,long_term,4gzpq5DPGxSnKTe4SA8HAU,art pop
2026-09-20,long_term,4gzpq5DPGxSnKTe4SA8HAU,britpop
2026-09-20,long_term,4gzpq5DPGxSnKTe4SA8HAU,dream pop
2026-09-20,long_term,4gzpq5DPGxSnKTe4SA8HAU,piano rock
2026-09-20,long_term,4gzpq5DPGxSnKTe4SA8HAU,pop
2026-09-20,long_term,4gzpq5DPGxSnKTe4SA8HAU,pop rock
2026-09-20,long_term,4gzpq5DPGxSnKTe4SA8HAU,post-britpop
2026-09-20,long_term,4gzpq5DPGxSnKTe4SA8HAU,rock
2026-09-20,long_term,4yvcSjfu4PC0CYQyLy4wSq,electronic
2026-09-20,long_term,4yvcSjfu4PC0CYQyLy4wSq,indie pop
2026-09-20,long_term,4yvcSjfu4PC0CYQyLy4wSq,indie rock
2026-09-20,long_term,4yvcSjfu4PC0CYQyLy4wSq,indietronica
2026-09-20,long_term,4yvcSjfu4PC0CYQyLy4wSq,pop
2026-09-20,long_term,4yvcSjfu4PC0CYQyLy4wSq,psychedelic pop
2026-09-20,long_term,4yvcSjfu4PC0CYQyLy4wSq,psychedelic rock
2026-09-20,long_term,5INjqkS1o8h1imAzPqGZBb,alternative dance
2026-09-20,long_term,5INjqkS1o8h1imAzPqGZBb,alternative rock
2026-09-20,long_term,5INjqkS1o8h1imAzPqGZBb,dream pop
2026-09-20,long_term,5INjqkS1o8h1imAzPqGZBb,indie rock
2026-09-20,long_term,5INjqkS1o8h1imAzPqGZBb,indietronica
2026-09-20,long_term,5INjqkS1o8h1imAzPqGZBb,leftfield
2026-09-20,long_term,5INjqkS1o8h1imAzPqGZBb,neo-psychedelia
2026-09-20,long_term,5INjqkS1o8h1imAzPqGZBb,pop
2026-09-20,long_term,5INjqkS1o8h1imAzPqGZBb,psychedelic
2026-09-20,long_term,5INjqkS1o8h1imAzPqGZBb,psychedelic pop
2026-09-20,long_term,5INjqkS1o8h1imAzPqGZBb,psychedelic rock
2026-09-20,long_term,5INjqkS1o8h1imAzPqGZBb,rock
2026-09-20,long_term,5INjqkS1o8h1imAzPqGZBb,space rock
2026-09-20,long_term,5INjqkS1o8h1imAzPqGZBb,synth-pop
2026-09-20,long_term,5K4W6rqBFWDnAN6FQUkS6x,chipmunk soul
2026-09-20,long_term,5K4W6rqBFWDnAN6FQUkS6x,christian hip hop
2026-09-20,long_term,5K4W6rqBFWDnAN6FQUkS6x,conscious hip hop
2026-09-20,long_term,5K4W6rqBFWDnAN6FQUkS6x,contemporary r&b
2026-09-20,long_term,5K4W6rqBFWDnAN6FQUkS6x,deep house
2026-09-20,long_term,5K4W6rqBFWDnAN6FQUkS6x,electropop
2026-09-20,long_term,5K4W6rqBFWDnAN6FQUkS6x,experimental hip hop
2026-09-20,long_term,5K4W6rqBFWDnAN6FQUkS6x,future bass
2026-09-20,long_term,5K4W6rqBFWDnAN6FQUkS6x,hip hop
2026-09-20,long_term,5K4W6rqBFWDnAN6FQUkS6x,house
2026-09-20,long_term,5K4W6rqBFWDnAN6FQUkS6x,pop
2026-09-20,long_term,5K4W6rqBFWDnAN6FQUkS6x,pop rap
2026-09-20,long_term,5K4W6rqBFWDnAN6FQUkS6x,r&b
2026-09-20,long_term,5K4W6rqBFWDnAN6FQUkS6x,trap
2026-09-20,long_term,5cj0lLjcoR7YOSnhnX0Po5,alternative rock
2026-09-20,long_term,5cj0lLjcoR7YOSnhnX0Po5,grunge
2026-09-20,long_term,5cj0lLjcoR7YOSnhnX0Po5,hip hop
2026-09-20,long_term,5cj0lLjcoR7YOSnhnX0Po5,pop
2026-09-20,long_term,5cj0lLjcoR7YOSnhnX0Po5,pop rap
2026-09-20,long_term,5cj0lLjcoR7YOSnhnX0Po5,post-grunge
2026-09-20,long_term,5cj0lLjcoR7YOSnhnX0Po5,power pop
2026-09-20,long_term,5cj0lLjcoR7YOSnhnX0Po5,rock
2026-09-20,long_term,5cj0lLjcoR7YOSnhnX0Po5,trap
2026-09-20,long_term,5cj0lLjcoR7YOSnhnX0Po5,west coast hip hop
2026-09-20,long_term,5y8tKLUfMvliMe8IKamR32,alternative r&b
2026-09-20,long_term,5y8tKLUfMvliMe8IKamR32,contemporary r&b
2026-09-20,long_term,5y8tKLUfMvliMe8IKamR32,indie pop
2026-09-20,long_term,5y8tKLUfMvliMe8IKamR32,lo-fi
2026-09-20,long_term,6YJ4EgQzDfJnIHRbqIHAdD,chillwave
2026-09-20,long_term,6YJ4EgQzDfJnIHRbqIHAdD,downtempo
2026-09-20,long_term,6YJ4EgQzDfJnIHRbqIHAdD,instrumental
2026-09-20,long_term,6YJ4EgQzDfJnIHRbqIHAdD,instrumental hip hop
2026-09-20,long_term,6YJ4EgQzDfJnIHRbqIHAdD,lo-fi
2026-09-20,long_term,6YJ4EgQzDfJnIHRbqIHAdD,lo-fi hip hop
2026-09-20,long_term,6ft7JnxMyZhp7N52qzHymY,dream pop
2026-09-20,long_term,700c9Qz2z6HZKTumeliKAw,electronic
2026-09-20,long_term,77SW9BnxLY8rJ0RciFqkHh,alternative rock
2026-09-20,long_term,77SW9BnxLY8rJ0RciFqkHh,indie pop
2026-09-20,long_term,78rUTD7y6Cy67W1RVzYs7t,alternative pop
2026-09-20,long_term,78rUTD7y6Cy67W1RVzYs7t,bubblegum pop
2026-09-20,long_term,78rUTD7y6Cy67W1RVzYs7t,dance-pop
2026-09-20,long_term,78rUTD7y6Cy67W1RVzYs7t,drum and bass
2026-09-20,long_term,78rUTD7y6Cy67W1RVzYs7t,future garage
2026-09-20,long_term,78rUTD7y6Cy67W1RVzYs7t,jungle
2026-09-20,long_term,78rUTD7y6Cy67W1RVzYs7t,pop
2026-09-20,long_term,78rUTD7y6Cy67W1RVzYs7t,uk garage
2026-09-20,long_term,7Ln80lUS6He07XvHI8qqHH,alternative rock
2026-09-20,long_term,7Ln80lUS6He07XvHI8qqHH,art rock
2026-09-20,long_term,7Ln80lUS6He07XvHI8qqHH,baroque pop
2026-09-20,long_term,7Ln80lUS6He07XvHI8qqHH,dance
2026-09-20,long_term,7Ln80lUS6He07XvHI8qqHH,electronica
2026-09-20,long_term,7Ln80lUS6He07XvHI8qqHH,garage rock
2026-09-20,long_term,7Ln80lUS6He07XvHI8qqHH,garage rock revival
2026-09-20,long_term,7Ln80lUS6He07XvHI8qqHH,house
2026-09-20,long_term,7Ln80lUS6He07XvHI8qqHH,indie rock
2026-09-20,long_term,7Ln80lUS6He07XvHI8qqHH,neo-psychedelia
2026-09-20,long_term,7Ln80lUS6He07XvHI8qqHH,pop
2026-09-20,long_term,7Ln80lUS6He07XvHI8qqHH,post-punk revival
2026-09-20,long_term,7Ln80lUS6He07XvHI8qqHH,psychedelic pop
2026-09-20,long_term,7Ln80lUS6He07XvHI8qqHH,psychedelic rock
2026-09-20,long_term,7Ln80lUS6He07XvHI8qqHH,rock
2026-09-20,long_term,7gW0r5CkdEUMm42w9XpyZO,bossa nova
2026-09-20,long_term,7gW0r5CkdEUMm42w9XpyZO,jazz
2026-09-20,long_term,7gW0r5CkdEUMm42w9XpyZO,jazz pop
2026-09-20,long_term,7gW0r5CkdEUMm42w9XpyZO,singer-songwriter
2026-09-20,long_term,7gW0r5CkdEUMm42w9XpyZO,vocal jazz
2026-09-20,long_term,7tYKF4w9nC0nq9CsPZTHyP,alternative r&b
2026-09-20,long_term,7tYKF4w9nC0nq9CsPZTHyP,contemporary r&b
2026-09-20,long_term,7tYKF4w9nC0nq9CsPZTHyP,electronic
2026-09-20,long_term,7tYKF4w9nC0nq9CsPZTHyP,hip hop soul
2026-09-20,long_term,7tYKF4w9nC0nq9CsPZTHyP,neo soul
2026-09-20,long_term,7tYKF4w9nC0nq9CsPZTHyP,pop
2026-09-20,long_term,7tYKF4w9nC0nq9CsPZTHyP,r&b
2026-09-20,long_term,7tYKF4w9nC0nq9CsPZTHyP,soul
2026-09-20,medium_term,00FQb4jTyendYWaN8pK0wa,alternative pop
2026-09-20,medium_term,00FQb4jTyendYWaN8pK0wa,art pop
2026-09-20,medium_term,00FQb4jTyendYWaN8pK0wa,ballad
2026-09-20,medium_term,00FQb4jTyendYWaN8pK0wa,baroque pop
2026-09-20,medium_term,00FQb4jTyendYWaN8pK0wa,chamber pop
2026-09-20,medium_term,00FQb4jTyendYWaN8pK0wa,country
2026-09-20,medium_term,00FQb4jTyendYWaN8pK0wa,dance
2026-09-20,medium_term,00FQb4jTyendYWaN8pK0wa,dream pop
2026-09-20,medium_term,00FQb4jTyendYWaN8pK0wa,edm
2026-09-20,medium_term,00FQb4jTyendYWaN8pK0wa,electronic
2026-09-20,medium_term,00FQb4jTyendYWaN8pK0wa,electronica
2026-09-20,medium_term,00FQb4jTyendYWaN8pK0wa,future bass
2026-09-20,medium_term,00FQb4jTyendYWaN8pK0wa,house
2026-09-20,medium_term,00FQb4jTyendYWaN8pK0wa,indie pop
2026-09-20,medium_term,00FQb4jTyendYWaN8pK0wa,indie rock
2026-09-20,medium_term,00FQb4jTyendYWaN8pK0wa,melodic house
2026-09-20,medium_term,00FQb4jTyendYWaN8pK0wa,melodic techno
2026-09-20,medium_term,00FQb4jTyendYWaN8pK0wa,neo-psychedelia
2026-09-20,medium_term,00FQb4jTyendYWaN8pK0wa,pop
2026-09-20,medium_term,00FQb4jTyendYWaN8pK0wa,psychedelic pop
2026-09-20,medium_term,00FQb4jTyendYWaN8pK0wa,r&b
2026-09-20,medium_term,00FQb4jTyendYWaN8pK0wa,rock
2026-09-20,medium_term,00FQb4jTyendYWaN8pK0wa,singer-songwriter
2026-09-20,medium_term,00FQb4jTyendYWaN8pK0wa,slowcore
2026-09-20,medium_term,00FQb4jTyendYWaN8pK0wa,trap
2026-09-20,medium_term,00FQb4jTyendYWaN8pK0wa,trip hop
2026-09-20,medium_term,0Y6dVaC9DZtPNH4591M42W,dream pop
2026-09-20,medium_term,0Y6dVaC9DZtPNH4591M42W,electronic
2026-09-20,medium_term,0Y6dVaC9DZtPNH4591M42W,hip hop
2026-09-20,medium_term,0Y6dVaC9DZtPNH4591M42W,indie pop
2026-09-20,medium_term,0Y6dVaC9DZtPNH4591M42W,indie rock
2026-09-20,medium_term,0Y6dVaC9DZtPNH4591M42W,lo-fi
2026-09-20,medium_term,0Y6dVaC9DZtPNH4591M42W,pop
2026-09-20,medium_term,0dgJbQ0bKPyUXco8hEXN7X,ambient
2026-09-20,medium_term,0dgJbQ0bKPyUXco8hEXN7X,boom bap
2026-09-20,medium_term,0dgJbQ0bKPyUXco8hEXN7X,chillout
2026-09-20,medium_term,0dgJbQ0bKPyUXco8hEXN7X,chillwave
2026-09-20,medium_term,0dgJbQ0bKPyUXco8hEXN7X,downtempo
2026-09-20,medium_term,0dgJbQ0bKPyUXco8hEXN7X,drift phonk
2026-09-20,medium_term,0dgJbQ0bKPyUXco8hEXN7X,hardwave
2026-09-20,medium_term,0dgJbQ0bKPyUXco8hEXN7X,hip hop
2026-09-20,medium_term,0dgJbQ0bKPyUXco8hEXN7X,house
2026-09-20,medium_term,0dgJbQ0bKPyUXco8hEXN7X,instrumental
2026-09-20,medium_term,0dgJbQ0bKPyUXco8hEXN7X,instrumental hip hop
2026-09-20,medium_term,0dgJbQ0bKPyUXco8hEXN7X,lo-fi
2026-09-20,medium_term,0dgJbQ0bKPyUXco8hEXN7X,lo-fi hip hop
2026-09-20,medium_term,0dgJbQ0bKPyUXco8hEXN7X,phonk
2026-09-20,medium_term,0dgJbQ0bKPyUXco8hEXN7X,wave
2026-09-20,medium_term,0hEurMDQu99nJRq8pTxO14,acoustic rock
2026-09-20,medium_term,0hEurMDQu99nJRq8pTxO14,alternative rock
2026-09-20,medium_term,0hEurMDQu99nJRq8pTxO14,americana
2026-09-20,medium_term,0hEurMDQu99nJRq8pTxO14,blue-eyed soul
2026-09-20,medium_term,0hEurMDQu99nJRq8pTxO14,blues
2026-09-20,medium_term,0hEurMDQu99nJRq8pTxO14,blues rock
2026-09-20,medium_term,0hEurMDQu99nJRq8pTxO14,country
2026-09-20,medium_term,0hEurMDQu99nJRq8pTxO14,country rock
2026-09-20,medium_term,0hEurMDQu99nJRq8pTxO14,folk rock
2026-09-20,medium_term,0hEurMDQu99nJRq8pTxO14,indie rock
2026-09-20,medium_term,0hEurMDQu99nJRq8pTxO14,pop
2026-09-20,medium_term,0hEurMDQu99nJRq8pTxO14,pop rock
2026-09-20,medium_term,0hEurMDQu99nJRq8pTxO14,rock
2026-09-20,medium_term,0hEurMDQu99nJRq8pTxO14,singer-songwriter
2026-09-20,medium_term,0hEurMDQu99nJRq8pTxO14,soft rock
2026-09-20,medium_term,0hEurMDQu99nJRq8pTxO14,soul
2026-09-20,medium_term,0klU31gyC6EZqKgLvVANCy,boom bap
2026-09-20,medium_term,0klU31gyC6EZqKgLvVANCy,chillwave
2026-09-20,medium_term,0klU31gyC6EZqKgLvVANCy,downtempo
2026-09-20,medium_term,0klU31gyC6EZqKgLvVANCy,hip hop
2026-09-20,medium_term,0klU31gyC6EZqKgLvVANCy,instrumental
2026-09-20,medium_term,0klU31gyC6EZqKgLvVANCy,instrumental hip hop
2026-09-20,medium_term,0klU31gyC6EZqKgLvVANCy,lo-fi
2026-09-20,medium_term,0klU31gyC6EZqKgLvVANCy,lo-fi hip hop
2026-09-20,medium_term,17XXKfRBMCWvLrqGoNkJXm,ballad
2026-09-20,medium_term,17XXKfRBMCWvLrqGoNkJXm,easy listening
2026-09-20,medium_term,17XXKfRBMCWvLrqGoNkJXm,pop
2026-09-20,medium_term,1AbJ2cmwK400LSvdvBL5Jc,bedroom pop
2026-09-20,medium_term,1QAJqy2dA3ihHBFIHRphZj,ambient
2026-09-20,medium_term,1QAJqy2dA3ihHBFIHRphZj,ambient pop
2026-09-20,medium_term,1QAJqy2dA3ihHBFIHRphZj,dream pop
2026-09-20,medium_term,1QAJqy2dA3ihHBFIHRphZj,indie pop
2026-09-20,medium_term,1QAJqy2dA3ihHBFIHRphZj,indie rock
2026-09-20,medium_term,1QAJqy2dA3ihHBFIHRphZj,pop
2026-09-20,medium_term,1QAJqy2dA3ihHBFIHRphZj,shoegaze
2026-09-20,medium_term,1QAJqy2dA3ihHBFIHRphZj,slowcore
2026-09-20,medium_term,1Xyo4u8uXC1ZmMpatF05PJ,alternative r&b
2026-09-20,medium_term,1Xyo4u8uXC1ZmMpatF05PJ,contemporary r&b
2026-09-20,medium_term,1Xyo4u8uXC1ZmMpatF05PJ,dance-pop
2026-09-20,medium_term,1Xyo4u8uXC1ZmMpatF05PJ,hypnagogic pop
2026-09-20,medium_term,1Xyo4u8uXC1ZmMpatF05PJ,pop
2026-09-20,medium_term,1Xyo4u8uXC1ZmMpatF05PJ,r&b
2026-09-20,medium_term,1Xyo4u8uXC1ZmMpatF05PJ,synth-pop
2026-09-20,medium_term,1cGyguqPQY22oUd4fKglFS,ambient
2026-09-20,medium_term,1cGyguqPQY22oUd4fKglFS,dark ambient
2026-09-20,medium_term,1wRPtKGflJrBx9BmLsSwlU,filmi
2026-09-20,medium_term,2YZyLoL8N0Wb9xBt1NhZWg,alternative hip hop
2026-09-20,medium_term,2YZyLoL8N0Wb9xBt1NhZWg,conscious hip hop
2026-09-20,medium_term,2YZyLoL8N0Wb9xBt1NhZWg,dance
2026-09-20,medium_term,2YZyLoL8N0Wb9xBt1NhZWg,disco
2026-09-20,medium_term,2YZyLoL8N0Wb9xBt1NhZWg,future bass
2026-09-20,medium_term,2YZyLoL8N0Wb9xBt1NhZWg,gangsta rap
2026-09-20,medium_term,2YZyLoL8N0Wb9xBt1NhZWg,hardcore hip hop
2026-09-20,medium_term,2YZyLoL8N0Wb9xBt1NhZWg,hip hop
2026-09-20,medium_term,2YZyLoL8N0Wb9xBt1NhZWg,house
2026-09-20,medium_term,2YZyLoL8N0Wb9xBt1NhZWg,jazz
2026-09-20,medium_term,2YZyLoL8N0Wb9xBt1NhZWg,jazz rap
2026-09-20,medium_term,2YZyLoL8N0Wb9xBt1NhZWg,pop
2026-09-20,medium_term,2YZyLoL8N0Wb9xBt1NhZWg,pop rap
2026-09-20,medium_term,2YZyLoL8N0Wb9xBt1NhZWg,r&b
2026-09-20,medium_term,2YZyLoL8N0Wb9xBt1NhZWg,trap
2026-09-20,medium_term,2YZyLoL8N0Wb9xBt1NhZWg,west coast hip hop
2026-09-20,medium_term,2h93pZq0e7k5yf4dywlkpM,alternative r&b
2026-09-20,medium_term,2h93pZq0e7k5yf4dywlkpM,contemporary r&b
2026-09-20,medium_term,2h93pZq0e7k5yf4dywlkpM,pop
2026-09-20,medium_term,2h93pZq0e7k5yf4dywlkpM,r&b
2026-09-20,medium_term,2jku7tDXc6XoB6MO2hFuqg,alternative hip hop
2026-09-20,medium_term,2jku7tDXc6XoB6MO2hFuqg,alternative r&b
2026-09-20,medium_term,2jku7tDXc6XoB6MO2hFuqg,contemporary r&b
2026-09-20,medium_term,2jku7tDXc6XoB6MO2hFuqg,dancehall
2026-09-20,medium_term,2jku7tDXc6XoB6MO2hFuqg,hip hop
2026-09-20,medium_term,2jku7tDXc6XoB6MO2hFuqg,r&b
2026-09-20,medium_term,3AA28KZvwAUcZuOKwyblJQ,alternative dance
2026-09-20,medium_term,3AA28KZvwAUcZuOKwyblJQ,alternative hip hop
2026-09-20,medium_term,3AA28KZvwAUcZuOKwyblJQ,alternative pop
2026-09-20,medium_term,3AA28KZvwAUcZuOKwyblJQ,alternative rock
2026-09-20,medium_term,3AA28KZvwAUcZuOKwyblJQ,art pop
2026-09-20,medium_term,3AA28KZvwAUcZuOKwyblJQ,bassline
2026-09-20,medium_term,3AA28KZvwAUcZuOKwyblJQ,breakbeat
2026-09-20,medium_term,3AA28KZvwAUcZuOKwyblJQ,breaks
2026-09-20,medium_term,3AA28KZvwAUcZuOKwyblJQ,dance
2026-09-20,medium_term,3AA28KZvwAUcZuOKwyblJQ,disco
2026-09-20,medium_term,3AA28KZvwAUcZuOKwyblJQ,electronic
2026-09-20,medium_term,3AA28KZvwAUcZuOKwyblJQ,electronica
2026-09-20,medium_term,3AA28KZvwAUcZuOKwyblJQ,electropop
2026-09-20,medium_term,3AA28KZvwAUcZuOKwyblJQ,future bass
2026-09-20,medium_term,3AA28KZvwAUcZuOKwyblJQ,hip hop
2026-09-20,medium_term,3AA28KZvwAUcZuOKwyblJQ,indie rock
2026-09-20,medium_term,3AA28KZvwAUcZuOKwyblJQ,latin
2026-09-20,medium_term,3AA28KZvwAUcZuOKwyblJQ,pop
2026-09-20,medium_term,3AA28KZvwAUcZuOKwyblJQ,pop rock
2026-09-20,medium_term,3AA28KZvwAUcZuOKwyblJQ,rock
2026-09-20,medium_term,3AA28KZvwAUcZuOKwyblJQ,synth-pop
2026-09-20,medium_term,3AA28KZvwAUcZuOKwyblJQ,tech house
2026-09-20,medium_term,3AA28KZvwAUcZuOKwyblJQ,trap
2026-09-20,medium_term,3AA28KZvwAUcZuOKwyblJQ,trip hop
2026-09-20,medium_term,3AA28KZvwAUcZuOKwyblJQ,uk garage
2026-09-20,medium_term,3MZsBdqDrRTJihTHQrO6Dq,alternative r&b
2026-09-20,medium_term,3MZsBdqDrRTJihTHQrO6Dq,art pop
2026-09-20,medium_term,3MZsBdqDrRTJihTHQrO6Dq,ballad
2026-09-20,medium_term,3MZsBdqDrRTJihTHQrO6Dq,instrumental hip hop
2026-09-20,medium_term,3MZsBdqDrRTJihTHQrO6Dq,lo-fi hip hop
2026-09-20,medium_term,3MZsBdqDrRTJihTHQrO6Dq,trip hop
2026-09-20,medium_term,3Sz7ZnJQBIHsXLUSo0OQtM,folk pop
2026-09-20,medium_term,3Sz7ZnJQBIHsXLUSo0OQtM,indie pop
2026-09-20,medium_term,3Sz7ZnJQBIHsXLUSo0OQtM,indie rock
2026-09-20,medium_term,3Sz7ZnJQBIHsXLUSo0OQtM,jangle pop
2026-09-20,medium_term,3Sz7ZnJQBIHsXLUSo0OQtM,pop
2026-09-20,medium_term,3Sz7ZnJQBIHsXLUSo0OQtM,psychedelic pop
2026-09-20,medium_term,3ctnkEZGtVBTxS7IMin8nC,lo-fi hip hop
2026-09-20,medium_term,3mIj9lX2MWuHmhNCA7LSCW,alternative pop
2026-09-20,medium_term,3mIj9lX2MWuHmhNCA7LSCW,alternative rock
2026-09-20,medium_term,3mIj9lX2MWuHmhNCA7LSCW,ambient pop
2026-09-20,medium_term,3mIj9lX2MWuHmhNCA7LSCW,art pop
2026-09-20,medium_term,3mIj9lX2MWuHmhNCA7LSCW,indie pop
2026-09-20,medium_term,3mIj9lX2MWuHmhNCA7LSCW,indie rock
2026-09-20,medium_term,3mIj9lX2MWuHmhNCA7LSCW,indietronica
2026-09-20,medium_term,3mIj9lX2MWuHmhNCA7LSCW,leftfield
2026-09-20,medium_term,3mIj9lX2MWuHmhNCA7LSCW,new wave
2026-09-20,medium_term,3mIj9lX2MWuHmhNCA7LSCW,pop rock
2026-09-20,medium_term,3mIj9lX2MWuHmhNCA7LSCW,post-punk revival
2026-09-20,medium_term,3mIj9lX2MWuHmhNCA7LSCW,synth-pop
2026-09-20,medium_term,47zz7sob9NUcODy0BTDvKx,contemporary r&b
2026-09-20,medium_term,47zz7sob9NUcODy0BTDvKx,downtempo
2026-09-20,medium_term,47zz7sob9NUcODy0BTDvKx,jazz
2026-09-20,medium_term,47zz7sob9NUcODy0BTDvKx,jazz pop
2026-09-20,medium_term,47zz7sob9NUcODy0BTDvKx,pop
2026-09-20,medium_term,47zz7sob9NUcODy0BTDvKx,quiet storm
2026-09-20,medium_term,47zz7sob9NUcODy0BTDvKx,smooth jazz
2026-09-20,medium_term,47zz7sob9NUcODy0BTDvKx,smooth soul
2026-09-20,medium_term,47zz7sob9NUcODy0BTDvKx,sophisti-pop
2026-09-20,medium_term,47zz7sob9NUcODy0BTDvKx,soul
2026-09-20,medium_term,47zz7sob9NUcODy0BTDvKx,trip hop
2026-09-20,medium_term,4Z8W4fKeB5YxbusRsdQVPb,alternative rock
2026-09-20,medium_term,4Z8W4fKeB5YxbusRsdQVPb,ambient pop
2026-09-20,medium_term,4Z8W4fKeB5YxbusRsdQVPb,art pop
2026-09-20,medium_term,4Z8W4fKeB5YxbusRsdQVPb,art rock
2026-09-20,medium_term,4Z8W4fKeB5YxbusRsdQVPb,britpop
2026-09-20,medium_term,4Z8W4fKeB5YxbusRsdQVPb,chamber pop
2026-09-20,medium_term,4Z8W4fKeB5YxbusRsdQVPb,crossover prog
2026-09-20,medium_term,4Z8W4fKeB5YxbusRsdQVPb,electronic
2026-09-20,medium_term,4Z8W4fKeB5YxbusRsdQVPb,electronic rock
2026-09-20,medium_term,4Z8W4fKeB5YxbusRsdQVPb,electronica
2026-09-20,medium_term,4Z8W4fKeB5YxbusRsdQVPb,experimental
2026-09-20,medium_term,4Z8W4fKeB5YxbusRsdQVPb,experimental rock
2026-09-20,medium_term,4Z8W4fKeB5YxbusRsdQVPb,idm
2026-09-20,medium_term,4Z8W4fKeB5YxbusRsdQVPb,indie rock
2026-09-20,medium_term,4Z8W4fKeB5YxbusRsdQVPb,indietronica
2026-09-20,medium_term,4Z8W4fKeB5YxbusRsdQVPb,post-britpop
2026-09-20,medium_term,4Z8W4fKeB5YxbusRsdQVPb,post-grunge
2026-09-20,medium_term,4Z8W4fKeB5YxbusRsdQVPb,rock
2026-09-20,medium_term,4dpARuHxo51G3z768sgnrY,blue-eyed soul
2026-09-20,medium_term,4dpARuHxo51G3z768sgnrY,neo soul
2026-09-20,medium_term,4dpARuHxo51G3z768sgnrY,pop
2026-09-20,medium_term,4dpARuHxo51G3z768sgnrY,pop soul
2026-09-20,medium_term,4dpARuHxo51G3z768sgnrY,r&b
2026-09-20,medium_term,4dpARuHxo51G3z768sgnrY,soul
2026-09-20,medium_term,4gdMJYnopf2nEUcanAwstx,indian pop
2026-09-20,medium_term,4gdMJYnopf2nEUcanAwstx,singer-songwriter
2026-09-20,medium_term,4yvcSjfu4PC0CYQyLy4wSq,electronic
2026-09-20,medium_term,4yvcSjfu4PC0CYQyLy4wSq,indie pop
2026-09-20,medium_term,4yvcSjfu4PC0CYQyLy4wSq,indie rock
2026-09-20,medium_term,4yvcSjfu4PC0CYQyLy4wSq,indietronica
2026-09-20,medium_term,4yvcSjfu4PC0CYQyLy4wSq,pop
2026-09-20,medium_term,4yvcSjfu4PC0CYQyLy4wSq,psychedelic pop
2026-09-20,medium_term,4yvcSjfu4PC0CYQyLy4wSq,psychedelic rock
2026-09-20,medium_term,5INjqkS1o8h1imAzPqGZBb,alternative dance
2026-09-20,medium_term,5INjqkS1o8h1imAzPqGZBb,alternative rock
2026-09-20,medium_term,5INjqkS1o8h1imAzPqGZBb,dream pop
2026-09-20,medium_term,5INjqkS1o8h1imAzPqGZBb,indie rock
2026-09-20,medium_term,5INjqkS1o8h1imAzPqGZBb,indietronica
2026-09-20,medium_term,5INjqkS1o8h1imAzPqGZBb,leftfield
2026-09-20,medium_term,5INjqkS1o8h1imAzPqGZBb,neo-psychedelia
2026-09-20,medium_term,5INjqkS1o8h1imAzPqGZBb,pop
2026-09-20,medium_term,5INjqkS1o8h1imAzPqGZBb,psychedelic
2026-09-20,medium_term,5INjqkS1o8h1imAzPqGZBb,psychedelic pop
2026-09-20,medium_term,5INjqkS1o8h1imAzPqGZBb,psychedelic rock
2026-09-20,medium_term,5INjqkS1o8h1imAzPqGZBb,rock
2026-09-20,medium_term,5INjqkS1o8h1imAzPqGZBb,space rock
2026-09-20,medium_term,5INjqkS1o8h1imAzPqGZBb,synth-pop
2026-09-20,medium_term,5cj0lLjcoR7YOSnhnX0Po5,alternative rock
2026-09-20,medium_term,5cj0lLjcoR7YOSnhnX0Po5,grunge
2026-09-20,medium_term,5cj0lLjcoR7YOSnhnX0Po5,hip hop
2026-09-20,medium_term,5cj0lLjcoR7YOSnhnX0Po5,pop
2026-09-20,medium_term,5cj0lLjcoR7YOSnhnX0Po5,pop rap
2026-09-20,medium_term,5cj0lLjcoR7YOSnhnX0Po5,post-grunge
2026-09-20,medium_term,5cj0lLjcoR7YOSnhnX0Po5,power pop
2026-09-20,medium_term,5cj0lLjcoR7YOSnhnX0Po5,rock
2026-09-20,medium_term,5cj0lLjcoR7YOSnhnX0Po5,trap
2026-09-20,medium_term,5cj0lLjcoR7YOSnhnX0Po5,west coast hip hop
2026-09-20,medium_term,5y8tKLUfMvliMe8IKamR32,alternative r&b
2026-09-20,medium_term,5y8tKLUfMvliMe8IKamR32,contemporary r&b
2026-09-20,medium_term,5y8tKLUfMvliMe8IKamR32,indie pop
2026-09-20,medium_term,5y8tKLUfMvliMe8IKamR32,lo-fi
2026-09-20,medium_term,60jYUgQzKAtnJoXKGk1GNn,folk
2026-09-20,medium_term,60jYUgQzKAtnJoXKGk1GNn,pop
2026-09-20,medium_term,60jYUgQzKAtnJoXKGk1GNn,techno
2026-09-20,medium_term,66CXWjxzNUsdJxJ2JdwvnR,contemporary r&b
2026-09-20,medium_term,66CXWjxzNUsdJxJ2JdwvnR,dance-pop
2026-09-20,medium_term,66CXWjxzNUsdJxJ2JdwvnR,pop
2026-09-20,medium_term,66CXWjxzNUsdJxJ2JdwvnR,r&b
2026-09-20,medium_term,66CXWjxzNUsdJxJ2JdwvnR,trap soul
2026-09-20,medium_term,700c9Qz2z6HZKTumeliKAw,electronic
2026-09-20,medium_term,77SW9BnxLY8rJ0RciFqkHh,alternative rock
2026-09-20,medium_term,77SW9BnxLY8rJ0RciFqkHh,indie pop
2026-09-20,medium_term,78rUTD7y6Cy67W1RVzYs7t,alternative pop
2026-09-20,medium_term,78rUTD7y6Cy67W1RVzYs7t,bubblegum pop
2026-09-20,medium_term,78rUTD7y6Cy67W1RVzYs7t,dance-pop
2026-09-20,medium_term,78rUTD7y6Cy67W1RVzYs7t,drum and bass
2026-09-20,medium_term,78rUTD7y6Cy67W1RVzYs7t,future garage
2026-09-20,medium_term,78rUTD7y6Cy67W1RVzYs7t,jungle
2026-09-20,medium_term,78rUTD7y6Cy67W1RVzYs7t,pop
2026-09-20,medium_term,78rUTD7y6Cy67W1RVzYs7t,uk garage
2026-09-20,medium_term,7Ln80lUS6He07XvHI8qqHH,alternative rock
2026-09-20,medium_term,7Ln80lUS6He07XvHI8qqHH,art rock
2026-09-20,medium_term,7Ln80lUS6He07XvHI8qqHH,baroque pop
2026-09-20,medium_term,7Ln80lUS6He07XvHI8qqHH,dance
2026-09-20,medium_term,7Ln80lUS6He07XvHI8qqHH,electronica
2026-09-20,medium_term,7Ln80lUS6He07XvHI8qqHH,garage rock
2026-09-20,medium_term,7Ln80lUS6He07XvHI8qqHH,garage rock revival
2026-09-20,medium_term,7Ln80lUS6He07XvHI8qqHH,house
2026-09-20,medium_term,7Ln80lUS6He07XvHI8qqHH,indie rock
2026-09-20,medium_term,7Ln80lUS6He07XvHI8qqHH,neo-psychedelia
2026-09-20,medium_term,7Ln80lUS6He07XvHI8qqHH,pop
2026-09-20,medium_term,7Ln80lUS6He07XvHI8qqHH,post-punk revival
2026-09-20,medium_term,7Ln80lUS6He07XvHI8qqHH,psychedelic pop
2026-09-20,medium_term,7Ln80lUS6He07XvHI8qqHH,psychedelic rock
2026-09-20,medium_term,7Ln80lUS6He07XvHI8qqHH,rock
2026-09-20,medium_term,7lzordPuZEXxwt9aoVZYmG,alternative dance
2026-09-20,medium_term,7lzordPuZEXxwt9aoVZYmG,classic rock
2026-09-20,medium_term,7lzordPuZEXxwt9aoVZYmG,electronic
2026-09-20,medium_term,7lzordPuZEXxwt9aoVZYmG,hard rock
2026-09-20,medium_term,7lzordPuZEXxwt9aoVZYmG,new wave
2026-09-20,medium_term,7lzordPuZEXxwt9aoVZYmG,pop rock
2026-09-20,medium_term,7lzordPuZEXxwt9aoVZYmG,punk rock
2026-09-20,medium_term,7lzordPuZEXxwt9aoVZYmG,rock
2026-09-20,medium_term,7tYKF4w9nC0nq9CsPZTHyP,alternative r&b
2026-09-20,medium_term,7tYKF4w9nC0nq9CsPZTHyP,contemporary r&b
2026-09-20,medium_term,7tYKF4w9nC0nq9CsPZTHyP,electronic
2026-09-20,medium_term,7tYKF4w9nC0nq9CsPZTHyP,hip hop soul
2026-09-20,medium_term,7tYKF4w9nC0nq9CsPZTHyP,neo soul
2026-09-20,medium_term,7tYKF4w9nC0nq9CsPZTHyP,pop
2026-09-20,medium_term,7tYKF4w9nC0nq9CsPZTHyP,r&b
2026-09-20,medium_term,7tYKF4w9nC0nq9CsPZTHyP,soul
2026-09-20,short_term,00FQb4jTyendYWaN8pK0wa,alternative pop
2026-09-20,short_term,00FQb4jTyendYWaN8pK0wa,art pop
2026-09-20,short_term,00FQb4jTyendYWaN8pK0wa,ballad
2026-09-20,short_term,00FQb4jTyendYWaN8pK0wa,baroque pop
2026-09-20,short_term,00FQb4jTyendYWaN8pK0wa,chamber pop
2026-09-20,short_term,00FQb4jTyendYWaN8pK0wa,country
2026-09-20,short_term,00FQb4jTyendYWaN8pK0wa,dance
2026-09-20,short_term,00FQb4jTyendYWaN8pK0wa,dream pop
2026-09-20,short_term,00FQb4jTyendYWaN8pK0wa,edm
2026-09-20,short_term,00FQb4jTyendYWaN8pK0wa,electronic
2026-09-20,short_term,00FQb4jTyendYWaN8pK0wa,electronica
2026-09-20,short_term,00FQb4jTyendYWaN8pK0wa,future bass
2026-09-20,short_term,00FQb4jTyendYWaN8pK0wa,house
2026-09-20,short_term,00FQb4jTyendYWaN8pK0wa,indie pop
2026-09-20,short_term,00FQb4jTyendYWaN8pK0wa,indie rock
2026-09-20,short_term,00FQb4jTyendYWaN8pK0wa,melodic house
2026-09-20,short_term,00FQb4jTyendYWaN8pK0wa,melodic techno
2026-09-20,short_term,00FQb4jTyendYWaN8pK0wa,neo-psychedelia
2026-09-20,short_term,00FQb4jTyendYWaN8pK0wa,pop
2026-09-20,short_term,00FQb4jTyendYWaN8pK0wa,psychedelic pop
2026-09-20,short_term,00FQb4jTyendYWaN8pK0wa,r&b
2026-09-20,short_term,00FQb4jTyendYWaN8pK0wa,rock
2026-09-20,short_term,00FQb4jTyendYWaN8pK0wa,singer-songwriter
2026-09-20,short_term,00FQb4jTyendYWaN8pK0wa,slowcore
2026-09-20,short_term,00FQb4jTyendYWaN8pK0wa,trap
2026-09-20,short_term,00FQb4jTyendYWaN8pK0wa,trip hop
2026-09-20,short_term,0Y6dVaC9DZtPNH4591M42W,dream pop
2026-09-20,short_term,0Y6dVaC9DZtPNH4591M42W,electronic
2026-09-20,short_term,0Y6dVaC9DZtPNH4591M42W,hip hop
2026-09-20,short_term,0Y6dVaC9DZtPNH4591M42W,indie pop
2026-09-20,short_term,0Y6dVaC9DZtPNH4591M42W,indie rock
2026-09-20,short_term,0Y6dVaC9DZtPNH4591M42W,lo-fi
2026-09-20,short_term,0Y6dVaC9DZtPNH4591M42W,pop
2026-09-20,short_term,0dgJbQ0bKPyUXco8hEXN7X,ambient
2026-09-20,short_term,0dgJbQ0bKPyUXco8hEXN7X,boom bap
2026-09-20,short_term,0dgJbQ0bKPyUXco8hEXN7X,chillout
2026-09-20,short_term,0dgJbQ0bKPyUXco8hEXN7X,chillwave
2026-09-20,short_term,0dgJbQ0bKPyUXco8hEXN7X,downtempo
2026-09-20,short_term,0dgJbQ0bKPyUXco8hEXN7X,drift phonk
2026-09-20,short_term,0dgJbQ0bKPyUXco8hEXN7X,hardwave
2026-09-20,short_term,0dgJbQ0bKPyUXco8hEXN7X,hip hop
2026-09-20,short_term,0dgJbQ0bKPyUXco8hEXN7X,house
2026-09-20,short_term,0dgJbQ0bKPyUXco8hEXN7X,instrumental
2026-09-20,short_term,0dgJbQ0bKPyUXco8hEXN7X,instrumental hip hop
2026-09-20,short_term,0dgJbQ0bKPyUXco8hEXN7X,lo-fi
2026-09-20,short_term,0dgJbQ0bKPyUXco8hEXN7X,lo-fi hip hop
2026-09-20,short_term,0dgJbQ0bKPyUXco8hEXN7X,phonk
2026-09-20,short_term,0dgJbQ0bKPyUXco8hEXN7X,wave
2026-09-20,short_term,0hEurMDQu99nJRq8pTxO14,acoustic rock
2026-09-20,short_term,0hEurMDQu99nJRq8pTxO14,alternative rock
2026-09-20,short_term,0hEurMDQu99nJRq8pTxO14,americana
2026-09-20,short_term,0hEurMDQu99nJRq8pTxO14,blue-eyed soul
2026-09-20,short_term,0hEurMDQu99nJRq8pTxO14,blues
2026-09-20,short_term,0hEurMDQu99nJRq8pTxO14,blues rock
2026-09-20,short_term,0hEurMDQu99nJRq8pTxO14,country
2026-09-20,short_term,0hEurMDQu99nJRq8pTxO14,country rock
2026-09-20,short_term,0hEurMDQu99nJRq8pTxO14,folk rock
2026-09-20,short_term,0hEurMDQu99nJRq8pTxO14,indie rock
2026-09-20,short_term,0hEurMDQu99nJRq8pTxO14,pop
2026-09-20,short_term,0hEurMDQu99nJRq8pTxO14,pop rock
2026-09-20,short_term,0hEurMDQu99nJRq8pTxO14,rock
2026-09-20,short_term,0hEurMDQu99nJRq8pTxO14,singer-songwriter
2026-09-20,short_term,0hEurMDQu99nJRq8pTxO14,soft rock
2026-09-20,short_term,0hEurMDQu99nJRq8pTxO14,soul
2026-09-20,short_term,1AbJ2cmwK400LSvdvBL5Jc,bedroom pop
2026-09-20,short_term,1QAJqy2dA3ihHBFIHRphZj,ambient
2026-09-20,short_term,1QAJqy2dA3ihHBFIHRphZj,ambient pop
2026-09-20,short_term,1QAJqy2dA3ihHBFIHRphZj,dream pop
2026-09-20,short_term,1QAJqy2dA3ihHBFIHRphZj,indie pop
2026-09-20,short_term,1QAJqy2dA3ihHBFIHRphZj,indie rock
2026-09-20,short_term,1QAJqy2dA3ihHBFIHRphZj,pop
2026-09-20,short_term,1QAJqy2dA3ihHBFIHRphZj,shoegaze
2026-09-20,short_term,1QAJqy2dA3ihHBFIHRphZj,slowcore
2026-09-20,short_term,1Xyo4u8uXC1ZmMpatF05PJ,alternative r&b
2026-09-20,short_term,1Xyo4u8uXC1ZmMpatF05PJ,contemporary r&b
2026-09-20,short_term,1Xyo4u8uXC1ZmMpatF05PJ,dance-pop
2026-09-20,short_term,1Xyo4u8uXC1ZmMpatF05PJ,hypnagogic pop
2026-09-20,short_term,1Xyo4u8uXC1ZmMpatF05PJ,pop
2026-09-20,short_term,1Xyo4u8uXC1ZmMpatF05PJ,r&b
2026-09-20,short_term,1Xyo4u8uXC1ZmMpatF05PJ,synth-pop
2026-09-20,short_term,1fa0cOhromAZdq2xRA4vv8,blue-eyed soul
2026-09-20,short_term,1fa0cOhromAZdq2xRA4vv8,dance-pop
2026-09-20,short_term,1fa0cOhromAZdq2xRA4vv8,pop
2026-09-20,short_term,1fa0cOhromAZdq2xRA4vv8,pop soul
2026-09-20,short_term,1fa0cOhromAZdq2xRA4vv8,r&b
2026-09-20,short_term,1fa0cOhromAZdq2xRA4vv8,soft rock
2026-09-20,short_term,1fa0cOhromAZdq2xRA4vv8,sophisti-pop
2026-09-20,short_term,1fa0cOhromAZdq2xRA4vv8,soul
2026-09-20,short_term,1mYsTxnqsietFxj1OgoGbG,classical
2026-09-20,short_term,1mYsTxnqsietFxj1OgoGbG,filmi
2026-09-20,short_term,1mYsTxnqsietFxj1OgoGbG,world fusion
2026-09-20,short_term,1wRPtKGflJrBx9BmLsSwlU,filmi
2026-09-20,short_term,2YZyLoL8N0Wb9xBt1NhZWg,alternative hip hop
2026-09-20,short_term,2YZyLoL8N0Wb9xBt1NhZWg,conscious hip hop
2026-09-20,short_term,2YZyLoL8N0Wb9xBt1NhZWg,dance
2026-09-20,short_term,2YZyLoL8N0Wb9xBt1NhZWg,disco
2026-09-20,short_term,2YZyLoL8N0Wb9xBt1NhZWg,future bass
2026-09-20,short_term,2YZyLoL8N0Wb9xBt1NhZWg,gangsta rap
2026-09-20,short_term,2YZyLoL8N0Wb9xBt1NhZWg,hardcore hip hop
2026-09-20,short_term,2YZyLoL8N0Wb9xBt1NhZWg,hip hop
2026-09-20,short_term,2YZyLoL8N0Wb9xBt1NhZWg,house
2026-09-20,short_term,2YZyLoL8N0Wb9xBt1NhZWg,jazz
2026-09-20,short_term,2YZyLoL8N0Wb9xBt1NhZWg,jazz rap
2026-09-20,short_term,2YZyLoL8N0Wb9xBt1NhZWg,pop
2026-09-20,short_term,2YZyLoL8N0Wb9xBt1NhZWg,pop rap
2026-09-20,short_term,2YZyLoL8N0Wb9xBt1NhZWg,r&b
2026-09-20,short_term,2YZyLoL8N0Wb9xBt1NhZWg,trap
2026-09-20,short_term,2YZyLoL8N0Wb9xBt1NhZWg,west coast hip hop
2026-09-20,short_term,2h93pZq0e7k5yf4dywlkpM,alternative r&b
2026-09-20,short_term,2h93pZq0e7k5yf4dywlkpM,contemporary r&b
2026-09-20,short_term,2h93pZq0e7k5yf4dywlkpM,pop
2026-09-20,short_term,2h93pZq0e7k5yf4dywlkpM,r&b
2026-09-20,short_term,2jku7tDXc6XoB6MO2hFuqg,alternative hip hop
2026-09-20,short_term,2jku7tDXc6XoB6MO2hFuqg,alternative r&b
2026-09-20,short_term,2jku7tDXc6XoB6MO2hFuqg,contemporary r&b
2026-09-20,short_term,2jku7tDXc6XoB6MO2hFuqg,dancehall
2026-09-20,short_term,2jku7tDXc6XoB6MO2hFuqg,hip hop
2026-09-20,short_term,2jku7tDXc6XoB6MO2hFuqg,r&b
2026-09-20,short_term,2oSONSC9zQ4UonDKnLqksx,filmi
2026-09-20,short_term,3MZsBdqDrRTJihTHQrO6Dq,alternative r&b
2026-09-20,short_term,3MZsBdqDrRTJihTHQrO6Dq,art pop
2026-09-20,short_term,3MZsBdqDrRTJihTHQrO6Dq,ballad
2026-09-20,short_term,3MZsBdqDrRTJihTHQrO6Dq,instrumental hip hop
2026-09-20,short_term,3MZsBdqDrRTJihTHQrO6Dq,lo-fi hip hop
2026-09-20,short_term,3MZsBdqDrRTJihTHQrO6Dq,trip hop
2026-09-20,short_term,3Sz7ZnJQBIHsXLUSo0OQtM,folk pop
2026-09-20,short_term,3Sz7ZnJQBIHsXLUSo0OQtM,indie pop
2026-09-20,short_term,3Sz7ZnJQBIHsXLUSo0OQtM,indie rock
2026-09-20,short_term,3Sz7ZnJQBIHsXLUSo0OQtM,jangle pop
2026-09-20,short_term,3Sz7ZnJQBIHsXLUSo0OQtM,pop
2026-09-20,short_term,3Sz7ZnJQBIHsXLUSo0OQtM,psychedelic pop
2026-09-20,short_term,3mIj9lX2MWuHmhNCA7LSCW,alternative pop
2026-09-20,short_term,3mIj9lX2MWuHmhNCA7LSCW,alternative rock
2026-09-20,short_term,3mIj9lX2MWuHmhNCA7LSCW,ambient pop
2026-09-20,short_term,3mIj9lX2MWuHmhNCA7LSCW,art pop
2026-09-20,short_term,3mIj9lX2MWuHmhNCA7LSCW,indie pop
2026-09-20,short_term,3mIj9lX2MWuHmhNCA7LSCW,indie rock
2026-09-20,short_term,3mIj9lX2MWuHmhNCA7LSCW,indietronica
2026-09-20,short_term,3mIj9lX2MWuHmhNCA7LSCW,leftfield
2026-09-20,short_term,3mIj9lX2MWuHmhNCA7LSCW,new wave
2026-09-20,short_term,3mIj9lX2MWuHmhNCA7LSCW,pop rock
2026-09-20,short_term,3mIj9lX2MWuHmhNCA7LSCW,post-punk revival
2026-09-20,short_term,3mIj9lX2MWuHmhNCA7LSCW,synth-pop
2026-09-20,short_term,47zz7sob9NUcODy0BTDvKx,contemporary r&b
2026-09-20,short_term,47zz7sob9NUcODy0BTDvKx,downtempo
2026-09-20,short_term,47zz7sob9NUcODy0BTDvKx,jazz
2026-09-20,short_term,47zz7sob9NUcODy0BTDvKx,jazz pop
2026-09-20,short_term,47zz7sob9NUcODy0BTDvKx,pop
2026-09-20,short_term,47zz7sob9NUcODy0BTDvKx,quiet storm
2026-09-20,short_term,47zz7sob9NUcODy0BTDvKx,smooth jazz
2026-09-20,short_term,47zz7sob9NUcODy0BTDvKx,smooth soul
2026-09-20,short_term,47zz7sob9NUcODy0BTDvKx,sophisti-pop
2026-09-20,short_term,47zz7sob9NUcODy0BTDvKx,soul
2026-09-20,short_term,47zz7sob9NUcODy0BTDvKx,trip hop
2026-09-20,short_term,4gdMJYnopf2nEUcanAwstx,indian pop
2026-09-20,short_term,4gdMJYnopf2nEUcanAwstx,singer-songwriter
2026-09-20,short_term,4gzpq5DPGxSnKTe4SA8HAU,alternative rock
2026-09-20,short_term,4gzpq5DPGxSnKTe4SA8HAU,art pop
2026-09-20,short_term,4gzpq5DPGxSnKTe4SA8HAU,britpop
2026-09-20,short_term,4gzpq5DPGxSnKTe4SA8HAU,dream pop
2026-09-20,short_term,4gzpq5DPGxSnKTe4SA8HAU,piano rock
2026-09-20,short_term,4gzpq5DPGxSnKTe4SA8HAU,pop
2026-09-20,short_term,4gzpq5DPGxSnKTe4SA8HAU,pop rock
2026-09-20,short_term,4gzpq5DPGxSnKTe4SA8HAU,post-britpop
2026-09-20,short_term,4gzpq5DPGxSnKTe4SA8HAU,rock
2026-09-20,short_term,5INjqkS1o8h1imAzPqGZBb,alternative dance
2026-09-20,short_term,5INjqkS1o8h1imAzPqGZBb,alternative rock
2026-09-20,short_term,5INjqkS1o8h1imAzPqGZBb,dream pop
2026-09-20,short_term,5INjqkS1o8h1imAzPqGZBb,indie rock
2026-09-20,short_term,5INjqkS1o8h1imAzPqGZBb,indietronica
2026-09-20,short_term,5INjqkS1o8h1imAzPqGZBb,leftfield
2026-09-20,short_term,5INjqkS1o8h1imAzPqGZBb,neo-psychedelia
2026-09-20,short_term,5INjqkS1o8h1imAzPqGZBb,pop
2026-09-20,short_term,5INjqkS1o8h1imAzPqGZBb,psychedelic
2026-09-20,short_term,5INjqkS1o8h1imAzPqGZBb,psychedelic pop
2026-09-20,short_term,5INjqkS1o8h1imAzPqGZBb,psychedelic rock
2026-09-20,short_term,5INjqkS1o8h1imAzPqGZBb,rock
2026-09-20,short_term,5INjqkS1o8h1imAzPqGZBb,space rock
2026-09-20,short_term,5INjqkS1o8h1imAzPqGZBb,synth-pop
2026-09-20,short_term,66CXWjxzNUsdJxJ2JdwvnR,contemporary r&b
2026-09-20,short_term,66CXWjxzNUsdJxJ2JdwvnR,dance-pop
2026-09-20,short_term,66CXWjxzNUsdJxJ2JdwvnR,pop
2026-09-20,short_term,66CXWjxzNUsdJxJ2JdwvnR,r&b
2026-09-20,short_term,66CXWjxzNUsdJxJ2JdwvnR,trap soul
2026-09-20,short_term,6IRouO5mvvfcyxtPDKMYFN,acoustic rock
2026-09-20,short_term,6IRouO5mvvfcyxtPDKMYFN,aor
2026-09-20,short_term,6IRouO5mvvfcyxtPDKMYFN,arena rock
2026-09-20,short_term,6IRouO5mvvfcyxtPDKMYFN,classic rock
2026-09-20,short_term,6IRouO5mvvfcyxtPDKMYFN,hard rock
2026-09-20,short_term,6IRouO5mvvfcyxtPDKMYFN,pop rock
2026-09-20,short_term,6IRouO5mvvfcyxtPDKMYFN,rock
2026-09-20,short_term,6IRouO5mvvfcyxtPDKMYFN,soft rock
2026-09-20,short_term,6XwwFnewNgWp81MYMK8zLq,deep house
2026-09-20,short_term,700c9Qz2z6HZKTumeliKAw,electronic
2026-09-20,short_term,77SW9BnxLY8rJ0RciFqkHh,alternative rock
2026-09-20,short_term,77SW9BnxLY8rJ0RciFqkHh,indie pop
2026-09-20,short_term,7CajNmpbOovFoOoasH2HaY,acid house
2026-09-20,short_term,7CajNmpbOovFoOoasH2HaY,club
2026-09-20,short_term,7CajNmpbOovFoOoasH2HaY,complextro
2026-09-20,short_term,7CajNmpbOovFoOoasH2HaY,contemporary r&b
2026-09-20,short_term,7CajNmpbOovFoOoasH2HaY,dance
2026-09-20,short_term,7CajNmpbOovFoOoasH2HaY,dance-pop
2026-09-20,short_term,7CajNmpbOovFoOoasH2HaY,disco
2026-09-20,short_term,7CajNmpbOovFoOoasH2HaY,edm
2026-09-20,short_term,7CajNmpbOovFoOoasH2HaY,electro house
2026-09-20,short_term,7CajNmpbOovFoOoasH2HaY,electro-disco
2026-09-20,short_term,7CajNmpbOovFoOoasH2HaY,electronic
2026-09-20,short_term,7CajNmpbOovFoOoasH2HaY,electropop
2026-09-20,short_term,7CajNmpbOovFoOoasH2HaY,festival progressive house
2026-09-20,short_term,7CajNmpbOovFoOoasH2HaY,funktronica
2026-09-20,short_term,7CajNmpbOovFoOoasH2HaY,hip house
2026-09-20,short_term,7CajNmpbOovFoOoasH2HaY,house
2026-09-20,short_term,7CajNmpbOovFoOoasH2HaY,melodic house
2026-09-20,short_term,7CajNmpbOovFoOoasH2HaY,melodic techno
2026-09-20,short_term,7CajNmpbOovFoOoasH2HaY,nu disco
2026-09-20,short_term,7CajNmpbOovFoOoasH2HaY,pop
2026-09-20,short_term,7CajNmpbOovFoOoasH2HaY,progressive house
2026-09-20,short_term,7CajNmpbOovFoOoasH2HaY,synth-pop
2026-09-20,short_term,7CajNmpbOovFoOoasH2HaY,uk garage
2026-09-20,short_term,7Ln80lUS6He07XvHI8qqHH,alternative rock
2026-09-20,short_term,7Ln80lUS6He07XvHI8qqHH,art rock
2026-09-20,short_term,7Ln80lUS6He07XvHI8qqHH,baroque pop
2026-09-20,short_term,7Ln80lUS6He07XvHI8qqHH,dance
2026-09-20,short_term,7Ln80lUS6He07XvHI8qqHH,electronica
2026-09-20,short_term,7Ln80lUS6He07XvHI8qqHH,garage rock
2026-09-20,short_term,7Ln80lUS6He07XvHI8qqHH,garage rock revival
2026-09-20,short_term,7Ln80lUS6He07XvHI8qqHH,house
2026-09-20,short_term,7Ln80lUS6He07XvHI8qqHH,indie rock
2026-09-20,short_term,7Ln80lUS6He07XvHI8qqHH,neo-psychedelia
2026-09-20,short_term,7Ln80lUS6He07XvHI8qqHH,pop
2026-09-20,short_term,7Ln80lUS6He07XvHI8qqHH,post-punk revival
2026-09-20,short_term,7Ln80lUS6He07XvHI8qqHH,psychedelic pop
2026-09-20,short_term,7Ln80lUS6He07XvHI8qqHH,psychedelic rock
2026-09-20,short_term,7Ln80lUS6He07XvHI8qqHH,rock
2026-09-20,short_term,7tYKF4w9nC0nq9CsPZTHyP,alternative r&b
2026-09-20,short_term,7tYKF4w9nC0nq9CsPZTHyP,contemporary r&b
2026-09-20,short_term,7tYKF4w9nC0nq9CsPZTHyP,electronic
2026-09-20,short_term,7tYKF4w9nC0nq9CsPZTHyP,hip hop soul
2026-09-20,short_term,7tYKF4w9nC0nq9CsPZTHyP,neo soul
2026-09-20,short_term,7tYKF4w9nC0nq9CsPZTHyP,pop
2026-09-20,short_term,7tYKF4w9nC0nq9CsPZTHyP,r&b
2026-09-20,short_term,7tYKF4w9nC0nq9CsPZTHyP,soul
2026-09-21,long_term,00FQb4jTyendYWaN8pK0wa,alternative pop
2026-09-21,long_term,00FQb4jTyendYWaN8pK0wa,art pop
2026-09-21,long_term,00FQb4jTyendYWaN8pK0wa,ballad
2026-09-21,long_term,00FQb4jTyendYWaN8pK0wa,baroque pop
2026-09-21,long_term,00FQb4jTyendYWaN8pK0wa,chamber pop
2026-09-21,long_term,00FQb4jTyendYWaN8pK0wa,country
2026-09-21,long_term,00FQb4jTyendYWaN8pK0wa,dance
2026-09-21,long_term,00FQb4jTyendYWaN8pK0wa,dream pop
2026-09-21,long_term,00FQb4jTyendYWaN8pK0wa,edm
2026-09-21,long_term,00FQb4jTyendYWaN8pK0wa,electronic
2026-09-21,long_term,00FQb4jTyendYWaN8pK0wa,electronica
2026-09-21,long_term,00FQb4jTyendYWaN8pK0wa,future bass
2026-09-21,long_term,00FQb4jTyendYWaN8pK0wa,house
2026-09-21,long_term,00FQb4jTyendYWaN8pK0wa,indie pop
2026-09-21,long_term,00FQb4jTyendYWaN8pK0wa,indie rock
2026-09-21,long_term,00FQb4jTyendYWaN8pK0wa,melodic house
2026-09-21,long_term,00FQb4jTyendYWaN8pK0wa,melodic techno
2026-09-21,long_term,00FQb4jTyendYWaN8pK0wa,neo-psychedelia
2026-09-21,long_term,00FQb4jTyendYWaN8pK0wa,pop
2026-09-21,long_term,00FQb4jTyendYWaN8pK0wa,psychedelic pop
2026-09-21,long_term,00FQb4jTyendYWaN8pK0wa,r&b
2026-09-21,long_term,00FQb4jTyendYWaN8pK0wa,rock
2026-09-21,long_term,00FQb4jTyendYWaN8pK0wa,singer-songwriter
2026-09-21,long_term,00FQb4jTyendYWaN8pK0wa,slowcore
2026-09-21,long_term,00FQb4jTyendYWaN8pK0wa,trap
2026-09-21,long_term,00FQb4jTyendYWaN8pK0wa,trip hop
2026-09-21,long_term,06O23tLg0or676h8EEzH7W,chillwave
2026-09-21,long_term,06O23tLg0or676h8EEzH7W,dreamwave
2026-09-21,long_term,06O23tLg0or676h8EEzH7W,electronic
2026-09-21,long_term,06O23tLg0or676h8EEzH7W,synth-pop
2026-09-21,long_term,06O23tLg0or676h8EEzH7W,witch house
2026-09-21,long_term,0Y6dVaC9DZtPNH4591M42W,dream pop
2026-09-21,long_term,0Y6dVaC9DZtPNH4591M42W,electronic
2026-09-21,long_term,0Y6dVaC9DZtPNH4591M42W,hip hop
2026-09-21,long_term,0Y6dVaC9DZtPNH4591M42W,indie pop
2026-09-21,long_term,0Y6dVaC9DZtPNH4591M42W,indie rock
2026-09-21,long_term,0Y6dVaC9DZtPNH4591M42W,lo-fi
2026-09-21,long_term,0Y6dVaC9DZtPNH4591M42W,pop
2026-09-21,long_term,0dgJbQ0bKPyUXco8hEXN7X,ambient
2026-09-21,long_term,0dgJbQ0bKPyUXco8hEXN7X,boom bap
2026-09-21,long_term,0dgJbQ0bKPyUXco8hEXN7X,chillout
2026-09-21,long_term,0dgJbQ0bKPyUXco8hEXN7X,chillwave
2026-09-21,long_term,0dgJbQ0bKPyUXco8hEXN7X,downtempo
2026-09-21,long_term,0dgJbQ0bKPyUXco8hEXN7X,drift phonk
2026-09-21,long_term,0dgJbQ0bKPyUXco8hEXN7X,hardwave
2026-09-21,long_term,0dgJbQ0bKPyUXco8hEXN7X,hip hop
2026-09-21,long_term,0dgJbQ0bKPyUXco8hEXN7X,house
2026-09-21,long_term,0dgJbQ0bKPyUXco8hEXN7X,instrumental
2026-09-21,long_term,0dgJbQ0bKPyUXco8hEXN7X,instrumental hip hop
2026-09-21,long_term,0dgJbQ0bKPyUXco8hEXN7X,lo-fi
2026-09-21,long_term,0dgJbQ0bKPyUXco8hEXN7X,lo-fi hip hop
2026-09-21,long_term,0dgJbQ0bKPyUXco8hEXN7X,phonk
2026-09-21,long_term,0dgJbQ0bKPyUXco8hEXN7X,wave
2026-09-21,long_term,0hEurMDQu99nJRq8pTxO14,acoustic rock
2026-09-21,long_term,0hEurMDQu99nJRq8pTxO14,alternative rock
2026-09-21,long_term,0hEurMDQu99nJRq8pTxO14,americana
2026-09-21,long_term,0hEurMDQu99nJRq8pTxO14,blue-eyed soul
2026-09-21,long_term,0hEurMDQu99nJRq8pTxO14,blues
2026-09-21,long_term,0hEurMDQu99nJRq8pTxO14,blues rock
2026-09-21,long_term,0hEurMDQu99nJRq8pTxO14,country
2026-09-21,long_term,0hEurMDQu99nJRq8pTxO14,country rock
2026-09-21,long_term,0hEurMDQu99nJRq8pTxO14,folk rock
2026-09-21,long_term,0hEurMDQu99nJRq8pTxO14,indie rock
2026-09-21,long_term,0hEurMDQu99nJRq8pTxO14,pop
2026-09-21,long_term,0hEurMDQu99nJRq8pTxO14,pop rock
2026-09-21,long_term,0hEurMDQu99nJRq8pTxO14,rock
2026-09-21,long_term,0hEurMDQu99nJRq8pTxO14,singer-songwriter
2026-09-21,long_term,0hEurMDQu99nJRq8pTxO14,soft rock
2026-09-21,long_term,0hEurMDQu99nJRq8pTxO14,soul
2026-09-21,long_term,0klU31gyC6EZqKgLvVANCy,boom bap
2026-09-21,long_term,0klU31gyC6EZqKgLvVANCy,chillwave
2026-09-21,long_term,0klU31gyC6EZqKgLvVANCy,downtempo
2026-09-21,long_term,0klU31gyC6EZqKgLvVANCy,hip hop
2026-09-21,long_term,0klU31gyC6EZqKgLvVANCy,instrumental
2026-09-21,long_term,0klU31gyC6EZqKgLvVANCy,instrumental hip hop
2026-09-21,long_term,0klU31gyC6EZqKgLvVANCy,lo-fi
2026-09-21,long_term,0klU31gyC6EZqKgLvVANCy,lo-fi hip hop
2026-09-21,long_term,17XXKfRBMCWvLrqGoNkJXm,ballad
2026-09-21,long_term,17XXKfRBMCWvLrqGoNkJXm,easy listening
2026-09-21,long_term,17XXKfRBMCWvLrqGoNkJXm,pop
2026-09-21,long_term,19ra5tSw0tWufvUp8GotLo,ballad
2026-09-21,long_term,19ra5tSw0tWufvUp8GotLo,blue-eyed soul
2026-09-21,long_term,19ra5tSw0tWufvUp8GotLo,contemporary r&b
2026-09-21,long_term,19ra5tSw0tWufvUp8GotLo,dance-pop
2026-09-21,long_term,19ra5tSw0tWufvUp8GotLo,dance-rock
2026-09-21,long_term,19ra5tSw0tWufvUp8GotLo,jazz
2026-09-21,long_term,19ra5tSw0tWufvUp8GotLo,pop
2026-09-21,long_term,19ra5tSw0tWufvUp8GotLo,pop rock
2026-09-21,long_term,19ra5tSw0tWufvUp8GotLo,pop soul
2026-09-21,long_term,19ra5tSw0tWufvUp8GotLo,r&b
2026-09-21,long_term,19ra5tSw0tWufvUp8GotLo,smooth jazz
2026-09-21,long_term,19ra5tSw0tWufvUp8GotLo,smooth soul
2026-09-21,long_term,19ra5tSw0tWufvUp8GotLo,soft rock
2026-09-21,long_term,19ra5tSw0tWufvUp8GotLo,sophisti-pop
2026-09-21,long_term,19ra5tSw0tWufvUp8GotLo,soul
2026-09-21,long_term,1QAJqy2dA3ihHBFIHRphZj,ambient
2026-09-21,long_term,1QAJqy2dA3ihHBFIHRphZj,ambient pop
2026-09-21,long_term,1QAJqy2dA3ihHBFIHRphZj,dream pop
2026-09-21,long_term,1QAJqy2dA3ihHBFIHRphZj,indie pop
2026-09-21,long_term,1QAJqy2dA3ihHBFIHRphZj,indie rock
2026-09-21,long_term,1QAJqy2dA3ihHBFIHRphZj,pop
2026-09-21,long_term,1QAJqy2dA3ihHBFIHRphZj,shoegaze
2026-09-21,long_term,1QAJqy2dA3ihHBFIHRphZj,slowcore
2026-09-21,long_term,1Xyo4u8uXC1ZmMpatF05PJ,alternative r&b
2026-09-21,long_term,1Xyo4u8uXC1ZmMpatF05PJ,contemporary r&b
2026-09-21,long_term,1Xyo4u8uXC1ZmMpatF05PJ,dance-pop
2026-09-21,long_term,1Xyo4u8uXC1ZmMpatF05PJ,hypnagogic pop
2026-09-21,long_term,1Xyo4u8uXC1ZmMpatF05PJ,pop
2026-09-21,long_term,1Xyo4u8uXC1ZmMpatF05PJ,r&b
2026-09-21,long_term,1Xyo4u8uXC1ZmMpatF05PJ,synth-pop
2026-09-21,long_term,1cGyguqPQY22oUd4fKglFS,ambient
2026-09-21,long_term,1cGyguqPQY22oUd4fKglFS,dark ambient
2026-09-21,long_term,1mYsTxnqsietFxj1OgoGbG,classical
2026-09-21,long_term,1mYsTxnqsietFxj1OgoGbG,filmi
2026-09-21,long_term,1mYsTxnqsietFxj1OgoGbG,world fusion
2026-09-21,long_term,1wRPtKGflJrBx9BmLsSwlU,filmi
2026-09-21,long_term,2YZyLoL8N0Wb9xBt1NhZWg,alternative hip hop
2026-09-21,long_term,2YZyLoL8N0Wb9xBt1NhZWg,conscious hip hop
2026-09-21,long_term,2YZyLoL8N0Wb9xBt1NhZWg,dance
2026-09-21,long_term,2YZyLoL8N0Wb9xBt1NhZWg,disco
2026-09-21,long_term,2YZyLoL8N0Wb9xBt1NhZWg,future bass
2026-09-21,long_term,2YZyLoL8N0Wb9xBt1NhZWg,gangsta rap
2026-09-21,long_term,2YZyLoL8N0Wb9xBt1NhZWg,hardcore hip hop
2026-09-21,long_term,2YZyLoL8N0Wb9xBt1NhZWg,hip hop
2026-09-21,long_term,2YZyLoL8N0Wb9xBt1NhZWg,house
2026-09-21,long_term,2YZyLoL8N0Wb9xBt1NhZWg,jazz
2026-09-21,long_term,2YZyLoL8N0Wb9xBt1NhZWg,jazz rap
2026-09-21,long_term,2YZyLoL8N0Wb9xBt1NhZWg,pop
2026-09-21,long_term,2YZyLoL8N0Wb9xBt1NhZWg,pop rap
2026-09-21,long_term,2YZyLoL8N0Wb9xBt1NhZWg,r&b
2026-09-21,long_term,2YZyLoL8N0Wb9xBt1NhZWg,trap
2026-09-21,long_term,2YZyLoL8N0Wb9xBt1NhZWg,west coast hip hop
2026-09-21,long_term,2exebQUDoIoT0dXA8BcN1P,chillwave
2026-09-21,long_term,2exebQUDoIoT0dXA8BcN1P,electronic
2026-09-21,long_term,2exebQUDoIoT0dXA8BcN1P,synthwave
2026-09-21,long_term,2h93pZq0e7k5yf4dywlkpM,alternative r&b
2026-09-21,long_term,2h93pZq0e7k5yf4dywlkpM,contemporary r&b
2026-09-21,long_term,2h93pZq0e7k5yf4dywlkpM,pop
2026-09-21,long_term,2h93pZq0e7k5yf4dywlkpM,r&b
2026-09-21,long_term,2jku7tDXc6XoB6MO2hFuqg,alternative hip hop
2026-09-21,long_term,2jku7tDXc6XoB6MO2hFuqg,alternative r&b
2026-09-21,long_term,2jku7tDXc6XoB6MO2hFuqg,contemporary r&b
2026-09-21,long_term,2jku7tDXc6XoB6MO2hFuqg,dancehall
2026-09-21,long_term,2jku7tDXc6XoB6MO2hFuqg,hip hop
2026-09-21,long_term,2jku7tDXc6XoB6MO2hFuqg,r&b
2026-09-21,long_term,2sSGPbdZJkaSE2AbcGOACx,bedroom pop
2026-09-21,long_term,2sSGPbdZJkaSE2AbcGOACx,dream pop
2026-09-21,long_term,2sSGPbdZJkaSE2AbcGOACx,indie pop
2026-09-21,long_term,2sSGPbdZJkaSE2AbcGOACx,lo-fi
2026-09-21,long_term,2sSGPbdZJkaSE2AbcGOACx,psychedelic pop
2026-09-21,long_term,2sSGPbdZJkaSE2AbcGOACx,psychedelic soul
2026-09-21,long_term,2sSGPbdZJkaSE2AbcGOACx,synth-pop
2026-09-21,long_term,36QJpDe2go2KgaRleHCDTp,arena rock
2026-09-21,long_term,36QJpDe2go2KgaRleHCDTp,blues rock
2026-09-21,long_term,36QJpDe2go2KgaRleHCDTp,classic rock
2026-09-21,long_term,36QJpDe2go2KgaRleHCDTp,folk rock
2026-09-21,long_term,36QJpDe2go2KgaRleHCDTp,hard rock
2026-09-21,long_term,36QJpDe2go2KgaRleHCDTp,heavy metal
2026-09-21,long_term,36QJpDe2go2KgaRleHCDTp,pop
2026-09-21,long_term,36QJpDe2go2KgaRleHCDTp,progressive rock
2026-09-21,long_term,36QJpDe2go2KgaRleHCDTp,rock
2026-09-21,long_term,36QJpDe2go2KgaRleHCDTp,rock and roll
2026-09-21,long_term,3MZsBdqDrRTJihTHQrO6Dq,alternative r&b
2026-09-21,long_term,3MZsBdqDrRTJihTHQrO6Dq,art pop
2026-09-21,long_term,3MZsBdqDrRTJihTHQrO6Dq,ballad
2026-09-21,long_term,3MZsBdqDrRTJihTHQrO6Dq,instrumental hip hop
2026-09-21,long_term,3MZsBdqDrRTJihTHQrO6Dq,lo-fi hip hop
2026-09-21,long_term,3MZsBdqDrRTJihTHQrO6Dq,trip hop
2026-09-21,long_term,3Sz7ZnJQBIHsXLUSo0OQtM,folk pop
2026-09-21,long_term,3Sz7ZnJQBIHsXLUSo0OQtM,indie pop
2026-09-21,long_term,3Sz7ZnJQBIHsXLUSo0OQtM,indie rock
2026-09-21,long_term,3Sz7ZnJQBIHsXLUSo0OQtM,jangle pop
2026-09-21,long_term,3Sz7ZnJQBIHsXLUSo0OQtM,pop
2026-09-21,long_term,3Sz7ZnJQBIHsXLUSo0OQtM,psychedelic pop
2026-09-21,long_term,3TVXtAsR1Inumwj472S9r4,alternative r&b
2026-09-21,long_term,3TVXtAsR1Inumwj472S9r4,contemporary r&b
2026-09-21,long_term,3TVXtAsR1Inumwj472S9r4,hardcore hip hop
2026-09-21,long_term,3TVXtAsR1Inumwj472S9r4,hip hop
2026-09-21,long_term,3TVXtAsR1Inumwj472S9r4,pop
2026-09-21,long_term,3TVXtAsR1Inumwj472S9r4,pop rap
2026-09-21,long_term,3TVXtAsR1Inumwj472S9r4,r&b
2026-09-21,long_term,3TVXtAsR1Inumwj472S9r4,southern hip hop
2026-09-21,long_term,3TVXtAsR1Inumwj472S9r4,trap
2026-09-21,long_term,3zmfs9cQwzJl575W1ZYXeT,bedroom pop
2026-09-21,long_term,3zmfs9cQwzJl575W1ZYXeT,downtempo
2026-09-21,long_term,3zmfs9cQwzJl575W1ZYXeT,dream pop
2026-09-21,long_term,3zmfs9cQwzJl575W1ZYXeT,indie pop
2026-09-21,long_term,3zmfs9cQwzJl575W1ZYXeT,neo-psychedelia
2026-09-21,long_term,3zmfs9cQwzJl575W1ZYXeT,pop
2026-09-21,long_term,3zmfs9cQwzJl575W1ZYXeT,shoegaze
2026-09-21,long_term,3zmfs9cQwzJl575W1ZYXeT,sophisti-pop
2026-09-21,long_term,47zz7sob9NUcODy0BTDvKx,contemporary r&b
2026-09-21,long_term,47zz7sob9NUcODy0BTDvKx,downtempo
2026-09-21,long_term,47zz7sob9NUcODy0BTDvKx,jazz
2026-09-21,long_term,47zz7sob9NUcODy0BTDvKx,jazz pop
2026-09-21,long_term,47zz7sob9NUcODy0BTDvKx,pop
2026-09-21,long_term,47zz7sob9NUcODy0BTDvKx,quiet storm
2026-09-21,long_term,47zz7sob9NUcODy0BTDvKx,smooth jazz
2026-09-21,long_term,47zz7sob9NUcODy0BTDvKx,smooth soul
2026-09-21,long_term,47zz7sob9NUcODy0BTDvKx,sophisti-pop
2026-09-21,long_term,47zz7sob9NUcODy0BTDvKx,soul
2026-09-21,long_term,47zz7sob9NUcODy0BTDvKx,trip hop
2026-09-21,long_term,4KRllJ2dEeoqvxOQLOgOsI,electronic
2026-09-21,long_term,4KRllJ2dEeoqvxOQLOgOsI,phonk
2026-09-21,long_term,4KRllJ2dEeoqvxOQLOgOsI,phonk house
2026-09-21,long_term,4KRllJ2dEeoqvxOQLOgOsI,synthwave
2026-09-21,long_term,4KRllJ2dEeoqvxOQLOgOsI,trap
2026-09-21,long_term,4KRllJ2dEeoqvxOQLOgOsI,wave
2026-09-21,long_term,4MrQDA45Gd0llLrwFUzimG,boom bap
2026-09-21,long_term,4MrQDA45Gd0llLrwFUzimG,chillwave
2026-09-21,long_term,4MrQDA45Gd0llLrwFUzimG,downtempo
2026-09-21,long_term,4MrQDA45Gd0llLrwFUzimG,hip hop
2026-09-21,long_term,4MrQDA45Gd0llLrwFUzimG,instrumental
2026-09-21,long_term,4MrQDA45Gd0llLrwFUzimG,instrumental hip hop
2026-09-21,long_term,4MrQDA45Gd0llLrwFUzimG,lo-fi
2026-09-21,long_term,4MrQDA45Gd0llLrwFUzimG,lo-fi hip hop
2026-09-21,long_term,4gdMJYnopf2nEUcanAwstx,indian pop
2026-09-21,long_term,4gdMJYnopf2nEUcanAwstx,singer-songwriter
2026-09-21,long_term,4gzpq5DPGxSnKTe4SA8HAU,alternative rock
2026-09-21,long_term,4gzpq5DPGxSnKTe4SA8HAU,art pop
2026-09-21,long_term,4gzpq5DPGxSnKTe4SA8HAU,britpop
2026-09-21,long_term,4gzpq5DPGxSnKTe4SA8HAU,dream pop
2026-09-21,long_term,4gzpq5DPGxSnKTe4SA8HAU,piano rock
2026-09-21,long_term,4gzpq5DPGxSnKTe4SA8HAU,pop
2026-09-21,long_term,4gzpq5DPGxSnKTe4SA8HAU,pop rock
2026-09-21,long_term,4gzpq5DPGxSnKTe4SA8HAU,post-britpop
2026-09-21,long_term,4gzpq5DPGxSnKTe4SA8HAU,rock
2026-09-21,long_term,4yvcSjfu4PC0CYQyLy4wSq,electronic
2026-09-21,long_term,4yvcSjfu4PC0CYQyLy4wSq,indie pop
2026-09-21,long_term,4yvcSjfu4PC0CYQyLy4wSq,indie rock
2026-09-21,long_term,4yvcSjfu4PC0CYQyLy4wSq,indietronica
2026-09-21,long_term,4yvcSjfu4PC0CYQyLy4wSq,pop
2026-09-21,long_term,4yvcSjfu4PC0CYQyLy4wSq,psychedelic pop
2026-09-21,long_term,4yvcSjfu4PC0CYQyLy4wSq,psychedelic rock
2026-09-21,long_term,5INjqkS1o8h1imAzPqGZBb,alternative dance
2026-09-21,long_term,5INjqkS1o8h1imAzPqGZBb,alternative rock
2026-09-21,long_term,5INjqkS1o8h1imAzPqGZBb,dream pop
2026-09-21,long_term,5INjqkS1o8h1imAzPqGZBb,indie rock
2026-09-21,long_term,5INjqkS1o8h1imAzPqGZBb,indietronica
2026-09-21,long_term,5INjqkS1o8h1imAzPqGZBb,leftfield
2026-09-21,long_term,5INjqkS1o8h1imAzPqGZBb,neo-psychedelia
2026-09-21,long_term,5INjqkS1o8h1imAzPqGZBb,pop
2026-09-21,long_term,5INjqkS1o8h1imAzPqGZBb,psychedelic
2026-09-21,long_term,5INjqkS1o8h1imAzPqGZBb,psychedelic pop
2026-09-21,long_term,5INjqkS1o8h1imAzPqGZBb,psychedelic rock
2026-09-21,long_term,5INjqkS1o8h1imAzPqGZBb,rock
2026-09-21,long_term,5INjqkS1o8h1imAzPqGZBb,space rock
2026-09-21,long_term,5INjqkS1o8h1imAzPqGZBb,synth-pop
2026-09-21,long_term,5K4W6rqBFWDnAN6FQUkS6x,chipmunk soul
2026-09-21,long_term,5K4W6rqBFWDnAN6FQUkS6x,christian hip hop
2026-09-21,long_term,5K4W6rqBFWDnAN6FQUkS6x,conscious hip hop
2026-09-21,long_term,5K4W6rqBFWDnAN6FQUkS6x,contemporary r&b
2026-09-21,long_term,5K4W6rqBFWDnAN6FQUkS6x,deep house
2026-09-21,long_term,5K4W6rqBFWDnAN6FQUkS6x,electropop
2026-09-21,long_term,5K4W6rqBFWDnAN6FQUkS6x,experimental hip hop
2026-09-21,long_term,5K4W6rqBFWDnAN6FQUkS6x,future bass
2026-09-21,long_term,5K4W6rqBFWDnAN6FQUkS6x,hip hop
2026-09-21,long_term,5K4W6rqBFWDnAN6FQUkS6x,house
2026-09-21,long_term,5K4W6rqBFWDnAN6FQUkS6x,pop
2026-09-21,long_term,5K4W6rqBFWDnAN6FQUkS6x,pop rap
2026-09-21,long_term,5K4W6rqBFWDnAN6FQUkS6x,r&b
2026-09-21,long_term,5K4W6rqBFWDnAN6FQUkS6x,trap
2026-09-21,long_term,5cj0lLjcoR7YOSnhnX0Po5,alternative rock
2026-09-21,long_term,5cj0lLjcoR7YOSnhnX0Po5,grunge
2026-09-21,long_term,5cj0lLjcoR7YOSnhnX0Po5,hip hop
2026-09-21,long_term,5cj0lLjcoR7YOSnhnX0Po5,pop
2026-09-21,long_term,5cj0lLjcoR7YOSnhnX0Po5,pop rap
2026-09-21,long_term,5cj0lLjcoR7YOSnhnX0Po5,post-grunge
2026-09-21,long_term,5cj0lLjcoR7YOSnhnX0Po5,power pop
2026-09-21,long_term,5cj0lLjcoR7YOSnhnX0Po5,rock
2026-09-21,long_term,5cj0lLjcoR7YOSnhnX0Po5,trap
2026-09-21,long_term,5cj0lLjcoR7YOSnhnX0Po5,west coast hip hop
2026-09-21,long_term,5y8tKLUfMvliMe8IKamR32,alternative r&b
2026-09-21,long_term,5y8tKLUfMvliMe8IKamR32,contemporary r&b
2026-09-21,long_term,5y8tKLUfMvliMe8IKamR32,indie pop
2026-09-21,long_term,5y8tKLUfMvliMe8IKamR32,lo-fi
2026-09-21,long_term,6YJ4EgQzDfJnIHRbqIHAdD,chillwave
2026-09-21,long_term,6YJ4EgQzDfJnIHRbqIHAdD,downtempo
2026-09-21,long_term,6YJ4EgQzDfJnIHRbqIHAdD,instrumental
2026-09-21,long_term,6YJ4EgQzDfJnIHRbqIHAdD,instrumental hip hop
2026-09-21,long_term,6YJ4EgQzDfJnIHRbqIHAdD,lo-fi
2026-09-21,long_term,6YJ4EgQzDfJnIHRbqIHAdD,lo-fi hip hop
2026-09-21,long_term,6ft7JnxMyZhp7N52qzHymY,dream pop
2026-09-21,long_term,700c9Qz2z6HZKTumeliKAw,electronic
2026-09-21,long_term,77SW9BnxLY8rJ0RciFqkHh,alternative rock
2026-09-21,long_term,77SW9BnxLY8rJ0RciFqkHh,indie pop
2026-09-21,long_term,78rUTD7y6Cy67W1RVzYs7t,alternative pop
2026-09-21,long_term,78rUTD7y6Cy67W1RVzYs7t,bubblegum pop
2026-09-21,long_term,78rUTD7y6Cy67W1RVzYs7t,dance-pop
2026-09-21,long_term,78rUTD7y6Cy67W1RVzYs7t,drum and bass
2026-09-21,long_term,78rUTD7y6Cy67W1RVzYs7t,future garage
2026-09-21,long_term,78rUTD7y6Cy67W1RVzYs7t,jungle
2026-09-21,long_term,78rUTD7y6Cy67W1RVzYs7t,pop
2026-09-21,long_term,78rUTD7y6Cy67W1RVzYs7t,uk garage
2026-09-21,long_term,7Ln80lUS6He07XvHI8qqHH,alternative rock
2026-09-21,long_term,7Ln80lUS6He07XvHI8qqHH,art rock
2026-09-21,long_term,7Ln80lUS6He07XvHI8qqHH,baroque pop
2026-09-21,long_term,7Ln80lUS6He07XvHI8qqHH,dance
2026-09-21,long_term,7Ln80lUS6He07XvHI8qqHH,electronica
2026-09-21,long_term,7Ln80lUS6He07XvHI8qqHH,garage rock
2026-09-21,long_term,7Ln80lUS6He07XvHI8qqHH,garage rock revival
2026-09-21,long_term,7Ln80lUS6He07XvHI8qqHH,house
2026-09-21,long_term,7Ln80lUS6He07XvHI8qqHH,indie rock
2026-09-21,long_term,7Ln80lUS6He07XvHI8qqHH,neo-psychedelia
2026-09-21,long_term,7Ln80lUS6He07XvHI8qqHH,pop
2026-09-21,long_term,7Ln80lUS6He07XvHI8qqHH,post-punk revival
2026-09-21,long_term,7Ln80lUS6He07XvHI8qqHH,psychedelic pop
2026-09-21,long_term,7Ln80lUS6He07XvHI8qqHH,psychedelic rock
2026-09-21,long_term,7Ln80lUS6He07XvHI8qqHH,rock
2026-09-21,long_term,7gW0r5CkdEUMm42w9XpyZO,bossa nova
2026-09-21,long_term,7gW0r5CkdEUMm42w9XpyZO,jazz
2026-09-21,long_term,7gW0r5CkdEUMm42w9XpyZO,jazz pop
2026-09-21,long_term,7gW0r5CkdEUMm42w9XpyZO,singer-songwriter
2026-09-21,long_term,7gW0r5CkdEUMm42w9XpyZO,vocal jazz
2026-09-21,long_term,7tYKF4w9nC0nq9CsPZTHyP,alternative r&b
2026-09-21,long_term,7tYKF4w9nC0nq9CsPZTHyP,contemporary r&b
2026-09-21,long_term,7tYKF4w9nC0nq9CsPZTHyP,electronic
2026-09-21,long_term,7tYKF4w9nC0nq9CsPZTHyP,hip hop soul
2026-09-21,long_term,7tYKF4w9nC0nq9CsPZTHyP,neo soul
2026-09-21,long_term,7tYKF4w9nC0nq9CsPZTHyP,pop
2026-09-21,long_term,7tYKF4w9nC0nq9CsPZTHyP,r&b
2026-09-21,long_term,7tYKF4w9nC0nq9CsPZTHyP,soul
2026-09-21,medium_term,00FQb4jTyendYWaN8pK0wa,alternative pop
2026-09-21,medium_term,00FQb4jTyendYWaN8pK0wa,art pop
2026-09-21,medium_term,00FQb4jTyendYWaN8pK0wa,ballad
2026-09-21,medium_term,00FQb4jTyendYWaN8pK0wa,baroque pop
2026-09-21,medium_term,00FQb4jTyendYWaN8pK0wa,chamber pop
2026-09-21,medium_term,00FQb4jTyendYWaN8pK0wa,country
2026-09-21,medium_term,00FQb4jTyendYWaN8pK0wa,dance
2026-09-21,medium_term,00FQb4jTyendYWaN8pK0wa,dream pop
2026-09-21,medium_term,00FQb4jTyendYWaN8pK0wa,edm
2026-09-21,medium_term,00FQb4jTyendYWaN8pK0wa,electronic
2026-09-21,medium_term,00FQb4jTyendYWaN8pK0wa,electronica
2026-09-21,medium_term,00FQb4jTyendYWaN8pK0wa,future bass
2026-09-21,medium_term,00FQb4jTyendYWaN8pK0wa,house
2026-09-21,medium_term,00FQb4jTyendYWaN8pK0wa,indie pop
2026-09-21,medium_term,00FQb4jTyendYWaN8pK0wa,indie rock
2026-09-21,medium_term,00FQb4jTyendYWaN8pK0wa,melodic house
2026-09-21,medium_term,00FQb4jTyendYWaN8pK0wa,melodic techno
2026-09-21,medium_term,00FQb4jTyendYWaN8pK0wa,neo-psychedelia
2026-09-21,medium_term,00FQb4jTyendYWaN8pK0wa,pop
2026-09-21,medium_term,00FQb4jTyendYWaN8pK0wa,psychedelic pop
2026-09-21,medium_term,00FQb4jTyendYWaN8pK0wa,r&b
2026-09-21,medium_term,00FQb4jTyendYWaN8pK0wa,rock
2026-09-21,medium_term,00FQb4jTyendYWaN8pK0wa,singer-songwriter
2026-09-21,medium_term,00FQb4jTyendYWaN8pK0wa,slowcore
2026-09-21,medium_term,00FQb4jTyendYWaN8pK0wa,trap
2026-09-21,medium_term,00FQb4jTyendYWaN8pK0wa,trip hop
2026-09-21,medium_term,0Y6dVaC9DZtPNH4591M42W,dream pop
2026-09-21,medium_term,0Y6dVaC9DZtPNH4591M42W,electronic
2026-09-21,medium_term,0Y6dVaC9DZtPNH4591M42W,hip hop
2026-09-21,medium_term,0Y6dVaC9DZtPNH4591M42W,indie pop
2026-09-21,medium_term,0Y6dVaC9DZtPNH4591M42W,indie rock
2026-09-21,medium_term,0Y6dVaC9DZtPNH4591M42W,lo-fi
2026-09-21,medium_term,0Y6dVaC9DZtPNH4591M42W,pop
2026-09-21,medium_term,0dgJbQ0bKPyUXco8hEXN7X,ambient
2026-09-21,medium_term,0dgJbQ0bKPyUXco8hEXN7X,boom bap
2026-09-21,medium_term,0dgJbQ0bKPyUXco8hEXN7X,chillout
2026-09-21,medium_term,0dgJbQ0bKPyUXco8hEXN7X,chillwave
2026-09-21,medium_term,0dgJbQ0bKPyUXco8hEXN7X,downtempo
2026-09-21,medium_term,0dgJbQ0bKPyUXco8hEXN7X,drift phonk
2026-09-21,medium_term,0dgJbQ0bKPyUXco8hEXN7X,hardwave
2026-09-21,medium_term,0dgJbQ0bKPyUXco8hEXN7X,hip hop
2026-09-21,medium_term,0dgJbQ0bKPyUXco8hEXN7X,house
2026-09-21,medium_term,0dgJbQ0bKPyUXco8hEXN7X,instrumental
2026-09-21,medium_term,0dgJbQ0bKPyUXco8hEXN7X,instrumental hip hop
2026-09-21,medium_term,0dgJbQ0bKPyUXco8hEXN7X,lo-fi
2026-09-21,medium_term,0dgJbQ0bKPyUXco8hEXN7X,lo-fi hip hop
2026-09-21,medium_term,0dgJbQ0bKPyUXco8hEXN7X,phonk
2026-09-21,medium_term,0dgJbQ0bKPyUXco8hEXN7X,wave
2026-09-21,medium_term,0hEurMDQu99nJRq8pTxO14,acoustic rock
2026-09-21,medium_term,0hEurMDQu99nJRq8pTxO14,alternative rock
2026-09-21,medium_term,0hEurMDQu99nJRq8pTxO14,americana
2026-09-21,medium_term,0hEurMDQu99nJRq8pTxO14,blue-eyed soul
2026-09-21,medium_term,0hEurMDQu99nJRq8pTxO14,blues
2026-09-21,medium_term,0hEurMDQu99nJRq8pTxO14,blues rock
2026-09-21,medium_term,0hEurMDQu99nJRq8pTxO14,country
2026-09-21,medium_term,0hEurMDQu99nJRq8pTxO14,country rock
2026-09-21,medium_term,0hEurMDQu99nJRq8pTxO14,folk rock
2026-09-21,medium_term,0hEurMDQu99nJRq8pTxO14,indie rock
2026-09-21,medium_term,0hEurMDQu99nJRq8pTxO14,pop
2026-09-21,medium_term,0hEurMDQu99nJRq8pTxO14,pop rock
2026-09-21,medium_term,0hEurMDQu99nJRq8pTxO14,rock
2026-09-21,medium_term,0hEurMDQu99nJRq8pTxO14,singer-songwriter
2026-09-21,medium_term,0hEurMDQu99nJRq8pTxO14,soft rock
2026-09-21,medium_term,0hEurMDQu99nJRq8pTxO14,soul
2026-09-21,medium_term,0klU31gyC6EZqKgLvVANCy,boom bap
2026-09-21,medium_term,0klU31gyC6EZqKgLvVANCy,chillwave
2026-09-21,medium_term,0klU31gyC6EZqKgLvVANCy,downtempo
2026-09-21,medium_term,0klU31gyC6EZqKgLvVANCy,hip hop
2026-09-21,medium_term,0klU31gyC6EZqKgLvVANCy,instrumental
2026-09-21,medium_term,0klU31gyC6EZqKgLvVANCy,instrumental hip hop
2026-09-21,medium_term,0klU31gyC6EZqKgLvVANCy,lo-fi
2026-09-21,medium_term,0klU31gyC6EZqKgLvVANCy,lo-fi hip hop
2026-09-21,medium_term,17XXKfRBMCWvLrqGoNkJXm,ballad
2026-09-21,medium_term,17XXKfRBMCWvLrqGoNkJXm,easy listening
2026-09-21,medium_term,17XXKfRBMCWvLrqGoNkJXm,pop
2026-09-21,medium_term,1AbJ2cmwK400LSvdvBL5Jc,bedroom pop
2026-09-21,medium_term,1QAJqy2dA3ihHBFIHRphZj,ambient
2026-09-21,medium_term,1QAJqy2dA3ihHBFIHRphZj,ambient pop
2026-09-21,medium_term,1QAJqy2dA3ihHBFIHRphZj,dream pop
2026-09-21,medium_term,1QAJqy2dA3ihHBFIHRphZj,indie pop
2026-09-21,medium_term,1QAJqy2dA3ihHBFIHRphZj,indie rock
2026-09-21,medium_term,1QAJqy2dA3ihHBFIHRphZj,pop
2026-09-21,medium_term,1QAJqy2dA3ihHBFIHRphZj,shoegaze
2026-09-21,medium_term,1QAJqy2dA3ihHBFIHRphZj,slowcore
2026-09-21,medium_term,1Xyo4u8uXC1ZmMpatF05PJ,alternative r&b
2026-09-21,medium_term,1Xyo4u8uXC1ZmMpatF05PJ,contemporary r&b
2026-09-21,medium_term,1Xyo4u8uXC1ZmMpatF05PJ,dance-pop
2026-09-21,medium_term,1Xyo4u8uXC1ZmMpatF05PJ,hypnagogic pop
2026-09-21,medium_term,1Xyo4u8uXC1ZmMpatF05PJ,pop
2026-09-21,medium_term,1Xyo4u8uXC1ZmMpatF05PJ,r&b
2026-09-21,medium_term,1Xyo4u8uXC1ZmMpatF05PJ,synth-pop
2026-09-21,medium_term,1cGyguqPQY22oUd4fKglFS,ambient
2026-09-21,medium_term,1cGyguqPQY22oUd4fKglFS,dark ambient
2026-09-21,medium_term,1wRPtKGflJrBx9BmLsSwlU,filmi
2026-09-21,medium_term,2YZyLoL8N0Wb9xBt1NhZWg,alternative hip hop
2026-09-21,medium_term,2YZyLoL8N0Wb9xBt1NhZWg,conscious hip hop
2026-09-21,medium_term,2YZyLoL8N0Wb9xBt1NhZWg,dance
2026-09-21,medium_term,2YZyLoL8N0Wb9xBt1NhZWg,disco
2026-09-21,medium_term,2YZyLoL8N0Wb9xBt1NhZWg,future bass
2026-09-21,medium_term,2YZyLoL8N0Wb9xBt1NhZWg,gangsta rap
2026-09-21,medium_term,2YZyLoL8N0Wb9xBt1NhZWg,hardcore hip hop
2026-09-21,medium_term,2YZyLoL8N0Wb9xBt1NhZWg,hip hop
2026-09-21,medium_term,2YZyLoL8N0Wb9xBt1NhZWg,house
2026-09-21,medium_term,2YZyLoL8N0Wb9xBt1NhZWg,jazz
2026-09-21,medium_term,2YZyLoL8N0Wb9xBt1NhZWg,jazz rap
2026-09-21,medium_term,2YZyLoL8N0Wb9xBt1NhZWg,pop
2026-09-21,medium_term,2YZyLoL8N0Wb9xBt1NhZWg,pop rap
2026-09-21,medium_term,2YZyLoL8N0Wb9xBt1NhZWg,r&b
2026-09-21,medium_term,2YZyLoL8N0Wb9xBt1NhZWg,trap
2026-09-21,medium_term,2YZyLoL8N0Wb9xBt1NhZWg,west coast hip hop
2026-09-21,medium_term,2h93pZq0e7k5yf4dywlkpM,alternative r&b
2026-09-21,medium_term,2h93pZq0e7k5yf4dywlkpM,contemporary r&b
2026-09-21,medium_term,2h93pZq0e7k5yf4dywlkpM,pop
2026-09-21,medium_term,2h93pZq0e7k5yf4dywlkpM,r&b
2026-09-21,medium_term,2jku7tDXc6XoB6MO2hFuqg,alternative hip hop
2026-09-21,medium_term,2jku7tDXc6XoB6MO2hFuqg,alternative r&b
2026-09-21,medium_term,2jku7tDXc6XoB6MO2hFuqg,contemporary r&b
2026-09-21,medium_term,2jku7tDXc6XoB6MO2hFuqg,dancehall
2026-09-21,medium_term,2jku7tDXc6XoB6MO2hFuqg,hip hop
2026-09-21,medium_term,2jku7tDXc6XoB6MO2hFuqg,r&b
2026-09-21,medium_term,3AA28KZvwAUcZuOKwyblJQ,alternative dance
2026-09-21,medium_term,3AA28KZvwAUcZuOKwyblJQ,alternative hip hop
2026-09-21,medium_term,3AA28KZvwAUcZuOKwyblJQ,alternative pop
2026-09-21,medium_term,3AA28KZvwAUcZuOKwyblJQ,alternative rock
2026-09-21,medium_term,3AA28KZvwAUcZuOKwyblJQ,art pop
2026-09-21,medium_term,3AA28KZvwAUcZuOKwyblJQ,bassline
2026-09-21,medium_term,3AA28KZvwAUcZuOKwyblJQ,breakbeat
2026-09-21,medium_term,3AA28KZvwAUcZuOKwyblJQ,breaks
2026-09-21,medium_term,3AA28KZvwAUcZuOKwyblJQ,dance
2026-09-21,medium_term,3AA28KZvwAUcZuOKwyblJQ,disco
2026-09-21,medium_term,3AA28KZvwAUcZuOKwyblJQ,electronic
2026-09-21,medium_term,3AA28KZvwAUcZuOKwyblJQ,electronica
2026-09-21,medium_term,3AA28KZvwAUcZuOKwyblJQ,electropop
2026-09-21,medium_term,3AA28KZvwAUcZuOKwyblJQ,future bass
2026-09-21,medium_term,3AA28KZvwAUcZuOKwyblJQ,hip hop
2026-09-21,medium_term,3AA28KZvwAUcZuOKwyblJQ,indie rock
2026-09-21,medium_term,3AA28KZvwAUcZuOKwyblJQ,latin
2026-09-21,medium_term,3AA28KZvwAUcZuOKwyblJQ,pop
2026-09-21,medium_term,3AA28KZvwAUcZuOKwyblJQ,pop rock
2026-09-21,medium_term,3AA28KZvwAUcZuOKwyblJQ,rock
2026-09-21,medium_term,3AA28KZvwAUcZuOKwyblJQ,synth-pop
2026-09-21,medium_term,3AA28KZvwAUcZuOKwyblJQ,tech house
2026-09-21,medium_term,3AA28KZvwAUcZuOKwyblJQ,trap
2026-09-21,medium_term,3AA28KZvwAUcZuOKwyblJQ,trip hop
2026-09-21,medium_term,3AA28KZvwAUcZuOKwyblJQ,uk garage
2026-09-21,medium_term,3MZsBdqDrRTJihTHQrO6Dq,alternative r&b
2026-09-21,medium_term,3MZsBdqDrRTJihTHQrO6Dq,art pop
2026-09-21,medium_term,3MZsBdqDrRTJihTHQrO6Dq,ballad
2026-09-21,medium_term,3MZsBdqDrRTJihTHQrO6Dq,instrumental hip hop
2026-09-21,medium_term,3MZsBdqDrRTJihTHQrO6Dq,lo-fi hip hop
2026-09-21,medium_term,3MZsBdqDrRTJihTHQrO6Dq,trip hop
2026-09-21,medium_term,3Sz7ZnJQBIHsXLUSo0OQtM,folk pop
2026-09-21,medium_term,3Sz7ZnJQBIHsXLUSo0OQtM,indie pop
2026-09-21,medium_term,3Sz7ZnJQBIHsXLUSo0OQtM,indie rock
2026-09-21,medium_term,3Sz7ZnJQBIHsXLUSo0OQtM,jangle pop
2026-09-21,medium_term,3Sz7ZnJQBIHsXLUSo0OQtM,pop
2026-09-21,medium_term,3Sz7ZnJQBIHsXLUSo0OQtM,psychedelic pop
2026-09-21,medium_term,3ctnkEZGtVBTxS7IMin8nC,lo-fi hip hop
2026-09-21,medium_term,3mIj9lX2MWuHmhNCA7LSCW,alternative pop
2026-09-21,medium_term,3mIj9lX2MWuHmhNCA7LSCW,alternative rock
2026-09-21,medium_term,3mIj9lX2MWuHmhNCA7LSCW,ambient pop
2026-09-21,medium_term,3mIj9lX2MWuHmhNCA7LSCW,art pop
2026-09-21,medium_term,3mIj9lX2MWuHmhNCA7LSCW,indie pop
2026-09-21,medium_term,3mIj9lX2MWuHmhNCA7LSCW,indie rock
2026-09-21,medium_term,3mIj9lX2MWuHmhNCA7LSCW,indietronica
2026-09-21,medium_term,3mIj9lX2MWuHmhNCA7LSCW,leftfield
2026-09-21,medium_term,3mIj9lX2MWuHmhNCA7LSCW,new wave
2026-09-21,medium_term,3mIj9lX2MWuHmhNCA7LSCW,pop rock
2026-09-21,medium_term,3mIj9lX2MWuHmhNCA7LSCW,post-punk revival
2026-09-21,medium_term,3mIj9lX2MWuHmhNCA7LSCW,synth-pop
2026-09-21,medium_term,47zz7sob9NUcODy0BTDvKx,contemporary r&b
2026-09-21,medium_term,47zz7sob9NUcODy0BTDvKx,downtempo
2026-09-21,medium_term,47zz7sob9NUcODy0BTDvKx,jazz
2026-09-21,medium_term,47zz7sob9NUcODy0BTDvKx,jazz pop
2026-09-21,medium_term,47zz7sob9NUcODy0BTDvKx,pop
2026-09-21,medium_term,47zz7sob9NUcODy0BTDvKx,quiet storm
2026-09-21,medium_term,47zz7sob9NUcODy0BTDvKx,smooth jazz
2026-09-21,medium_term,47zz7sob9NUcODy0BTDvKx,smooth soul
2026-09-21,medium_term,47zz7sob9NUcODy0BTDvKx,sophisti-pop
2026-09-21,medium_term,47zz7sob9NUcODy0BTDvKx,soul
2026-09-21,medium_term,47zz7sob9NUcODy0BTDvKx,trip hop
2026-09-21,medium_term,4Z8W4fKeB5YxbusRsdQVPb,alternative rock
2026-09-21,medium_term,4Z8W4fKeB5YxbusRsdQVPb,ambient pop
2026-09-21,medium_term,4Z8W4fKeB5YxbusRsdQVPb,art pop
2026-09-21,medium_term,4Z8W4fKeB5YxbusRsdQVPb,art rock
2026-09-21,medium_term,4Z8W4fKeB5YxbusRsdQVPb,britpop
2026-09-21,medium_term,4Z8W4fKeB5YxbusRsdQVPb,chamber pop
2026-09-21,medium_term,4Z8W4fKeB5YxbusRsdQVPb,crossover prog
2026-09-21,medium_term,4Z8W4fKeB5YxbusRsdQVPb,electronic
2026-09-21,medium_term,4Z8W4fKeB5YxbusRsdQVPb,electronic rock
2026-09-21,medium_term,4Z8W4fKeB5YxbusRsdQVPb,electronica
2026-09-21,medium_term,4Z8W4fKeB5YxbusRsdQVPb,experimental
2026-09-21,medium_term,4Z8W4fKeB5YxbusRsdQVPb,experimental rock
2026-09-21,medium_term,4Z8W4fKeB5YxbusRsdQVPb,idm
2026-09-21,medium_term,4Z8W4fKeB5YxbusRsdQVPb,indie rock
2026-09-21,medium_term,4Z8W4fKeB5YxbusRsdQVPb,indietronica
2026-09-21,medium_term,4Z8W4fKeB5YxbusRsdQVPb,post-britpop
2026-09-21,medium_term,4Z8W4fKeB5YxbusRsdQVPb,post-grunge
2026-09-21,medium_term,4Z8W4fKeB5YxbusRsdQVPb,rock
2026-09-21,medium_term,4dpARuHxo51G3z768sgnrY,blue-eyed soul
2026-09-21,medium_term,4dpARuHxo51G3z768sgnrY,neo soul
2026-09-21,medium_term,4dpARuHxo51G3z768sgnrY,pop
2026-09-21,medium_term,4dpARuHxo51G3z768sgnrY,pop soul
2026-09-21,medium_term,4dpARuHxo51G3z768sgnrY,r&b
2026-09-21,medium_term,4dpARuHxo51G3z768sgnrY,soul
2026-09-21,medium_term,4gdMJYnopf2nEUcanAwstx,indian pop
2026-09-21,medium_term,4gdMJYnopf2nEUcanAwstx,singer-songwriter
2026-09-21,medium_term,4yvcSjfu4PC0CYQyLy4wSq,electronic
2026-09-21,medium_term,4yvcSjfu4PC0CYQyLy4wSq,indie pop
2026-09-21,medium_term,4yvcSjfu4PC0CYQyLy4wSq,indie rock
2026-09-21,medium_term,4yvcSjfu4PC0CYQyLy4wSq,indietronica
2026-09-21,medium_term,4yvcSjfu4PC0CYQyLy4wSq,pop
2026-09-21,medium_term,4yvcSjfu4PC0CYQyLy4wSq,psychedelic pop
2026-09-21,medium_term,4yvcSjfu4PC0CYQyLy4wSq,psychedelic rock
2026-09-21,medium_term,5INjqkS1o8h1imAzPqGZBb,alternative dance
2026-09-21,medium_term,5INjqkS1o8h1imAzPqGZBb,alternative rock
2026-09-21,medium_term,5INjqkS1o8h1imAzPqGZBb,dream pop
2026-09-21,medium_term,5INjqkS1o8h1imAzPqGZBb,indie rock
2026-09-21,medium_term,5INjqkS1o8h1imAzPqGZBb,indietronica
2026-09-21,medium_term,5INjqkS1o8h1imAzPqGZBb,leftfield
2026-09-21,medium_term,5INjqkS1o8h1imAzPqGZBb,neo-psychedelia
2026-09-21,medium_term,5INjqkS1o8h1imAzPqGZBb,pop
2026-09-21,medium_term,5INjqkS1o8h1imAzPqGZBb,psychedelic
2026-09-21,medium_term,5INjqkS1o8h1imAzPqGZBb,psychedelic pop
2026-09-21,medium_term,5INjqkS1o8h1imAzPqGZBb,psychedelic rock
2026-09-21,medium_term,5INjqkS1o8h1imAzPqGZBb,rock
2026-09-21,medium_term,5INjqkS1o8h1imAzPqGZBb,space rock
2026-09-21,medium_term,5INjqkS1o8h1imAzPqGZBb,synth-pop
2026-09-21,medium_term,5cj0lLjcoR7YOSnhnX0Po5,alternative rock
2026-09-21,medium_term,5cj0lLjcoR7YOSnhnX0Po5,grunge
2026-09-21,medium_term,5cj0lLjcoR7YOSnhnX0Po5,hip hop
2026-09-21,medium_term,5cj0lLjcoR7YOSnhnX0Po5,pop
2026-09-21,medium_term,5cj0lLjcoR7YOSnhnX0Po5,pop rap
2026-09-21,medium_term,5cj0lLjcoR7YOSnhnX0Po5,post-grunge
2026-09-21,medium_term,5cj0lLjcoR7YOSnhnX0Po5,power pop
2026-09-21,medium_term,5cj0lLjcoR7YOSnhnX0Po5,rock
2026-09-21,medium_term,5cj0lLjcoR7YOSnhnX0Po5,trap
2026-09-21,medium_term,5cj0lLjcoR7YOSnhnX0Po5,west coast hip hop
2026-09-21,medium_term,5y8tKLUfMvliMe8IKamR32,alternative r&b
2026-09-21,medium_term,5y8tKLUfMvliMe8IKamR32,contemporary r&b
2026-09-21,medium_term,5y8tKLUfMvliMe8IKamR32,indie pop
2026-09-21,medium_term,5y8tKLUfMvliMe8IKamR32,lo-fi
2026-09-21,medium_term,60jYUgQzKAtnJoXKGk1GNn,folk
2026-09-21,medium_term,60jYUgQzKAtnJoXKGk1GNn,pop
2026-09-21,medium_term,60jYUgQzKAtnJoXKGk1GNn,techno
2026-09-21,medium_term,66CXWjxzNUsdJxJ2JdwvnR,contemporary r&b
2026-09-21,medium_term,66CXWjxzNUsdJxJ2JdwvnR,dance-pop
2026-09-21,medium_term,66CXWjxzNUsdJxJ2JdwvnR,pop
2026-09-21,medium_term,66CXWjxzNUsdJxJ2JdwvnR,r&b
2026-09-21,medium_term,66CXWjxzNUsdJxJ2JdwvnR,trap soul
2026-09-21,medium_term,700c9Qz2z6HZKTumeliKAw,electronic
2026-09-21,medium_term,77SW9BnxLY8rJ0RciFqkHh,alternative rock
2026-09-21,medium_term,77SW9BnxLY8rJ0RciFqkHh,indie pop
2026-09-21,medium_term,78rUTD7y6Cy67W1RVzYs7t,alternative pop
2026-09-21,medium_term,78rUTD7y6Cy67W1RVzYs7t,bubblegum pop
2026-09-21,medium_term,78rUTD7y6Cy67W1RVzYs7t,dance-pop
2026-09-21,medium_term,78rUTD7y6Cy67W1RVzYs7t,drum and bass
2026-09-21,medium_term,78rUTD7y6Cy67W1RVzYs7t,future garage
2026-09-21,medium_term,78rUTD7y6Cy67W1RVzYs7t,jungle
2026-09-21,medium_term,78rUTD7y6Cy67W1RVzYs7t,pop
2026-09-21,medium_term,78rUTD7y6Cy67W1RVzYs7t,uk garage
2026-09-21,medium_term,7Ln80lUS6He07XvHI8qqHH,alternative rock
2026-09-21,medium_term,7Ln80lUS6He07XvHI8qqHH,art rock
2026-09-21,medium_term,7Ln80lUS6He07XvHI8qqHH,baroque pop
2026-09-21,medium_term,7Ln80lUS6He07XvHI8qqHH,dance
2026-09-21,medium_term,7Ln80lUS6He07XvHI8qqHH,electronica
2026-09-21,medium_term,7Ln80lUS6He07XvHI8qqHH,garage rock
2026-09-21,medium_term,7Ln80lUS6He07XvHI8qqHH,garage rock revival
2026-09-21,medium_term,7Ln80lUS6He07XvHI8qqHH,house
2026-09-21,medium_term,7Ln80lUS6He07XvHI8qqHH,indie rock
2026-09-21,medium_term,7Ln80lUS6He07XvHI8qqHH,neo-psychedelia
2026-09-21,medium_term,7Ln80lUS6He07XvHI8qqHH,pop
2026-09-21,medium_term,7Ln80lUS6He07XvHI8qqHH,post-punk revival
2026-09-21,medium_term,7Ln80lUS6He07XvHI8qqHH,psychedelic pop
2026-09-21,medium_term,7Ln80lUS6He07XvHI8qqHH,psychedelic rock
2026-09-21,medium_term,7Ln80lUS6He07XvHI8qqHH,rock
2026-09-21,medium_term,7lzordPuZEXxwt9aoVZYmG,alternative dance
2026-09-21,medium_term,7lzordPuZEXxwt9aoVZYmG,classic rock
2026-09-21,medium_term,7lzordPuZEXxwt9aoVZYmG,electronic
2026-09-21,medium_term,7lzordPuZEXxwt9aoVZYmG,hard rock
2026-09-21,medium_term,7lzordPuZEXxwt9aoVZYmG,new wave
2026-09-21,medium_term,7lzordPuZEXxwt9aoVZYmG,pop rock
2026-09-21,medium_term,7lzordPuZEXxwt9aoVZYmG,punk rock
2026-09-21,medium_term,7lzordPuZEXxwt9aoVZYmG,rock
2026-09-21,medium_term,7tYKF4w9nC0nq9CsPZTHyP,alternative r&b
2026-09-21,medium_term,7tYKF4w9nC0nq9CsPZTHyP,contemporary r&b
2026-09-21,medium_term,7tYKF4w9nC0nq9CsPZTHyP,electronic
2026-09-21,medium_term,7tYKF4w9nC0nq9CsPZTHyP,hip hop soul
2026-09-21,medium_term,7tYKF4w9nC0nq9CsPZTHyP,neo soul
2026-09-21,medium_term,7tYKF4w9nC0nq9CsPZTHyP,pop
2026-09-21,medium_term,7tYKF4w9nC0nq9CsPZTHyP,r&b
2026-09-21,medium_term,7tYKF4w9nC0nq9CsPZTHyP,soul
2026-09-21,short_term,00FQb4jTyendYWaN8pK0wa,alternative pop
2026-09-21,short_term,00FQb4jTyendYWaN8pK0wa,art pop
2026-09-21,short_term,00FQb4jTyendYWaN8pK0wa,ballad
2026-09-21,short_term,00FQb4jTyendYWaN8pK0wa,baroque pop
2026-09-21,short_term,00FQb4jTyendYWaN8pK0wa,chamber pop
2026-09-21,short_term,00FQb4jTyendYWaN8pK0wa,country
2026-09-21,short_term,00FQb4jTyendYWaN8pK0wa,dance
2026-09-21,short_term,00FQb4jTyendYWaN8pK0wa,dream pop
2026-09-21,short_term,00FQb4jTyendYWaN8pK0wa,edm
2026-09-21,short_term,00FQb4jTyendYWaN8pK0wa,electronic
2026-09-21,short_term,00FQb4jTyendYWaN8pK0wa,electronica
2026-09-21,short_term,00FQb4jTyendYWaN8pK0wa,future bass
2026-09-21,short_term,00FQb4jTyendYWaN8pK0wa,house
2026-09-21,short_term,00FQb4jTyendYWaN8pK0wa,indie pop
2026-09-21,short_term,00FQb4jTyendYWaN8pK0wa,indie rock
2026-09-21,short_term,00FQb4jTyendYWaN8pK0wa,melodic house
2026-09-21,short_term,00FQb4jTyendYWaN8pK0wa,melodic techno
2026-09-21,short_term,00FQb4jTyendYWaN8pK0wa,neo-psychedelia
2026-09-21,short_term,00FQb4jTyendYWaN8pK0wa,pop
2026-09-21,short_term,00FQb4jTyendYWaN8pK0wa,psychedelic pop
2026-09-21,short_term,00FQb4jTyendYWaN8pK0wa,r&b
2026-09-21,short_term,00FQb4jTyendYWaN8pK0wa,rock
2026-09-21,short_term,00FQb4jTyendYWaN8pK0wa,singer-songwriter
2026-09-21,short_term,00FQb4jTyendYWaN8pK0wa,slowcore
2026-09-21,short_term,00FQb4jTyendYWaN8pK0wa,trap
2026-09-21,short_term,00FQb4jTyendYWaN8pK0wa,trip hop
2026-09-21,short_term,0Y6dVaC9DZtPNH4591M42W,dream pop
2026-09-21,short_term,0Y6dVaC9DZtPNH4591M42W,electronic
2026-09-21,short_term,0Y6dVaC9DZtPNH4591M42W,hip hop
2026-09-21,short_term,0Y6dVaC9DZtPNH4591M42W,indie pop
2026-09-21,short_term,0Y6dVaC9DZtPNH4591M42W,indie rock
2026-09-21,short_term,0Y6dVaC9DZtPNH4591M42W,lo-fi
2026-09-21,short_term,0Y6dVaC9DZtPNH4591M42W,pop
2026-09-21,short_term,0dgJbQ0bKPyUXco8hEXN7X,ambient
2026-09-21,short_term,0dgJbQ0bKPyUXco8hEXN7X,boom bap
2026-09-21,short_term,0dgJbQ0bKPyUXco8hEXN7X,chillout
2026-09-21,short_term,0dgJbQ0bKPyUXco8hEXN7X,chillwave
2026-09-21,short_term,0dgJbQ0bKPyUXco8hEXN7X,downtempo
2026-09-21,short_term,0dgJbQ0bKPyUXco8hEXN7X,drift phonk
2026-09-21,short_term,0dgJbQ0bKPyUXco8hEXN7X,hardwave
2026-09-21,short_term,0dgJbQ0bKPyUXco8hEXN7X,hip hop
2026-09-21,short_term,0dgJbQ0bKPyUXco8hEXN7X,house
2026-09-21,short_term,0dgJbQ0bKPyUXco8hEXN7X,instrumental
2026-09-21,short_term,0dgJbQ0bKPyUXco8hEXN7X,instrumental hip hop
2026-09-21,short_term,0dgJbQ0bKPyUXco8hEXN7X,lo-fi
2026-09-21,short_term,0dgJbQ0bKPyUXco8hEXN7X,lo-fi hip hop
2026-09-21,short_term,0dgJbQ0bKPyUXco8hEXN7X,phonk
2026-09-21,short_term,0dgJbQ0bKPyUXco8hEXN7X,wave
2026-09-21,short_term,0hEurMDQu99nJRq8pTxO14,acoustic rock
2026-09-21,short_term,0hEurMDQu99nJRq8pTxO14,alternative rock
2026-09-21,short_term,0hEurMDQu99nJRq8pTxO14,americana
2026-09-21,short_term,0hEurMDQu99nJRq8pTxO14,blue-eyed soul
2026-09-21,short_term,0hEurMDQu99nJRq8pTxO14,blues
2026-09-21,short_term,0hEurMDQu99nJRq8pTxO14,blues rock
2026-09-21,short_term,0hEurMDQu99nJRq8pTxO14,country
2026-09-21,short_term,0hEurMDQu99nJRq8pTxO14,country rock
2026-09-21,short_term,0hEurMDQu99nJRq8pTxO14,folk rock
2026-09-21,short_term,0hEurMDQu99nJRq8pTxO14,indie rock
2026-09-21,short_term,0hEurMDQu99nJRq8pTxO14,pop
2026-09-21,short_term,0hEurMDQu99nJRq8pTxO14,pop rock
2026-09-21,short_term,0hEurMDQu99nJRq8pTxO14,rock
2026-09-21,short_term,0hEurMDQu99nJRq8pTxO14,singer-songwriter
2026-09-21,short_term,0hEurMDQu99nJRq8pTxO14,soft rock
2026-09-21,short_term,0hEurMDQu99nJRq8pTxO14,soul
2026-09-21,short_term,1AbJ2cmwK400LSvdvBL5Jc,bedroom pop
2026-09-21,short_term,1QAJqy2dA3ihHBFIHRphZj,ambient
2026-09-21,short_term,1QAJqy2dA3ihHBFIHRphZj,ambient pop
2026-09-21,short_term,1QAJqy2dA3ihHBFIHRphZj,dream pop
2026-09-21,short_term,1QAJqy2dA3ihHBFIHRphZj,indie pop
2026-09-21,short_term,1QAJqy2dA3ihHBFIHRphZj,indie rock
2026-09-21,short_term,1QAJqy2dA3ihHBFIHRphZj,pop
2026-09-21,short_term,1QAJqy2dA3ihHBFIHRphZj,shoegaze
2026-09-21,short_term,1QAJqy2dA3ihHBFIHRphZj,slowcore
2026-09-21,short_term,1Xyo4u8uXC1ZmMpatF05PJ,alternative r&b
2026-09-21,short_term,1Xyo4u8uXC1ZmMpatF05PJ,contemporary r&b
2026-09-21,short_term,1Xyo4u8uXC1ZmMpatF05PJ,dance-pop
2026-09-21,short_term,1Xyo4u8uXC1ZmMpatF05PJ,hypnagogic pop
2026-09-21,short_term,1Xyo4u8uXC1ZmMpatF05PJ,pop
2026-09-21,short_term,1Xyo4u8uXC1ZmMpatF05PJ,r&b
2026-09-21,short_term,1Xyo4u8uXC1ZmMpatF05PJ,synth-pop
2026-09-21,short_term,1fa0cOhromAZdq2xRA4vv8,blue-eyed soul
2026-09-21,short_term,1fa0cOhromAZdq2xRA4vv8,dance-pop
2026-09-21,short_term,1fa0cOhromAZdq2xRA4vv8,pop
2026-09-21,short_term,1fa0cOhromAZdq2xRA4vv8,pop soul
2026-09-21,short_term,1fa0cOhromAZdq2xRA4vv8,r&b
2026-09-21,short_term,1fa0cOhromAZdq2xRA4vv8,soft rock
2026-09-21,short_term,1fa0cOhromAZdq2xRA4vv8,sophisti-pop
2026-09-21,short_term,1fa0cOhromAZdq2xRA4vv8,soul
2026-09-21,short_term,1mYsTxnqsietFxj1OgoGbG,classical
2026-09-21,short_term,1mYsTxnqsietFxj1OgoGbG,filmi
2026-09-21,short_term,1mYsTxnqsietFxj1OgoGbG,world fusion
2026-09-21,short_term,1wRPtKGflJrBx9BmLsSwlU,filmi
2026-09-21,short_term,2YZyLoL8N0Wb9xBt1NhZWg,alternative hip hop
2026-09-21,short_term,2YZyLoL8N0Wb9xBt1NhZWg,conscious hip hop
2026-09-21,short_term,2YZyLoL8N0Wb9xBt1NhZWg,dance
2026-09-21,short_term,2YZyLoL8N0Wb9xBt1NhZWg,disco
2026-09-21,short_term,2YZyLoL8N0Wb9xBt1NhZWg,future bass
2026-09-21,short_term,2YZyLoL8N0Wb9xBt1NhZWg,gangsta rap
2026-09-21,short_term,2YZyLoL8N0Wb9xBt1NhZWg,hardcore hip hop
2026-09-21,short_term,2YZyLoL8N0Wb9xBt1NhZWg,hip hop
2026-09-21,short_term,2YZyLoL8N0Wb9xBt1NhZWg,house
2026-09-21,short_term,2YZyLoL8N0Wb9xBt1NhZWg,jazz
2026-09-21,short_term,2YZyLoL8N0Wb9xBt1NhZWg,jazz rap
2026-09-21,short_term,2YZyLoL8N0Wb9xBt1NhZWg,pop
2026-09-21,short_term,2YZyLoL8N0Wb9xBt1NhZWg,pop rap
2026-09-21,short_term,2YZyLoL8N0Wb9xBt1NhZWg,r&b
2026-09-21,short_term,2YZyLoL8N0Wb9xBt1NhZWg,trap
2026-09-21,short_term,2YZyLoL8N0Wb9xBt1NhZWg,west coast hip hop
2026-09-21,short_term,2h93pZq0e7k5yf4dywlkpM,alternative r&b
2026-09-21,short_term,2h93pZq0e7k5yf4dywlkpM,contemporary r&b
2026-09-21,short_term,2h93pZq0e7k5yf4dywlkpM,pop
2026-09-21,short_term,2h93pZq0e7k5yf4dywlkpM,r&b
2026-09-21,short_term,2jku7tDXc6XoB6MO2hFuqg,alternative hip hop
2026-09-21,short_term,2jku7tDXc6XoB6MO2hFuqg,alternative r&b
2026-09-21,short_term,2jku7tDXc6XoB6MO2hFuqg,contemporary r&b
2026-09-21,short_term,2jku7tDXc6XoB6MO2hFuqg,dancehall
2026-09-21,short_term,2jku7tDXc6XoB6MO2hFuqg,hip hop
2026-09-21,short_term,2jku7tDXc6XoB6MO2hFuqg,r&b
2026-09-21,short_term,2oSONSC9zQ4UonDKnLqksx,filmi
2026-09-21,short_term,3MZsBdqDrRTJihTHQrO6Dq,alternative r&b
2026-09-21,short_term,3MZsBdqDrRTJihTHQrO6Dq,art pop
2026-09-21,short_term,3MZsBdqDrRTJihTHQrO6Dq,ballad
2026-09-21,short_term,3MZsBdqDrRTJihTHQrO6Dq,instrumental hip hop
2026-09-21,short_term,3MZsBdqDrRTJihTHQrO6Dq,lo-fi hip hop
2026-09-21,short_term,3MZsBdqDrRTJihTHQrO6Dq,trip hop
2026-09-21,short_term,3Sz7ZnJQBIHsXLUSo0OQtM,folk pop
2026-09-21,short_term,3Sz7ZnJQBIHsXLUSo0OQtM,indie pop
2026-09-21,short_term,3Sz7ZnJQBIHsXLUSo0OQtM,indie rock
2026-09-21,short_term,3Sz7ZnJQBIHsXLUSo0OQtM,jangle pop
2026-09-21,short_term,3Sz7ZnJQBIHsXLUSo0OQtM,pop
2026-09-21,short_term,3Sz7ZnJQBIHsXLUSo0OQtM,psychedelic pop
2026-09-21,short_term,3mIj9lX2MWuHmhNCA7LSCW,alternative pop
2026-09-21,short_term,3mIj9lX2MWuHmhNCA7LSCW,alternative rock
2026-09-21,short_term,3mIj9lX2MWuHmhNCA7LSCW,ambient pop
2026-09-21,short_term,3mIj9lX2MWuHmhNCA7LSCW,art pop
2026-09-21,short_term,3mIj9lX2MWuHmhNCA7LSCW,indie pop
2026-09-21,short_term,3mIj9lX2MWuHmhNCA7LSCW,indie rock
2026-09-21,short_term,3mIj9lX2MWuHmhNCA7LSCW,indietronica
2026-09-21,short_term,3mIj9lX2MWuHmhNCA7LSCW,leftfield
2026-09-21,short_term,3mIj9lX2MWuHmhNCA7LSCW,new wave
2026-09-21,short_term,3mIj9lX2MWuHmhNCA7LSCW,pop rock
2026-09-21,short_term,3mIj9lX2MWuHmhNCA7LSCW,post-punk revival
2026-09-21,short_term,3mIj9lX2MWuHmhNCA7LSCW,synth-pop
2026-09-21,short_term,3yY2gUcIsjMr8hjo51PoJ8,alternative rock
2026-09-21,short_term,3yY2gUcIsjMr8hjo51PoJ8,britpop
2026-09-21,short_term,3yY2gUcIsjMr8hjo51PoJ8,indie pop
2026-09-21,short_term,3yY2gUcIsjMr8hjo51PoJ8,indie rock
2026-09-21,short_term,3yY2gUcIsjMr8hjo51PoJ8,jangle pop
2026-09-21,short_term,3yY2gUcIsjMr8hjo51PoJ8,new wave
2026-09-21,short_term,3yY2gUcIsjMr8hjo51PoJ8,pop
2026-09-21,short_term,3yY2gUcIsjMr8hjo51PoJ8,post-punk
2026-09-21,short_term,3yY2gUcIsjMr8hjo51PoJ8,rock
2026-09-21,short_term,47zz7sob9NUcODy0BTDvKx,contemporary r&b
2026-09-21,short_term,47zz7sob9NUcODy0BTDvKx,downtempo
2026-09-21,short_term,47zz7sob9NUcODy0BTDvKx,jazz
2026-09-21,short_term,47zz7sob9NUcODy0BTDvKx,jazz pop
2026-09-21,short_term,47zz7sob9NUcODy0BTDvKx,pop
2026-09-21,short_term,47zz7sob9NUcODy0BTDvKx,quiet storm
2026-09-21,short_term,47zz7sob9NUcODy0BTDvKx,smooth jazz
2026-09-21,short_term,47zz7sob9NUcODy0BTDvKx,smooth soul
2026-09-21,short_term,47zz7sob9NUcODy0BTDvKx,sophisti-pop
2026-09-21,short_term,47zz7sob9NUcODy0BTDvKx,soul
2026-09-21,short_term,47zz7sob9NUcODy0BTDvKx,trip hop
2026-09-21,short_term,4gdMJYnopf2nEUcanAwstx,indian pop
2026-09-21,short_term,4gdMJYnopf2nEUcanAwstx,singer-songwriter
2026-09-21,short_term,4gzpq5DPGxSnKTe4SA8HAU,alternative rock
2026-09-21,short_term,4gzpq5DPGxSnKTe4SA8HAU,art pop
2026-09-21,short_term,4gzpq5DPGxSnKTe4SA8HAU,britpop
2026-09-21,short_term,4gzpq5DPGxSnKTe4SA8HAU,dream pop
2026-09-21,short_term,4gzpq5DPGxSnKTe4SA8HAU,piano rock
2026-09-21,short_term,4gzpq5DPGxSnKTe4SA8HAU,pop
2026-09-21,short_term,4gzpq5DPGxSnKTe4SA8HAU,pop rock
2026-09-21,short_term,4gzpq5DPGxSnKTe4SA8HAU,post-britpop
2026-09-21,short_term,4gzpq5DPGxSnKTe4SA8HAU,rock
2026-09-21,short_term,5INjqkS1o8h1imAzPqGZBb,alternative dance
2026-09-21,short_term,5INjqkS1o8h1imAzPqGZBb,alternative rock
2026-09-21,short_term,5INjqkS1o8h1imAzPqGZBb,dream pop
2026-09-21,short_term,5INjqkS1o8h1imAzPqGZBb,indie rock
2026-09-21,short_term,5INjqkS1o8h1imAzPqGZBb,indietronica
2026-09-21,short_term,5INjqkS1o8h1imAzPqGZBb,leftfield
2026-09-21,short_term,5INjqkS1o8h1imAzPqGZBb,neo-psychedelia
2026-09-21,short_term,5INjqkS1o8h1imAzPqGZBb,pop
2026-09-21,short_term,5INjqkS1o8h1imAzPqGZBb,psychedelic
2026-09-21,short_term,5INjqkS1o8h1imAzPqGZBb,psychedelic pop
2026-09-21,short_term,5INjqkS1o8h1imAzPqGZBb,psychedelic rock
2026-09-21,short_term,5INjqkS1o8h1imAzPqGZBb,rock
2026-09-21,short_term,5INjqkS1o8h1imAzPqGZBb,space rock
2026-09-21,short_term,5INjqkS1o8h1imAzPqGZBb,synth-pop
2026-09-21,short_term,66CXWjxzNUsdJxJ2JdwvnR,contemporary r&b
2026-09-21,short_term,66CXWjxzNUsdJxJ2JdwvnR,dance-pop
2026-09-21,short_term,66CXWjxzNUsdJxJ2JdwvnR,pop
2026-09-21,short_term,66CXWjxzNUsdJxJ2JdwvnR,r&b
2026-09-21,short_term,66CXWjxzNUsdJxJ2JdwvnR,trap soul
2026-09-21,short_term,6IRouO5mvvfcyxtPDKMYFN,acoustic rock
2026-09-21,short_term,6IRouO5mvvfcyxtPDKMYFN,aor
2026-09-21,short_term,6IRouO5mvvfcyxtPDKMYFN,arena rock
2026-09-21,short_term,6IRouO5mvvfcyxtPDKMYFN,classic rock
2026-09-21,short_term,6IRouO5mvvfcyxtPDKMYFN,hard rock
2026-09-21,short_term,6IRouO5mvvfcyxtPDKMYFN,pop rock
2026-09-21,short_term,6IRouO5mvvfcyxtPDKMYFN,rock
2026-09-21,short_term,6IRouO5mvvfcyxtPDKMYFN,soft rock
2026-09-21,short_term,6XwwFnewNgWp81MYMK8zLq,deep house
2026-09-21,short_term,700c9Qz2z6HZKTumeliKAw,electronic
2026-09-21,short_term,77SW9BnxLY8rJ0RciFqkHh,alternative rock
2026-09-21,short_term,77SW9BnxLY8rJ0RciFqkHh,indie pop
2026-09-21,short_term,7CajNmpbOovFoOoasH2HaY,acid house
2026-09-21,short_term,7CajNmpbOovFoOoasH2HaY,club
2026-09-21,short_term,7CajNmpbOovFoOoasH2HaY,complextro
2026-09-21,short_term,7CajNmpbOovFoOoasH2HaY,contemporary r&b
2026-09-21,short_term,7CajNmpbOovFoOoasH2HaY,dance
2026-09-21,short_term,7CajNmpbOovFoOoasH2HaY,dance-pop
2026-09-21,short_term,7CajNmpbOovFoOoasH2HaY,disco
2026-09-21,short_term,7CajNmpbOovFoOoasH2HaY,edm
2026-09-21,short_term,7CajNmpbOovFoOoasH2HaY,electro house
2026-09-21,short_term,7CajNmpbOovFoOoasH2HaY,electro-disco
2026-09-21,short_term,7CajNmpbOovFoOoasH2HaY,electronic
2026-09-21,short_term,7CajNmpbOovFoOoasH2HaY,electropop
2026-09-21,short_term,7CajNmpbOovFoOoasH2HaY,festival progressive house
2026-09-21,short_term,7CajNmpbOovFoOoasH2HaY,funktronica
2026-09-21,short_term,7CajNmpbOovFoOoasH2HaY,hip house
2026-09-21,short_term,7CajNmpbOovFoOoasH2HaY,house
2026-09-21,short_term,7CajNmpbOovFoOoasH2HaY,melodic house
2026-09-21,short_term,7CajNmpbOovFoOoasH2HaY,melodic techno
2026-09-21,short_term,7CajNmpbOovFoOoasH2HaY,nu disco
2026-09-21,short_term,7CajNmpbOovFoOoasH2HaY,pop
2026-09-21,short_term,7CajNmpbOovFoOoasH2HaY,progressive house
2026-09-21,short_term,7CajNmpbOovFoOoasH2HaY,synth-pop
2026-09-21,short_term,7CajNmpbOovFoOoasH2HaY,uk garage
2026-09-21,short_term,7Ln80lUS6He07XvHI8qqHH,alternative rock
2026-09-21,short_term,7Ln80lUS6He07XvHI8qqHH,art rock
2026-09-21,short_term,7Ln80lUS6He07XvHI8qqHH,baroque pop
2026-09-21,short_term,7Ln80lUS6He07XvHI8qqHH,dance
2026-09-21,short_term,7Ln80lUS6He07XvHI8qqHH,electronica
2026-09-21,short_term,7Ln80lUS6He07XvHI8qqHH,garage rock
2026-09-21,short_term,7Ln80lUS6He07XvHI8qqHH,garage rock revival
2026-09-21,short_term,7Ln80lUS6He07XvHI8qqHH,house
2026-09-21,short_term,7Ln80lUS6He07XvHI8qqHH,indie rock
2026-09-21,short_term,7Ln80lUS6He07XvHI8qqHH,neo-psychedelia
2026-09-21,short_term,7Ln80lUS6He07XvHI8qqHH,pop
2026-09-21,short_term,7Ln80lUS6He07XvHI8qqHH,post-punk revival
2026-09-21,short_term,7Ln80lUS6He07XvHI8qqHH,psychedelic pop
2026-09-21,short_term,7Ln80lUS6He07XvHI8qqHH,psychedelic rock
2026-09-21,short_term,7Ln80lUS6He07XvHI8qqHH,rock
2026-09-21,short_term,7tYKF4w9nC0nq9CsPZTHyP,alternative r&b
2026-09-21,short_term,7tYKF4w9nC0nq9CsPZTHyP,contemporary r&b
2026-09-21,short_term,7tYKF4w9nC0nq9CsPZTHyP,electronic
2026-09-21,short_term,7tYKF4w9nC0nq9CsPZTHyP,hip hop soul
2026-09-21,short_term,7tYKF4w9nC0nq9CsPZTHyP,neo soul
2026-09-21,short_term,7tYKF4w9nC0nq9CsPZTHyP,pop
2026-09-21,short_term,7tYKF4w9nC0nq9CsPZTHyP,r&b
2026-09-21,short_term,7tYKF4w9nC0nq9CsPZTHyP,soul
2026-09-22,long_term,00FQb4jTyendYWaN8pK0wa,alternative pop
2026-09-22,long_term,00FQb4jTyendYWaN8pK0wa,art pop
2026-09-22,long_term,00FQb4jTyendYWaN8pK0wa,ballad
2026-09-22,long_term,00FQb4jTyendYWaN8pK0wa,baroque pop
2026-09-22,long_term,00FQb4jTyendYWaN8pK0wa,chamber pop
2026-09-22,long_term,00FQb4jTyendYWaN8pK0wa,country
2026-09-22,long_term,00FQb4jTyendYWaN8pK0wa,dance
2026-09-22,long_term,00FQb4jTyendYWaN8pK0wa,dream pop
2026-09-22,long_term,00FQb4jTyendYWaN8pK0wa,edm
2026-09-22,long_term,00FQb4jTyendYWaN8pK0wa,electronic
2026-09-22,long_term,00FQb4jTyendYWaN8pK0wa,electronica
2026-09-22,long_term,00FQb4jTyendYWaN8pK0wa,future bass
2026-09-22,long_term,00FQb4jTyendYWaN8pK0wa,house
2026-09-22,long_term,00FQb4jTyendYWaN8pK0wa,indie pop
2026-09-22,long_term,00FQb4jTyendYWaN8pK0wa,indie rock
2026-09-22,long_term,00FQb4jTyendYWaN8pK0wa,melodic house
2026-09-22,long_term,00FQb4jTyendYWaN8pK0wa,melodic techno
2026-09-22,long_term,00FQb4jTyendYWaN8pK0wa,neo-psychedelia
2026-09-22,long_term,00FQb4jTyendYWaN8pK0wa,pop
2026-09-22,long_term,00FQb4jTyendYWaN8pK0wa,psychedelic pop
2026-09-22,long_term,00FQb4jTyendYWaN8pK0wa,r&b
2026-09-22,long_term,00FQb4jTyendYWaN8pK0wa,rock
2026-09-22,long_term,00FQb4jTyendYWaN8pK0wa,singer-songwriter
2026-09-22,long_term,00FQb4jTyendYWaN8pK0wa,slowcore
2026-09-22,long_term,00FQb4jTyendYWaN8pK0wa,trap
2026-09-22,long_term,00FQb4jTyendYWaN8pK0wa,trip hop
2026-09-22,long_term,06O23tLg0or676h8EEzH7W,chillwave
2026-09-22,long_term,06O23tLg0or676h8EEzH7W,dreamwave
2026-09-22,long_term,06O23tLg0or676h8EEzH7W,electronic
2026-09-22,long_term,06O23tLg0or676h8EEzH7W,synth-pop
2026-09-22,long_term,06O23tLg0or676h8EEzH7W,witch house
2026-09-22,long_term,0Y6dVaC9DZtPNH4591M42W,dream pop
2026-09-22,long_term,0Y6dVaC9DZtPNH4591M42W,electronic
2026-09-22,long_term,0Y6dVaC9DZtPNH4591M42W,hip hop
2026-09-22,long_term,0Y6dVaC9DZtPNH4591M42W,indie pop
2026-09-22,long_term,0Y6dVaC9DZtPNH4591M42W,indie rock
2026-09-22,long_term,0Y6dVaC9DZtPNH4591M42W,lo-fi
2026-09-22,long_term,0Y6dVaC9DZtPNH4591M42W,pop
2026-09-22,long_term,0dgJbQ0bKPyUXco8hEXN7X,ambient
2026-09-22,long_term,0dgJbQ0bKPyUXco8hEXN7X,boom bap
2026-09-22,long_term,0dgJbQ0bKPyUXco8hEXN7X,chillout
2026-09-22,long_term,0dgJbQ0bKPyUXco8hEXN7X,chillwave
2026-09-22,long_term,0dgJbQ0bKPyUXco8hEXN7X,downtempo
2026-09-22,long_term,0dgJbQ0bKPyUXco8hEXN7X,drift phonk
2026-09-22,long_term,0dgJbQ0bKPyUXco8hEXN7X,hardwave
2026-09-22,long_term,0dgJbQ0bKPyUXco8hEXN7X,hip hop
2026-09-22,long_term,0dgJbQ0bKPyUXco8hEXN7X,house
2026-09-22,long_term,0dgJbQ0bKPyUXco8hEXN7X,instrumental
2026-09-22,long_term,0dgJbQ0bKPyUXco8hEXN7X,instrumental hip hop
2026-09-22,long_term,0dgJbQ0bKPyUXco8hEXN7X,lo-fi
2026-09-22,long_term,0dgJbQ0bKPyUXco8hEXN7X,lo-fi hip hop
2026-09-22,long_term,0dgJbQ0bKPyUXco8hEXN7X,phonk
2026-09-22,long_term,0dgJbQ0bKPyUXco8hEXN7X,wave
2026-09-22,long_term,0hEurMDQu99nJRq8pTxO14,acoustic rock
2026-09-22,long_term,0hEurMDQu99nJRq8pTxO14,alternative rock
2026-09-22,long_term,0hEurMDQu99nJRq8pTxO14,americana
2026-09-22,long_term,0hEurMDQu99nJRq8pTxO14,blue-eyed soul
2026-09-22,long_term,0hEurMDQu99nJRq8pTxO14,blues
2026-09-22,long_term,0hEurMDQu99nJRq8pTxO14,blues rock
2026-09-22,long_term,0hEurMDQu99nJRq8pTxO14,country
2026-09-22,long_term,0hEurMDQu99nJRq8pTxO14,country rock
2026-09-22,long_term,0hEurMDQu99nJRq8pTxO14,folk rock
2026-09-22,long_term,0hEurMDQu99nJRq8pTxO14,indie rock
2026-09-22,long_term,0hEurMDQu99nJRq8pTxO14,pop
2026-09-22,long_term,0hEurMDQu99nJRq8pTxO14,pop rock
2026-09-22,long_term,0hEurMDQu99nJRq8pTxO14,rock
2026-09-22,long_term,0hEurMDQu99nJRq8pTxO14,singer-songwriter
2026-09-22,long_term,0hEurMDQu99nJRq8pTxO14,soft rock
2026-09-22,long_term,0hEurMDQu99nJRq8pTxO14,soul
2026-09-22,long_term,0klU31gyC6EZqKgLvVANCy,boom bap
2026-09-22,long_term,0klU31gyC6EZqKgLvVANCy,chillwave
2026-09-22,long_term,0klU31gyC6EZqKgLvVANCy,downtempo
2026-09-22,long_term,0klU31gyC6EZqKgLvVANCy,hip hop
2026-09-22,long_term,0klU31gyC6EZqKgLvVANCy,instrumental
2026-09-22,long_term,0klU31gyC6EZqKgLvVANCy,instrumental hip hop
2026-09-22,long_term,0klU31gyC6EZqKgLvVANCy,lo-fi
2026-09-22,long_term,0klU31gyC6EZqKgLvVANCy,lo-fi hip hop
2026-09-22,long_term,17XXKfRBMCWvLrqGoNkJXm,ballad
2026-09-22,long_term,17XXKfRBMCWvLrqGoNkJXm,easy listening
2026-09-22,long_term,17XXKfRBMCWvLrqGoNkJXm,pop
2026-09-22,long_term,19ra5tSw0tWufvUp8GotLo,ballad
2026-09-22,long_term,19ra5tSw0tWufvUp8GotLo,blue-eyed soul
2026-09-22,long_term,19ra5tSw0tWufvUp8GotLo,contemporary r&b
2026-09-22,long_term,19ra5tSw0tWufvUp8GotLo,dance-pop
2026-09-22,long_term,19ra5tSw0tWufvUp8GotLo,dance-rock
2026-09-22,long_term,19ra5tSw0tWufvUp8GotLo,jazz
2026-09-22,long_term,19ra5tSw0tWufvUp8GotLo,pop
2026-09-22,long_term,19ra5tSw0tWufvUp8GotLo,pop rock
2026-09-22,long_term,19ra5tSw0tWufvUp8GotLo,pop soul
2026-09-22,long_term,19ra5tSw0tWufvUp8GotLo,r&b
2026-09-22,long_term,19ra5tSw0tWufvUp8GotLo,smooth jazz
2026-09-22,long_term,19ra5tSw0tWufvUp8GotLo,smooth soul
2026-09-22,long_term,19ra5tSw0tWufvUp8GotLo,soft rock
2026-09-22,long_term,19ra5tSw0tWufvUp8GotLo,sophisti-pop
2026-09-22,long_term,19ra5tSw0tWufvUp8GotLo,soul
2026-09-22,long_term,1QAJqy2dA3ihHBFIHRphZj,ambient
2026-09-22,long_term,1QAJqy2dA3ihHBFIHRphZj,ambient pop
2026-09-22,long_term,1QAJqy2dA3ihHBFIHRphZj,dream pop
2026-09-22,long_term,1QAJqy2dA3ihHBFIHRphZj,indie pop
2026-09-22,long_term,1QAJqy2dA3ihHBFIHRphZj,indie rock
2026-09-22,long_term,1QAJqy2dA3ihHBFIHRphZj,pop
2026-09-22,long_term,1QAJqy2dA3ihHBFIHRphZj,shoegaze
2026-09-22,long_term,1QAJqy2dA3ihHBFIHRphZj,slowcore
2026-09-22,long_term,1Xyo4u8uXC1ZmMpatF05PJ,alternative r&b
2026-09-22,long_term,1Xyo4u8uXC1ZmMpatF05PJ,contemporary r&b
2026-09-22,long_term,1Xyo4u8uXC1ZmMpatF05PJ,dance-pop
2026-09-22,long_term,1Xyo4u8uXC1ZmMpatF05PJ,hypnagogic pop
2026-09-22,long_term,1Xyo4u8uXC1ZmMpatF05PJ,pop
2026-09-22,long_term,1Xyo4u8uXC1ZmMpatF05PJ,r&b
2026-09-22,long_term,1Xyo4u8uXC1ZmMpatF05PJ,synth-pop
2026-09-22,long_term,1cGyguqPQY22oUd4fKglFS,ambient
2026-09-22,long_term,1cGyguqPQY22oUd4fKglFS,dark ambient
2026-09-22,long_term,1mYsTxnqsietFxj1OgoGbG,classical
2026-09-22,long_term,1mYsTxnqsietFxj1OgoGbG,filmi
2026-09-22,long_term,1mYsTxnqsietFxj1OgoGbG,world fusion
2026-09-22,long_term,1wRPtKGflJrBx9BmLsSwlU,filmi
2026-09-22,long_term,2YZyLoL8N0Wb9xBt1NhZWg,alternative hip hop
2026-09-22,long_term,2YZyLoL8N0Wb9xBt1NhZWg,conscious hip hop
2026-09-22,long_term,2YZyLoL8N0Wb9xBt1NhZWg,dance
2026-09-22,long_term,2YZyLoL8N0Wb9xBt1NhZWg,disco
2026-09-22,long_term,2YZyLoL8N0Wb9xBt1NhZWg,future bass
2026-09-22,long_term,2YZyLoL8N0Wb9xBt1NhZWg,gangsta rap
2026-09-22,long_term,2YZyLoL8N0Wb9xBt1NhZWg,hardcore hip hop
2026-09-22,long_term,2YZyLoL8N0Wb9xBt1NhZWg,hip hop
2026-09-22,long_term,2YZyLoL8N0Wb9xBt1NhZWg,house
2026-09-22,long_term,2YZyLoL8N0Wb9xBt1NhZWg,jazz
2026-09-22,long_term,2YZyLoL8N0Wb9xBt1NhZWg,jazz rap
2026-09-22,long_term,2YZyLoL8N0Wb9xBt1NhZWg,pop
2026-09-22,long_term,2YZyLoL8N0Wb9xBt1NhZWg,pop rap
2026-09-22,long_term,2YZyLoL8N0Wb9xBt1NhZWg,r&b
2026-09-22,long_term,2YZyLoL8N0Wb9xBt1NhZWg,trap
2026-09-22,long_term,2YZyLoL8N0Wb9xBt1NhZWg,west coast hip hop
2026-09-22,long_term,2exebQUDoIoT0dXA8BcN1P,chillwave
2026-09-22,long_term,2exebQUDoIoT0dXA8BcN1P,electronic
2026-09-22,long_term,2exebQUDoIoT0dXA8BcN1P,synthwave
2026-09-22,long_term,2h93pZq0e7k5yf4dywlkpM,alternative r&b
2026-09-22,long_term,2h93pZq0e7k5yf4dywlkpM,contemporary r&b
2026-09-22,long_term,2h93pZq0e7k5yf4dywlkpM,pop
2026-09-22,long_term,2h93pZq0e7k5yf4dywlkpM,r&b
2026-09-22,long_term,2jku7tDXc6XoB6MO2hFuqg,alternative hip hop
2026-09-22,long_term,2jku7tDXc6XoB6MO2hFuqg,alternative r&b
2026-09-22,long_term,2jku7tDXc6XoB6MO2hFuqg,contemporary r&b
2026-09-22,long_term,2jku7tDXc6XoB6MO2hFuqg,dancehall
2026-09-22,long_term,2jku7tDXc6XoB6MO2hFuqg,hip hop
2026-09-22,long_term,2jku7tDXc6XoB6MO2hFuqg,r&b
2026-09-22,long_term,2sSGPbdZJkaSE2AbcGOACx,bedroom pop
2026-09-22,long_term,2sSGPbdZJkaSE2AbcGOACx,dream pop
2026-09-22,long_term,2sSGPbdZJkaSE2AbcGOACx,indie pop
2026-09-22,long_term,2sSGPbdZJkaSE2AbcGOACx,lo-fi
2026-09-22,long_term,2sSGPbdZJkaSE2AbcGOACx,psychedelic pop
2026-09-22,long_term,2sSGPbdZJkaSE2AbcGOACx,psychedelic soul
2026-09-22,long_term,2sSGPbdZJkaSE2AbcGOACx,synth-pop
2026-09-22,long_term,36QJpDe2go2KgaRleHCDTp,arena rock
2026-09-22,long_term,36QJpDe2go2KgaRleHCDTp,blues rock
2026-09-22,long_term,36QJpDe2go2KgaRleHCDTp,classic rock
2026-09-22,long_term,36QJpDe2go2KgaRleHCDTp,folk rock
2026-09-22,long_term,36QJpDe2go2KgaRleHCDTp,hard rock
2026-09-22,long_term,36QJpDe2go2KgaRleHCDTp,heavy metal
2026-09-22,long_term,36QJpDe2go2KgaRleHCDTp,pop
2026-09-22,long_term,36QJpDe2go2KgaRleHCDTp,progressive rock
2026-09-22,long_term,36QJpDe2go2KgaRleHCDTp,rock
2026-09-22,long_term,36QJpDe2go2KgaRleHCDTp,rock and roll
2026-09-22,long_term,3MZsBdqDrRTJihTHQrO6Dq,alternative r&b
2026-09-22,long_term,3MZsBdqDrRTJihTHQrO6Dq,art pop
2026-09-22,long_term,3MZsBdqDrRTJihTHQrO6Dq,ballad
2026-09-22,long_term,3MZsBdqDrRTJihTHQrO6Dq,instrumental hip hop
2026-09-22,long_term,3MZsBdqDrRTJihTHQrO6Dq,lo-fi hip hop
2026-09-22,long_term,3MZsBdqDrRTJihTHQrO6Dq,trip hop
2026-09-22,long_term,3Sz7ZnJQBIHsXLUSo0OQtM,folk pop
2026-09-22,long_term,3Sz7ZnJQBIHsXLUSo0OQtM,indie pop
2026-09-22,long_term,3Sz7ZnJQBIHsXLUSo0OQtM,indie rock
2026-09-22,long_term,3Sz7ZnJQBIHsXLUSo0OQtM,jangle pop
2026-09-22,long_term,3Sz7ZnJQBIHsXLUSo0OQtM,pop
2026-09-22,long_term,3Sz7ZnJQBIHsXLUSo0OQtM,psychedelic pop
2026-09-22,long_term,3TVXtAsR1Inumwj472S9r4,alternative r&b
2026-09-22,long_term,3TVXtAsR1Inumwj472S9r4,contemporary r&b
2026-09-22,long_term,3TVXtAsR1Inumwj472S9r4,hardcore hip hop
2026-09-22,long_term,3TVXtAsR1Inumwj472S9r4,hip hop
2026-09-22,long_term,3TVXtAsR1Inumwj472S9r4,pop
2026-09-22,long_term,3TVXtAsR1Inumwj472S9r4,pop rap
2026-09-22,long_term,3TVXtAsR1Inumwj472S9r4,r&b
2026-09-22,long_term,3TVXtAsR1Inumwj472S9r4,southern hip hop
2026-09-22,long_term,3TVXtAsR1Inumwj472S9r4,trap
2026-09-22,long_term,3zmfs9cQwzJl575W1ZYXeT,bedroom pop
2026-09-22,long_term,3zmfs9cQwzJl575W1ZYXeT,downtempo
2026-09-22,long_term,3zmfs9cQwzJl575W1ZYXeT,dream pop
2026-09-22,long_term,3zmfs9cQwzJl575W1ZYXeT,indie pop
2026-09-22,long_term,3zmfs9cQwzJl575W1ZYXeT,neo-psychedelia
2026-09-22,long_term,3zmfs9cQwzJl575W1ZYXeT,pop
2026-09-22,long_term,3zmfs9cQwzJl575W1ZYXeT,shoegaze
2026-09-22,long_term,3zmfs9cQwzJl575W1ZYXeT,sophisti-pop
2026-09-22,long_term,47zz7sob9NUcODy0BTDvKx,contemporary r&b
2026-09-22,long_term,47zz7sob9NUcODy0BTDvKx,downtempo
2026-09-22,long_term,47zz7sob9NUcODy0BTDvKx,jazz
2026-09-22,long_term,47zz7sob9NUcODy0BTDvKx,jazz pop
2026-09-22,long_term,47zz7sob9NUcODy0BTDvKx,pop
2026-09-22,long_term,47zz7sob9NUcODy0BTDvKx,quiet storm
2026-09-22,long_term,47zz7sob9NUcODy0BTDvKx,smooth jazz
2026-09-22,long_term,47zz7sob9NUcODy0BTDvKx,smooth soul
2026-09-22,long_term,47zz7sob9NUcODy0BTDvKx,sophisti-pop
2026-09-22,long_term,47zz7sob9NUcODy0BTDvKx,soul
2026-09-22,long_term,47zz7sob9NUcODy0BTDvKx,trip hop
2026-09-22,long_term,4KRllJ2dEeoqvxOQLOgOsI,electronic
2026-09-22,long_term,4KRllJ2dEeoqvxOQLOgOsI,phonk
2026-09-22,long_term,4KRllJ2dEeoqvxOQLOgOsI,phonk house
2026-09-22,long_term,4KRllJ2dEeoqvxOQLOgOsI,synthwave
2026-09-22,long_term,4KRllJ2dEeoqvxOQLOgOsI,trap
2026-09-22,long_term,4KRllJ2dEeoqvxOQLOgOsI,wave
2026-09-22,long_term,4MrQDA45Gd0llLrwFUzimG,boom bap
2026-09-22,long_term,4MrQDA45Gd0llLrwFUzimG,chillwave
2026-09-22,long_term,4MrQDA45Gd0llLrwFUzimG,downtempo
2026-09-22,long_term,4MrQDA45Gd0llLrwFUzimG,hip hop
2026-09-22,long_term,4MrQDA45Gd0llLrwFUzimG,instrumental
2026-09-22,long_term,4MrQDA45Gd0llLrwFUzimG,instrumental hip hop
2026-09-22,long_term,4MrQDA45Gd0llLrwFUzimG,lo-fi
2026-09-22,long_term,4MrQDA45Gd0llLrwFUzimG,lo-fi hip hop
2026-09-22,long_term,4gdMJYnopf2nEUcanAwstx,indian pop
2026-09-22,long_term,4gdMJYnopf2nEUcanAwstx,singer-songwriter
2026-09-22,long_term,4gzpq5DPGxSnKTe4SA8HAU,alternative rock
2026-09-22,long_term,4gzpq5DPGxSnKTe4SA8HAU,art pop
2026-09-22,long_term,4gzpq5DPGxSnKTe4SA8HAU,britpop
2026-09-22,long_term,4gzpq5DPGxSnKTe4SA8HAU,dream pop
2026-09-22,long_term,4gzpq5DPGxSnKTe4SA8HAU,piano rock
2026-09-22,long_term,4gzpq5DPGxSnKTe4SA8HAU,pop
2026-09-22,long_term,4gzpq5DPGxSnKTe4SA8HAU,pop rock
2026-09-22,long_term,4gzpq5DPGxSnKTe4SA8HAU,post-britpop
2026-09-22,long_term,4gzpq5DPGxSnKTe4SA8HAU,rock
2026-09-22,long_term,4yvcSjfu4PC0CYQyLy4wSq,electronic
2026-09-22,long_term,4yvcSjfu4PC0CYQyLy4wSq,indie pop
2026-09-22,long_term,4yvcSjfu4PC0CYQyLy4wSq,indie rock
2026-09-22,long_term,4yvcSjfu4PC0CYQyLy4wSq,indietronica
2026-09-22,long_term,4yvcSjfu4PC0CYQyLy4wSq,pop
2026-09-22,long_term,4yvcSjfu4PC0CYQyLy4wSq,psychedelic pop
2026-09-22,long_term,4yvcSjfu4PC0CYQyLy4wSq,psychedelic rock
2026-09-22,long_term,5INjqkS1o8h1imAzPqGZBb,alternative dance
2026-09-22,long_term,5INjqkS1o8h1imAzPqGZBb,alternative rock
2026-09-22,long_term,5INjqkS1o8h1imAzPqGZBb,dream pop
2026-09-22,long_term,5INjqkS1o8h1imAzPqGZBb,indie rock
2026-09-22,long_term,5INjqkS1o8h1imAzPqGZBb,indietronica
2026-09-22,long_term,5INjqkS1o8h1imAzPqGZBb,leftfield
2026-09-22,long_term,5INjqkS1o8h1imAzPqGZBb,neo-psychedelia
2026-09-22,long_term,5INjqkS1o8h1imAzPqGZBb,pop
2026-09-22,long_term,5INjqkS1o8h1imAzPqGZBb,psychedelic
2026-09-22,long_term,5INjqkS1o8h1imAzPqGZBb,psychedelic pop
2026-09-22,long_term,5INjqkS1o8h1imAzPqGZBb,psychedelic rock
2026-09-22,long_term,5INjqkS1o8h1imAzPqGZBb,rock
2026-09-22,long_term,5INjqkS1o8h1imAzPqGZBb,space rock
2026-09-22,long_term,5INjqkS1o8h1imAzPqGZBb,synth-pop
2026-09-22,long_term,5K4W6rqBFWDnAN6FQUkS6x,chipmunk soul
2026-09-22,long_term,5K4W6rqBFWDnAN6FQUkS6x,christian hip hop
2026-09-22,long_term,5K4W6rqBFWDnAN6FQUkS6x,conscious hip hop
2026-09-22,long_term,5K4W6rqBFWDnAN6FQUkS6x,contemporary r&b
2026-09-22,long_term,5K4W6rqBFWDnAN6FQUkS6x,deep house
2026-09-22,long_term,5K4W6rqBFWDnAN6FQUkS6x,electropop
2026-09-22,long_term,5K4W6rqBFWDnAN6FQUkS6x,experimental hip hop
2026-09-22,long_term,5K4W6rqBFWDnAN6FQUkS6x,future bass
2026-09-22,long_term,5K4W6rqBFWDnAN6FQUkS6x,hip hop
2026-09-22,long_term,5K4W6rqBFWDnAN6FQUkS6x,house
2026-09-22,long_term,5K4W6rqBFWDnAN6FQUkS6x,pop
2026-09-22,long_term,5K4W6rqBFWDnAN6FQUkS6x,pop rap
2026-09-22,long_term,5K4W6rqBFWDnAN6FQUkS6x,r&b
2026-09-22,long_term,5K4W6rqBFWDnAN6FQUkS6x,trap
2026-09-22,long_term,5cj0lLjcoR7YOSnhnX0Po5,alternative rock
2026-09-22,long_term,5cj0lLjcoR7YOSnhnX0Po5,grunge
2026-09-22,long_term,5cj0lLjcoR7YOSnhnX0Po5,hip hop
2026-09-22,long_term,5cj0lLjcoR7YOSnhnX0Po5,pop
2026-09-22,long_term,5cj0lLjcoR7YOSnhnX0Po5,pop rap
2026-09-22,long_term,5cj0lLjcoR7YOSnhnX0Po5,post-grunge
2026-09-22,long_term,5cj0lLjcoR7YOSnhnX0Po5,power pop
2026-09-22,long_term,5cj0lLjcoR7YOSnhnX0Po5,rock
2026-09-22,long_term,5cj0lLjcoR7YOSnhnX0Po5,trap
2026-09-22,long_term,5cj0lLjcoR7YOSnhnX0Po5,west coast hip hop
2026-09-22,long_term,5y8tKLUfMvliMe8IKamR32,alternative r&b
2026-09-22,long_term,5y8tKLUfMvliMe8IKamR32,contemporary r&b
2026-09-22,long_term,5y8tKLUfMvliMe8IKamR32,indie pop
2026-09-22,long_term,5y8tKLUfMvliMe8IKamR32,lo-fi
2026-09-22,long_term,6YJ4EgQzDfJnIHRbqIHAdD,chillwave
2026-09-22,long_term,6YJ4EgQzDfJnIHRbqIHAdD,downtempo
2026-09-22,long_term,6YJ4EgQzDfJnIHRbqIHAdD,instrumental
2026-09-22,long_term,6YJ4EgQzDfJnIHRbqIHAdD,instrumental hip hop
2026-09-22,long_term,6YJ4EgQzDfJnIHRbqIHAdD,lo-fi
2026-09-22,long_term,6YJ4EgQzDfJnIHRbqIHAdD,lo-fi hip hop
2026-09-22,long_term,6ft7JnxMyZhp7N52qzHymY,dream pop
2026-09-22,long_term,700c9Qz2z6HZKTumeliKAw,electronic
2026-09-22,long_term,77SW9BnxLY8rJ0RciFqkHh,alternative rock
2026-09-22,long_term,77SW9BnxLY8rJ0RciFqkHh,indie pop
2026-09-22,long_term,78rUTD7y6Cy67W1RVzYs7t,alternative pop
2026-09-22,long_term,78rUTD7y6Cy67W1RVzYs7t,bubblegum pop
2026-09-22,long_term,78rUTD7y6Cy67W1RVzYs7t,dance-pop
2026-09-22,long_term,78rUTD7y6Cy67W1RVzYs7t,drum and bass
2026-09-22,long_term,78rUTD7y6Cy67W1RVzYs7t,future garage
2026-09-22,long_term,78rUTD7y6Cy67W1RVzYs7t,jungle
2026-09-22,long_term,78rUTD7y6Cy67W1RVzYs7t,pop
2026-09-22,long_term,78rUTD7y6Cy67W1RVzYs7t,uk garage
2026-09-22,long_term,7Ln80lUS6He07XvHI8qqHH,alternative rock
2026-09-22,long_term,7Ln80lUS6He07XvHI8qqHH,art rock
2026-09-22,long_term,7Ln80lUS6He07XvHI8qqHH,baroque pop
2026-09-22,long_term,7Ln80lUS6He07XvHI8qqHH,dance
2026-09-22,long_term,7Ln80lUS6He07XvHI8qqHH,electronica
2026-09-22,long_term,7Ln80lUS6He07XvHI8qqHH,garage rock
2026-09-22,long_term,7Ln80lUS6He07XvHI8qqHH,garage rock revival
2026-09-22,long_term,7Ln80lUS6He07XvHI8qqHH,house
2026-09-22,long_term,7Ln80lUS6He07XvHI8qqHH,indie rock
2026-09-22,long_term,7Ln80lUS6He07XvHI8qqHH,neo-psychedelia
2026-09-22,long_term,7Ln80lUS6He07XvHI8qqHH,pop
2026-09-22,long_term,7Ln80lUS6He07XvHI8qqHH,post-punk revival
2026-09-22,long_term,7Ln80lUS6He07XvHI8qqHH,psychedelic pop
2026-09-22,long_term,7Ln80lUS6He07XvHI8qqHH,psychedelic rock
2026-09-22,long_term,7Ln80lUS6He07XvHI8qqHH,rock
2026-09-22,long_term,7gW0r5CkdEUMm42w9XpyZO,bossa nova
2026-09-22,long_term,7gW0r5CkdEUMm42w9XpyZO,jazz
2026-09-22,long_term,7gW0r5CkdEUMm42w9XpyZO,jazz pop
2026-09-22,long_term,7gW0r5CkdEUMm42w9XpyZO,singer-songwriter
2026-09-22,long_term,7gW0r5CkdEUMm42w9XpyZO,vocal jazz
2026-09-22,long_term,7tYKF4w9nC0nq9CsPZTHyP,alternative r&b
2026-09-22,long_term,7tYKF4w9nC0nq9CsPZTHyP,contemporary r&b
2026-09-22,long_term,7tYKF4w9nC0nq9CsPZTHyP,electronic
2026-09-22,long_term,7tYKF4w9nC0nq9CsPZTHyP,hip hop soul
2026-09-22,long_term,7tYKF4w9nC0nq9CsPZTHyP,neo soul
2026-09-22,long_term,7tYKF4w9nC0nq9CsPZTHyP,pop
2026-09-22,long_term,7tYKF4w9nC0nq9CsPZTHyP,r&b
2026-09-22,long_term,7tYKF4w9nC0nq9CsPZTHyP,soul
2026-09-22,medium_term,00FQb4jTyendYWaN8pK0wa,alternative pop
2026-09-22,medium_term,00FQb4jTyendYWaN8pK0wa,art pop
2026-09-22,medium_term,00FQb4jTyendYWaN8pK0wa,ballad
2026-09-22,medium_term,00FQb4jTyendYWaN8pK0wa,baroque pop
2026-09-22,medium_term,00FQb4jTyendYWaN8pK0wa,chamber pop
2026-09-22,medium_term,00FQb4jTyendYWaN8pK0wa,country
2026-09-22,medium_term,00FQb4jTyendYWaN8pK0wa,dance
2026-09-22,medium_term,00FQb4jTyendYWaN8pK0wa,dream pop
2026-09-22,medium_term,00FQb4jTyendYWaN8pK0wa,edm
2026-09-22,medium_term,00FQb4jTyendYWaN8pK0wa,electronic
2026-09-22,medium_term,00FQb4jTyendYWaN8pK0wa,electronica
2026-09-22,medium_term,00FQb4jTyendYWaN8pK0wa,future bass
2026-09-22,medium_term,00FQb4jTyendYWaN8pK0wa,house
2026-09-22,medium_term,00FQb4jTyendYWaN8pK0wa,indie pop
2026-09-22,medium_term,00FQb4jTyendYWaN8pK0wa,indie rock
2026-09-22,medium_term,00FQb4jTyendYWaN8pK0wa,melodic house
2026-09-22,medium_term,00FQb4jTyendYWaN8pK0wa,melodic techno
2026-09-22,medium_term,00FQb4jTyendYWaN8pK0wa,neo-psychedelia
2026-09-22,medium_term,00FQb4jTyendYWaN8pK0wa,pop
2026-09-22,medium_term,00FQb4jTyendYWaN8pK0wa,psychedelic pop
2026-09-22,medium_term,00FQb4jTyendYWaN8pK0wa,r&b
2026-09-22,medium_term,00FQb4jTyendYWaN8pK0wa,rock
2026-09-22,medium_term,00FQb4jTyendYWaN8pK0wa,singer-songwriter
2026-09-22,medium_term,00FQb4jTyendYWaN8pK0wa,slowcore
2026-09-22,medium_term,00FQb4jTyendYWaN8pK0wa,trap
2026-09-22,medium_term,00FQb4jTyendYWaN8pK0wa,trip hop
2026-09-22,medium_term,0Y6dVaC9DZtPNH4591M42W,dream pop
2026-09-22,medium_term,0Y6dVaC9DZtPNH4591M42W,electronic
2026-09-22,medium_term,0Y6dVaC9DZtPNH4591M42W,hip hop
2026-09-22,medium_term,0Y6dVaC9DZtPNH4591M42W,indie pop
2026-09-22,medium_term,0Y6dVaC9DZtPNH4591M42W,indie rock
2026-09-22,medium_term,0Y6dVaC9DZtPNH4591M42W,lo-fi
2026-09-22,medium_term,0Y6dVaC9DZtPNH4591M42W,pop
2026-09-22,medium_term,0dgJbQ0bKPyUXco8hEXN7X,ambient
2026-09-22,medium_term,0dgJbQ0bKPyUXco8hEXN7X,boom bap
2026-09-22,medium_term,0dgJbQ0bKPyUXco8hEXN7X,chillout
2026-09-22,medium_term,0dgJbQ0bKPyUXco8hEXN7X,chillwave
2026-09-22,medium_term,0dgJbQ0bKPyUXco8hEXN7X,downtempo
2026-09-22,medium_term,0dgJbQ0bKPyUXco8hEXN7X,drift phonk
2026-09-22,medium_term,0dgJbQ0bKPyUXco8hEXN7X,hardwave
2026-09-22,medium_term,0dgJbQ0bKPyUXco8hEXN7X,hip hop
2026-09-22,medium_term,0dgJbQ0bKPyUXco8hEXN7X,house
2026-09-22,medium_term,0dgJbQ0bKPyUXco8hEXN7X,instrumental
2026-09-22,medium_term,0dgJbQ0bKPyUXco8hEXN7X,instrumental hip hop
2026-09-22,medium_term,0dgJbQ0bKPyUXco8hEXN7X,lo-fi
2026-09-22,medium_term,0dgJbQ0bKPyUXco8hEXN7X,lo-fi hip hop
2026-09-22,medium_term,0dgJbQ0bKPyUXco8hEXN7X,phonk
2026-09-22,medium_term,0dgJbQ0bKPyUXco8hEXN7X,wave
2026-09-22,medium_term,0hEurMDQu99nJRq8pTxO14,acoustic rock
2026-09-22,medium_term,0hEurMDQu99nJRq8pTxO14,alternative rock
2026-09-22,medium_term,0hEurMDQu99nJRq8pTxO14,americana
2026-09-22,medium_term,0hEurMDQu99nJRq8pTxO14,blue-eyed soul
2026-09-22,medium_term,0hEurMDQu99nJRq8pTxO14,blues
2026-09-22,medium_term,0hEurMDQu99nJRq8pTxO14,blues rock
2026-09-22,medium_term,0hEurMDQu99nJRq8pTxO14,country
2026-09-22,medium_term,0hEurMDQu99nJRq8pTxO14,country rock
2026-09-22,medium_term,0hEurMDQu99nJRq8pTxO14,folk rock
2026-09-22,medium_term,0hEurMDQu99nJRq8pTxO14,indie rock
2026-09-22,medium_term,0hEurMDQu99nJRq8pTxO14,pop
2026-09-22,medium_term,0hEurMDQu99nJRq8pTxO14,pop rock
2026-09-22,medium_term,0hEurMDQu99nJRq8pTxO14,rock
2026-09-22,medium_term,0hEurMDQu99nJRq8pTxO14,singer-songwriter
2026-09-22,medium_term,0hEurMDQu99nJRq8pTxO14,soft rock
2026-09-22,medium_term,0hEurMDQu99nJRq8pTxO14,soul
2026-09-22,medium_term,0klU31gyC6EZqKgLvVANCy,boom bap
2026-09-22,medium_term,0klU31gyC6EZqKgLvVANCy,chillwave
2026-09-22,medium_term,0klU31gyC6EZqKgLvVANCy,downtempo
2026-09-22,medium_term,0klU31gyC6EZqKgLvVANCy,hip hop
2026-09-22,medium_term,0klU31gyC6EZqKgLvVANCy,instrumental
2026-09-22,medium_term,0klU31gyC6EZqKgLvVANCy,instrumental hip hop
2026-09-22,medium_term,0klU31gyC6EZqKgLvVANCy,lo-fi
2026-09-22,medium_term,0klU31gyC6EZqKgLvVANCy,lo-fi hip hop
2026-09-22,medium_term,17XXKfRBMCWvLrqGoNkJXm,ballad
2026-09-22,medium_term,17XXKfRBMCWvLrqGoNkJXm,easy listening
2026-09-22,medium_term,17XXKfRBMCWvLrqGoNkJXm,pop
2026-09-22,medium_term,1AbJ2cmwK400LSvdvBL5Jc,bedroom pop
2026-09-22,medium_term,1QAJqy2dA3ihHBFIHRphZj,ambient
2026-09-22,medium_term,1QAJqy2dA3ihHBFIHRphZj,ambient pop
2026-09-22,medium_term,1QAJqy2dA3ihHBFIHRphZj,dream pop
2026-09-22,medium_term,1QAJqy2dA3ihHBFIHRphZj,indie pop
2026-09-22,medium_term,1QAJqy2dA3ihHBFIHRphZj,indie rock
2026-09-22,medium_term,1QAJqy2dA3ihHBFIHRphZj,pop
2026-09-22,medium_term,1QAJqy2dA3ihHBFIHRphZj,shoegaze
2026-09-22,medium_term,1QAJqy2dA3ihHBFIHRphZj,slowcore
2026-09-22,medium_term,1Xyo4u8uXC1ZmMpatF05PJ,alternative r&b
2026-09-22,medium_term,1Xyo4u8uXC1ZmMpatF05PJ,contemporary r&b
2026-09-22,medium_term,1Xyo4u8uXC1ZmMpatF05PJ,dance-pop
2026-09-22,medium_term,1Xyo4u8uXC1ZmMpatF05PJ,hypnagogic pop
2026-09-22,medium_term,1Xyo4u8uXC1ZmMpatF05PJ,pop
2026-09-22,medium_term,1Xyo4u8uXC1ZmMpatF05PJ,r&b
2026-09-22,medium_term,1Xyo4u8uXC1ZmMpatF05PJ,synth-pop
2026-09-22,medium_term,1cGyguqPQY22oUd4fKglFS,ambient
2026-09-22,medium_term,1cGyguqPQY22oUd4fKglFS,dark ambient
2026-09-22,medium_term,1wRPtKGflJrBx9BmLsSwlU,filmi
2026-09-22,medium_term,2YZyLoL8N0Wb9xBt1NhZWg,alternative hip hop
2026-09-22,medium_term,2YZyLoL8N0Wb9xBt1NhZWg,conscious hip hop
2026-09-22,medium_term,2YZyLoL8N0Wb9xBt1NhZWg,dance
2026-09-22,medium_term,2YZyLoL8N0Wb9xBt1NhZWg,disco
2026-09-22,medium_term,2YZyLoL8N0Wb9xBt1NhZWg,future bass
2026-09-22,medium_term,2YZyLoL8N0Wb9xBt1NhZWg,gangsta rap
2026-09-22,medium_term,2YZyLoL8N0Wb9xBt1NhZWg,hardcore hip hop
2026-09-22,medium_term,2YZyLoL8N0Wb9xBt1NhZWg,hip hop
2026-09-22,medium_term,2YZyLoL8N0Wb9xBt1NhZWg,house
2026-09-22,medium_term,2YZyLoL8N0Wb9xBt1NhZWg,jazz
2026-09-22,medium_term,2YZyLoL8N0Wb9xBt1NhZWg,jazz rap
2026-09-22,medium_term,2YZyLoL8N0Wb9xBt1NhZWg,pop
2026-09-22,medium_term,2YZyLoL8N0Wb9xBt1NhZWg,pop rap
2026-09-22,medium_term,2YZyLoL8N0Wb9xBt1NhZWg,r&b
2026-09-22,medium_term,2YZyLoL8N0Wb9xBt1NhZWg,trap
2026-09-22,medium_term,2YZyLoL8N0Wb9xBt1NhZWg,west coast hip hop
2026-09-22,medium_term,2h93pZq0e7k5yf4dywlkpM,alternative r&b
2026-09-22,medium_term,2h93pZq0e7k5yf4dywlkpM,contemporary r&b
2026-09-22,medium_term,2h93pZq0e7k5yf4dywlkpM,pop
2026-09-22,medium_term,2h93pZq0e7k5yf4dywlkpM,r&b
2026-09-22,medium_term,2jku7tDXc6XoB6MO2hFuqg,alternative hip hop
2026-09-22,medium_term,2jku7tDXc6XoB6MO2hFuqg,alternative r&b
2026-09-22,medium_term,2jku7tDXc6XoB6MO2hFuqg,contemporary r&b
2026-09-22,medium_term,2jku7tDXc6XoB6MO2hFuqg,dancehall
2026-09-22,medium_term,2jku7tDXc6XoB6MO2hFuqg,hip hop
2026-09-22,medium_term,2jku7tDXc6XoB6MO2hFuqg,r&b
2026-09-22,medium_term,3AA28KZvwAUcZuOKwyblJQ,alternative dance
2026-09-22,medium_term,3AA28KZvwAUcZuOKwyblJQ,alternative hip hop
2026-09-22,medium_term,3AA28KZvwAUcZuOKwyblJQ,alternative pop
2026-09-22,medium_term,3AA28KZvwAUcZuOKwyblJQ,alternative rock
2026-09-22,medium_term,3AA28KZvwAUcZuOKwyblJQ,art pop
2026-09-22,medium_term,3AA28KZvwAUcZuOKwyblJQ,bassline
2026-09-22,medium_term,3AA28KZvwAUcZuOKwyblJQ,breakbeat
2026-09-22,medium_term,3AA28KZvwAUcZuOKwyblJQ,breaks
2026-09-22,medium_term,3AA28KZvwAUcZuOKwyblJQ,dance
2026-09-22,medium_term,3AA28KZvwAUcZuOKwyblJQ,disco
2026-09-22,medium_term,3AA28KZvwAUcZuOKwyblJQ,electronic
2026-09-22,medium_term,3AA28KZvwAUcZuOKwyblJQ,electronica
2026-09-22,medium_term,3AA28KZvwAUcZuOKwyblJQ,electropop
2026-09-22,medium_term,3AA28KZvwAUcZuOKwyblJQ,future bass
2026-09-22,medium_term,3AA28KZvwAUcZuOKwyblJQ,hip hop
2026-09-22,medium_term,3AA28KZvwAUcZuOKwyblJQ,indie rock
2026-09-22,medium_term,3AA28KZvwAUcZuOKwyblJQ,latin
2026-09-22,medium_term,3AA28KZvwAUcZuOKwyblJQ,pop
2026-09-22,medium_term,3AA28KZvwAUcZuOKwyblJQ,pop rock
2026-09-22,medium_term,3AA28KZvwAUcZuOKwyblJQ,rock
2026-09-22,medium_term,3AA28KZvwAUcZuOKwyblJQ,synth-pop
2026-09-22,medium_term,3AA28KZvwAUcZuOKwyblJQ,tech house
2026-09-22,medium_term,3AA28KZvwAUcZuOKwyblJQ,trap
2026-09-22,medium_term,3AA28KZvwAUcZuOKwyblJQ,trip hop
2026-09-22,medium_term,3AA28KZvwAUcZuOKwyblJQ,uk garage
2026-09-22,medium_term,3MZsBdqDrRTJihTHQrO6Dq,alternative r&b
2026-09-22,medium_term,3MZsBdqDrRTJihTHQrO6Dq,art pop
2026-09-22,medium_term,3MZsBdqDrRTJihTHQrO6Dq,ballad
2026-09-22,medium_term,3MZsBdqDrRTJihTHQrO6Dq,instrumental hip hop
2026-09-22,medium_term,3MZsBdqDrRTJihTHQrO6Dq,lo-fi hip hop
2026-09-22,medium_term,3MZsBdqDrRTJihTHQrO6Dq,trip hop
2026-09-22,medium_term,3Sz7ZnJQBIHsXLUSo0OQtM,folk pop
2026-09-22,medium_term,3Sz7ZnJQBIHsXLUSo0OQtM,indie pop
2026-09-22,medium_term,3Sz7ZnJQBIHsXLUSo0OQtM,indie rock
2026-09-22,medium_term,3Sz7ZnJQBIHsXLUSo0OQtM,jangle pop
2026-09-22,medium_term,3Sz7ZnJQBIHsXLUSo0OQtM,pop
2026-09-22,medium_term,3Sz7ZnJQBIHsXLUSo0OQtM,psychedelic pop
2026-09-22,medium_term,3ctnkEZGtVBTxS7IMin8nC,lo-fi hip hop
2026-09-22,medium_term,3mIj9lX2MWuHmhNCA7LSCW,alternative pop
2026-09-22,medium_term,3mIj9lX2MWuHmhNCA7LSCW,alternative rock
2026-09-22,medium_term,3mIj9lX2MWuHmhNCA7LSCW,ambient pop
2026-09-22,medium_term,3mIj9lX2MWuHmhNCA7LSCW,art pop
2026-09-22,medium_term,3mIj9lX2MWuHmhNCA7LSCW,indie pop
2026-09-22,medium_term,3mIj9lX2MWuHmhNCA7LSCW,indie rock
2026-09-22,medium_term,3mIj9lX2MWuHmhNCA7LSCW,indietronica
2026-09-22,medium_term,3mIj9lX2MWuHmhNCA7LSCW,leftfield
2026-09-22,medium_term,3mIj9lX2MWuHmhNCA7LSCW,new wave
2026-09-22,medium_term,3mIj9lX2MWuHmhNCA7LSCW,pop rock
2026-09-22,medium_term,3mIj9lX2MWuHmhNCA7LSCW,post-punk revival
2026-09-22,medium_term,3mIj9lX2MWuHmhNCA7LSCW,synth-pop
2026-09-22,medium_term,47zz7sob9NUcODy0BTDvKx,contemporary r&b
2026-09-22,medium_term,47zz7sob9NUcODy0BTDvKx,downtempo
2026-09-22,medium_term,47zz7sob9NUcODy0BTDvKx,jazz
2026-09-22,medium_term,47zz7sob9NUcODy0BTDvKx,jazz pop
2026-09-22,medium_term,47zz7sob9NUcODy0BTDvKx,pop
2026-09-22,medium_term,47zz7sob9NUcODy0BTDvKx,quiet storm
2026-09-22,medium_term,47zz7sob9NUcODy0BTDvKx,smooth jazz
2026-09-22,medium_term,47zz7sob9NUcODy0BTDvKx,smooth soul
2026-09-22,medium_term,47zz7sob9NUcODy0BTDvKx,sophisti-pop
2026-09-22,medium_term,47zz7sob9NUcODy0BTDvKx,soul
2026-09-22,medium_term,47zz7sob9NUcODy0BTDvKx,trip hop
2026-09-22,medium_term,4Z8W4fKeB5YxbusRsdQVPb,alternative rock
2026-09-22,medium_term,4Z8W4fKeB5YxbusRsdQVPb,ambient pop
2026-09-22,medium_term,4Z8W4fKeB5YxbusRsdQVPb,art pop
2026-09-22,medium_term,4Z8W4fKeB5YxbusRsdQVPb,art rock
2026-09-22,medium_term,4Z8W4fKeB5YxbusRsdQVPb,britpop
2026-09-22,medium_term,4Z8W4fKeB5YxbusRsdQVPb,chamber pop
2026-09-22,medium_term,4Z8W4fKeB5YxbusRsdQVPb,crossover prog
2026-09-22,medium_term,4Z8W4fKeB5YxbusRsdQVPb,electronic
2026-09-22,medium_term,4Z8W4fKeB5YxbusRsdQVPb,electronic rock
2026-09-22,medium_term,4Z8W4fKeB5YxbusRsdQVPb,electronica
2026-09-22,medium_term,4Z8W4fKeB5YxbusRsdQVPb,experimental
2026-09-22,medium_term,4Z8W4fKeB5YxbusRsdQVPb,experimental rock
2026-09-22,medium_term,4Z8W4fKeB5YxbusRsdQVPb,idm
2026-09-22,medium_term,4Z8W4fKeB5YxbusRsdQVPb,indie rock
2026-09-22,medium_term,4Z8W4fKeB5YxbusRsdQVPb,indietronica
2026-09-22,medium_term,4Z8W4fKeB5YxbusRsdQVPb,post-britpop
2026-09-22,medium_term,4Z8W4fKeB5YxbusRsdQVPb,post-grunge
2026-09-22,medium_term,4Z8W4fKeB5YxbusRsdQVPb,rock
2026-09-22,medium_term,4dpARuHxo51G3z768sgnrY,blue-eyed soul
2026-09-22,medium_term,4dpARuHxo51G3z768sgnrY,neo soul
2026-09-22,medium_term,4dpARuHxo51G3z768sgnrY,pop
2026-09-22,medium_term,4dpARuHxo51G3z768sgnrY,pop soul
2026-09-22,medium_term,4dpARuHxo51G3z768sgnrY,r&b
2026-09-22,medium_term,4dpARuHxo51G3z768sgnrY,soul
2026-09-22,medium_term,4gdMJYnopf2nEUcanAwstx,indian pop
2026-09-22,medium_term,4gdMJYnopf2nEUcanAwstx,singer-songwriter
2026-09-22,medium_term,4yvcSjfu4PC0CYQyLy4wSq,electronic
2026-09-22,medium_term,4yvcSjfu4PC0CYQyLy4wSq,indie pop
2026-09-22,medium_term,4yvcSjfu4PC0CYQyLy4wSq,indie rock
2026-09-22,medium_term,4yvcSjfu4PC0CYQyLy4wSq,indietronica
2026-09-22,medium_term,4yvcSjfu4PC0CYQyLy4wSq,pop
2026-09-22,medium_term,4yvcSjfu4PC0CYQyLy4wSq,psychedelic pop
2026-09-22,medium_term,4yvcSjfu4PC0CYQyLy4wSq,psychedelic rock
2026-09-22,medium_term,5INjqkS1o8h1imAzPqGZBb,alternative dance
2026-09-22,medium_term,5INjqkS1o8h1imAzPqGZBb,alternative rock
2026-09-22,medium_term,5INjqkS1o8h1imAzPqGZBb,dream pop
2026-09-22,medium_term,5INjqkS1o8h1imAzPqGZBb,indie rock
2026-09-22,medium_term,5INjqkS1o8h1imAzPqGZBb,indietronica
2026-09-22,medium_term,5INjqkS1o8h1imAzPqGZBb,leftfield
2026-09-22,medium_term,5INjqkS1o8h1imAzPqGZBb,neo-psychedelia
2026-09-22,medium_term,5INjqkS1o8h1imAzPqGZBb,pop
2026-09-22,medium_term,5INjqkS1o8h1imAzPqGZBb,psychedelic
2026-09-22,medium_term,5INjqkS1o8h1imAzPqGZBb,psychedelic pop
2026-09-22,medium_term,5INjqkS1o8h1imAzPqGZBb,psychedelic rock
2026-09-22,medium_term,5INjqkS1o8h1imAzPqGZBb,rock
2026-09-22,medium_term,5INjqkS1o8h1imAzPqGZBb,space rock
2026-09-22,medium_term,5INjqkS1o8h1imAzPqGZBb,synth-pop
2026-09-22,medium_term,5cj0lLjcoR7YOSnhnX0Po5,alternative rock
2026-09-22,medium_term,5cj0lLjcoR7YOSnhnX0Po5,grunge
2026-09-22,medium_term,5cj0lLjcoR7YOSnhnX0Po5,hip hop
2026-09-22,medium_term,5cj0lLjcoR7YOSnhnX0Po5,pop
2026-09-22,medium_term,5cj0lLjcoR7YOSnhnX0Po5,pop rap
2026-09-22,medium_term,5cj0lLjcoR7YOSnhnX0Po5,post-grunge
2026-09-22,medium_term,5cj0lLjcoR7YOSnhnX0Po5,power pop
2026-09-22,medium_term,5cj0lLjcoR7YOSnhnX0Po5,rock
2026-09-22,medium_term,5cj0lLjcoR7YOSnhnX0Po5,trap
2026-09-22,medium_term,5cj0lLjcoR7YOSnhnX0Po5,west coast hip hop
2026-09-22,medium_term,5y8tKLUfMvliMe8IKamR32,alternative r&b
2026-09-22,medium_term,5y8tKLUfMvliMe8IKamR32,contemporary r&b
2026-09-22,medium_term,5y8tKLUfMvliMe8IKamR32,indie pop
2026-09-22,medium_term,5y8tKLUfMvliMe8IKamR32,lo-fi
2026-09-22,medium_term,60jYUgQzKAtnJoXKGk1GNn,folk
2026-09-22,medium_term,60jYUgQzKAtnJoXKGk1GNn,pop
2026-09-22,medium_term,60jYUgQzKAtnJoXKGk1GNn,techno
2026-09-22,medium_term,66CXWjxzNUsdJxJ2JdwvnR,contemporary r&b
2026-09-22,medium_term,66CXWjxzNUsdJxJ2JdwvnR,dance-pop
2026-09-22,medium_term,66CXWjxzNUsdJxJ2JdwvnR,pop
2026-09-22,medium_term,66CXWjxzNUsdJxJ2JdwvnR,r&b
2026-09-22,medium_term,66CXWjxzNUsdJxJ2JdwvnR,trap soul
2026-09-22,medium_term,700c9Qz2z6HZKTumeliKAw,electronic
2026-09-22,medium_term,77SW9BnxLY8rJ0RciFqkHh,alternative rock
2026-09-22,medium_term,77SW9BnxLY8rJ0RciFqkHh,indie pop
2026-09-22,medium_term,78rUTD7y6Cy67W1RVzYs7t,alternative pop
2026-09-22,medium_term,78rUTD7y6Cy67W1RVzYs7t,bubblegum pop
2026-09-22,medium_term,78rUTD7y6Cy67W1RVzYs7t,dance-pop
2026-09-22,medium_term,78rUTD7y6Cy67W1RVzYs7t,drum and bass
2026-09-22,medium_term,78rUTD7y6Cy67W1RVzYs7t,future garage
2026-09-22,medium_term,78rUTD7y6Cy67W1RVzYs7t,jungle
2026-09-22,medium_term,78rUTD7y6Cy67W1RVzYs7t,pop
2026-09-22,medium_term,78rUTD7y6Cy67W1RVzYs7t,uk garage
2026-09-22,medium_term,7Ln80lUS6He07XvHI8qqHH,alternative rock
2026-09-22,medium_term,7Ln80lUS6He07XvHI8qqHH,art rock
2026-09-22,medium_term,7Ln80lUS6He07XvHI8qqHH,baroque pop
2026-09-22,medium_term,7Ln80lUS6He07XvHI8qqHH,dance
2026-09-22,medium_term,7Ln80lUS6He07XvHI8qqHH,electronica
2026-09-22,medium_term,7Ln80lUS6He07XvHI8qqHH,garage rock
2026-09-22,medium_term,7Ln80lUS6He07XvHI8qqHH,garage rock revival
2026-09-22,medium_term,7Ln80lUS6He07XvHI8qqHH,house
2026-09-22,medium_term,7Ln80lUS6He07XvHI8qqHH,indie rock
2026-09-22,medium_term,7Ln80lUS6He07XvHI8qqHH,neo-psychedelia
2026-09-22,medium_term,7Ln80lUS6He07XvHI8qqHH,pop
2026-09-22,medium_term,7Ln80lUS6He07XvHI8qqHH,post-punk revival
2026-09-22,medium_term,7Ln80lUS6He07XvHI8qqHH,psychedelic pop
2026-09-22,medium_term,7Ln80lUS6He07XvHI8qqHH,psychedelic rock
2026-09-22,medium_term,7Ln80lUS6He07XvHI8qqHH,rock
2026-09-22,medium_term,7lzordPuZEXxwt9aoVZYmG,alternative dance
2026-09-22,medium_term,7lzordPuZEXxwt9aoVZYmG,classic rock
2026-09-22,medium_term,7lzordPuZEXxwt9aoVZYmG,electronic
2026-09-22,medium_term,7lzordPuZEXxwt9aoVZYmG,hard rock
2026-09-22,medium_term,7lzordPuZEXxwt9aoVZYmG,new wave
2026-09-22,medium_term,7lzordPuZEXxwt9aoVZYmG,pop rock
2026-09-22,medium_term,7lzordPuZEXxwt9aoVZYmG,punk rock
2026-09-22,medium_term,7lzordPuZEXxwt9aoVZYmG,rock
2026-09-22,medium_term,7tYKF4w9nC0nq9CsPZTHyP,alternative r&b
2026-09-22,medium_term,7tYKF4w9nC0nq9CsPZTHyP,contemporary r&b
2026-09-22,medium_term,7tYKF4w9nC0nq9CsPZTHyP,electronic
2026-09-22,medium_term,7tYKF4w9nC0nq9CsPZTHyP,hip hop soul
2026-09-22,medium_term,7tYKF4w9nC0nq9CsPZTHyP,neo soul
2026-09-22,medium_term,7tYKF4w9nC0nq9CsPZTHyP,pop
2026-09-22,medium_term,7tYKF4w9nC0nq9CsPZTHyP,r&b
2026-09-22,medium_term,7tYKF4w9nC0nq9CsPZTHyP,soul
2026-09-22,short_term,00FQb4jTyendYWaN8pK0wa,alternative pop
2026-09-22,short_term,00FQb4jTyendYWaN8pK0wa,art pop
2026-09-22,short_term,00FQb4jTyendYWaN8pK0wa,ballad
2026-09-22,short_term,00FQb4jTyendYWaN8pK0wa,baroque pop
2026-09-22,short_term,00FQb4jTyendYWaN8pK0wa,chamber pop
2026-09-22,short_term,00FQb4jTyendYWaN8pK0wa,country
2026-09-22,short_term,00FQb4jTyendYWaN8pK0wa,dance
2026-09-22,short_term,00FQb4jTyendYWaN8pK0wa,dream pop
2026-09-22,short_term,00FQb4jTyendYWaN8pK0wa,edm
2026-09-22,short_term,00FQb4jTyendYWaN8pK0wa,electronic
2026-09-22,short_term,00FQb4jTyendYWaN8pK0wa,electronica
2026-09-22,short_term,00FQb4jTyendYWaN8pK0wa,future bass
2026-09-22,short_term,00FQb4jTyendYWaN8pK0wa,house
2026-09-22,short_term,00FQb4jTyendYWaN8pK0wa,indie pop
2026-09-22,short_term,00FQb4jTyendYWaN8pK0wa,indie rock
2026-09-22,short_term,00FQb4jTyendYWaN8pK0wa,melodic house
2026-09-22,short_term,00FQb4jTyendYWaN8pK0wa,melodic techno
2026-09-22,short_term,00FQb4jTyendYWaN8pK0wa,neo-psychedelia
2026-09-22,short_term,00FQb4jTyendYWaN8pK0wa,pop
2026-09-22,short_term,00FQb4jTyendYWaN8pK0wa,psychedelic pop
2026-09-22,short_term,00FQb4jTyendYWaN8pK0wa,r&b
2026-09-22,short_term,00FQb4jTyendYWaN8pK0wa,rock
2026-09-22,short_term,00FQb4jTyendYWaN8pK0wa,singer-songwriter
2026-09-22,short_term,00FQb4jTyendYWaN8pK0wa,slowcore
2026-09-22,short_term,00FQb4jTyendYWaN8pK0wa,trap
2026-09-22,short_term,00FQb4jTyendYWaN8pK0wa,trip hop
2026-09-22,short_term,0U7iI0Dk4Ojvi17nZboNO4,indie rock
2026-09-22,short_term,0U7iI0Dk4Ojvi17nZboNO4,surf rock
2026-09-22,short_term,0Y6dVaC9DZtPNH4591M42W,dream pop
2026-09-22,short_term,0Y6dVaC9DZtPNH4591M42W,electronic
2026-09-22,short_term,0Y6dVaC9DZtPNH4591M42W,hip hop
2026-09-22,short_term,0Y6dVaC9DZtPNH4591M42W,indie pop
2026-09-22,short_term,0Y6dVaC9DZtPNH4591M42W,indie rock
2026-09-22,short_term,0Y6dVaC9DZtPNH4591M42W,lo-fi
2026-09-22,short_term,0Y6dVaC9DZtPNH4591M42W,pop
2026-09-22,short_term,0dgJbQ0bKPyUXco8hEXN7X,ambient
2026-09-22,short_term,0dgJbQ0bKPyUXco8hEXN7X,boom bap
2026-09-22,short_term,0dgJbQ0bKPyUXco8hEXN7X,chillout
2026-09-22,short_term,0dgJbQ0bKPyUXco8hEXN7X,chillwave
2026-09-22,short_term,0dgJbQ0bKPyUXco8hEXN7X,downtempo
2026-09-22,short_term,0dgJbQ0bKPyUXco8hEXN7X,drift phonk
2026-09-22,short_term,0dgJbQ0bKPyUXco8hEXN7X,hardwave
2026-09-22,short_term,0dgJbQ0bKPyUXco8hEXN7X,hip hop
2026-09-22,short_term,0dgJbQ0bKPyUXco8hEXN7X,house
2026-09-22,short_term,0dgJbQ0bKPyUXco8hEXN7X,instrumental
2026-09-22,short_term,0dgJbQ0bKPyUXco8hEXN7X,instrumental hip hop
2026-09-22,short_term,0dgJbQ0bKPyUXco8hEXN7X,lo-fi
2026-09-22,short_term,0dgJbQ0bKPyUXco8hEXN7X,lo-fi hip hop
2026-09-22,short_term,0dgJbQ0bKPyUXco8hEXN7X,phonk
2026-09-22,short_term,0dgJbQ0bKPyUXco8hEXN7X,wave
2026-09-22,short_term,0hEurMDQu99nJRq8pTxO14,acoustic rock
2026-09-22,short_term,0hEurMDQu99nJRq8pTxO14,alternative rock
2026-09-22,short_term,0hEurMDQu99nJRq8pTxO14,americana
2026-09-22,short_term,0hEurMDQu99nJRq8pTxO14,blue-eyed soul
2026-09-22,short_term,0hEurMDQu99nJRq8pTxO14,blues
2026-09-22,short_term,0hEurMDQu99nJRq8pTxO14,blues rock
2026-09-22,short_term,0hEurMDQu99nJRq8pTxO14,country
2026-09-22,short_term,0hEurMDQu99nJRq8pTxO14,country rock
2026-09-22,short_term,0hEurMDQu99nJRq8pTxO14,folk rock
2026-09-22,short_term,0hEurMDQu99nJRq8pTxO14,indie rock
2026-09-22,short_term,0hEurMDQu99nJRq8pTxO14,pop
2026-09-22,short_term,0hEurMDQu99nJRq8pTxO14,pop rock
2026-09-22,short_term,0hEurMDQu99nJRq8pTxO14,rock
2026-09-22,short_term,0hEurMDQu99nJRq8pTxO14,singer-songwriter
2026-09-22,short_term,0hEurMDQu99nJRq8pTxO14,soft rock
2026-09-22,short_term,0hEurMDQu99nJRq8pTxO14,soul
2026-09-22,short_term,1AbJ2cmwK400LSvdvBL5Jc,bedroom pop
2026-09-22,short_term,1QAJqy2dA3ihHBFIHRphZj,ambient
2026-09-22,short_term,1QAJqy2dA3ihHBFIHRphZj,ambient pop
2026-09-22,short_term,1QAJqy2dA3ihHBFIHRphZj,dream pop
2026-09-22,short_term,1QAJqy2dA3ihHBFIHRphZj,indie pop
2026-09-22,short_term,1QAJqy2dA3ihHBFIHRphZj,indie rock
2026-09-22,short_term,1QAJqy2dA3ihHBFIHRphZj,pop
2026-09-22,short_term,1QAJqy2dA3ihHBFIHRphZj,shoegaze
2026-09-22,short_term,1QAJqy2dA3ihHBFIHRphZj,slowcore
2026-09-22,short_term,1Xyo4u8uXC1ZmMpatF05PJ,alternative r&b
2026-09-22,short_term,1Xyo4u8uXC1ZmMpatF05PJ,contemporary r&b
2026-09-22,short_term,1Xyo4u8uXC1ZmMpatF05PJ,dance-pop
2026-09-22,short_term,1Xyo4u8uXC1ZmMpatF05PJ,hypnagogic pop
2026-09-22,short_term,1Xyo4u8uXC1ZmMpatF05PJ,pop
2026-09-22,short_term,1Xyo4u8uXC1ZmMpatF05PJ,r&b
2026-09-22,short_term,1Xyo4u8uXC1ZmMpatF05PJ,synth-pop
2026-09-22,short_term,1fa0cOhromAZdq2xRA4vv8,blue-eyed soul
2026-09-22,short_term,1fa0cOhromAZdq2xRA4vv8,dance-pop
2026-09-22,short_term,1fa0cOhromAZdq2xRA4vv8,pop
2026-09-22,short_term,1fa0cOhromAZdq2xRA4vv8,pop soul
2026-09-22,short_term,1fa0cOhromAZdq2xRA4vv8,r&b
2026-09-22,short_term,1fa0cOhromAZdq2xRA4vv8,soft rock
2026-09-22,short_term,1fa0cOhromAZdq2xRA4vv8,sophisti-pop
2026-09-22,short_term,1fa0cOhromAZdq2xRA4vv8,soul
2026-09-22,short_term,1mYsTxnqsietFxj1OgoGbG,classical
2026-09-22,short_term,1mYsTxnqsietFxj1OgoGbG,filmi
2026-09-22,short_term,1mYsTxnqsietFxj1OgoGbG,world fusion
2026-09-22,short_term,1wRPtKGflJrBx9BmLsSwlU,filmi
2026-09-22,short_term,2YZyLoL8N0Wb9xBt1NhZWg,alternative hip hop
2026-09-22,short_term,2YZyLoL8N0Wb9xBt1NhZWg,conscious hip hop
2026-09-22,short_term,2YZyLoL8N0Wb9xBt1NhZWg,dance
2026-09-22,short_term,2YZyLoL8N0Wb9xBt1NhZWg,disco
2026-09-22,short_term,2YZyLoL8N0Wb9xBt1NhZWg,future bass
2026-09-22,short_term,2YZyLoL8N0Wb9xBt1NhZWg,gangsta rap
2026-09-22,short_term,2YZyLoL8N0Wb9xBt1NhZWg,hardcore hip hop
2026-09-22,short_term,2YZyLoL8N0Wb9xBt1NhZWg,hip hop
2026-09-22,short_term,2YZyLoL8N0Wb9xBt1NhZWg,house
2026-09-22,short_term,2YZyLoL8N0Wb9xBt1NhZWg,jazz
2026-09-22,short_term,2YZyLoL8N0Wb9xBt1NhZWg,jazz rap
2026-09-22,short_term,2YZyLoL8N0Wb9xBt1NhZWg,pop
2026-09-22,short_term,2YZyLoL8N0Wb9xBt1NhZWg,pop rap
2026-09-22,short_term,2YZyLoL8N0Wb9xBt1NhZWg,r&b
2026-09-22,short_term,2YZyLoL8N0Wb9xBt1NhZWg,trap
2026-09-22,short_term,2YZyLoL8N0Wb9xBt1NhZWg,west coast hip hop
2026-09-22,short_term,2h93pZq0e7k5yf4dywlkpM,alternative r&b
2026-09-22,short_term,2h93pZq0e7k5yf4dywlkpM,contemporary r&b
2026-09-22,short_term,2h93pZq0e7k5yf4dywlkpM,pop
2026-09-22,short_term,2h93pZq0e7k5yf4dywlkpM,r&b
2026-09-22,short_term,2jku7tDXc6XoB6MO2hFuqg,alternative hip hop
2026-09-22,short_term,2jku7tDXc6XoB6MO2hFuqg,alternative r&b
2026-09-22,short_term,2jku7tDXc6XoB6MO2hFuqg,contemporary r&b
2026-09-22,short_term,2jku7tDXc6XoB6MO2hFuqg,dancehall
2026-09-22,short_term,2jku7tDXc6XoB6MO2hFuqg,hip hop
2026-09-22,short_term,2jku7tDXc6XoB6MO2hFuqg,r&b
2026-09-22,short_term,2oSONSC9zQ4UonDKnLqksx,filmi
2026-09-22,short_term,3MZsBdqDrRTJihTHQrO6Dq,alternative r&b
2026-09-22,short_term,3MZsBdqDrRTJihTHQrO6Dq,art pop
2026-09-22,short_term,3MZsBdqDrRTJihTHQrO6Dq,ballad
2026-09-22,short_term,3MZsBdqDrRTJihTHQrO6Dq,instrumental hip hop
2026-09-22,short_term,3MZsBdqDrRTJihTHQrO6Dq,lo-fi hip hop
2026-09-22,short_term,3MZsBdqDrRTJihTHQrO6Dq,trip hop
2026-09-22,short_term,3Sz7ZnJQBIHsXLUSo0OQtM,folk pop
2026-09-22,short_term,3Sz7ZnJQBIHsXLUSo0OQtM,indie pop
2026-09-22,short_term,3Sz7ZnJQBIHsXLUSo0OQtM,indie rock
2026-09-22,short_term,3Sz7ZnJQBIHsXLUSo0OQtM,jangle pop
2026-09-22,short_term,3Sz7ZnJQBIHsXLUSo0OQtM,pop
2026-09-22,short_term,3Sz7ZnJQBIHsXLUSo0OQtM,psychedelic pop
2026-09-22,short_term,3mIj9lX2MWuHmhNCA7LSCW,alternative pop
2026-09-22,short_term,3mIj9lX2MWuHmhNCA7LSCW,alternative rock
2026-09-22,short_term,3mIj9lX2MWuHmhNCA7LSCW,ambient pop
2026-09-22,short_term,3mIj9lX2MWuHmhNCA7LSCW,art pop
2026-09-22,short_term,3mIj9lX2MWuHmhNCA7LSCW,indie pop
2026-09-22,short_term,3mIj9lX2MWuHmhNCA7LSCW,indie rock
2026-09-22,short_term,3mIj9lX2MWuHmhNCA7LSCW,indietronica
2026-09-22,short_term,3mIj9lX2MWuHmhNCA7LSCW,leftfield
2026-09-22,short_term,3mIj9lX2MWuHmhNCA7LSCW,new wave
2026-09-22,short_term,3mIj9lX2MWuHmhNCA7LSCW,pop rock
2026-09-22,short_term,3mIj9lX2MWuHmhNCA7LSCW,post-punk revival
2026-09-22,short_term,3mIj9lX2MWuHmhNCA7LSCW,synth-pop
2026-09-22,short_term,3yY2gUcIsjMr8hjo51PoJ8,alternative rock
2026-09-22,short_term,3yY2gUcIsjMr8hjo51PoJ8,britpop
2026-09-22,short_term,3yY2gUcIsjMr8hjo51PoJ8,indie pop
2026-09-22,short_term,3yY2gUcIsjMr8hjo51PoJ8,indie rock
2026-09-22,short_term,3yY2gUcIsjMr8hjo51PoJ8,jangle pop
2026-09-22,short_term,3yY2gUcIsjMr8hjo51PoJ8,new wave
2026-09-22,short_term,3yY2gUcIsjMr8hjo51PoJ8,pop
2026-09-22,short_term,3yY2gUcIsjMr8hjo51PoJ8,post-punk
2026-09-22,short_term,3yY2gUcIsjMr8hjo51PoJ8,rock
2026-09-22,short_term,47zz7sob9NUcODy0BTDvKx,contemporary r&b
2026-09-22,short_term,47zz7sob9NUcODy0BTDvKx,downtempo
2026-09-22,short_term,47zz7sob9NUcODy0BTDvKx,jazz
2026-09-22,short_term,47zz7sob9NUcODy0BTDvKx,jazz pop
2026-09-22,short_term,47zz7sob9NUcODy0BTDvKx,pop
2026-09-22,short_term,47zz7sob9NUcODy0BTDvKx,quiet storm
2026-09-22,short_term,47zz7sob9NUcODy0BTDvKx,smooth jazz
2026-09-22,short_term,47zz7sob9NUcODy0BTDvKx,smooth soul
2026-09-22,short_term,47zz7sob9NUcODy0BTDvKx,sophisti-pop
2026-09-22,short_term,47zz7sob9NUcODy0BTDvKx,soul
2026-09-22,short_term,47zz7sob9NUcODy0BTDvKx,trip hop
2026-09-22,short_term,4gdMJYnopf2nEUcanAwstx,indian pop
2026-09-22,short_term,4gdMJYnopf2nEUcanAwstx,singer-songwriter
2026-09-22,short_term,4gzpq5DPGxSnKTe4SA8HAU,alternative rock
2026-09-22,short_term,4gzpq5DPGxSnKTe4SA8HAU,art pop
2026-09-22,short_term,4gzpq5DPGxSnKTe4SA8HAU,britpop
2026-09-22,short_term,4gzpq5DPGxSnKTe4SA8HAU,dream pop
2026-09-22,short_term,4gzpq5DPGxSnKTe4SA8HAU,piano rock
2026-09-22,short_term,4gzpq5DPGxSnKTe4SA8HAU,pop
2026-09-22,short_term,4gzpq5DPGxSnKTe4SA8HAU,pop rock
2026-09-22,short_term,4gzpq5DPGxSnKTe4SA8HAU,post-britpop
2026-09-22,short_term,4gzpq5DPGxSnKTe4SA8HAU,rock
2026-09-22,short_term,5INjqkS1o8h1imAzPqGZBb,alternative dance
2026-09-22,short_term,5INjqkS1o8h1imAzPqGZBb,alternative rock
2026-09-22,short_term,5INjqkS1o8h1imAzPqGZBb,dream pop
2026-09-22,short_term,5INjqkS1o8h1imAzPqGZBb,indie rock
2026-09-22,short_term,5INjqkS1o8h1imAzPqGZBb,indietronica
2026-09-22,short_term,5INjqkS1o8h1imAzPqGZBb,leftfield
2026-09-22,short_term,5INjqkS1o8h1imAzPqGZBb,neo-psychedelia
2026-09-22,short_term,5INjqkS1o8h1imAzPqGZBb,pop
2026-09-22,short_term,5INjqkS1o8h1imAzPqGZBb,psychedelic
2026-09-22,short_term,5INjqkS1o8h1imAzPqGZBb,psychedelic pop
2026-09-22,short_term,5INjqkS1o8h1imAzPqGZBb,psychedelic rock
2026-09-22,short_term,5INjqkS1o8h1imAzPqGZBb,rock
2026-09-22,short_term,5INjqkS1o8h1imAzPqGZBb,space rock
2026-09-22,short_term,5INjqkS1o8h1imAzPqGZBb,synth-pop
2026-09-22,short_term,5cj0lLjcoR7YOSnhnX0Po5,alternative rock
2026-09-22,short_term,5cj0lLjcoR7YOSnhnX0Po5,grunge
2026-09-22,short_term,5cj0lLjcoR7YOSnhnX0Po5,hip hop
2026-09-22,short_term,5cj0lLjcoR7YOSnhnX0Po5,pop
2026-09-22,short_term,5cj0lLjcoR7YOSnhnX0Po5,pop rap
2026-09-22,short_term,5cj0lLjcoR7YOSnhnX0Po5,post-grunge
2026-09-22,short_term,5cj0lLjcoR7YOSnhnX0Po5,power pop
2026-09-22,short_term,5cj0lLjcoR7YOSnhnX0Po5,rock
2026-09-22,short_term,5cj0lLjcoR7YOSnhnX0Po5,trap
2026-09-22,short_term,5cj0lLjcoR7YOSnhnX0Po5,west coast hip hop
2026-09-22,short_term,66CXWjxzNUsdJxJ2JdwvnR,contemporary r&b
2026-09-22,short_term,66CXWjxzNUsdJxJ2JdwvnR,dance-pop
2026-09-22,short_term,66CXWjxzNUsdJxJ2JdwvnR,pop
2026-09-22,short_term,66CXWjxzNUsdJxJ2JdwvnR,r&b
2026-09-22,short_term,66CXWjxzNUsdJxJ2JdwvnR,trap soul
2026-09-22,short_term,6IRouO5mvvfcyxtPDKMYFN,acoustic rock
2026-09-22,short_term,6IRouO5mvvfcyxtPDKMYFN,aor
2026-09-22,short_term,6IRouO5mvvfcyxtPDKMYFN,arena rock
2026-09-22,short_term,6IRouO5mvvfcyxtPDKMYFN,classic rock
2026-09-22,short_term,6IRouO5mvvfcyxtPDKMYFN,hard rock
2026-09-22,short_term,6IRouO5mvvfcyxtPDKMYFN,pop rock
2026-09-22,short_term,6IRouO5mvvfcyxtPDKMYFN,rock
2026-09-22,short_term,6IRouO5mvvfcyxtPDKMYFN,soft rock
2026-09-22,short_term,6XwwFnewNgWp81MYMK8zLq,deep house
2026-09-22,short_term,700c9Qz2z6HZKTumeliKAw,electronic
2026-09-22,short_term,77SW9BnxLY8rJ0RciFqkHh,alternative rock
2026-09-22,short_term,77SW9BnxLY8rJ0RciFqkHh,indie pop
2026-09-22,short_term,7CajNmpbOovFoOoasH2HaY,acid house
2026-09-22,short_term,7CajNmpbOovFoOoasH2HaY,club
2026-09-22,short_term,7CajNmpbOovFoOoasH2HaY,complextro
2026-09-22,short_term,7CajNmpbOovFoOoasH2HaY,contemporary r&b
2026-09-22,short_term,7CajNmpbOovFoOoasH2HaY,dance
2026-09-22,short_term,7CajNmpbOovFoOoasH2HaY,dance-pop
2026-09-22,short_term,7CajNmpbOovFoOoasH2HaY,disco
2026-09-22,short_term,7CajNmpbOovFoOoasH2HaY,edm
2026-09-22,short_term,7CajNmpbOovFoOoasH2HaY,electro house
2026-09-22,short_term,7CajNmpbOovFoOoasH2HaY,electro-disco
2026-09-22,short_term,7CajNmpbOovFoOoasH2HaY,electronic
2026-09-22,short_term,7CajNmpbOovFoOoasH2HaY,electropop
2026-09-22,short_term,7CajNmpbOovFoOoasH2HaY,festival progressive house
2026-09-22,short_term,7CajNmpbOovFoOoasH2HaY,funktronica
2026-09-22,short_term,7CajNmpbOovFoOoasH2HaY,hip house
2026-09-22,short_term,7CajNmpbOovFoOoasH2HaY,house
2026-09-22,short_term,7CajNmpbOovFoOoasH2HaY,melodic house
2026-09-22,short_term,7CajNmpbOovFoOoasH2HaY,melodic techno
2026-09-22,short_term,7CajNmpbOovFoOoasH2HaY,nu disco
2026-09-22,short_term,7CajNmpbOovFoOoasH2HaY,pop
2026-09-22,short_term,7CajNmpbOovFoOoasH2HaY,progressive house
2026-09-22,short_term,7CajNmpbOovFoOoasH2HaY,synth-pop
2026-09-22,short_term,7CajNmpbOovFoOoasH2HaY,uk garage
2026-09-22,short_term,7Ln80lUS6He07XvHI8qqHH,alternative rock
2026-09-22,short_term,7Ln80lUS6He07XvHI8qqHH,art rock
2026-09-22,short_term,7Ln80lUS6He07XvHI8qqHH,baroque pop
2026-09-22,short_term,7Ln80lUS6He07XvHI8qqHH,dance
2026-09-22,short_term,7Ln80lUS6He07XvHI8qqHH,electronica
2026-09-22,short_term,7Ln80lUS6He07XvHI8qqHH,garage rock
2026-09-22,short_term,7Ln80lUS6He07XvHI8qqHH,garage rock revival
2026-09-22,short_term,7Ln80lUS6He07XvHI8qqHH,house
2026-09-22,short_term,7Ln80lUS6He07XvHI8qqHH,indie rock
2026-09-22,short_term,7Ln80lUS6He07XvHI8qqHH,neo-psychedelia
2026-09-22,short_term,7Ln80lUS6He07XvHI8qqHH,pop
2026-09-22,short_term,7Ln80lUS6He07XvHI8qqHH,post-punk revival
2026-09-22,short_term,7Ln80lUS6He07XvHI8qqHH,psychedelic pop
2026-09-22,short_term,7Ln80lUS6He07XvHI8qqHH,psychedelic rock
2026-09-22,short_term,7Ln80lUS6He07XvHI8qqHH,rock
2026-09-22,short_term,7tYKF4w9nC0nq9CsPZTHyP,alternative r&b
2026-09-22,short_term,7tYKF4w9nC0nq9CsPZTHyP,contemporary r&b
2026-09-22,short_term,7tYKF4w9nC0nq9CsPZTHyP,electronic
2026-09-22,short_term,7tYKF4w9nC0nq9CsPZTHyP,hip hop soul
2026-09-22,short_term,7tYKF4w9nC0nq9CsPZTHyP,neo soul
2026-09-22,short_term,7tYKF4w9nC0nq9CsPZTHyP,pop
2026-09-22,short_term,7tYKF4w9nC0nq9CsPZTHyP,r&b
2026-09-22,short_term,7tYKF4w9nC0nq9CsPZTHyP,soul
2026-09-23,long_term,00FQb4jTyendYWaN8pK0wa,alternative pop
2026-09-23,long_term,00FQb4jTyendYWaN8pK0wa,art pop
2026-09-23,long_term,00FQb4jTyendYWaN8pK0wa,ballad
2026-09-23,long_term,00FQb4jTyendYWaN8pK0wa,baroque pop
2026-09-23,long_term,00FQb4jTyendYWaN8pK0wa,chamber pop
2026-09-23,long_term,00FQb4jTyendYWaN8pK0wa,country
2026-09-23,long_term,00FQb4jTyendYWaN8pK0wa,dance
2026-09-23,long_term,00FQb4jTyendYWaN8pK0wa,dream pop
2026-09-23,long_term,00FQb4jTyendYWaN8pK0wa,edm
2026-09-23,long_term,00FQb4jTyendYWaN8pK0wa,electronic
2026-09-23,long_term,00FQb4jTyendYWaN8pK0wa,electronica
2026-09-23,long_term,00FQb4jTyendYWaN8pK0wa,future bass
2026-09-23,long_term,00FQb4jTyendYWaN8pK0wa,house
2026-09-23,long_term,00FQb4jTyendYWaN8pK0wa,indie pop
2026-09-23,long_term,00FQb4jTyendYWaN8pK0wa,indie rock
2026-09-23,long_term,00FQb4jTyendYWaN8pK0wa,melodic house
2026-09-23,long_term,00FQb4jTyendYWaN8pK0wa,melodic techno
2026-09-23,long_term,00FQb4jTyendYWaN8pK0wa,neo-psychedelia
2026-09-23,long_term,00FQb4jTyendYWaN8pK0wa,pop
2026-09-23,long_term,00FQb4jTyendYWaN8pK0wa,psychedelic pop
2026-09-23,long_term,00FQb4jTyendYWaN8pK0wa,r&b
2026-09-23,long_term,00FQb4jTyendYWaN8pK0wa,rock
2026-09-23,long_term,00FQb4jTyendYWaN8pK0wa,singer-songwriter
2026-09-23,long_term,00FQb4jTyendYWaN8pK0wa,slowcore
2026-09-23,long_term,00FQb4jTyendYWaN8pK0wa,trap
2026-09-23,long_term,00FQb4jTyendYWaN8pK0wa,trip hop
2026-09-23,long_term,06O23tLg0or676h8EEzH7W,chillwave
2026-09-23,long_term,06O23tLg0or676h8EEzH7W,dreamwave
2026-09-23,long_term,06O23tLg0or676h8EEzH7W,electronic
2026-09-23,long_term,06O23tLg0or676h8EEzH7W,synth-pop
2026-09-23,long_term,06O23tLg0or676h8EEzH7W,witch house
2026-09-23,long_term,0Y6dVaC9DZtPNH4591M42W,dream pop
2026-09-23,long_term,0Y6dVaC9DZtPNH4591M42W,electronic
2026-09-23,long_term,0Y6dVaC9DZtPNH4591M42W,hip hop
2026-09-23,long_term,0Y6dVaC9DZtPNH4591M42W,indie pop
2026-09-23,long_term,0Y6dVaC9DZtPNH4591M42W,indie rock
2026-09-23,long_term,0Y6dVaC9DZtPNH4591M42W,lo-fi
2026-09-23,long_term,0Y6dVaC9DZtPNH4591M42W,pop
2026-09-23,long_term,0dgJbQ0bKPyUXco8hEXN7X,ambient
2026-09-23,long_term,0dgJbQ0bKPyUXco8hEXN7X,boom bap
2026-09-23,long_term,0dgJbQ0bKPyUXco8hEXN7X,chillout
2026-09-23,long_term,0dgJbQ0bKPyUXco8hEXN7X,chillwave
2026-09-23,long_term,0dgJbQ0bKPyUXco8hEXN7X,downtempo
2026-09-23,long_term,0dgJbQ0bKPyUXco8hEXN7X,drift phonk
2026-09-23,long_term,0dgJbQ0bKPyUXco8hEXN7X,hardwave
2026-09-23,long_term,0dgJbQ0bKPyUXco8hEXN7X,hip hop
2026-09-23,long_term,0dgJbQ0bKPyUXco8hEXN7X,house
2026-09-23,long_term,0dgJbQ0bKPyUXco8hEXN7X,instrumental
2026-09-23,long_term,0dgJbQ0bKPyUXco8hEXN7X,instrumental hip hop
2026-09-23,long_term,0dgJbQ0bKPyUXco8hEXN7X,lo-fi
2026-09-23,long_term,0dgJbQ0bKPyUXco8hEXN7X,lo-fi hip hop
2026-09-23,long_term,0dgJbQ0bKPyUXco8hEXN7X,phonk
2026-09-23,long_term,0dgJbQ0bKPyUXco8hEXN7X,wave
2026-09-23,long_term,0hEurMDQu99nJRq8pTxO14,acoustic rock
2026-09-23,long_term,0hEurMDQu99nJRq8pTxO14,alternative rock
2026-09-23,long_term,0hEurMDQu99nJRq8pTxO14,americana
2026-09-23,long_term,0hEurMDQu99nJRq8pTxO14,blue-eyed soul
2026-09-23,long_term,0hEurMDQu99nJRq8pTxO14,blues
2026-09-23,long_term,0hEurMDQu99nJRq8pTxO14,blues rock
2026-09-23,long_term,0hEurMDQu99nJRq8pTxO14,country
2026-09-23,long_term,0hEurMDQu99nJRq8pTxO14,country rock
2026-09-23,long_term,0hEurMDQu99nJRq8pTxO14,folk rock
2026-09-23,long_term,0hEurMDQu99nJRq8pTxO14,indie rock
2026-09-23,long_term,0hEurMDQu99nJRq8pTxO14,pop
2026-09-23,long_term,0hEurMDQu99nJRq8pTxO14,pop rock
2026-09-23,long_term,0hEurMDQu99nJRq8pTxO14,rock
2026-09-23,long_term,0hEurMDQu99nJRq8pTxO14,singer-songwriter
2026-09-23,long_term,0hEurMDQu99nJRq8pTxO14,soft rock
2026-09-23,long_term,0hEurMDQu99nJRq8pTxO14,soul
2026-09-23,long_term,0klU31gyC6EZqKgLvVANCy,boom bap
2026-09-23,long_term,0klU31gyC6EZqKgLvVANCy,chillwave
2026-09-23,long_term,0klU31gyC6EZqKgLvVANCy,downtempo
2026-09-23,long_term,0klU31gyC6EZqKgLvVANCy,hip hop
2026-09-23,long_term,0klU31gyC6EZqKgLvVANCy,instrumental
2026-09-23,long_term,0klU31gyC6EZqKgLvVANCy,instrumental hip hop
2026-09-23,long_term,0klU31gyC6EZqKgLvVANCy,lo-fi
2026-09-23,long_term,0klU31gyC6EZqKgLvVANCy,lo-fi hip hop
2026-09-23,long_term,17XXKfRBMCWvLrqGoNkJXm,ballad
2026-09-23,long_term,17XXKfRBMCWvLrqGoNkJXm,easy listening
2026-09-23,long_term,17XXKfRBMCWvLrqGoNkJXm,pop
2026-09-23,long_term,19ra5tSw0tWufvUp8GotLo,ballad
2026-09-23,long_term,19ra5tSw0tWufvUp8GotLo,blue-eyed soul
2026-09-23,long_term,19ra5tSw0tWufvUp8GotLo,contemporary r&b
2026-09-23,long_term,19ra5tSw0tWufvUp8GotLo,dance-pop
2026-09-23,long_term,19ra5tSw0tWufvUp8GotLo,dance-rock
2026-09-23,long_term,19ra5tSw0tWufvUp8GotLo,jazz
2026-09-23,long_term,19ra5tSw0tWufvUp8GotLo,pop
2026-09-23,long_term,19ra5tSw0tWufvUp8GotLo,pop rock
2026-09-23,long_term,19ra5tSw0tWufvUp8GotLo,pop soul
2026-09-23,long_term,19ra5tSw0tWufvUp8GotLo,r&b
2026-09-23,long_term,19ra5tSw0tWufvUp8GotLo,smooth jazz
2026-09-23,long_term,19ra5tSw0tWufvUp8GotLo,smooth soul
2026-09-23,long_term,19ra5tSw0tWufvUp8GotLo,soft rock
2026-09-23,long_term,19ra5tSw0tWufvUp8GotLo,sophisti-pop
2026-09-23,long_term,19ra5tSw0tWufvUp8GotLo,soul
2026-09-23,long_term,1QAJqy2dA3ihHBFIHRphZj,ambient
2026-09-23,long_term,1QAJqy2dA3ihHBFIHRphZj,ambient pop
2026-09-23,long_term,1QAJqy2dA3ihHBFIHRphZj,dream pop
2026-09-23,long_term,1QAJqy2dA3ihHBFIHRphZj,indie pop
2026-09-23,long_term,1QAJqy2dA3ihHBFIHRphZj,indie rock
2026-09-23,long_term,1QAJqy2dA3ihHBFIHRphZj,pop
2026-09-23,long_term,1QAJqy2dA3ihHBFIHRphZj,shoegaze
2026-09-23,long_term,1QAJqy2dA3ihHBFIHRphZj,slowcore
2026-09-23,long_term,1Xyo4u8uXC1ZmMpatF05PJ,alternative r&b
2026-09-23,long_term,1Xyo4u8uXC1ZmMpatF05PJ,contemporary r&b
2026-09-23,long_term,1Xyo4u8uXC1ZmMpatF05PJ,dance-pop
2026-09-23,long_term,1Xyo4u8uXC1ZmMpatF05PJ,hypnagogic pop
2026-09-23,long_term,1Xyo4u8uXC1ZmMpatF05PJ,pop
2026-09-23,long_term,1Xyo4u8uXC1ZmMpatF05PJ,r&b
2026-09-23,long_term,1Xyo4u8uXC1ZmMpatF05PJ,synth-pop
2026-09-23,long_term,1cGyguqPQY22oUd4fKglFS,ambient
2026-09-23,long_term,1cGyguqPQY22oUd4fKglFS,dark ambient
2026-09-23,long_term,1mYsTxnqsietFxj1OgoGbG,classical
2026-09-23,long_term,1mYsTxnqsietFxj1OgoGbG,filmi
2026-09-23,long_term,1mYsTxnqsietFxj1OgoGbG,world fusion
2026-09-23,long_term,1wRPtKGflJrBx9BmLsSwlU,filmi
2026-09-23,long_term,2YZyLoL8N0Wb9xBt1NhZWg,alternative hip hop
2026-09-23,long_term,2YZyLoL8N0Wb9xBt1NhZWg,conscious hip hop
2026-09-23,long_term,2YZyLoL8N0Wb9xBt1NhZWg,dance
2026-09-23,long_term,2YZyLoL8N0Wb9xBt1NhZWg,disco
2026-09-23,long_term,2YZyLoL8N0Wb9xBt1NhZWg,future bass
2026-09-23,long_term,2YZyLoL8N0Wb9xBt1NhZWg,gangsta rap
2026-09-23,long_term,2YZyLoL8N0Wb9xBt1NhZWg,hardcore hip hop
2026-09-23,long_term,2YZyLoL8N0Wb9xBt1NhZWg,hip hop
2026-09-23,long_term,2YZyLoL8N0Wb9xBt1NhZWg,house
2026-09-23,long_term,2YZyLoL8N0Wb9xBt1NhZWg,jazz
2026-09-23,long_term,2YZyLoL8N0Wb9xBt1NhZWg,jazz rap
2026-09-23,long_term,2YZyLoL8N0Wb9xBt1NhZWg,pop
2026-09-23,long_term,2YZyLoL8N0Wb9xBt1NhZWg,pop rap
2026-09-23,long_term,2YZyLoL8N0Wb9xBt1NhZWg,r&b
2026-09-23,long_term,2YZyLoL8N0Wb9xBt1NhZWg,trap
2026-09-23,long_term,2YZyLoL8N0Wb9xBt1NhZWg,west coast hip hop
2026-09-23,long_term,2exebQUDoIoT0dXA8BcN1P,chillwave
2026-09-23,long_term,2exebQUDoIoT0dXA8BcN1P,electronic
2026-09-23,long_term,2exebQUDoIoT0dXA8BcN1P,synthwave
2026-09-23,long_term,2h93pZq0e7k5yf4dywlkpM,alternative r&b
2026-09-23,long_term,2h93pZq0e7k5yf4dywlkpM,contemporary r&b
2026-09-23,long_term,2h93pZq0e7k5yf4dywlkpM,pop
2026-09-23,long_term,2h93pZq0e7k5yf4dywlkpM,r&b
2026-09-23,long_term,2jku7tDXc6XoB6MO2hFuqg,alternative hip hop
2026-09-23,long_term,2jku7tDXc6XoB6MO2hFuqg,alternative r&b
2026-09-23,long_term,2jku7tDXc6XoB6MO2hFuqg,contemporary r&b
2026-09-23,long_term,2jku7tDXc6XoB6MO2hFuqg,dancehall
2026-09-23,long_term,2jku7tDXc6XoB6MO2hFuqg,hip hop
2026-09-23,long_term,2jku7tDXc6XoB6MO2hFuqg,r&b
2026-09-23,long_term,2sSGPbdZJkaSE2AbcGOACx,bedroom pop
2026-09-23,long_term,2sSGPbdZJkaSE2AbcGOACx,dream pop
2026-09-23,long_term,2sSGPbdZJkaSE2AbcGOACx,indie pop
2026-09-23,long_term,2sSGPbdZJkaSE2AbcGOACx,lo-fi
2026-09-23,long_term,2sSGPbdZJkaSE2AbcGOACx,psychedelic pop
2026-09-23,long_term,2sSGPbdZJkaSE2AbcGOACx,psychedelic soul
2026-09-23,long_term,2sSGPbdZJkaSE2AbcGOACx,synth-pop
2026-09-23,long_term,36QJpDe2go2KgaRleHCDTp,arena rock
2026-09-23,long_term,36QJpDe2go2KgaRleHCDTp,blues rock
2026-09-23,long_term,36QJpDe2go2KgaRleHCDTp,classic rock
2026-09-23,long_term,36QJpDe2go2KgaRleHCDTp,folk rock
2026-09-23,long_term,36QJpDe2go2KgaRleHCDTp,hard rock
2026-09-23,long_term,36QJpDe2go2KgaRleHCDTp,heavy metal
2026-09-23,long_term,36QJpDe2go2KgaRleHCDTp,pop
2026-09-23,long_term,36QJpDe2go2KgaRleHCDTp,progressive rock
2026-09-23,long_term,36QJpDe2go2KgaRleHCDTp,rock
2026-09-23,long_term,36QJpDe2go2KgaRleHCDTp,rock and roll
2026-09-23,long_term,3MZsBdqDrRTJihTHQrO6Dq,alternative r&b
2026-09-23,long_term,3MZsBdqDrRTJihTHQrO6Dq,art pop
2026-09-23,long_term,3MZsBdqDrRTJihTHQrO6Dq,ballad
2026-09-23,long_term,3MZsBdqDrRTJihTHQrO6Dq,instrumental hip hop
2026-09-23,long_term,3MZsBdqDrRTJihTHQrO6Dq,lo-fi hip hop
2026-09-23,long_term,3MZsBdqDrRTJihTHQrO6Dq,trip hop
2026-09-23,long_term,3Sz7ZnJQBIHsXLUSo0OQtM,folk pop
2026-09-23,long_term,3Sz7ZnJQBIHsXLUSo0OQtM,indie pop
2026-09-23,long_term,3Sz7ZnJQBIHsXLUSo0OQtM,indie rock
2026-09-23,long_term,3Sz7ZnJQBIHsXLUSo0OQtM,jangle pop
2026-09-23,long_term,3Sz7ZnJQBIHsXLUSo0OQtM,pop
2026-09-23,long_term,3Sz7ZnJQBIHsXLUSo0OQtM,psychedelic pop
2026-09-23,long_term,3TVXtAsR1Inumwj472S9r4,alternative r&b
2026-09-23,long_term,3TVXtAsR1Inumwj472S9r4,contemporary r&b
2026-09-23,long_term,3TVXtAsR1Inumwj472S9r4,hardcore hip hop
2026-09-23,long_term,3TVXtAsR1Inumwj472S9r4,hip hop
2026-09-23,long_term,3TVXtAsR1Inumwj472S9r4,pop
2026-09-23,long_term,3TVXtAsR1Inumwj472S9r4,pop rap
2026-09-23,long_term,3TVXtAsR1Inumwj472S9r4,r&b
2026-09-23,long_term,3TVXtAsR1Inumwj472S9r4,southern hip hop
2026-09-23,long_term,3TVXtAsR1Inumwj472S9r4,trap
2026-09-23,long_term,3zmfs9cQwzJl575W1ZYXeT,bedroom pop
2026-09-23,long_term,3zmfs9cQwzJl575W1ZYXeT,downtempo
2026-09-23,long_term,3zmfs9cQwzJl575W1ZYXeT,dream pop
2026-09-23,long_term,3zmfs9cQwzJl575W1ZYXeT,indie pop
2026-09-23,long_term,3zmfs9cQwzJl575W1ZYXeT,neo-psychedelia
2026-09-23,long_term,3zmfs9cQwzJl575W1ZYXeT,pop
2026-09-23,long_term,3zmfs9cQwzJl575W1ZYXeT,shoegaze
2026-09-23,long_term,3zmfs9cQwzJl575W1ZYXeT,sophisti-pop
2026-09-23,long_term,47zz7sob9NUcODy0BTDvKx,contemporary r&b
2026-09-23,long_term,47zz7sob9NUcODy0BTDvKx,downtempo
2026-09-23,long_term,47zz7sob9NUcODy0BTDvKx,jazz
2026-09-23,long_term,47zz7sob9NUcODy0BTDvKx,jazz pop
2026-09-23,long_term,47zz7sob9NUcODy0BTDvKx,pop
2026-09-23,long_term,47zz7sob9NUcODy0BTDvKx,quiet storm
2026-09-23,long_term,47zz7sob9NUcODy0BTDvKx,smooth jazz
2026-09-23,long_term,47zz7sob9NUcODy0BTDvKx,smooth soul
2026-09-23,long_term,47zz7sob9NUcODy0BTDvKx,sophisti-pop
2026-09-23,long_term,47zz7sob9NUcODy0BTDvKx,soul
2026-09-23,long_term,47zz7sob9NUcODy0BTDvKx,trip hop
2026-09-23,long_term,4KRllJ2dEeoqvxOQLOgOsI,electronic
2026-09-23,long_term,4KRllJ2dEeoqvxOQLOgOsI,phonk
2026-09-23,long_term,4KRllJ2dEeoqvxOQLOgOsI,phonk house
2026-09-23,long_term,4KRllJ2dEeoqvxOQLOgOsI,synthwave
2026-09-23,long_term,4KRllJ2dEeoqvxOQLOgOsI,trap
2026-09-23,long_term,4KRllJ2dEeoqvxOQLOgOsI,wave
2026-09-23,long_term,4MrQDA45Gd0llLrwFUzimG,boom bap
2026-09-23,long_term,4MrQDA45Gd0llLrwFUzimG,chillwave
2026-09-23,long_term,4MrQDA45Gd0llLrwFUzimG,downtempo
2026-09-23,long_term,4MrQDA45Gd0llLrwFUzimG,hip hop
2026-09-23,long_term,4MrQDA45Gd0llLrwFUzimG,instrumental
2026-09-23,long_term,4MrQDA45Gd0llLrwFUzimG,instrumental hip hop
2026-09-23,long_term,4MrQDA45Gd0llLrwFUzimG,lo-fi
2026-09-23,long_term,4MrQDA45Gd0llLrwFUzimG,lo-fi hip hop
2026-09-23,long_term,4gdMJYnopf2nEUcanAwstx,indian pop
2026-09-23,long_term,4gdMJYnopf2nEUcanAwstx,singer-songwriter
2026-09-23,long_term,4gzpq5DPGxSnKTe4SA8HAU,alternative rock
2026-09-23,long_term,4gzpq5DPGxSnKTe4SA8HAU,art pop
2026-09-23,long_term,4gzpq5DPGxSnKTe4SA8HAU,britpop
2026-09-23,long_term,4gzpq5DPGxSnKTe4SA8HAU,dream pop
2026-09-23,long_term,4gzpq5DPGxSnKTe4SA8HAU,piano rock
2026-09-23,long_term,4gzpq5DPGxSnKTe4SA8HAU,pop
2026-09-23,long_term,4gzpq5DPGxSnKTe4SA8HAU,pop rock
2026-09-23,long_term,4gzpq5DPGxSnKTe4SA8HAU,post-britpop
2026-09-23,long_term,4gzpq5DPGxSnKTe4SA8HAU,rock
2026-09-23,long_term,4yvcSjfu4PC0CYQyLy4wSq,electronic
2026-09-23,long_term,4yvcSjfu4PC0CYQyLy4wSq,indie pop
2026-09-23,long_term,4yvcSjfu4PC0CYQyLy4wSq,indie rock
2026-09-23,long_term,4yvcSjfu4PC0CYQyLy4wSq,indietronica
2026-09-23,long_term,4yvcSjfu4PC0CYQyLy4wSq,pop
2026-09-23,long_term,4yvcSjfu4PC0CYQyLy4wSq,psychedelic pop
2026-09-23,long_term,4yvcSjfu4PC0CYQyLy4wSq,psychedelic rock
2026-09-23,long_term,5INjqkS1o8h1imAzPqGZBb,alternative dance
2026-09-23,long_term,5INjqkS1o8h1imAzPqGZBb,alternative rock
2026-09-23,long_term,5INjqkS1o8h1imAzPqGZBb,dream pop
2026-09-23,long_term,5INjqkS1o8h1imAzPqGZBb,indie rock
2026-09-23,long_term,5INjqkS1o8h1imAzPqGZBb,indietronica
2026-09-23,long_term,5INjqkS1o8h1imAzPqGZBb,leftfield
2026-09-23,long_term,5INjqkS1o8h1imAzPqGZBb,neo-psychedelia
2026-09-23,long_term,5INjqkS1o8h1imAzPqGZBb,pop
2026-09-23,long_term,5INjqkS1o8h1imAzPqGZBb,psychedelic
2026-09-23,long_term,5INjqkS1o8h1imAzPqGZBb,psychedelic pop
2026-09-23,long_term,5INjqkS1o8h1imAzPqGZBb,psychedelic rock
2026-09-23,long_term,5INjqkS1o8h1imAzPqGZBb,rock
2026-09-23,long_term,5INjqkS1o8h1imAzPqGZBb,space rock
2026-09-23,long_term,5INjqkS1o8h1imAzPqGZBb,synth-pop
2026-09-23,long_term,5K4W6rqBFWDnAN6FQUkS6x,chipmunk soul
2026-09-23,long_term,5K4W6rqBFWDnAN6FQUkS6x,christian hip hop
2026-09-23,long_term,5K4W6rqBFWDnAN6FQUkS6x,conscious hip hop
2026-09-23,long_term,5K4W6rqBFWDnAN6FQUkS6x,contemporary r&b
2026-09-23,long_term,5K4W6rqBFWDnAN6FQUkS6x,deep house
2026-09-23,long_term,5K4W6rqBFWDnAN6FQUkS6x,electropop
2026-09-23,long_term,5K4W6rqBFWDnAN6FQUkS6x,experimental hip hop
2026-09-23,long_term,5K4W6rqBFWDnAN6FQUkS6x,future bass
2026-09-23,long_term,5K4W6rqBFWDnAN6FQUkS6x,hip hop
2026-09-23,long_term,5K4W6rqBFWDnAN6FQUkS6x,house
2026-09-23,long_term,5K4W6rqBFWDnAN6FQUkS6x,pop
2026-09-23,long_term,5K4W6rqBFWDnAN6FQUkS6x,pop rap
2026-09-23,long_term,5K4W6rqBFWDnAN6FQUkS6x,r&b
2026-09-23,long_term,5K4W6rqBFWDnAN6FQUkS6x,trap
2026-09-23,long_term,5cj0lLjcoR7YOSnhnX0Po5,alternative rock
2026-09-23,long_term,5cj0lLjcoR7YOSnhnX0Po5,grunge
2026-09-23,long_term,5cj0lLjcoR7YOSnhnX0Po5,hip hop
2026-09-23,long_term,5cj0lLjcoR7YOSnhnX0Po5,pop
2026-09-23,long_term,5cj0lLjcoR7YOSnhnX0Po5,pop rap
2026-09-23,long_term,5cj0lLjcoR7YOSnhnX0Po5,post-grunge
2026-09-23,long_term,5cj0lLjcoR7YOSnhnX0Po5,power pop
2026-09-23,long_term,5cj0lLjcoR7YOSnhnX0Po5,rock
2026-09-23,long_term,5cj0lLjcoR7YOSnhnX0Po5,trap
2026-09-23,long_term,5cj0lLjcoR7YOSnhnX0Po5,west coast hip hop
2026-09-23,long_term,5y8tKLUfMvliMe8IKamR32,alternative r&b
2026-09-23,long_term,5y8tKLUfMvliMe8IKamR32,contemporary r&b
2026-09-23,long_term,5y8tKLUfMvliMe8IKamR32,indie pop
2026-09-23,long_term,5y8tKLUfMvliMe8IKamR32,lo-fi
2026-09-23,long_term,6YJ4EgQzDfJnIHRbqIHAdD,chillwave
2026-09-23,long_term,6YJ4EgQzDfJnIHRbqIHAdD,downtempo
2026-09-23,long_term,6YJ4EgQzDfJnIHRbqIHAdD,instrumental
2026-09-23,long_term,6YJ4EgQzDfJnIHRbqIHAdD,instrumental hip hop
2026-09-23,long_term,6YJ4EgQzDfJnIHRbqIHAdD,lo-fi
2026-09-23,long_term,6YJ4EgQzDfJnIHRbqIHAdD,lo-fi hip hop
2026-09-23,long_term,6ft7JnxMyZhp7N52qzHymY,dream pop
2026-09-23,long_term,700c9Qz2z6HZKTumeliKAw,electronic
2026-09-23,long_term,77SW9BnxLY8rJ0RciFqkHh,alternative rock
2026-09-23,long_term,77SW9BnxLY8rJ0RciFqkHh,indie pop
2026-09-23,long_term,78rUTD7y6Cy67W1RVzYs7t,alternative pop
2026-09-23,long_term,78rUTD7y6Cy67W1RVzYs7t,bubblegum pop
2026-09-23,long_term,78rUTD7y6Cy67W1RVzYs7t,dance-pop
2026-09-23,long_term,78rUTD7y6Cy67W1RVzYs7t,drum and bass
2026-09-23,long_term,78rUTD7y6Cy67W1RVzYs7t,future garage
2026-09-23,long_term,78rUTD7y6Cy67W1RVzYs7t,jungle
2026-09-23,long_term,78rUTD7y6Cy67W1RVzYs7t,pop
2026-09-23,long_term,78rUTD7y6Cy67W1RVzYs7t,uk garage
2026-09-23,long_term,7Ln80lUS6He07XvHI8qqHH,alternative rock
2026-09-23,long_term,7Ln80lUS6He07XvHI8qqHH,art rock
2026-09-23,long_term,7Ln80lUS6He07XvHI8qqHH,baroque pop
2026-09-23,long_term,7Ln80lUS6He07XvHI8qqHH,dance
2026-09-23,long_term,7Ln80lUS6He07XvHI8qqHH,electronica
2026-09-23,long_term,7Ln80lUS6He07XvHI8qqHH,garage rock
2026-09-23,long_term,7Ln80lUS6He07XvHI8qqHH,garage rock revival
2026-09-23,long_term,7Ln80lUS6He07XvHI8qqHH,house
2026-09-23,long_term,7Ln80lUS6He07XvHI8qqHH,indie rock
2026-09-23,long_term,7Ln80lUS6He07XvHI8qqHH,neo-psychedelia
2026-09-23,long_term,7Ln80lUS6He07XvHI8qqHH,pop
2026-09-23,long_term,7Ln80lUS6He07XvHI8qqHH,post-punk revival
2026-09-23,long_term,7Ln80lUS6He07XvHI8qqHH,psychedelic pop
2026-09-23,long_term,7Ln80lUS6He07XvHI8qqHH,psychedelic rock
2026-09-23,long_term,7Ln80lUS6He07XvHI8qqHH,rock
2026-09-23,long_term,7gW0r5CkdEUMm42w9XpyZO,bossa nova
2026-09-23,long_term,7gW0r5CkdEUMm42w9XpyZO,jazz
2026-09-23,long_term,7gW0r5CkdEUMm42w9XpyZO,jazz pop
2026-09-23,long_term,7gW0r5CkdEUMm42w9XpyZO,singer-songwriter
2026-09-23,long_term,7gW0r5CkdEUMm42w9XpyZO,vocal jazz
2026-09-23,long_term,7tYKF4w9nC0nq9CsPZTHyP,alternative r&b
2026-09-23,long_term,7tYKF4w9nC0nq9CsPZTHyP,contemporary r&b
2026-09-23,long_term,7tYKF4w9nC0nq9CsPZTHyP,electronic
2026-09-23,long_term,7tYKF4w9nC0nq9CsPZTHyP,hip hop soul
2026-09-23,long_term,7tYKF4w9nC0nq9CsPZTHyP,neo soul
2026-09-23,long_term,7tYKF4w9nC0nq9CsPZTHyP,pop
2026-09-23,long_term,7tYKF4w9nC0nq9CsPZTHyP,r&b
2026-09-23,long_term,7tYKF4w9nC0nq9CsPZTHyP,soul
2026-09-23,medium_term,00FQb4jTyendYWaN8pK0wa,alternative pop
2026-09-23,medium_term,00FQb4jTyendYWaN8pK0wa,art pop
2026-09-23,medium_term,00FQb4jTyendYWaN8pK0wa,ballad
2026-09-23,medium_term,00FQb4jTyendYWaN8pK0wa,baroque pop
2026-09-23,medium_term,00FQb4jTyendYWaN8pK0wa,chamber pop
2026-09-23,medium_term,00FQb4jTyendYWaN8pK0wa,country
2026-09-23,medium_term,00FQb4jTyendYWaN8pK0wa,dance
2026-09-23,medium_term,00FQb4jTyendYWaN8pK0wa,dream pop
2026-09-23,medium_term,00FQb4jTyendYWaN8pK0wa,edm
2026-09-23,medium_term,00FQb4jTyendYWaN8pK0wa,electronic
2026-09-23,medium_term,00FQb4jTyendYWaN8pK0wa,electronica
2026-09-23,medium_term,00FQb4jTyendYWaN8pK0wa,future bass
2026-09-23,medium_term,00FQb4jTyendYWaN8pK0wa,house
2026-09-23,medium_term,00FQb4jTyendYWaN8pK0wa,indie pop
2026-09-23,medium_term,00FQb4jTyendYWaN8pK0wa,indie rock
2026-09-23,medium_term,00FQb4jTyendYWaN8pK0wa,melodic house
2026-09-23,medium_term,00FQb4jTyendYWaN8pK0wa,melodic techno
2026-09-23,medium_term,00FQb4jTyendYWaN8pK0wa,neo-psychedelia
2026-09-23,medium_term,00FQb4jTyendYWaN8pK0wa,pop
2026-09-23,medium_term,00FQb4jTyendYWaN8pK0wa,psychedelic pop
2026-09-23,medium_term,00FQb4jTyendYWaN8pK0wa,r&b
2026-09-23,medium_term,00FQb4jTyendYWaN8pK0wa,rock
2026-09-23,medium_term,00FQb4jTyendYWaN8pK0wa,singer-songwriter
2026-09-23,medium_term,00FQb4jTyendYWaN8pK0wa,slowcore
2026-09-23,medium_term,00FQb4jTyendYWaN8pK0wa,trap
2026-09-23,medium_term,00FQb4jTyendYWaN8pK0wa,trip hop
2026-09-23,medium_term,0Y6dVaC9DZtPNH4591M42W,dream pop
2026-09-23,medium_term,0Y6dVaC9DZtPNH4591M42W,electronic
2026-09-23,medium_term,0Y6dVaC9DZtPNH4591M42W,hip hop
2026-09-23,medium_term,0Y6dVaC9DZtPNH4591M42W,indie pop
2026-09-23,medium_term,0Y6dVaC9DZtPNH4591M42W,indie rock
2026-09-23,medium_term,0Y6dVaC9DZtPNH4591M42W,lo-fi
2026-09-23,medium_term,0Y6dVaC9DZtPNH4591M42W,pop
2026-09-23,medium_term,0dgJbQ0bKPyUXco8hEXN7X,ambient
2026-09-23,medium_term,0dgJbQ0bKPyUXco8hEXN7X,boom bap
2026-09-23,medium_term,0dgJbQ0bKPyUXco8hEXN7X,chillout
2026-09-23,medium_term,0dgJbQ0bKPyUXco8hEXN7X,chillwave
2026-09-23,medium_term,0dgJbQ0bKPyUXco8hEXN7X,downtempo
2026-09-23,medium_term,0dgJbQ0bKPyUXco8hEXN7X,drift phonk
2026-09-23,medium_term,0dgJbQ0bKPyUXco8hEXN7X,hardwave
2026-09-23,medium_term,0dgJbQ0bKPyUXco8hEXN7X,hip hop
2026-09-23,medium_term,0dgJbQ0bKPyUXco8hEXN7X,house
2026-09-23,medium_term,0dgJbQ0bKPyUXco8hEXN7X,instrumental
2026-09-23,medium_term,0dgJbQ0bKPyUXco8hEXN7X,instrumental hip hop
2026-09-23,medium_term,0dgJbQ0bKPyUXco8hEXN7X,lo-fi
2026-09-23,medium_term,0dgJbQ0bKPyUXco8hEXN7X,lo-fi hip hop
2026-09-23,medium_term,0dgJbQ0bKPyUXco8hEXN7X,phonk
2026-09-23,medium_term,0dgJbQ0bKPyUXco8hEXN7X,wave
2026-09-23,medium_term,0hEurMDQu99nJRq8pTxO14,acoustic rock
2026-09-23,medium_term,0hEurMDQu99nJRq8pTxO14,alternative rock
2026-09-23,medium_term,0hEurMDQu99nJRq8pTxO14,americana
2026-09-23,medium_term,0hEurMDQu99nJRq8pTxO14,blue-eyed soul
2026-09-23,medium_term,0hEurMDQu99nJRq8pTxO14,blues
2026-09-23,medium_term,0hEurMDQu99nJRq8pTxO14,blues rock
2026-09-23,medium_term,0hEurMDQu99nJRq8pTxO14,country
2026-09-23,medium_term,0hEurMDQu99nJRq8pTxO14,country rock
2026-09-23,medium_term,0hEurMDQu99nJRq8pTxO14,folk rock
2026-09-23,medium_term,0hEurMDQu99nJRq8pTxO14,indie rock
2026-09-23,medium_term,0hEurMDQu99nJRq8pTxO14,pop
2026-09-23,medium_term,0hEurMDQu99nJRq8pTxO14,pop rock
2026-09-23,medium_term,0hEurMDQu99nJRq8pTxO14,rock
2026-09-23,medium_term,0hEurMDQu99nJRq8pTxO14,singer-songwriter
2026-09-23,medium_term,0hEurMDQu99nJRq8pTxO14,soft rock
2026-09-23,medium_term,0hEurMDQu99nJRq8pTxO14,soul
2026-09-23,medium_term,0klU31gyC6EZqKgLvVANCy,boom bap
2026-09-23,medium_term,0klU31gyC6EZqKgLvVANCy,chillwave
2026-09-23,medium_term,0klU31gyC6EZqKgLvVANCy,downtempo
2026-09-23,medium_term,0klU31gyC6EZqKgLvVANCy,hip hop
2026-09-23,medium_term,0klU31gyC6EZqKgLvVANCy,instrumental
2026-09-23,medium_term,0klU31gyC6EZqKgLvVANCy,instrumental hip hop
2026-09-23,medium_term,0klU31gyC6EZqKgLvVANCy,lo-fi
2026-09-23,medium_term,0klU31gyC6EZqKgLvVANCy,lo-fi hip hop
2026-09-23,medium_term,17XXKfRBMCWvLrqGoNkJXm,ballad
2026-09-23,medium_term,17XXKfRBMCWvLrqGoNkJXm,easy listening
2026-09-23,medium_term,17XXKfRBMCWvLrqGoNkJXm,pop
2026-09-23,medium_term,1AbJ2cmwK400LSvdvBL5Jc,bedroom pop
2026-09-23,medium_term,1QAJqy2dA3ihHBFIHRphZj,ambient
2026-09-23,medium_term,1QAJqy2dA3ihHBFIHRphZj,ambient pop
2026-09-23,medium_term,1QAJqy2dA3ihHBFIHRphZj,dream pop
2026-09-23,medium_term,1QAJqy2dA3ihHBFIHRphZj,indie pop
2026-09-23,medium_term,1QAJqy2dA3ihHBFIHRphZj,indie rock
2026-09-23,medium_term,1QAJqy2dA3ihHBFIHRphZj,pop
2026-09-23,medium_term,1QAJqy2dA3ihHBFIHRphZj,shoegaze
2026-09-23,medium_term,1QAJqy2dA3ihHBFIHRphZj,slowcore
2026-09-23,medium_term,1Xyo4u8uXC1ZmMpatF05PJ,alternative r&b
2026-09-23,medium_term,1Xyo4u8uXC1ZmMpatF05PJ,contemporary r&b
2026-09-23,medium_term,1Xyo4u8uXC1ZmMpatF05PJ,dance-pop
2026-09-23,medium_term,1Xyo4u8uXC1ZmMpatF05PJ,hypnagogic pop
2026-09-23,medium_term,1Xyo4u8uXC1ZmMpatF05PJ,pop
2026-09-23,medium_term,1Xyo4u8uXC1ZmMpatF05PJ,r&b
2026-09-23,medium_term,1Xyo4u8uXC1ZmMpatF05PJ,synth-pop
2026-09-23,medium_term,1cGyguqPQY22oUd4fKglFS,ambient
2026-09-23,medium_term,1cGyguqPQY22oUd4fKglFS,dark ambient
2026-09-23,medium_term,1wRPtKGflJrBx9BmLsSwlU,filmi
2026-09-23,medium_term,2YZyLoL8N0Wb9xBt1NhZWg,alternative hip hop
2026-09-23,medium_term,2YZyLoL8N0Wb9xBt1NhZWg,conscious hip hop
2026-09-23,medium_term,2YZyLoL8N0Wb9xBt1NhZWg,dance
2026-09-23,medium_term,2YZyLoL8N0Wb9xBt1NhZWg,disco
2026-09-23,medium_term,2YZyLoL8N0Wb9xBt1NhZWg,future bass
2026-09-23,medium_term,2YZyLoL8N0Wb9xBt1NhZWg,gangsta rap
2026-09-23,medium_term,2YZyLoL8N0Wb9xBt1NhZWg,hardcore hip hop
2026-09-23,medium_term,2YZyLoL8N0Wb9xBt1NhZWg,hip hop
2026-09-23,medium_term,2YZyLoL8N0Wb9xBt1NhZWg,house
2026-09-23,medium_term,2YZyLoL8N0Wb9xBt1NhZWg,jazz
2026-09-23,medium_term,2YZyLoL8N0Wb9xBt1NhZWg,jazz rap
2026-09-23,medium_term,2YZyLoL8N0Wb9xBt1NhZWg,pop
2026-09-23,medium_term,2YZyLoL8N0Wb9xBt1NhZWg,pop rap
2026-09-23,medium_term,2YZyLoL8N0Wb9xBt1NhZWg,r&b
2026-09-23,medium_term,2YZyLoL8N0Wb9xBt1NhZWg,trap
2026-09-23,medium_term,2YZyLoL8N0Wb9xBt1NhZWg,west coast hip hop
2026-09-23,medium_term,2h93pZq0e7k5yf4dywlkpM,alternative r&b
2026-09-23,medium_term,2h93pZq0e7k5yf4dywlkpM,contemporary r&b
2026-09-23,medium_term,2h93pZq0e7k5yf4dywlkpM,pop
2026-09-23,medium_term,2h93pZq0e7k5yf4dywlkpM,r&b
2026-09-23,medium_term,2jku7tDXc6XoB6MO2hFuqg,alternative hip hop
2026-09-23,medium_term,2jku7tDXc6XoB6MO2hFuqg,alternative r&b
2026-09-23,medium_term,2jku7tDXc6XoB6MO2hFuqg,contemporary r&b
2026-09-23,medium_term,2jku7tDXc6XoB6MO2hFuqg,dancehall
2026-09-23,medium_term,2jku7tDXc6XoB6MO2hFuqg,hip hop
2026-09-23,medium_term,2jku7tDXc6XoB6MO2hFuqg,r&b
2026-09-23,medium_term,3AA28KZvwAUcZuOKwyblJQ,alternative dance
2026-09-23,medium_term,3AA28KZvwAUcZuOKwyblJQ,alternative hip hop
2026-09-23,medium_term,3AA28KZvwAUcZuOKwyblJQ,alternative pop
2026-09-23,medium_term,3AA28KZvwAUcZuOKwyblJQ,alternative rock
2026-09-23,medium_term,3AA28KZvwAUcZuOKwyblJQ,art pop
2026-09-23,medium_term,3AA28KZvwAUcZuOKwyblJQ,bassline
2026-09-23,medium_term,3AA28KZvwAUcZuOKwyblJQ,breakbeat
2026-09-23,medium_term,3AA28KZvwAUcZuOKwyblJQ,breaks
2026-09-23,medium_term,3AA28KZvwAUcZuOKwyblJQ,dance
2026-09-23,medium_term,3AA28KZvwAUcZuOKwyblJQ,disco
2026-09-23,medium_term,3AA28KZvwAUcZuOKwyblJQ,electronic
2026-09-23,medium_term,3AA28KZvwAUcZuOKwyblJQ,electronica
2026-09-23,medium_term,3AA28KZvwAUcZuOKwyblJQ,electropop
2026-09-23,medium_term,3AA28KZvwAUcZuOKwyblJQ,future bass
2026-09-23,medium_term,3AA28KZvwAUcZuOKwyblJQ,hip hop
2026-09-23,medium_term,3AA28KZvwAUcZuOKwyblJQ,indie rock
2026-09-23,medium_term,3AA28KZvwAUcZuOKwyblJQ,latin
2026-09-23,medium_term,3AA28KZvwAUcZuOKwyblJQ,pop
2026-09-23,medium_term,3AA28KZvwAUcZuOKwyblJQ,pop rock
2026-09-23,medium_term,3AA28KZvwAUcZuOKwyblJQ,rock
2026-09-23,medium_term,3AA28KZvwAUcZuOKwyblJQ,synth-pop
2026-09-23,medium_term,3AA28KZvwAUcZuOKwyblJQ,tech house
2026-09-23,medium_term,3AA28KZvwAUcZuOKwyblJQ,trap
2026-09-23,medium_term,3AA28KZvwAUcZuOKwyblJQ,trip hop
2026-09-23,medium_term,3AA28KZvwAUcZuOKwyblJQ,uk garage
2026-09-23,medium_term,3MZsBdqDrRTJihTHQrO6Dq,alternative r&b
2026-09-23,medium_term,3MZsBdqDrRTJihTHQrO6Dq,art pop
2026-09-23,medium_term,3MZsBdqDrRTJihTHQrO6Dq,ballad
2026-09-23,medium_term,3MZsBdqDrRTJihTHQrO6Dq,instrumental hip hop
2026-09-23,medium_term,3MZsBdqDrRTJihTHQrO6Dq,lo-fi hip hop
2026-09-23,medium_term,3MZsBdqDrRTJihTHQrO6Dq,trip hop
2026-09-23,medium_term,3Sz7ZnJQBIHsXLUSo0OQtM,folk pop
2026-09-23,medium_term,3Sz7ZnJQBIHsXLUSo0OQtM,indie pop
2026-09-23,medium_term,3Sz7ZnJQBIHsXLUSo0OQtM,indie rock
2026-09-23,medium_term,3Sz7ZnJQBIHsXLUSo0OQtM,jangle pop
2026-09-23,medium_term,3Sz7ZnJQBIHsXLUSo0OQtM,pop
2026-09-23,medium_term,3Sz7ZnJQBIHsXLUSo0OQtM,psychedelic pop
2026-09-23,medium_term,3ctnkEZGtVBTxS7IMin8nC,lo-fi hip hop
2026-09-23,medium_term,3mIj9lX2MWuHmhNCA7LSCW,alternative pop
2026-09-23,medium_term,3mIj9lX2MWuHmhNCA7LSCW,alternative rock
2026-09-23,medium_term,3mIj9lX2MWuHmhNCA7LSCW,ambient pop
2026-09-23,medium_term,3mIj9lX2MWuHmhNCA7LSCW,art pop
2026-09-23,medium_term,3mIj9lX2MWuHmhNCA7LSCW,indie pop
2026-09-23,medium_term,3mIj9lX2MWuHmhNCA7LSCW,indie rock
2026-09-23,medium_term,3mIj9lX2MWuHmhNCA7LSCW,indietronica
2026-09-23,medium_term,3mIj9lX2MWuHmhNCA7LSCW,leftfield
2026-09-23,medium_term,3mIj9lX2MWuHmhNCA7LSCW,new wave
2026-09-23,medium_term,3mIj9lX2MWuHmhNCA7LSCW,pop rock
2026-09-23,medium_term,3mIj9lX2MWuHmhNCA7LSCW,post-punk revival
2026-09-23,medium_term,3mIj9lX2MWuHmhNCA7LSCW,synth-pop
2026-09-23,medium_term,47zz7sob9NUcODy0BTDvKx,contemporary r&b
2026-09-23,medium_term,47zz7sob9NUcODy0BTDvKx,downtempo
2026-09-23,medium_term,47zz7sob9NUcODy0BTDvKx,jazz
2026-09-23,medium_term,47zz7sob9NUcODy0BTDvKx,jazz pop
2026-09-23,medium_term,47zz7sob9NUcODy0BTDvKx,pop
2026-09-23,medium_term,47zz7sob9NUcODy0BTDvKx,quiet storm
2026-09-23,medium_term,47zz7sob9NUcODy0BTDvKx,smooth jazz
2026-09-23,medium_term,47zz7sob9NUcODy0BTDvKx,smooth soul
2026-09-23,medium_term,47zz7sob9NUcODy0BTDvKx,sophisti-pop
2026-09-23,medium_term,47zz7sob9NUcODy0BTDvKx,soul
2026-09-23,medium_term,47zz7sob9NUcODy0BTDvKx,trip hop
2026-09-23,medium_term,4Z8W4fKeB5YxbusRsdQVPb,alternative rock
2026-09-23,medium_term,4Z8W4fKeB5YxbusRsdQVPb,ambient pop
2026-09-23,medium_term,4Z8W4fKeB5YxbusRsdQVPb,art pop
2026-09-23,medium_term,4Z8W4fKeB5YxbusRsdQVPb,art rock
2026-09-23,medium_term,4Z8W4fKeB5YxbusRsdQVPb,britpop
2026-09-23,medium_term,4Z8W4fKeB5YxbusRsdQVPb,chamber pop
2026-09-23,medium_term,4Z8W4fKeB5YxbusRsdQVPb,crossover prog
2026-09-23,medium_term,4Z8W4fKeB5YxbusRsdQVPb,electronic
2026-09-23,medium_term,4Z8W4fKeB5YxbusRsdQVPb,electronic rock
2026-09-23,medium_term,4Z8W4fKeB5YxbusRsdQVPb,electronica
2026-09-23,medium_term,4Z8W4fKeB5YxbusRsdQVPb,experimental
2026-09-23,medium_term,4Z8W4fKeB5YxbusRsdQVPb,experimental rock
2026-09-23,medium_term,4Z8W4fKeB5YxbusRsdQVPb,idm
2026-09-23,medium_term,4Z8W4fKeB5YxbusRsdQVPb,indie rock
2026-09-23,medium_term,4Z8W4fKeB5YxbusRsdQVPb,indietronica
2026-09-23,medium_term,4Z8W4fKeB5YxbusRsdQVPb,post-britpop
2026-09-23,medium_term,4Z8W4fKeB5YxbusRsdQVPb,post-grunge
2026-09-23,medium_term,4Z8W4fKeB5YxbusRsdQVPb,rock
2026-09-23,medium_term,4dpARuHxo51G3z768sgnrY,blue-eyed soul
2026-09-23,medium_term,4dpARuHxo51G3z768sgnrY,neo soul
2026-09-23,medium_term,4dpARuHxo51G3z768sgnrY,pop
2026-09-23,medium_term,4dpARuHxo51G3z768sgnrY,pop soul
2026-09-23,medium_term,4dpARuHxo51G3z768sgnrY,r&b
2026-09-23,medium_term,4dpARuHxo51G3z768sgnrY,soul
2026-09-23,medium_term,4gdMJYnopf2nEUcanAwstx,indian pop
2026-09-23,medium_term,4gdMJYnopf2nEUcanAwstx,singer-songwriter
2026-09-23,medium_term,4yvcSjfu4PC0CYQyLy4wSq,electronic
2026-09-23,medium_term,4yvcSjfu4PC0CYQyLy4wSq,indie pop
2026-09-23,medium_term,4yvcSjfu4PC0CYQyLy4wSq,indie rock
2026-09-23,medium_term,4yvcSjfu4PC0CYQyLy4wSq,indietronica
2026-09-23,medium_term,4yvcSjfu4PC0CYQyLy4wSq,pop
2026-09-23,medium_term,4yvcSjfu4PC0CYQyLy4wSq,psychedelic pop
2026-09-23,medium_term,4yvcSjfu4PC0CYQyLy4wSq,psychedelic rock
2026-09-23,medium_term,5INjqkS1o8h1imAzPqGZBb,alternative dance
2026-09-23,medium_term,5INjqkS1o8h1imAzPqGZBb,alternative rock
2026-09-23,medium_term,5INjqkS1o8h1imAzPqGZBb,dream pop
2026-09-23,medium_term,5INjqkS1o8h1imAzPqGZBb,indie rock
2026-09-23,medium_term,5INjqkS1o8h1imAzPqGZBb,indietronica
2026-09-23,medium_term,5INjqkS1o8h1imAzPqGZBb,leftfield
2026-09-23,medium_term,5INjqkS1o8h1imAzPqGZBb,neo-psychedelia
2026-09-23,medium_term,5INjqkS1o8h1imAzPqGZBb,pop
2026-09-23,medium_term,5INjqkS1o8h1imAzPqGZBb,psychedelic
2026-09-23,medium_term,5INjqkS1o8h1imAzPqGZBb,psychedelic pop
2026-09-23,medium_term,5INjqkS1o8h1imAzPqGZBb,psychedelic rock
2026-09-23,medium_term,5INjqkS1o8h1imAzPqGZBb,rock
2026-09-23,medium_term,5INjqkS1o8h1imAzPqGZBb,space rock
2026-09-23,medium_term,5INjqkS1o8h1imAzPqGZBb,synth-pop
2026-09-23,medium_term,5cj0lLjcoR7YOSnhnX0Po5,alternative rock
2026-09-23,medium_term,5cj0lLjcoR7YOSnhnX0Po5,grunge
2026-09-23,medium_term,5cj0lLjcoR7YOSnhnX0Po5,hip hop
2026-09-23,medium_term,5cj0lLjcoR7YOSnhnX0Po5,pop
2026-09-23,medium_term,5cj0lLjcoR7YOSnhnX0Po5,pop rap
2026-09-23,medium_term,5cj0lLjcoR7YOSnhnX0Po5,post-grunge
2026-09-23,medium_term,5cj0lLjcoR7YOSnhnX0Po5,power pop
2026-09-23,medium_term,5cj0lLjcoR7YOSnhnX0Po5,rock
2026-09-23,medium_term,5cj0lLjcoR7YOSnhnX0Po5,trap
2026-09-23,medium_term,5cj0lLjcoR7YOSnhnX0Po5,west coast hip hop
2026-09-23,medium_term,5y8tKLUfMvliMe8IKamR32,alternative r&b
2026-09-23,medium_term,5y8tKLUfMvliMe8IKamR32,contemporary r&b
2026-09-23,medium_term,5y8tKLUfMvliMe8IKamR32,indie pop
2026-09-23,medium_term,5y8tKLUfMvliMe8IKamR32,lo-fi
2026-09-23,medium_term,60jYUgQzKAtnJoXKGk1GNn,folk
2026-09-23,medium_term,60jYUgQzKAtnJoXKGk1GNn,pop
2026-09-23,medium_term,60jYUgQzKAtnJoXKGk1GNn,techno
2026-09-23,medium_term,66CXWjxzNUsdJxJ2JdwvnR,contemporary r&b
2026-09-23,medium_term,66CXWjxzNUsdJxJ2JdwvnR,dance-pop
2026-09-23,medium_term,66CXWjxzNUsdJxJ2JdwvnR,pop
2026-09-23,medium_term,66CXWjxzNUsdJxJ2JdwvnR,r&b
2026-09-23,medium_term,66CXWjxzNUsdJxJ2JdwvnR,trap soul
2026-09-23,medium_term,700c9Qz2z6HZKTumeliKAw,electronic
2026-09-23,medium_term,77SW9BnxLY8rJ0RciFqkHh,alternative rock
2026-09-23,medium_term,77SW9BnxLY8rJ0RciFqkHh,indie pop
2026-09-23,medium_term,78rUTD7y6Cy67W1RVzYs7t,alternative pop
2026-09-23,medium_term,78rUTD7y6Cy67W1RVzYs7t,bubblegum pop
2026-09-23,medium_term,78rUTD7y6Cy67W1RVzYs7t,dance-pop
2026-09-23,medium_term,78rUTD7y6Cy67W1RVzYs7t,drum and bass
2026-09-23,medium_term,78rUTD7y6Cy67W1RVzYs7t,future garage
2026-09-23,medium_term,78rUTD7y6Cy67W1RVzYs7t,jungle
2026-09-23,medium_term,78rUTD7y6Cy67W1RVzYs7t,pop
2026-09-23,medium_term,78rUTD7y6Cy67W1RVzYs7t,uk garage
2026-09-23,medium_term,7Ln80lUS6He07XvHI8qqHH,alternative rock
2026-09-23,medium_term,7Ln80lUS6He07XvHI8qqHH,art rock
2026-09-23,medium_term,7Ln80lUS6He07XvHI8qqHH,baroque pop
2026-09-23,medium_term,7Ln80lUS6He07XvHI8qqHH,dance
2026-09-23,medium_term,7Ln80lUS6He07XvHI8qqHH,electronica
2026-09-23,medium_term,7Ln80lUS6He07XvHI8qqHH,garage rock
2026-09-23,medium_term,7Ln80lUS6He07XvHI8qqHH,garage rock revival
2026-09-23,medium_term,7Ln80lUS6He07XvHI8qqHH,house
2026-09-23,medium_term,7Ln80lUS6He07XvHI8qqHH,indie rock
2026-09-23,medium_term,7Ln80lUS6He07XvHI8qqHH,neo-psychedelia
2026-09-23,medium_term,7Ln80lUS6He07XvHI8qqHH,pop
2026-09-23,medium_term,7Ln80lUS6He07XvHI8qqHH,post-punk revival
2026-09-23,medium_term,7Ln80lUS6He07XvHI8qqHH,psychedelic pop
2026-09-23,medium_term,7Ln80lUS6He07XvHI8qqHH,psychedelic rock
2026-09-23,medium_term,7Ln80lUS6He07XvHI8qqHH,rock
2026-09-23,medium_term,7lzordPuZEXxwt9aoVZYmG,alternative dance
2026-09-23,medium_term,7lzordPuZEXxwt9aoVZYmG,classic rock
2026-09-23,medium_term,7lzordPuZEXxwt9aoVZYmG,electronic
2026-09-23,medium_term,7lzordPuZEXxwt9aoVZYmG,hard rock
2026-09-23,medium_term,7lzordPuZEXxwt9aoVZYmG,new wave
2026-09-23,medium_term,7lzordPuZEXxwt9aoVZYmG,pop rock
2026-09-23,medium_term,7lzordPuZEXxwt9aoVZYmG,punk rock
2026-09-23,medium_term,7lzordPuZEXxwt9aoVZYmG,rock
2026-09-23,medium_term,7tYKF4w9nC0nq9CsPZTHyP,alternative r&b
2026-09-23,medium_term,7tYKF4w9nC0nq9CsPZTHyP,contemporary r&b
2026-09-23,medium_term,7tYKF4w9nC0nq9CsPZTHyP,electronic
2026-09-23,medium_term,7tYKF4w9nC0nq9CsPZTHyP,hip hop soul
2026-09-23,medium_term,7tYKF4w9nC0nq9CsPZTHyP,neo soul
2026-09-23,medium_term,7tYKF4w9nC0nq9CsPZTHyP,pop
2026-09-23,medium_term,7tYKF4w9nC0nq9CsPZTHyP,r&b
2026-09-23,medium_term,7tYKF4w9nC0nq9CsPZTHyP,soul
2026-09-23,short_term,00FQb4jTyendYWaN8pK0wa,alternative pop
2026-09-23,short_term,00FQb4jTyendYWaN8pK0wa,art pop
2026-09-23,short_term,00FQb4jTyendYWaN8pK0wa,ballad
2026-09-23,short_term,00FQb4jTyendYWaN8pK0wa,baroque pop
2026-09-23,short_term,00FQb4jTyendYWaN8pK0wa,chamber pop
2026-09-23,short_term,00FQb4jTyendYWaN8pK0wa,country
2026-09-23,short_term,00FQb4jTyendYWaN8pK0wa,dance
2026-09-23,short_term,00FQb4jTyendYWaN8pK0wa,dream pop
2026-09-23,short_term,00FQb4jTyendYWaN8pK0wa,edm
2026-09-23,short_term,00FQb4jTyendYWaN8pK0wa,electronic
2026-09-23,short_term,00FQb4jTyendYWaN8pK0wa,electronica
2026-09-23,short_term,00FQb4jTyendYWaN8pK0wa,future bass
2026-09-23,short_term,00FQb4jTyendYWaN8pK0wa,house
2026-09-23,short_term,00FQb4jTyendYWaN8pK0wa,indie pop
2026-09-23,short_term,00FQb4jTyendYWaN8pK0wa,indie rock
2026-09-23,short_term,00FQb4jTyendYWaN8pK0wa,melodic house
2026-09-23,short_term,00FQb4jTyendYWaN8pK0wa,melodic techno
2026-09-23,short_term,00FQb4jTyendYWaN8pK0wa,neo-psychedelia
2026-09-23,short_term,00FQb4jTyendYWaN8pK0wa,pop
2026-09-23,short_term,00FQb4jTyendYWaN8pK0wa,psychedelic pop
2026-09-23,short_term,00FQb4jTyendYWaN8pK0wa,r&b
2026-09-23,short_term,00FQb4jTyendYWaN8pK0wa,rock
2026-09-23,short_term,00FQb4jTyendYWaN8pK0wa,singer-songwriter
2026-09-23,short_term,00FQb4jTyendYWaN8pK0wa,slowcore
2026-09-23,short_term,00FQb4jTyendYWaN8pK0wa,trap
2026-09-23,short_term,00FQb4jTyendYWaN8pK0wa,trip hop
2026-09-23,short_term,0U7iI0Dk4Ojvi17nZboNO4,indie rock
2026-09-23,short_term,0U7iI0Dk4Ojvi17nZboNO4,surf rock
2026-09-23,short_term,0Y6dVaC9DZtPNH4591M42W,dream pop
2026-09-23,short_term,0Y6dVaC9DZtPNH4591M42W,electronic
2026-09-23,short_term,0Y6dVaC9DZtPNH4591M42W,hip hop
2026-09-23,short_term,0Y6dVaC9DZtPNH4591M42W,indie pop
2026-09-23,short_term,0Y6dVaC9DZtPNH4591M42W,indie rock
2026-09-23,short_term,0Y6dVaC9DZtPNH4591M42W,lo-fi
2026-09-23,short_term,0Y6dVaC9DZtPNH4591M42W,pop
2026-09-23,short_term,0dgJbQ0bKPyUXco8hEXN7X,ambient
2026-09-23,short_term,0dgJbQ0bKPyUXco8hEXN7X,boom bap
2026-09-23,short_term,0dgJbQ0bKPyUXco8hEXN7X,chillout
2026-09-23,short_term,0dgJbQ0bKPyUXco8hEXN7X,chillwave
2026-09-23,short_term,0dgJbQ0bKPyUXco8hEXN7X,downtempo
2026-09-23,short_term,0dgJbQ0bKPyUXco8hEXN7X,drift phonk
2026-09-23,short_term,0dgJbQ0bKPyUXco8hEXN7X,hardwave
2026-09-23,short_term,0dgJbQ0bKPyUXco8hEXN7X,hip hop
2026-09-23,short_term,0dgJbQ0bKPyUXco8hEXN7X,house
2026-09-23,short_term,0dgJbQ0bKPyUXco8hEXN7X,instrumental
2026-09-23,short_term,0dgJbQ0bKPyUXco8hEXN7X,instrumental hip hop
2026-09-23,short_term,0dgJbQ0bKPyUXco8hEXN7X,lo-fi
2026-09-23,short_term,0dgJbQ0bKPyUXco8hEXN7X,lo-fi hip hop
2026-09-23,short_term,0dgJbQ0bKPyUXco8hEXN7X,phonk
2026-09-23,short_term,0dgJbQ0bKPyUXco8hEXN7X,wave
2026-09-23,short_term,0hEurMDQu99nJRq8pTxO14,acoustic rock
2026-09-23,short_term,0hEurMDQu99nJRq8pTxO14,alternative rock
2026-09-23,short_term,0hEurMDQu99nJRq8pTxO14,americana
2026-09-23,short_term,0hEurMDQu99nJRq8pTxO14,blue-eyed soul
2026-09-23,short_term,0hEurMDQu99nJRq8pTxO14,blues
2026-09-23,short_term,0hEurMDQu99nJRq8pTxO14,blues rock
2026-09-23,short_term,0hEurMDQu99nJRq8pTxO14,country
2026-09-23,short_term,0hEurMDQu99nJRq8pTxO14,country rock
2026-09-23,short_term,0hEurMDQu99nJRq8pTxO14,folk rock
2026-09-23,short_term,0hEurMDQu99nJRq8pTxO14,indie rock
2026-09-23,short_term,0hEurMDQu99nJRq8pTxO14,pop
2026-09-23,short_term,0hEurMDQu99nJRq8pTxO14,pop rock
2026-09-23,short_term,0hEurMDQu99nJRq8pTxO14,rock
2026-09-23,short_term,0hEurMDQu99nJRq8pTxO14,singer-songwriter
2026-09-23,short_term,0hEurMDQu99nJRq8pTxO14,soft rock
2026-09-23,short_term,0hEurMDQu99nJRq8pTxO14,soul
2026-09-23,short_term,1AbJ2cmwK400LSvdvBL5Jc,bedroom pop
2026-09-23,short_term,1QAJqy2dA3ihHBFIHRphZj,ambient
2026-09-23,short_term,1QAJqy2dA3ihHBFIHRphZj,ambient pop
2026-09-23,short_term,1QAJqy2dA3ihHBFIHRphZj,dream pop
2026-09-23,short_term,1QAJqy2dA3ihHBFIHRphZj,indie pop
2026-09-23,short_term,1QAJqy2dA3ihHBFIHRphZj,indie rock
2026-09-23,short_term,1QAJqy2dA3ihHBFIHRphZj,pop
2026-09-23,short_term,1QAJqy2dA3ihHBFIHRphZj,shoegaze
2026-09-23,short_term,1QAJqy2dA3ihHBFIHRphZj,slowcore
2026-09-23,short_term,1Xyo4u8uXC1ZmMpatF05PJ,alternative r&b
2026-09-23,short_term,1Xyo4u8uXC1ZmMpatF05PJ,contemporary r&b
2026-09-23,short_term,1Xyo4u8uXC1ZmMpatF05PJ,dance-pop
2026-09-23,short_term,1Xyo4u8uXC1ZmMpatF05PJ,hypnagogic pop
2026-09-23,short_term,1Xyo4u8uXC1ZmMpatF05PJ,pop
2026-09-23,short_term,1Xyo4u8uXC1ZmMpatF05PJ,r&b
2026-09-23,short_term,1Xyo4u8uXC1ZmMpatF05PJ,synth-pop
2026-09-23,short_term,1fa0cOhromAZdq2xRA4vv8,blue-eyed soul
2026-09-23,short_term,1fa0cOhromAZdq2xRA4vv8,dance-pop
2026-09-23,short_term,1fa0cOhromAZdq2xRA4vv8,pop
2026-09-23,short_term,1fa0cOhromAZdq2xRA4vv8,pop soul
2026-09-23,short_term,1fa0cOhromAZdq2xRA4vv8,r&b
2026-09-23,short_term,1fa0cOhromAZdq2xRA4vv8,soft rock
2026-09-23,short_term,1fa0cOhromAZdq2xRA4vv8,sophisti-pop
2026-09-23,short_term,1fa0cOhromAZdq2xRA4vv8,soul
2026-09-23,short_term,1mYsTxnqsietFxj1OgoGbG,classical
2026-09-23,short_term,1mYsTxnqsietFxj1OgoGbG,filmi
2026-09-23,short_term,1mYsTxnqsietFxj1OgoGbG,world fusion
2026-09-23,short_term,1wRPtKGflJrBx9BmLsSwlU,filmi
2026-09-23,short_term,2YZyLoL8N0Wb9xBt1NhZWg,alternative hip hop
2026-09-23,short_term,2YZyLoL8N0Wb9xBt1NhZWg,conscious hip hop
2026-09-23,short_term,2YZyLoL8N0Wb9xBt1NhZWg,dance
2026-09-23,short_term,2YZyLoL8N0Wb9xBt1NhZWg,disco
2026-09-23,short_term,2YZyLoL8N0Wb9xBt1NhZWg,future bass
2026-09-23,short_term,2YZyLoL8N0Wb9xBt1NhZWg,gangsta rap
2026-09-23,short_term,2YZyLoL8N0Wb9xBt1NhZWg,hardcore hip hop
2026-09-23,short_term,2YZyLoL8N0Wb9xBt1NhZWg,hip hop
2026-09-23,short_term,2YZyLoL8N0Wb9xBt1NhZWg,house
2026-09-23,short_term,2YZyLoL8N0Wb9xBt1NhZWg,jazz
2026-09-23,short_term,2YZyLoL8N0Wb9xBt1NhZWg,jazz rap
2026-09-23,short_term,2YZyLoL8N0Wb9xBt1NhZWg,pop
2026-09-23,short_term,2YZyLoL8N0Wb9xBt1NhZWg,pop rap
2026-09-23,short_term,2YZyLoL8N0Wb9xBt1NhZWg,r&b
2026-09-23,short_term,2YZyLoL8N0Wb9xBt1NhZWg,trap
2026-09-23,short_term,2YZyLoL8N0Wb9xBt1NhZWg,west coast hip hop
2026-09-23,short_term,2h93pZq0e7k5yf4dywlkpM,alternative r&b
2026-09-23,short_term,2h93pZq0e7k5yf4dywlkpM,contemporary r&b
2026-09-23,short_term,2h93pZq0e7k5yf4dywlkpM,pop
2026-09-23,short_term,2h93pZq0e7k5yf4dywlkpM,r&b
2026-09-23,short_term,2jku7tDXc6XoB6MO2hFuqg,alternative hip hop
2026-09-23,short_term,2jku7tDXc6XoB6MO2hFuqg,alternative r&b
2026-09-23,short_term,2jku7tDXc6XoB6MO2hFuqg,contemporary r&b
2026-09-23,short_term,2jku7tDXc6XoB6MO2hFuqg,dancehall
2026-09-23,short_term,2jku7tDXc6XoB6MO2hFuqg,hip hop
2026-09-23,short_term,2jku7tDXc6XoB6MO2hFuqg,r&b
2026-09-23,short_term,2oSONSC9zQ4UonDKnLqksx,filmi
2026-09-23,short_term,3MZsBdqDrRTJihTHQrO6Dq,alternative r&b
2026-09-23,short_term,3MZsBdqDrRTJihTHQrO6Dq,art pop
2026-09-23,short_term,3MZsBdqDrRTJihTHQrO6Dq,ballad
2026-09-23,short_term,3MZsBdqDrRTJihTHQrO6Dq,instrumental hip hop
2026-09-23,short_term,3MZsBdqDrRTJihTHQrO6Dq,lo-fi hip hop
2026-09-23,short_term,3MZsBdqDrRTJihTHQrO6Dq,trip hop
2026-09-23,short_term,3Sz7ZnJQBIHsXLUSo0OQtM,folk pop
2026-09-23,short_term,3Sz7ZnJQBIHsXLUSo0OQtM,indie pop
2026-09-23,short_term,3Sz7ZnJQBIHsXLUSo0OQtM,indie rock
2026-09-23,short_term,3Sz7ZnJQBIHsXLUSo0OQtM,jangle pop
2026-09-23,short_term,3Sz7ZnJQBIHsXLUSo0OQtM,pop
2026-09-23,short_term,3Sz7ZnJQBIHsXLUSo0OQtM,psychedelic pop
2026-09-23,short_term,3mIj9lX2MWuHmhNCA7LSCW,alternative pop
2026-09-23,short_term,3mIj9lX2MWuHmhNCA7LSCW,alternative rock
2026-09-23,short_term,3mIj9lX2MWuHmhNCA7LSCW,ambient pop
2026-09-23,short_term,3mIj9lX2MWuHmhNCA7LSCW,art pop
2026-09-23,short_term,3mIj9lX2MWuHmhNCA7LSCW,indie pop
2026-09-23,short_term,3mIj9lX2MWuHmhNCA7LSCW,indie rock
2026-09-23,short_term,3mIj9lX2MWuHmhNCA7LSCW,indietronica
2026-09-23,short_term,3mIj9lX2MWuHmhNCA7LSCW,leftfield
2026-09-23,short_term,3mIj9lX2MWuHmhNCA7LSCW,new wave
2026-09-23,short_term,3mIj9lX2MWuHmhNCA7LSCW,pop rock
2026-09-23,short_term,3mIj9lX2MWuHmhNCA7LSCW,post-punk revival
2026-09-23,short_term,3mIj9lX2MWuHmhNCA7LSCW,synth-pop
2026-09-23,short_term,3yY2gUcIsjMr8hjo51PoJ8,alternative rock
2026-09-23,short_term,3yY2gUcIsjMr8hjo51PoJ8,britpop
2026-09-23,short_term,3yY2gUcIsjMr8hjo51PoJ8,indie pop
2026-09-23,short_term,3yY2gUcIsjMr8hjo51PoJ8,indie rock
2026-09-23,short_term,3yY2gUcIsjMr8hjo51PoJ8,jangle pop
2026-09-23,short_term,3yY2gUcIsjMr8hjo51PoJ8,new wave
2026-09-23,short_term,3yY2gUcIsjMr8hjo51PoJ8,pop
2026-09-23,short_term,3yY2gUcIsjMr8hjo51PoJ8,post-punk
2026-09-23,short_term,3yY2gUcIsjMr8hjo51PoJ8,rock
2026-09-23,short_term,47zz7sob9NUcODy0BTDvKx,contemporary r&b
2026-09-23,short_term,47zz7sob9NUcODy0BTDvKx,downtempo
2026-09-23,short_term,47zz7sob9NUcODy0BTDvKx,jazz
2026-09-23,short_term,47zz7sob9NUcODy0BTDvKx,jazz pop
2026-09-23,short_term,47zz7sob9NUcODy0BTDvKx,pop
2026-09-23,short_term,47zz7sob9NUcODy0BTDvKx,quiet storm
2026-09-23,short_term,47zz7sob9NUcODy0BTDvKx,smooth jazz
2026-09-23,short_term,47zz7sob9NUcODy0BTDvKx,smooth soul
2026-09-23,short_term,47zz7sob9NUcODy0BTDvKx,sophisti-pop
2026-09-23,short_term,47zz7sob9NUcODy0BTDvKx,soul
2026-09-23,short_term,47zz7sob9NUcODy0BTDvKx,trip hop
2026-09-23,short_term,4gdMJYnopf2nEUcanAwstx,indian pop
2026-09-23,short_term,4gdMJYnopf2nEUcanAwstx,singer-songwriter
2026-09-23,short_term,4gzpq5DPGxSnKTe4SA8HAU,alternative rock
2026-09-23,short_term,4gzpq5DPGxSnKTe4SA8HAU,art pop
2026-09-23,short_term,4gzpq5DPGxSnKTe4SA8HAU,britpop
2026-09-23,short_term,4gzpq5DPGxSnKTe4SA8HAU,dream pop
2026-09-23,short_term,4gzpq5DPGxSnKTe4SA8HAU,piano rock
2026-09-23,short_term,4gzpq5DPGxSnKTe4SA8HAU,pop
2026-09-23,short_term,4gzpq5DPGxSnKTe4SA8HAU,pop rock
2026-09-23,short_term,4gzpq5DPGxSnKTe4SA8HAU,post-britpop
2026-09-23,short_term,4gzpq5DPGxSnKTe4SA8HAU,rock
2026-09-23,short_term,4yvcSjfu4PC0CYQyLy4wSq,electronic
2026-09-23,short_term,4yvcSjfu4PC0CYQyLy4wSq,indie pop
2026-09-23,short_term,4yvcSjfu4PC0CYQyLy4wSq,indie rock
2026-09-23,short_term,4yvcSjfu4PC0CYQyLy4wSq,indietronica
2026-09-23,short_term,4yvcSjfu4PC0CYQyLy4wSq,pop
2026-09-23,short_term,4yvcSjfu4PC0CYQyLy4wSq,psychedelic pop
2026-09-23,short_term,4yvcSjfu4PC0CYQyLy4wSq,psychedelic rock
2026-09-23,short_term,5INjqkS1o8h1imAzPqGZBb,alternative dance
2026-09-23,short_term,5INjqkS1o8h1imAzPqGZBb,alternative rock
2026-09-23,short_term,5INjqkS1o8h1imAzPqGZBb,dream pop
2026-09-23,short_term,5INjqkS1o8h1imAzPqGZBb,indie rock
2026-09-23,short_term,5INjqkS1o8h1imAzPqGZBb,indietronica
2026-09-23,short_term,5INjqkS1o8h1imAzPqGZBb,leftfield
2026-09-23,short_term,5INjqkS1o8h1imAzPqGZBb,neo-psychedelia
2026-09-23,short_term,5INjqkS1o8h1imAzPqGZBb,pop
2026-09-23,short_term,5INjqkS1o8h1imAzPqGZBb,psychedelic
2026-09-23,short_term,5INjqkS1o8h1imAzPqGZBb,psychedelic pop
2026-09-23,short_term,5INjqkS1o8h1imAzPqGZBb,psychedelic rock
2026-09-23,short_term,5INjqkS1o8h1imAzPqGZBb,rock
2026-09-23,short_term,5INjqkS1o8h1imAzPqGZBb,space rock
2026-09-23,short_term,5INjqkS1o8h1imAzPqGZBb,synth-pop
2026-09-23,short_term,5cj0lLjcoR7YOSnhnX0Po5,alternative rock
2026-09-23,short_term,5cj0lLjcoR7YOSnhnX0Po5,grunge
2026-09-23,short_term,5cj0lLjcoR7YOSnhnX0Po5,hip hop
2026-09-23,short_term,5cj0lLjcoR7YOSnhnX0Po5,pop
2026-09-23,short_term,5cj0lLjcoR7YOSnhnX0Po5,pop rap
2026-09-23,short_term,5cj0lLjcoR7YOSnhnX0Po5,post-grunge
2026-09-23,short_term,5cj0lLjcoR7YOSnhnX0Po5,power pop
2026-09-23,short_term,5cj0lLjcoR7YOSnhnX0Po5,rock
2026-09-23,short_term,5cj0lLjcoR7YOSnhnX0Po5,trap
2026-09-23,short_term,5cj0lLjcoR7YOSnhnX0Po5,west coast hip hop
2026-09-23,short_term,66CXWjxzNUsdJxJ2JdwvnR,contemporary r&b
2026-09-23,short_term,66CXWjxzNUsdJxJ2JdwvnR,dance-pop
2026-09-23,short_term,66CXWjxzNUsdJxJ2JdwvnR,pop
2026-09-23,short_term,66CXWjxzNUsdJxJ2JdwvnR,r&b
2026-09-23,short_term,66CXWjxzNUsdJxJ2JdwvnR,trap soul
2026-09-23,short_term,6IRouO5mvvfcyxtPDKMYFN,acoustic rock
2026-09-23,short_term,6IRouO5mvvfcyxtPDKMYFN,aor
2026-09-23,short_term,6IRouO5mvvfcyxtPDKMYFN,arena rock
2026-09-23,short_term,6IRouO5mvvfcyxtPDKMYFN,classic rock
2026-09-23,short_term,6IRouO5mvvfcyxtPDKMYFN,hard rock
2026-09-23,short_term,6IRouO5mvvfcyxtPDKMYFN,pop rock
2026-09-23,short_term,6IRouO5mvvfcyxtPDKMYFN,rock
2026-09-23,short_term,6IRouO5mvvfcyxtPDKMYFN,soft rock
2026-09-23,short_term,6XwwFnewNgWp81MYMK8zLq,deep house
2026-09-23,short_term,700c9Qz2z6HZKTumeliKAw,electronic
2026-09-23,short_term,77SW9BnxLY8rJ0RciFqkHh,alternative rock
2026-09-23,short_term,77SW9BnxLY8rJ0RciFqkHh,indie pop
2026-09-23,short_term,7CajNmpbOovFoOoasH2HaY,acid house
2026-09-23,short_term,7CajNmpbOovFoOoasH2HaY,club
2026-09-23,short_term,7CajNmpbOovFoOoasH2HaY,complextro
2026-09-23,short_term,7CajNmpbOovFoOoasH2HaY,contemporary r&b
2026-09-23,short_term,7CajNmpbOovFoOoasH2HaY,dance
2026-09-23,short_term,7CajNmpbOovFoOoasH2HaY,dance-pop
2026-09-23,short_term,7CajNmpbOovFoOoasH2HaY,disco
2026-09-23,short_term,7CajNmpbOovFoOoasH2HaY,edm
2026-09-23,short_term,7CajNmpbOovFoOoasH2HaY,electro house
2026-09-23,short_term,7CajNmpbOovFoOoasH2HaY,electro-disco
2026-09-23,short_term,7CajNmpbOovFoOoasH2HaY,electronic
2026-09-23,short_term,7CajNmpbOovFoOoasH2HaY,electropop
2026-09-23,short_term,7CajNmpbOovFoOoasH2HaY,festival progressive house
2026-09-23,short_term,7CajNmpbOovFoOoasH2HaY,funktronica
2026-09-23,short_term,7CajNmpbOovFoOoasH2HaY,hip house
2026-09-23,short_term,7CajNmpbOovFoOoasH2HaY,house
2026-09-23,short_term,7CajNmpbOovFoOoasH2HaY,melodic house
2026-09-23,short_term,7CajNmpbOovFoOoasH2HaY,melodic techno
2026-09-23,short_term,7CajNmpbOovFoOoasH2HaY,nu disco
2026-09-23,short_term,7CajNmpbOovFoOoasH2HaY,pop
2026-09-23,short_term,7CajNmpbOovFoOoasH2HaY,progressive house
2026-09-23,short_term,7CajNmpbOovFoOoasH2HaY,synth-pop
2026-09-23,short_term,7CajNmpbOovFoOoasH2HaY,uk garage
2026-09-23,short_term,7Ln80lUS6He07XvHI8qqHH,alternative rock
2026-09-23,short_term,7Ln80lUS6He07XvHI8qqHH,art rock
2026-09-23,short_term,7Ln80lUS6He07XvHI8qqHH,baroque pop
2026-09-23,short_term,7Ln80lUS6He07XvHI8qqHH,dance
2026-09-23,short_term,7Ln80lUS6He07XvHI8qqHH,electronica
2026-09-23,short_term,7Ln80lUS6He07XvHI8qqHH,garage rock
2026-09-23,short_term,7Ln80lUS6He07XvHI8qqHH,garage rock revival
2026-09-23,short_term,7Ln80lUS6He07XvHI8qqHH,house
2026-09-23,short_term,7Ln80lUS6He07XvHI8qqHH,indie rock
2026-09-23,short_term,7Ln80lUS6He07XvHI8qqHH,neo-psychedelia
2026-09-23,short_term,7Ln80lUS6He07XvHI8qqHH,pop
2026-09-23,short_term,7Ln80lUS6He07XvHI8qqHH,post-punk revival
2026-09-23,short_term,7Ln80lUS6He07XvHI8qqHH,psychedelic pop
2026-09-23,short_term,7Ln80lUS6He07XvHI8qqHH,psychedelic rock
2026-09-23,short_term,7Ln80lUS6He07XvHI8qqHH,rock
2026-09-23,short_term,7tYKF4w9nC0nq9CsPZTHyP,alternative r&b
2026-09-23,short_term,7tYKF4w9nC0nq9CsPZTHyP,contemporary r&b
2026-09-23,short_term,7tYKF4w9nC0nq9CsPZTHyP,electronic
2026-09-23,short_term,7tYKF4w9nC0nq9CsPZTHyP,hip hop soul
2026-09-23,short_term,7tYKF4w9nC0nq9CsPZTHyP,neo soul
2026-09-23,short_term,7tYKF4w9nC0nq9CsPZTHyP,pop
2026-09-23,short_term,7tYKF4w9nC0nq9CsPZTHyP,r&b
2026-09-23,short_term,7tYKF4w9nC0nq9CsPZTHyP,soul
2026-09-24,long_term,00FQb4jTyendYWaN8pK0wa,alternative pop
2026-09-24,long_term,00FQb4jTyendYWaN8pK0wa,art pop
2026-09-24,long_term,00FQb4jTyendYWaN8pK0wa,ballad
2026-09-24,long_term,00FQb4jTyendYWaN8pK0wa,baroque pop
2026-09-24,long_term,00FQb4jTyendYWaN8pK0wa,chamber pop
2026-09-24,long_term,00FQb4jTyendYWaN8pK0wa,country
2026-09-24,long_term,00FQb4jTyendYWaN8pK0wa,dance
2026-09-24,long_term,00FQb4jTyendYWaN8pK0wa,dream pop
2026-09-24,long_term,00FQb4jTyendYWaN8pK0wa,edm
2026-09-24,long_term,00FQb4jTyendYWaN8pK0wa,electronic
2026-09-24,long_term,00FQb4jTyendYWaN8pK0wa,electronica
2026-09-24,long_term,00FQb4jTyendYWaN8pK0wa,future bass
2026-09-24,long_term,00FQb4jTyendYWaN8pK0wa,house
2026-09-24,long_term,00FQb4jTyendYWaN8pK0wa,indie pop
2026-09-24,long_term,00FQb4jTyendYWaN8pK0wa,indie rock
2026-09-24,long_term,00FQb4jTyendYWaN8pK0wa,melodic house
2026-09-24,long_term,00FQb4jTyendYWaN8pK0wa,melodic techno
2026-09-24,long_term,00FQb4jTyendYWaN8pK0wa,neo-psychedelia
2026-09-24,long_term,00FQb4jTyendYWaN8pK0wa,pop
2026-09-24,long_term,00FQb4jTyendYWaN8pK0wa,psychedelic pop
2026-09-24,long_term,00FQb4jTyendYWaN8pK0wa,r&b
2026-09-24,long_term,00FQb4jTyendYWaN8pK0wa,rock
2026-09-24,long_term,00FQb4jTyendYWaN8pK0wa,singer-songwriter
2026-09-24,long_term,00FQb4jTyendYWaN8pK0wa,slowcore
2026-09-24,long_term,00FQb4jTyendYWaN8pK0wa,trap
2026-09-24,long_term,00FQb4jTyendYWaN8pK0wa,trip hop
2026-09-24,long_term,06O23tLg0or676h8EEzH7W,chillwave
2026-09-24,long_term,06O23tLg0or676h8EEzH7W,dreamwave
2026-09-24,long_term,06O23tLg0or676h8EEzH7W,electronic
2026-09-24,long_term,06O23tLg0or676h8EEzH7W,synth-pop
2026-09-24,long_term,06O23tLg0or676h8EEzH7W,witch house
2026-09-24,long_term,0Y6dVaC9DZtPNH4591M42W,dream pop
2026-09-24,long_term,0Y6dVaC9DZtPNH4591M42W,electronic
2026-09-24,long_term,0Y6dVaC9DZtPNH4591M42W,hip hop
2026-09-24,long_term,0Y6dVaC9DZtPNH4591M42W,indie pop
2026-09-24,long_term,0Y6dVaC9DZtPNH4591M42W,indie rock
2026-09-24,long_term,0Y6dVaC9DZtPNH4591M42W,lo-fi
2026-09-24,long_term,0Y6dVaC9DZtPNH4591M42W,pop
2026-09-24,long_term,0dgJbQ0bKPyUXco8hEXN7X,ambient
2026-09-24,long_term,0dgJbQ0bKPyUXco8hEXN7X,boom bap
2026-09-24,long_term,0dgJbQ0bKPyUXco8hEXN7X,chillout
2026-09-24,long_term,0dgJbQ0bKPyUXco8hEXN7X,chillwave
2026-09-24,long_term,0dgJbQ0bKPyUXco8hEXN7X,downtempo
2026-09-24,long_term,0dgJbQ0bKPyUXco8hEXN7X,drift phonk
2026-09-24,long_term,0dgJbQ0bKPyUXco8hEXN7X,hardwave
2026-09-24,long_term,0dgJbQ0bKPyUXco8hEXN7X,hip hop
2026-09-24,long_term,0dgJbQ0bKPyUXco8hEXN7X,house
2026-09-24,long_term,0dgJbQ0bKPyUXco8hEXN7X,instrumental
2026-09-24,long_term,0dgJbQ0bKPyUXco8hEXN7X,instrumental hip hop
2026-09-24,long_term,0dgJbQ0bKPyUXco8hEXN7X,lo-fi
2026-09-24,long_term,0dgJbQ0bKPyUXco8hEXN7X,lo-fi hip hop
2026-09-24,long_term,0dgJbQ0bKPyUXco8hEXN7X,phonk
2026-09-24,long_term,0dgJbQ0bKPyUXco8hEXN7X,wave
2026-09-24,long_term,0hEurMDQu99nJRq8pTxO14,acoustic rock
2026-09-24,long_term,0hEurMDQu99nJRq8pTxO14,alternative rock
2026-09-24,long_term,0hEurMDQu99nJRq8pTxO14,americana
2026-09-24,long_term,0hEurMDQu99nJRq8pTxO14,blue-eyed soul
2026-09-24,long_term,0hEurMDQu99nJRq8pTxO14,blues
2026-09-24,long_term,0hEurMDQu99nJRq8pTxO14,blues rock
2026-09-24,long_term,0hEurMDQu99nJRq8pTxO14,country
2026-09-24,long_term,0hEurMDQu99nJRq8pTxO14,country rock
2026-09-24,long_term,0hEurMDQu99nJRq8pTxO14,folk rock
2026-09-24,long_term,0hEurMDQu99nJRq8pTxO14,indie rock
2026-09-24,long_term,0hEurMDQu99nJRq8pTxO14,pop
2026-09-24,long_term,0hEurMDQu99nJRq8pTxO14,pop rock
2026-09-24,long_term,0hEurMDQu99nJRq8pTxO14,rock
2026-09-24,long_term,0hEurMDQu99nJRq8pTxO14,singer-songwriter
2026-09-24,long_term,0hEurMDQu99nJRq8pTxO14,soft rock
2026-09-24,long_term,0hEurMDQu99nJRq8pTxO14,soul
2026-09-24,long_term,0klU31gyC6EZqKgLvVANCy,boom bap
2026-09-24,long_term,0klU31gyC6EZqKgLvVANCy,chillwave
2026-09-24,long_term,0klU31gyC6EZqKgLvVANCy,downtempo
2026-09-24,long_term,0klU31gyC6EZqKgLvVANCy,hip hop
2026-09-24,long_term,0klU31gyC6EZqKgLvVANCy,instrumental
2026-09-24,long_term,0klU31gyC6EZqKgLvVANCy,instrumental hip hop
2026-09-24,long_term,0klU31gyC6EZqKgLvVANCy,lo-fi
2026-09-24,long_term,0klU31gyC6EZqKgLvVANCy,lo-fi hip hop
2026-09-24,long_term,17XXKfRBMCWvLrqGoNkJXm,ballad
2026-09-24,long_term,17XXKfRBMCWvLrqGoNkJXm,easy listening
2026-09-24,long_term,17XXKfRBMCWvLrqGoNkJXm,pop
2026-09-24,long_term,19ra5tSw0tWufvUp8GotLo,ballad
2026-09-24,long_term,19ra5tSw0tWufvUp8GotLo,blue-eyed soul
2026-09-24,long_term,19ra5tSw0tWufvUp8GotLo,contemporary r&b
2026-09-24,long_term,19ra5tSw0tWufvUp8GotLo,dance-pop
2026-09-24,long_term,19ra5tSw0tWufvUp8GotLo,dance-rock
2026-09-24,long_term,19ra5tSw0tWufvUp8GotLo,jazz
2026-09-24,long_term,19ra5tSw0tWufvUp8GotLo,pop
2026-09-24,long_term,19ra5tSw0tWufvUp8GotLo,pop rock
2026-09-24,long_term,19ra5tSw0tWufvUp8GotLo,pop soul
2026-09-24,long_term,19ra5tSw0tWufvUp8GotLo,r&b
2026-09-24,long_term,19ra5tSw0tWufvUp8GotLo,smooth jazz
2026-09-24,long_term,19ra5tSw0tWufvUp8GotLo,smooth soul
2026-09-24,long_term,19ra5tSw0tWufvUp8GotLo,soft rock
2026-09-24,long_term,19ra5tSw0tWufvUp8GotLo,sophisti-pop
2026-09-24,long_term,19ra5tSw0tWufvUp8GotLo,soul
2026-09-24,long_term,1QAJqy2dA3ihHBFIHRphZj,ambient
2026-09-24,long_term,1QAJqy2dA3ihHBFIHRphZj,ambient pop
2026-09-24,long_term,1QAJqy2dA3ihHBFIHRphZj,dream pop
2026-09-24,long_term,1QAJqy2dA3ihHBFIHRphZj,indie pop
2026-09-24,long_term,1QAJqy2dA3ihHBFIHRphZj,indie rock
2026-09-24,long_term,1QAJqy2dA3ihHBFIHRphZj,pop
2026-09-24,long_term,1QAJqy2dA3ihHBFIHRphZj,shoegaze
2026-09-24,long_term,1QAJqy2dA3ihHBFIHRphZj,slowcore
2026-09-24,long_term,1Xyo4u8uXC1ZmMpatF05PJ,alternative r&b
2026-09-24,long_term,1Xyo4u8uXC1ZmMpatF05PJ,contemporary r&b
2026-09-24,long_term,1Xyo4u8uXC1ZmMpatF05PJ,dance-pop
2026-09-24,long_term,1Xyo4u8uXC1ZmMpatF05PJ,hypnagogic pop
2026-09-24,long_term,1Xyo4u8uXC1ZmMpatF05PJ,pop
2026-09-24,long_term,1Xyo4u8uXC1ZmMpatF05PJ,r&b
2026-09-24,long_term,1Xyo4u8uXC1ZmMpatF05PJ,synth-pop
2026-09-24,long_term,1cGyguqPQY22oUd4fKglFS,ambient
2026-09-24,long_term,1cGyguqPQY22oUd4fKglFS,dark ambient
2026-09-24,long_term,1mYsTxnqsietFxj1OgoGbG,classical
2026-09-24,long_term,1mYsTxnqsietFxj1OgoGbG,filmi
2026-09-24,long_term,1mYsTxnqsietFxj1OgoGbG,world fusion
2026-09-24,long_term,1wRPtKGflJrBx9BmLsSwlU,filmi
2026-09-24,long_term,2YZyLoL8N0Wb9xBt1NhZWg,alternative hip hop
2026-09-24,long_term,2YZyLoL8N0Wb9xBt1NhZWg,conscious hip hop
2026-09-24,long_term,2YZyLoL8N0Wb9xBt1NhZWg,dance
2026-09-24,long_term,2YZyLoL8N0Wb9xBt1NhZWg,disco
2026-09-24,long_term,2YZyLoL8N0Wb9xBt1NhZWg,future bass
2026-09-24,long_term,2YZyLoL8N0Wb9xBt1NhZWg,gangsta rap
2026-09-24,long_term,2YZyLoL8N0Wb9xBt1NhZWg,hardcore hip hop
2026-09-24,long_term,2YZyLoL8N0Wb9xBt1NhZWg,hip hop
2026-09-24,long_term,2YZyLoL8N0Wb9xBt1NhZWg,house
2026-09-24,long_term,2YZyLoL8N0Wb9xBt1NhZWg,jazz
2026-09-24,long_term,2YZyLoL8N0Wb9xBt1NhZWg,jazz rap
2026-09-24,long_term,2YZyLoL8N0Wb9xBt1NhZWg,pop
2026-09-24,long_term,2YZyLoL8N0Wb9xBt1NhZWg,pop rap
2026-09-24,long_term,2YZyLoL8N0Wb9xBt1NhZWg,r&b
2026-09-24,long_term,2YZyLoL8N0Wb9xBt1NhZWg,trap
2026-09-24,long_term,2YZyLoL8N0Wb9xBt1NhZWg,west coast hip hop
2026-09-24,long_term,2exebQUDoIoT0dXA8BcN1P,chillwave
2026-09-24,long_term,2exebQUDoIoT0dXA8BcN1P,electronic
2026-09-24,long_term,2exebQUDoIoT0dXA8BcN1P,synthwave
2026-09-24,long_term,2h93pZq0e7k5yf4dywlkpM,alternative r&b
2026-09-24,long_term,2h93pZq0e7k5yf4dywlkpM,contemporary r&b
2026-09-24,long_term,2h93pZq0e7k5yf4dywlkpM,pop
2026-09-24,long_term,2h93pZq0e7k5yf4dywlkpM,r&b
2026-09-24,long_term,2jku7tDXc6XoB6MO2hFuqg,alternative hip hop
2026-09-24,long_term,2jku7tDXc6XoB6MO2hFuqg,alternative r&b
2026-09-24,long_term,2jku7tDXc6XoB6MO2hFuqg,contemporary r&b
2026-09-24,long_term,2jku7tDXc6XoB6MO2hFuqg,dancehall
2026-09-24,long_term,2jku7tDXc6XoB6MO2hFuqg,hip hop
2026-09-24,long_term,2jku7tDXc6XoB6MO2hFuqg,r&b
2026-09-24,long_term,2sSGPbdZJkaSE2AbcGOACx,bedroom pop
2026-09-24,long_term,2sSGPbdZJkaSE2AbcGOACx,dream pop
2026-09-24,long_term,2sSGPbdZJkaSE2AbcGOACx,indie pop
2026-09-24,long_term,2sSGPbdZJkaSE2AbcGOACx,lo-fi
2026-09-24,long_term,2sSGPbdZJkaSE2AbcGOACx,psychedelic pop
2026-09-24,long_term,2sSGPbdZJkaSE2AbcGOACx,psychedelic soul
2026-09-24,long_term,2sSGPbdZJkaSE2AbcGOACx,synth-pop
2026-09-24,long_term,36QJpDe2go2KgaRleHCDTp,arena rock
2026-09-24,long_term,36QJpDe2go2KgaRleHCDTp,blues rock
2026-09-24,long_term,36QJpDe2go2KgaRleHCDTp,classic rock
2026-09-24,long_term,36QJpDe2go2KgaRleHCDTp,folk rock
2026-09-24,long_term,36QJpDe2go2KgaRleHCDTp,hard rock
2026-09-24,long_term,36QJpDe2go2KgaRleHCDTp,heavy metal
2026-09-24,long_term,36QJpDe2go2KgaRleHCDTp,pop
2026-09-24,long_term,36QJpDe2go2KgaRleHCDTp,progressive rock
2026-09-24,long_term,36QJpDe2go2KgaRleHCDTp,rock
2026-09-24,long_term,36QJpDe2go2KgaRleHCDTp,rock and roll
2026-09-24,long_term,3MZsBdqDrRTJihTHQrO6Dq,alternative r&b
2026-09-24,long_term,3MZsBdqDrRTJihTHQrO6Dq,art pop
2026-09-24,long_term,3MZsBdqDrRTJihTHQrO6Dq,ballad
2026-09-24,long_term,3MZsBdqDrRTJihTHQrO6Dq,instrumental hip hop
2026-09-24,long_term,3MZsBdqDrRTJihTHQrO6Dq,lo-fi hip hop
2026-09-24,long_term,3MZsBdqDrRTJihTHQrO6Dq,trip hop
2026-09-24,long_term,3Sz7ZnJQBIHsXLUSo0OQtM,folk pop
2026-09-24,long_term,3Sz7ZnJQBIHsXLUSo0OQtM,indie pop
2026-09-24,long_term,3Sz7ZnJQBIHsXLUSo0OQtM,indie rock
2026-09-24,long_term,3Sz7ZnJQBIHsXLUSo0OQtM,jangle pop
2026-09-24,long_term,3Sz7ZnJQBIHsXLUSo0OQtM,pop
2026-09-24,long_term,3Sz7ZnJQBIHsXLUSo0OQtM,psychedelic pop
2026-09-24,long_term,3TVXtAsR1Inumwj472S9r4,alternative r&b
2026-09-24,long_term,3TVXtAsR1Inumwj472S9r4,contemporary r&b
2026-09-24,long_term,3TVXtAsR1Inumwj472S9r4,hardcore hip hop
2026-09-24,long_term,3TVXtAsR1Inumwj472S9r4,hip hop
2026-09-24,long_term,3TVXtAsR1Inumwj472S9r4,pop
2026-09-24,long_term,3TVXtAsR1Inumwj472S9r4,pop rap
2026-09-24,long_term,3TVXtAsR1Inumwj472S9r4,r&b
2026-09-24,long_term,3TVXtAsR1Inumwj472S9r4,southern hip hop
2026-09-24,long_term,3TVXtAsR1Inumwj472S9r4,trap
2026-09-24,long_term,3zmfs9cQwzJl575W1ZYXeT,bedroom pop
2026-09-24,long_term,3zmfs9cQwzJl575W1ZYXeT,downtempo
2026-09-24,long_term,3zmfs9cQwzJl575W1ZYXeT,dream pop
2026-09-24,long_term,3zmfs9cQwzJl575W1ZYXeT,indie pop
2026-09-24,long_term,3zmfs9cQwzJl575W1ZYXeT,neo-psychedelia
2026-09-24,long_term,3zmfs9cQwzJl575W1ZYXeT,pop
2026-09-24,long_term,3zmfs9cQwzJl575W1ZYXeT,shoegaze
2026-09-24,long_term,3zmfs9cQwzJl575W1ZYXeT,sophisti-pop
2026-09-24,long_term,47zz7sob9NUcODy0BTDvKx,contemporary r&b
2026-09-24,long_term,47zz7sob9NUcODy0BTDvKx,downtempo
2026-09-24,long_term,47zz7sob9NUcODy0BTDvKx,jazz
2026-09-24,long_term,47zz7sob9NUcODy0BTDvKx,jazz pop
2026-09-24,long_term,47zz7sob9NUcODy0BTDvKx,pop
2026-09-24,long_term,47zz7sob9NUcODy0BTDvKx,quiet storm
2026-09-24,long_term,47zz7sob9NUcODy0BTDvKx,smooth jazz
2026-09-24,long_term,47zz7sob9NUcODy0BTDvKx,smooth soul
2026-09-24,long_term,47zz7sob9NUcODy0BTDvKx,sophisti-pop
2026-09-24,long_term,47zz7sob9NUcODy0BTDvKx,soul
2026-09-24,long_term,47zz7sob9NUcODy0BTDvKx,trip hop
2026-09-24,long_term,4KRllJ2dEeoqvxOQLOgOsI,electronic
2026-09-24,long_term,4KRllJ2dEeoqvxOQLOgOsI,phonk
2026-09-24,long_term,4KRllJ2dEeoqvxOQLOgOsI,phonk house
2026-09-24,long_term,4KRllJ2dEeoqvxOQLOgOsI,synthwave
2026-09-24,long_term,4KRllJ2dEeoqvxOQLOgOsI,trap
2026-09-24,long_term,4KRllJ2dEeoqvxOQLOgOsI,wave
2026-09-24,long_term,4MrQDA45Gd0llLrwFUzimG,boom bap
2026-09-24,long_term,4MrQDA45Gd0llLrwFUzimG,chillwave
2026-09-24,long_term,4MrQDA45Gd0llLrwFUzimG,downtempo
2026-09-24,long_term,4MrQDA45Gd0llLrwFUzimG,hip hop
2026-09-24,long_term,4MrQDA45Gd0llLrwFUzimG,instrumental
2026-09-24,long_term,4MrQDA45Gd0llLrwFUzimG,instrumental hip hop
2026-09-24,long_term,4MrQDA45Gd0llLrwFUzimG,lo-fi
2026-09-24,long_term,4MrQDA45Gd0llLrwFUzimG,lo-fi hip hop
2026-09-24,long_term,4gdMJYnopf2nEUcanAwstx,indian pop
2026-09-24,long_term,4gdMJYnopf2nEUcanAwstx,singer-songwriter
2026-09-24,long_term,4gzpq5DPGxSnKTe4SA8HAU,alternative rock
2026-09-24,long_term,4gzpq5DPGxSnKTe4SA8HAU,art pop
2026-09-24,long_term,4gzpq5DPGxSnKTe4SA8HAU,britpop
2026-09-24,long_term,4gzpq5DPGxSnKTe4SA8HAU,dream pop
2026-09-24,long_term,4gzpq5DPGxSnKTe4SA8HAU,piano rock
2026-09-24,long_term,4gzpq5DPGxSnKTe4SA8HAU,pop
2026-09-24,long_term,4gzpq5DPGxSnKTe4SA8HAU,pop rock
2026-09-24,long_term,4gzpq5DPGxSnKTe4SA8HAU,post-britpop
2026-09-24,long_term,4gzpq5DPGxSnKTe4SA8HAU,rock
2026-09-24,long_term,4yvcSjfu4PC0CYQyLy4wSq,electronic
2026-09-24,long_term,4yvcSjfu4PC0CYQyLy4wSq,indie pop
2026-09-24,long_term,4yvcSjfu4PC0CYQyLy4wSq,indie rock
2026-09-24,long_term,4yvcSjfu4PC0CYQyLy4wSq,indietronica
2026-09-24,long_term,4yvcSjfu4PC0CYQyLy4wSq,pop
2026-09-24,long_term,4yvcSjfu4PC0CYQyLy4wSq,psychedelic pop
2026-09-24,long_term,4yvcSjfu4PC0CYQyLy4wSq,psychedelic rock
2026-09-24,long_term,5INjqkS1o8h1imAzPqGZBb,alternative dance
2026-09-24,long_term,5INjqkS1o8h1imAzPqGZBb,alternative rock
2026-09-24,long_term,5INjqkS1o8h1imAzPqGZBb,dream pop
2026-09-24,long_term,5INjqkS1o8h1imAzPqGZBb,indie rock
2026-09-24,long_term,5INjqkS1o8h1imAzPqGZBb,indietronica
2026-09-24,long_term,5INjqkS1o8h1imAzPqGZBb,leftfield
2026-09-24,long_term,5INjqkS1o8h1imAzPqGZBb,neo-psychedelia
2026-09-24,long_term,5INjqkS1o8h1imAzPqGZBb,pop
2026-09-24,long_term,5INjqkS1o8h1imAzPqGZBb,psychedelic
2026-09-24,long_term,5INjqkS1o8h1imAzPqGZBb,psychedelic pop
2026-09-24,long_term,5INjqkS1o8h1imAzPqGZBb,psychedelic rock
2026-09-24,long_term,5INjqkS1o8h1imAzPqGZBb,rock
2026-09-24,long_term,5INjqkS1o8h1imAzPqGZBb,space rock
2026-09-24,long_term,5INjqkS1o8h1imAzPqGZBb,synth-pop
2026-09-24,long_term,5K4W6rqBFWDnAN6FQUkS6x,chipmunk soul
2026-09-24,long_term,5K4W6rqBFWDnAN6FQUkS6x,christian hip hop
2026-09-24,long_term,5K4W6rqBFWDnAN6FQUkS6x,conscious hip hop
2026-09-24,long_term,5K4W6rqBFWDnAN6FQUkS6x,contemporary r&b
2026-09-24,long_term,5K4W6rqBFWDnAN6FQUkS6x,deep house
2026-09-24,long_term,5K4W6rqBFWDnAN6FQUkS6x,electropop
2026-09-24,long_term,5K4W6rqBFWDnAN6FQUkS6x,experimental hip hop
2026-09-24,long_term,5K4W6rqBFWDnAN6FQUkS6x,future bass
2026-09-24,long_term,5K4W6rqBFWDnAN6FQUkS6x,hip hop
2026-09-24,long_term,5K4W6rqBFWDnAN6FQUkS6x,house
2026-09-24,long_term,5K4W6rqBFWDnAN6FQUkS6x,pop
2026-09-24,long_term,5K4W6rqBFWDnAN6FQUkS6x,pop rap
2026-09-24,long_term,5K4W6rqBFWDnAN6FQUkS6x,r&b
2026-09-24,long_term,5K4W6rqBFWDnAN6FQUkS6x,trap
2026-09-24,long_term,5cj0lLjcoR7YOSnhnX0Po5,alternative rock
2026-09-24,long_term,5cj0lLjcoR7YOSnhnX0Po5,grunge
2026-09-24,long_term,5cj0lLjcoR7YOSnhnX0Po5,hip hop
2026-09-24,long_term,5cj0lLjcoR7YOSnhnX0Po5,pop
2026-09-24,long_term,5cj0lLjcoR7YOSnhnX0Po5,pop rap
2026-09-24,long_term,5cj0lLjcoR7YOSnhnX0Po5,post-grunge
2026-09-24,long_term,5cj0lLjcoR7YOSnhnX0Po5,power pop
2026-09-24,long_term,5cj0lLjcoR7YOSnhnX0Po5,rock
2026-09-24,long_term,5cj0lLjcoR7YOSnhnX0Po5,trap
2026-09-24,long_term,5cj0lLjcoR7YOSnhnX0Po5,west coast hip hop
2026-09-24,long_term,5y8tKLUfMvliMe8IKamR32,alternative r&b
2026-09-24,long_term,5y8tKLUfMvliMe8IKamR32,contemporary r&b
2026-09-24,long_term,5y8tKLUfMvliMe8IKamR32,indie pop
2026-09-24,long_term,5y8tKLUfMvliMe8IKamR32,lo-fi
2026-09-24,long_term,6YJ4EgQzDfJnIHRbqIHAdD,chillwave
2026-09-24,long_term,6YJ4EgQzDfJnIHRbqIHAdD,downtempo
2026-09-24,long_term,6YJ4EgQzDfJnIHRbqIHAdD,instrumental
2026-09-24,long_term,6YJ4EgQzDfJnIHRbqIHAdD,instrumental hip hop
2026-09-24,long_term,6YJ4EgQzDfJnIHRbqIHAdD,lo-fi
2026-09-24,long_term,6YJ4EgQzDfJnIHRbqIHAdD,lo-fi hip hop
2026-09-24,long_term,6ft7JnxMyZhp7N52qzHymY,dream pop
2026-09-24,long_term,700c9Qz2z6HZKTumeliKAw,electronic
2026-09-24,long_term,77SW9BnxLY8rJ0RciFqkHh,alternative rock
2026-09-24,long_term,77SW9BnxLY8rJ0RciFqkHh,indie pop
2026-09-24,long_term,78rUTD7y6Cy67W1RVzYs7t,alternative pop
2026-09-24,long_term,78rUTD7y6Cy67W1RVzYs7t,bubblegum pop
2026-09-24,long_term,78rUTD7y6Cy67W1RVzYs7t,dance-pop
2026-09-24,long_term,78rUTD7y6Cy67W1RVzYs7t,drum and bass
2026-09-24,long_term,78rUTD7y6Cy67W1RVzYs7t,future garage
2026-09-24,long_term,78rUTD7y6Cy67W1RVzYs7t,jungle
2026-09-24,long_term,78rUTD7y6Cy67W1RVzYs7t,pop
2026-09-24,long_term,78rUTD7y6Cy67W1RVzYs7t,uk garage
2026-09-24,long_term,7Ln80lUS6He07XvHI8qqHH,alternative rock
2026-09-24,long_term,7Ln80lUS6He07XvHI8qqHH,art rock
2026-09-24,long_term,7Ln80lUS6He07XvHI8qqHH,baroque pop
2026-09-24,long_term,7Ln80lUS6He07XvHI8qqHH,dance
2026-09-24,long_term,7Ln80lUS6He07XvHI8qqHH,electronica
2026-09-24,long_term,7Ln80lUS6He07XvHI8qqHH,garage rock
2026-09-24,long_term,7Ln80lUS6He07XvHI8qqHH,garage rock revival
2026-09-24,long_term,7Ln80lUS6He07XvHI8qqHH,house
2026-09-24,long_term,7Ln80lUS6He07XvHI8qqHH,indie rock
2026-09-24,long_term,7Ln80lUS6He07XvHI8qqHH,neo-psychedelia
2026-09-24,long_term,7Ln80lUS6He07XvHI8qqHH,pop
2026-09-24,long_term,7Ln80lUS6He07XvHI8qqHH,post-punk revival
2026-09-24,long_term,7Ln80lUS6He07XvHI8qqHH,psychedelic pop
2026-09-24,long_term,7Ln80lUS6He07XvHI8qqHH,psychedelic rock
2026-09-24,long_term,7Ln80lUS6He07XvHI8qqHH,rock
2026-09-24,long_term,7gW0r5CkdEUMm42w9XpyZO,bossa nova
2026-09-24,long_term,7gW0r5CkdEUMm42w9XpyZO,jazz
2026-09-24,long_term,7gW0r5CkdEUMm42w9XpyZO,jazz pop
2026-09-24,long_term,7gW0r5CkdEUMm42w9XpyZO,singer-songwriter
2026-09-24,long_term,7gW0r5CkdEUMm42w9XpyZO,vocal jazz
2026-09-24,long_term,7tYKF4w9nC0nq9CsPZTHyP,alternative r&b
2026-09-24,long_term,7tYKF4w9nC0nq9CsPZTHyP,contemporary r&b
2026-09-24,long_term,7tYKF4w9nC0nq9CsPZTHyP,electronic
2026-09-24,long_term,7tYKF4w9nC0nq9CsPZTHyP,hip hop soul
2026-09-24,long_term,7tYKF4w9nC0nq9CsPZTHyP,neo soul
2026-09-24,long_term,7tYKF4w9nC0nq9CsPZTHyP,pop
2026-09-24,long_term,7tYKF4w9nC0nq9CsPZTHyP,r&b
2026-09-24,long_term,7tYKF4w9nC0nq9CsPZTHyP,soul
2026-09-24,medium_term,00FQb4jTyendYWaN8pK0wa,alternative pop
2026-09-24,medium_term,00FQb4jTyendYWaN8pK0wa,art pop
2026-09-24,medium_term,00FQb4jTyendYWaN8pK0wa,ballad
2026-09-24,medium_term,00FQb4jTyendYWaN8pK0wa,baroque pop
2026-09-24,medium_term,00FQb4jTyendYWaN8pK0wa,chamber pop
2026-09-24,medium_term,00FQb4jTyendYWaN8pK0wa,country
2026-09-24,medium_term,00FQb4jTyendYWaN8pK0wa,dance
2026-09-24,medium_term,00FQb4jTyendYWaN8pK0wa,dream pop
2026-09-24,medium_term,00FQb4jTyendYWaN8pK0wa,edm
2026-09-24,medium_term,00FQb4jTyendYWaN8pK0wa,electronic
2026-09-24,medium_term,00FQb4jTyendYWaN8pK0wa,electronica
2026-09-24,medium_term,00FQb4jTyendYWaN8pK0wa,future bass
2026-09-24,medium_term,00FQb4jTyendYWaN8pK0wa,house
2026-09-24,medium_term,00FQb4jTyendYWaN8pK0wa,indie pop
2026-09-24,medium_term,00FQb4jTyendYWaN8pK0wa,indie rock
2026-09-24,medium_term,00FQb4jTyendYWaN8pK0wa,melodic house
2026-09-24,medium_term,00FQb4jTyendYWaN8pK0wa,melodic techno
2026-09-24,medium_term,00FQb4jTyendYWaN8pK0wa,neo-psychedelia
2026-09-24,medium_term,00FQb4jTyendYWaN8pK0wa,pop
2026-09-24,medium_term,00FQb4jTyendYWaN8pK0wa,psychedelic pop
2026-09-24,medium_term,00FQb4jTyendYWaN8pK0wa,r&b
2026-09-24,medium_term,00FQb4jTyendYWaN8pK0wa,rock
2026-09-24,medium_term,00FQb4jTyendYWaN8pK0wa,singer-songwriter
2026-09-24,medium_term,00FQb4jTyendYWaN8pK0wa,slowcore
2026-09-24,medium_term,00FQb4jTyendYWaN8pK0wa,trap
2026-09-24,medium_term,00FQb4jTyendYWaN8pK0wa,trip hop
2026-09-24,medium_term,0Y6dVaC9DZtPNH4591M42W,dream pop
2026-09-24,medium_term,0Y6dVaC9DZtPNH4591M42W,electronic
2026-09-24,medium_term,0Y6dVaC9DZtPNH4591M42W,hip hop
2026-09-24,medium_term,0Y6dVaC9DZtPNH4591M42W,indie pop
2026-09-24,medium_term,0Y6dVaC9DZtPNH4591M42W,indie rock
2026-09-24,medium_term,0Y6dVaC9DZtPNH4591M42W,lo-fi
2026-09-24,medium_term,0Y6dVaC9DZtPNH4591M42W,pop
2026-09-24,medium_term,0dgJbQ0bKPyUXco8hEXN7X,ambient
2026-09-24,medium_term,0dgJbQ0bKPyUXco8hEXN7X,boom bap
2026-09-24,medium_term,0dgJbQ0bKPyUXco8hEXN7X,chillout
2026-09-24,medium_term,0dgJbQ0bKPyUXco8hEXN7X,chillwave
2026-09-24,medium_term,0dgJbQ0bKPyUXco8hEXN7X,downtempo
2026-09-24,medium_term,0dgJbQ0bKPyUXco8hEXN7X,drift phonk
2026-09-24,medium_term,0dgJbQ0bKPyUXco8hEXN7X,hardwave
2026-09-24,medium_term,0dgJbQ0bKPyUXco8hEXN7X,hip hop
2026-09-24,medium_term,0dgJbQ0bKPyUXco8hEXN7X,house
2026-09-24,medium_term,0dgJbQ0bKPyUXco8hEXN7X,instrumental
2026-09-24,medium_term,0dgJbQ0bKPyUXco8hEXN7X,instrumental hip hop
2026-09-24,medium_term,0dgJbQ0bKPyUXco8hEXN7X,lo-fi
2026-09-24,medium_term,0dgJbQ0bKPyUXco8hEXN7X,lo-fi hip hop
2026-09-24,medium_term,0dgJbQ0bKPyUXco8hEXN7X,phonk
2026-09-24,medium_term,0dgJbQ0bKPyUXco8hEXN7X,wave
2026-09-24,medium_term,0hEurMDQu99nJRq8pTxO14,acoustic rock
2026-09-24,medium_term,0hEurMDQu99nJRq8pTxO14,alternative rock
2026-09-24,medium_term,0hEurMDQu99nJRq8pTxO14,americana
2026-09-24,medium_term,0hEurMDQu99nJRq8pTxO14,blue-eyed soul
2026-09-24,medium_term,0hEurMDQu99nJRq8pTxO14,blues
2026-09-24,medium_term,0hEurMDQu99nJRq8pTxO14,blues rock
2026-09-24,medium_term,0hEurMDQu99nJRq8pTxO14,country
2026-09-24,medium_term,0hEurMDQu99nJRq8pTxO14,country rock
2026-09-24,medium_term,0hEurMDQu99nJRq8pTxO14,folk rock
2026-09-24,medium_term,0hEurMDQu99nJRq8pTxO14,indie rock
2026-09-24,medium_term,0hEurMDQu99nJRq8pTxO14,pop
2026-09-24,medium_term,0hEurMDQu99nJRq8pTxO14,pop rock
2026-09-24,medium_term,0hEurMDQu99nJRq8pTxO14,rock
2026-09-24,medium_term,0hEurMDQu99nJRq8pTxO14,singer-songwriter
2026-09-24,medium_term,0hEurMDQu99nJRq8pTxO14,soft rock
2026-09-24,medium_term,0hEurMDQu99nJRq8pTxO14,soul
2026-09-24,medium_term,0klU31gyC6EZqKgLvVANCy,boom bap
2026-09-24,medium_term,0klU31gyC6EZqKgLvVANCy,chillwave
2026-09-24,medium_term,0klU31gyC6EZqKgLvVANCy,downtempo
2026-09-24,medium_term,0klU31gyC6EZqKgLvVANCy,hip hop
2026-09-24,medium_term,0klU31gyC6EZqKgLvVANCy,instrumental
2026-09-24,medium_term,0klU31gyC6EZqKgLvVANCy,instrumental hip hop
2026-09-24,medium_term,0klU31gyC6EZqKgLvVANCy,lo-fi
2026-09-24,medium_term,0klU31gyC6EZqKgLvVANCy,lo-fi hip hop
2026-09-24,medium_term,17XXKfRBMCWvLrqGoNkJXm,ballad
2026-09-24,medium_term,17XXKfRBMCWvLrqGoNkJXm,easy listening
2026-09-24,medium_term,17XXKfRBMCWvLrqGoNkJXm,pop
2026-09-24,medium_term,1AbJ2cmwK400LSvdvBL5Jc,bedroom pop
2026-09-24,medium_term,1QAJqy2dA3ihHBFIHRphZj,ambient
2026-09-24,medium_term,1QAJqy2dA3ihHBFIHRphZj,ambient pop
2026-09-24,medium_term,1QAJqy2dA3ihHBFIHRphZj,dream pop
2026-09-24,medium_term,1QAJqy2dA3ihHBFIHRphZj,indie pop
2026-09-24,medium_term,1QAJqy2dA3ihHBFIHRphZj,indie rock
2026-09-24,medium_term,1QAJqy2dA3ihHBFIHRphZj,pop
2026-09-24,medium_term,1QAJqy2dA3ihHBFIHRphZj,shoegaze
2026-09-24,medium_term,1QAJqy2dA3ihHBFIHRphZj,slowcore
2026-09-24,medium_term,1Xyo4u8uXC1ZmMpatF05PJ,alternative r&b
2026-09-24,medium_term,1Xyo4u8uXC1ZmMpatF05PJ,contemporary r&b
2026-09-24,medium_term,1Xyo4u8uXC1ZmMpatF05PJ,dance-pop
2026-09-24,medium_term,1Xyo4u8uXC1ZmMpatF05PJ,hypnagogic pop
2026-09-24,medium_term,1Xyo4u8uXC1ZmMpatF05PJ,pop
2026-09-24,medium_term,1Xyo4u8uXC1ZmMpatF05PJ,r&b
2026-09-24,medium_term,1Xyo4u8uXC1ZmMpatF05PJ,synth-pop
2026-09-24,medium_term,1cGyguqPQY22oUd4fKglFS,ambient
2026-09-24,medium_term,1cGyguqPQY22oUd4fKglFS,dark ambient
2026-09-24,medium_term,1wRPtKGflJrBx9BmLsSwlU,filmi
2026-09-24,medium_term,2YZyLoL8N0Wb9xBt1NhZWg,alternative hip hop
2026-09-24,medium_term,2YZyLoL8N0Wb9xBt1NhZWg,conscious hip hop
2026-09-24,medium_term,2YZyLoL8N0Wb9xBt1NhZWg,dance
2026-09-24,medium_term,2YZyLoL8N0Wb9xBt1NhZWg,disco
2026-09-24,medium_term,2YZyLoL8N0Wb9xBt1NhZWg,future bass
2026-09-24,medium_term,2YZyLoL8N0Wb9xBt1NhZWg,gangsta rap
2026-09-24,medium_term,2YZyLoL8N0Wb9xBt1NhZWg,hardcore hip hop
2026-09-24,medium_term,2YZyLoL8N0Wb9xBt1NhZWg,hip hop
2026-09-24,medium_term,2YZyLoL8N0Wb9xBt1NhZWg,house
2026-09-24,medium_term,2YZyLoL8N0Wb9xBt1NhZWg,jazz
2026-09-24,medium_term,2YZyLoL8N0Wb9xBt1NhZWg,jazz rap
2026-09-24,medium_term,2YZyLoL8N0Wb9xBt1NhZWg,pop
2026-09-24,medium_term,2YZyLoL8N0Wb9xBt1NhZWg,pop rap
2026-09-24,medium_term,2YZyLoL8N0Wb9xBt1NhZWg,r&b
2026-09-24,medium_term,2YZyLoL8N0Wb9xBt1NhZWg,trap
2026-09-24,medium_term,2YZyLoL8N0Wb9xBt1NhZWg,west coast hip hop
2026-09-24,medium_term,2h93pZq0e7k5yf4dywlkpM,alternative r&b
2026-09-24,medium_term,2h93pZq0e7k5yf4dywlkpM,contemporary r&b
2026-09-24,medium_term,2h93pZq0e7k5yf4dywlkpM,pop
2026-09-24,medium_term,2h93pZq0e7k5yf4dywlkpM,r&b
2026-09-24,medium_term,2jku7tDXc6XoB6MO2hFuqg,alternative hip hop
2026-09-24,medium_term,2jku7tDXc6XoB6MO2hFuqg,alternative r&b
2026-09-24,medium_term,2jku7tDXc6XoB6MO2hFuqg,contemporary r&b
2026-09-24,medium_term,2jku7tDXc6XoB6MO2hFuqg,dancehall
2026-09-24,medium_term,2jku7tDXc6XoB6MO2hFuqg,hip hop
2026-09-24,medium_term,2jku7tDXc6XoB6MO2hFuqg,r&b
2026-09-24,medium_term,3AA28KZvwAUcZuOKwyblJQ,alternative dance
2026-09-24,medium_term,3AA28KZvwAUcZuOKwyblJQ,alternative hip hop
2026-09-24,medium_term,3AA28KZvwAUcZuOKwyblJQ,alternative pop
2026-09-24,medium_term,3AA28KZvwAUcZuOKwyblJQ,alternative rock
2026-09-24,medium_term,3AA28KZvwAUcZuOKwyblJQ,art pop
2026-09-24,medium_term,3AA28KZvwAUcZuOKwyblJQ,bassline
2026-09-24,medium_term,3AA28KZvwAUcZuOKwyblJQ,breakbeat
2026-09-24,medium_term,3AA28KZvwAUcZuOKwyblJQ,breaks
2026-09-24,medium_term,3AA28KZvwAUcZuOKwyblJQ,dance
2026-09-24,medium_term,3AA28KZvwAUcZuOKwyblJQ,disco
2026-09-24,medium_term,3AA28KZvwAUcZuOKwyblJQ,electronic
2026-09-24,medium_term,3AA28KZvwAUcZuOKwyblJQ,electronica
2026-09-24,medium_term,3AA28KZvwAUcZuOKwyblJQ,electropop
2026-09-24,medium_term,3AA28KZvwAUcZuOKwyblJQ,future bass
2026-09-24,medium_term,3AA28KZvwAUcZuOKwyblJQ,hip hop
2026-09-24,medium_term,3AA28KZvwAUcZuOKwyblJQ,indie rock
2026-09-24,medium_term,3AA28KZvwAUcZuOKwyblJQ,latin
2026-09-24,medium_term,3AA28KZvwAUcZuOKwyblJQ,pop
2026-09-24,medium_term,3AA28KZvwAUcZuOKwyblJQ,pop rock
2026-09-24,medium_term,3AA28KZvwAUcZuOKwyblJQ,rock
2026-09-24,medium_term,3AA28KZvwAUcZuOKwyblJQ,synth-pop
2026-09-24,medium_term,3AA28KZvwAUcZuOKwyblJQ,tech house
2026-09-24,medium_term,3AA28KZvwAUcZuOKwyblJQ,trap
2026-09-24,medium_term,3AA28KZvwAUcZuOKwyblJQ,trip hop
2026-09-24,medium_term,3AA28KZvwAUcZuOKwyblJQ,uk garage
2026-09-24,medium_term,3MZsBdqDrRTJihTHQrO6Dq,alternative r&b
2026-09-24,medium_term,3MZsBdqDrRTJihTHQrO6Dq,art pop
2026-09-24,medium_term,3MZsBdqDrRTJihTHQrO6Dq,ballad
2026-09-24,medium_term,3MZsBdqDrRTJihTHQrO6Dq,instrumental hip hop
2026-09-24,medium_term,3MZsBdqDrRTJihTHQrO6Dq,lo-fi hip hop
2026-09-24,medium_term,3MZsBdqDrRTJihTHQrO6Dq,trip hop
2026-09-24,medium_term,3Sz7ZnJQBIHsXLUSo0OQtM,folk pop
2026-09-24,medium_term,3Sz7ZnJQBIHsXLUSo0OQtM,indie pop
2026-09-24,medium_term,3Sz7ZnJQBIHsXLUSo0OQtM,indie rock
2026-09-24,medium_term,3Sz7ZnJQBIHsXLUSo0OQtM,jangle pop
2026-09-24,medium_term,3Sz7ZnJQBIHsXLUSo0OQtM,pop
2026-09-24,medium_term,3Sz7ZnJQBIHsXLUSo0OQtM,psychedelic pop
2026-09-24,medium_term,3mIj9lX2MWuHmhNCA7LSCW,alternative pop
2026-09-24,medium_term,3mIj9lX2MWuHmhNCA7LSCW,alternative rock
2026-09-24,medium_term,3mIj9lX2MWuHmhNCA7LSCW,ambient pop
2026-09-24,medium_term,3mIj9lX2MWuHmhNCA7LSCW,art pop
2026-09-24,medium_term,3mIj9lX2MWuHmhNCA7LSCW,indie pop
2026-09-24,medium_term,3mIj9lX2MWuHmhNCA7LSCW,indie rock
2026-09-24,medium_term,3mIj9lX2MWuHmhNCA7LSCW,indietronica
2026-09-24,medium_term,3mIj9lX2MWuHmhNCA7LSCW,leftfield
2026-09-24,medium_term,3mIj9lX2MWuHmhNCA7LSCW,new wave
2026-09-24,medium_term,3mIj9lX2MWuHmhNCA7LSCW,pop rock
2026-09-24,medium_term,3mIj9lX2MWuHmhNCA7LSCW,post-punk revival
2026-09-24,medium_term,3mIj9lX2MWuHmhNCA7LSCW,synth-pop
2026-09-24,medium_term,47zz7sob9NUcODy0BTDvKx,contemporary r&b
2026-09-24,medium_term,47zz7sob9NUcODy0BTDvKx,downtempo
2026-09-24,medium_term,47zz7sob9NUcODy0BTDvKx,jazz
2026-09-24,medium_term,47zz7sob9NUcODy0BTDvKx,jazz pop
2026-09-24,medium_term,47zz7sob9NUcODy0BTDvKx,pop
2026-09-24,medium_term,47zz7sob9NUcODy0BTDvKx,quiet storm
2026-09-24,medium_term,47zz7sob9NUcODy0BTDvKx,smooth jazz
2026-09-24,medium_term,47zz7sob9NUcODy0BTDvKx,smooth soul
2026-09-24,medium_term,47zz7sob9NUcODy0BTDvKx,sophisti-pop
2026-09-24,medium_term,47zz7sob9NUcODy0BTDvKx,soul
2026-09-24,medium_term,47zz7sob9NUcODy0BTDvKx,trip hop
2026-09-24,medium_term,4Z8W4fKeB5YxbusRsdQVPb,alternative rock
2026-09-24,medium_term,4Z8W4fKeB5YxbusRsdQVPb,ambient pop
2026-09-24,medium_term,4Z8W4fKeB5YxbusRsdQVPb,art pop
2026-09-24,medium_term,4Z8W4fKeB5YxbusRsdQVPb,art rock
2026-09-24,medium_term,4Z8W4fKeB5YxbusRsdQVPb,britpop
2026-09-24,medium_term,4Z8W4fKeB5YxbusRsdQVPb,chamber pop
2026-09-24,medium_term,4Z8W4fKeB5YxbusRsdQVPb,crossover prog
2026-09-24,medium_term,4Z8W4fKeB5YxbusRsdQVPb,electronic
2026-09-24,medium_term,4Z8W4fKeB5YxbusRsdQVPb,electronic rock
2026-09-24,medium_term,4Z8W4fKeB5YxbusRsdQVPb,electronica
2026-09-24,medium_term,4Z8W4fKeB5YxbusRsdQVPb,experimental
2026-09-24,medium_term,4Z8W4fKeB5YxbusRsdQVPb,experimental rock
2026-09-24,medium_term,4Z8W4fKeB5YxbusRsdQVPb,idm
2026-09-24,medium_term,4Z8W4fKeB5YxbusRsdQVPb,indie rock
2026-09-24,medium_term,4Z8W4fKeB5YxbusRsdQVPb,indietronica
2026-09-24,medium_term,4Z8W4fKeB5YxbusRsdQVPb,post-britpop
2026-09-24,medium_term,4Z8W4fKeB5YxbusRsdQVPb,post-grunge
2026-09-24,medium_term,4Z8W4fKeB5YxbusRsdQVPb,rock
2026-09-24,medium_term,4dpARuHxo51G3z768sgnrY,blue-eyed soul
2026-09-24,medium_term,4dpARuHxo51G3z768sgnrY,neo soul
2026-09-24,medium_term,4dpARuHxo51G3z768sgnrY,pop
2026-09-24,medium_term,4dpARuHxo51G3z768sgnrY,pop soul
2026-09-24,medium_term,4dpARuHxo51G3z768sgnrY,r&b
2026-09-24,medium_term,4dpARuHxo51G3z768sgnrY,soul
2026-09-24,medium_term,4gdMJYnopf2nEUcanAwstx,indian pop
2026-09-24,medium_term,4gdMJYnopf2nEUcanAwstx,singer-songwriter
2026-09-24,medium_term,4yvcSjfu4PC0CYQyLy4wSq,electronic
2026-09-24,medium_term,4yvcSjfu4PC0CYQyLy4wSq,indie pop
2026-09-24,medium_term,4yvcSjfu4PC0CYQyLy4wSq,indie rock
2026-09-24,medium_term,4yvcSjfu4PC0CYQyLy4wSq,indietronica
2026-09-24,medium_term,4yvcSjfu4PC0CYQyLy4wSq,pop
2026-09-24,medium_term,4yvcSjfu4PC0CYQyLy4wSq,psychedelic pop
2026-09-24,medium_term,4yvcSjfu4PC0CYQyLy4wSq,psychedelic rock
2026-09-24,medium_term,5INjqkS1o8h1imAzPqGZBb,alternative dance
2026-09-24,medium_term,5INjqkS1o8h1imAzPqGZBb,alternative rock
2026-09-24,medium_term,5INjqkS1o8h1imAzPqGZBb,dream pop
2026-09-24,medium_term,5INjqkS1o8h1imAzPqGZBb,indie rock
2026-09-24,medium_term,5INjqkS1o8h1imAzPqGZBb,indietronica
2026-09-24,medium_term,5INjqkS1o8h1imAzPqGZBb,leftfield
2026-09-24,medium_term,5INjqkS1o8h1imAzPqGZBb,neo-psychedelia
2026-09-24,medium_term,5INjqkS1o8h1imAzPqGZBb,pop
2026-09-24,medium_term,5INjqkS1o8h1imAzPqGZBb,psychedelic
2026-09-24,medium_term,5INjqkS1o8h1imAzPqGZBb,psychedelic pop
2026-09-24,medium_term,5INjqkS1o8h1imAzPqGZBb,psychedelic rock
2026-09-24,medium_term,5INjqkS1o8h1imAzPqGZBb,rock
2026-09-24,medium_term,5INjqkS1o8h1imAzPqGZBb,space rock
2026-09-24,medium_term,5INjqkS1o8h1imAzPqGZBb,synth-pop
2026-09-24,medium_term,5cj0lLjcoR7YOSnhnX0Po5,alternative rock
2026-09-24,medium_term,5cj0lLjcoR7YOSnhnX0Po5,grunge
2026-09-24,medium_term,5cj0lLjcoR7YOSnhnX0Po5,hip hop
2026-09-24,medium_term,5cj0lLjcoR7YOSnhnX0Po5,pop
2026-09-24,medium_term,5cj0lLjcoR7YOSnhnX0Po5,pop rap
2026-09-24,medium_term,5cj0lLjcoR7YOSnhnX0Po5,post-grunge
2026-09-24,medium_term,5cj0lLjcoR7YOSnhnX0Po5,power pop
2026-09-24,medium_term,5cj0lLjcoR7YOSnhnX0Po5,rock
2026-09-24,medium_term,5cj0lLjcoR7YOSnhnX0Po5,trap
2026-09-24,medium_term,5cj0lLjcoR7YOSnhnX0Po5,west coast hip hop
2026-09-24,medium_term,5y8tKLUfMvliMe8IKamR32,alternative r&b
2026-09-24,medium_term,5y8tKLUfMvliMe8IKamR32,contemporary r&b
2026-09-24,medium_term,5y8tKLUfMvliMe8IKamR32,indie pop
2026-09-24,medium_term,5y8tKLUfMvliMe8IKamR32,lo-fi
2026-09-24,medium_term,60jYUgQzKAtnJoXKGk1GNn,folk
2026-09-24,medium_term,60jYUgQzKAtnJoXKGk1GNn,pop
2026-09-24,medium_term,60jYUgQzKAtnJoXKGk1GNn,techno
2026-09-24,medium_term,66CXWjxzNUsdJxJ2JdwvnR,contemporary r&b
2026-09-24,medium_term,66CXWjxzNUsdJxJ2JdwvnR,dance-pop
2026-09-24,medium_term,66CXWjxzNUsdJxJ2JdwvnR,pop
2026-09-24,medium_term,66CXWjxzNUsdJxJ2JdwvnR,r&b
2026-09-24,medium_term,66CXWjxzNUsdJxJ2JdwvnR,trap soul
2026-09-24,medium_term,700c9Qz2z6HZKTumeliKAw,electronic
2026-09-24,medium_term,77SW9BnxLY8rJ0RciFqkHh,alternative rock
2026-09-24,medium_term,77SW9BnxLY8rJ0RciFqkHh,indie pop
2026-09-24,medium_term,78rUTD7y6Cy67W1RVzYs7t,alternative pop
2026-09-24,medium_term,78rUTD7y6Cy67W1RVzYs7t,bubblegum pop
2026-09-24,medium_term,78rUTD7y6Cy67W1RVzYs7t,dance-pop
2026-09-24,medium_term,78rUTD7y6Cy67W1RVzYs7t,drum and bass
2026-09-24,medium_term,78rUTD7y6Cy67W1RVzYs7t,future garage
2026-09-24,medium_term,78rUTD7y6Cy67W1RVzYs7t,jungle
2026-09-24,medium_term,78rUTD7y6Cy67W1RVzYs7t,pop
2026-09-24,medium_term,78rUTD7y6Cy67W1RVzYs7t,uk garage
2026-09-24,medium_term,7Ln80lUS6He07XvHI8qqHH,alternative rock
2026-09-24,medium_term,7Ln80lUS6He07XvHI8qqHH,art rock
2026-09-24,medium_term,7Ln80lUS6He07XvHI8qqHH,baroque pop
2026-09-24,medium_term,7Ln80lUS6He07XvHI8qqHH,dance
2026-09-24,medium_term,7Ln80lUS6He07XvHI8qqHH,electronica
2026-09-24,medium_term,7Ln80lUS6He07XvHI8qqHH,garage rock
2026-09-24,medium_term,7Ln80lUS6He07XvHI8qqHH,garage rock revival
2026-09-24,medium_term,7Ln80lUS6He07XvHI8qqHH,house
2026-09-24,medium_term,7Ln80lUS6He07XvHI8qqHH,indie rock
2026-09-24,medium_term,7Ln80lUS6He07XvHI8qqHH,neo-psychedelia
2026-09-24,medium_term,7Ln80lUS6He07XvHI8qqHH,pop
2026-09-24,medium_term,7Ln80lUS6He07XvHI8qqHH,post-punk revival
2026-09-24,medium_term,7Ln80lUS6He07XvHI8qqHH,psychedelic pop
2026-09-24,medium_term,7Ln80lUS6He07XvHI8qqHH,psychedelic rock
2026-09-24,medium_term,7Ln80lUS6He07XvHI8qqHH,rock
2026-09-24,medium_term,7lzordPuZEXxwt9aoVZYmG,alternative dance
2026-09-24,medium_term,7lzordPuZEXxwt9aoVZYmG,classic rock
2026-09-24,medium_term,7lzordPuZEXxwt9aoVZYmG,electronic
2026-09-24,medium_term,7lzordPuZEXxwt9aoVZYmG,hard rock
2026-09-24,medium_term,7lzordPuZEXxwt9aoVZYmG,new wave
2026-09-24,medium_term,7lzordPuZEXxwt9aoVZYmG,pop rock
2026-09-24,medium_term,7lzordPuZEXxwt9aoVZYmG,punk rock
2026-09-24,medium_term,7lzordPuZEXxwt9aoVZYmG,rock
2026-09-24,medium_term,7tYKF4w9nC0nq9CsPZTHyP,alternative r&b
2026-09-24,medium_term,7tYKF4w9nC0nq9CsPZTHyP,contemporary r&b
2026-09-24,medium_term,7tYKF4w9nC0nq9CsPZTHyP,electronic
2026-09-24,medium_term,7tYKF4w9nC0nq9CsPZTHyP,hip hop soul
2026-09-24,medium_term,7tYKF4w9nC0nq9CsPZTHyP,neo soul
2026-09-24,medium_term,7tYKF4w9nC0nq9CsPZTHyP,pop
2026-09-24,medium_term,7tYKF4w9nC0nq9CsPZTHyP,r&b
2026-09-24,medium_term,7tYKF4w9nC0nq9CsPZTHyP,soul
2026-09-24,short_term,00FQb4jTyendYWaN8pK0wa,alternative pop
2026-09-24,short_term,00FQb4jTyendYWaN8pK0wa,art pop
2026-09-24,short_term,00FQb4jTyendYWaN8pK0wa,ballad
2026-09-24,short_term,00FQb4jTyendYWaN8pK0wa,baroque pop
2026-09-24,short_term,00FQb4jTyendYWaN8pK0wa,chamber pop
2026-09-24,short_term,00FQb4jTyendYWaN8pK0wa,country
2026-09-24,short_term,00FQb4jTyendYWaN8pK0wa,dance
2026-09-24,short_term,00FQb4jTyendYWaN8pK0wa,dream pop
2026-09-24,short_term,00FQb4jTyendYWaN8pK0wa,edm
2026-09-24,short_term,00FQb4jTyendYWaN8pK0wa,electronic
2026-09-24,short_term,00FQb4jTyendYWaN8pK0wa,electronica
2026-09-24,short_term,00FQb4jTyendYWaN8pK0wa,future bass
2026-09-24,short_term,00FQb4jTyendYWaN8pK0wa,house
2026-09-24,short_term,00FQb4jTyendYWaN8pK0wa,indie pop
2026-09-24,short_term,00FQb4jTyendYWaN8pK0wa,indie rock
2026-09-24,short_term,00FQb4jTyendYWaN8pK0wa,melodic house
2026-09-24,short_term,00FQb4jTyendYWaN8pK0wa,melodic techno
2026-09-24,short_term,00FQb4jTyendYWaN8pK0wa,neo-psychedelia
2026-09-24,short_term,00FQb4jTyendYWaN8pK0wa,pop
2026-09-24,short_term,00FQb4jTyendYWaN8pK0wa,psychedelic pop
2026-09-24,short_term,00FQb4jTyendYWaN8pK0wa,r&b
2026-09-24,short_term,00FQb4jTyendYWaN8pK0wa,rock
2026-09-24,short_term,00FQb4jTyendYWaN8pK0wa,singer-songwriter
2026-09-24,short_term,00FQb4jTyendYWaN8pK0wa,slowcore
2026-09-24,short_term,00FQb4jTyendYWaN8pK0wa,trap
2026-09-24,short_term,00FQb4jTyendYWaN8pK0wa,trip hop
2026-09-24,short_term,0Y6dVaC9DZtPNH4591M42W,dream pop
2026-09-24,short_term,0Y6dVaC9DZtPNH4591M42W,electronic
2026-09-24,short_term,0Y6dVaC9DZtPNH4591M42W,hip hop
2026-09-24,short_term,0Y6dVaC9DZtPNH4591M42W,indie pop
2026-09-24,short_term,0Y6dVaC9DZtPNH4591M42W,indie rock
2026-09-24,short_term,0Y6dVaC9DZtPNH4591M42W,lo-fi
2026-09-24,short_term,0Y6dVaC9DZtPNH4591M42W,pop
2026-09-24,short_term,0dgJbQ0bKPyUXco8hEXN7X,ambient
2026-09-24,short_term,0dgJbQ0bKPyUXco8hEXN7X,boom bap
2026-09-24,short_term,0dgJbQ0bKPyUXco8hEXN7X,chillout
2026-09-24,short_term,0dgJbQ0bKPyUXco8hEXN7X,chillwave
2026-09-24,short_term,0dgJbQ0bKPyUXco8hEXN7X,downtempo
2026-09-24,short_term,0dgJbQ0bKPyUXco8hEXN7X,drift phonk
2026-09-24,short_term,0dgJbQ0bKPyUXco8hEXN7X,hardwave
2026-09-24,short_term,0dgJbQ0bKPyUXco8hEXN7X,hip hop
2026-09-24,short_term,0dgJbQ0bKPyUXco8hEXN7X,house
2026-09-24,short_term,0dgJbQ0bKPyUXco8hEXN7X,instrumental
2026-09-24,short_term,0dgJbQ0bKPyUXco8hEXN7X,instrumental hip hop
2026-09-24,short_term,0dgJbQ0bKPyUXco8hEXN7X,lo-fi
2026-09-24,short_term,0dgJbQ0bKPyUXco8hEXN7X,lo-fi hip hop
2026-09-24,short_term,0dgJbQ0bKPyUXco8hEXN7X,phonk
2026-09-24,short_term,0dgJbQ0bKPyUXco8hEXN7X,wave
2026-09-24,short_term,0hEurMDQu99nJRq8pTxO14,acoustic rock
2026-09-24,short_term,0hEurMDQu99nJRq8pTxO14,alternative rock
2026-09-24,short_term,0hEurMDQu99nJRq8pTxO14,americana
2026-09-24,short_term,0hEurMDQu99nJRq8pTxO14,blue-eyed soul
2026-09-24,short_term,0hEurMDQu99nJRq8pTxO14,blues
2026-09-24,short_term,0hEurMDQu99nJRq8pTxO14,blues rock
2026-09-24,short_term,0hEurMDQu99nJRq8pTxO14,country
2026-09-24,short_term,0hEurMDQu99nJRq8pTxO14,country rock
2026-09-24,short_term,0hEurMDQu99nJRq8pTxO14,folk rock
2026-09-24,short_term,0hEurMDQu99nJRq8pTxO14,indie rock
2026-09-24,short_term,0hEurMDQu99nJRq8pTxO14,pop
2026-09-24,short_term,0hEurMDQu99nJRq8pTxO14,pop rock
2026-09-24,short_term,0hEurMDQu99nJRq8pTxO14,rock
2026-09-24,short_term,0hEurMDQu99nJRq8pTxO14,singer-songwriter
2026-09-24,short_term,0hEurMDQu99nJRq8pTxO14,soft rock
2026-09-24,short_term,0hEurMDQu99nJRq8pTxO14,soul
2026-09-24,short_term,1AbJ2cmwK400LSvdvBL5Jc,bedroom pop
2026-09-24,short_term,1QAJqy2dA3ihHBFIHRphZj,ambient
2026-09-24,short_term,1QAJqy2dA3ihHBFIHRphZj,ambient pop
2026-09-24,short_term,1QAJqy2dA3ihHBFIHRphZj,dream pop
2026-09-24,short_term,1QAJqy2dA3ihHBFIHRphZj,indie pop
2026-09-24,short_term,1QAJqy2dA3ihHBFIHRphZj,indie rock
2026-09-24,short_term,1QAJqy2dA3ihHBFIHRphZj,pop
2026-09-24,short_term,1QAJqy2dA3ihHBFIHRphZj,shoegaze
2026-09-24,short_term,1QAJqy2dA3ihHBFIHRphZj,slowcore
2026-09-24,short_term,1Xyo4u8uXC1ZmMpatF05PJ,alternative r&b
2026-09-24,short_term,1Xyo4u8uXC1ZmMpatF05PJ,contemporary r&b
2026-09-24,short_term,1Xyo4u8uXC1ZmMpatF05PJ,dance-pop
2026-09-24,short_term,1Xyo4u8uXC1ZmMpatF05PJ,hypnagogic pop
2026-09-24,short_term,1Xyo4u8uXC1ZmMpatF05PJ,pop
2026-09-24,short_term,1Xyo4u8uXC1ZmMpatF05PJ,r&b
2026-09-24,short_term,1Xyo4u8uXC1ZmMpatF05PJ,synth-pop
2026-09-24,short_term,1fa0cOhromAZdq2xRA4vv8,blue-eyed soul
2026-09-24,short_term,1fa0cOhromAZdq2xRA4vv8,dance-pop
2026-09-24,short_term,1fa0cOhromAZdq2xRA4vv8,pop
2026-09-24,short_term,1fa0cOhromAZdq2xRA4vv8,pop soul
2026-09-24,short_term,1fa0cOhromAZdq2xRA4vv8,r&b
2026-09-24,short_term,1fa0cOhromAZdq2xRA4vv8,soft rock
2026-09-24,short_term,1fa0cOhromAZdq2xRA4vv8,sophisti-pop
2026-09-24,short_term,1fa0cOhromAZdq2xRA4vv8,soul
2026-09-24,short_term,1mYsTxnqsietFxj1OgoGbG,classical
2026-09-24,short_term,1mYsTxnqsietFxj1OgoGbG,filmi
2026-09-24,short_term,1mYsTxnqsietFxj1OgoGbG,world fusion
2026-09-24,short_term,1wRPtKGflJrBx9BmLsSwlU,filmi
2026-09-24,short_term,2YZyLoL8N0Wb9xBt1NhZWg,alternative hip hop
2026-09-24,short_term,2YZyLoL8N0Wb9xBt1NhZWg,conscious hip hop
2026-09-24,short_term,2YZyLoL8N0Wb9xBt1NhZWg,dance
2026-09-24,short_term,2YZyLoL8N0Wb9xBt1NhZWg,disco
2026-09-24,short_term,2YZyLoL8N0Wb9xBt1NhZWg,future bass
2026-09-24,short_term,2YZyLoL8N0Wb9xBt1NhZWg,gangsta rap
2026-09-24,short_term,2YZyLoL8N0Wb9xBt1NhZWg,hardcore hip hop
2026-09-24,short_term,2YZyLoL8N0Wb9xBt1NhZWg,hip hop
2026-09-24,short_term,2YZyLoL8N0Wb9xBt1NhZWg,house
2026-09-24,short_term,2YZyLoL8N0Wb9xBt1NhZWg,jazz
2026-09-24,short_term,2YZyLoL8N0Wb9xBt1NhZWg,jazz rap
2026-09-24,short_term,2YZyLoL8N0Wb9xBt1NhZWg,pop
2026-09-24,short_term,2YZyLoL8N0Wb9xBt1NhZWg,pop rap
2026-09-24,short_term,2YZyLoL8N0Wb9xBt1NhZWg,r&b
2026-09-24,short_term,2YZyLoL8N0Wb9xBt1NhZWg,trap
2026-09-24,short_term,2YZyLoL8N0Wb9xBt1NhZWg,west coast hip hop
2026-09-24,short_term,2h93pZq0e7k5yf4dywlkpM,alternative r&b
2026-09-24,short_term,2h93pZq0e7k5yf4dywlkpM,contemporary r&b
2026-09-24,short_term,2h93pZq0e7k5yf4dywlkpM,pop
2026-09-24,short_term,2h93pZq0e7k5yf4dywlkpM,r&b
2026-09-24,short_term,2jku7tDXc6XoB6MO2hFuqg,alternative hip hop
2026-09-24,short_term,2jku7tDXc6XoB6MO2hFuqg,alternative r&b
2026-09-24,short_term,2jku7tDXc6XoB6MO2hFuqg,contemporary r&b
2026-09-24,short_term,2jku7tDXc6XoB6MO2hFuqg,dancehall
2026-09-24,short_term,2jku7tDXc6XoB6MO2hFuqg,hip hop
2026-09-24,short_term,2jku7tDXc6XoB6MO2hFuqg,r&b
2026-09-24,short_term,2oSONSC9zQ4UonDKnLqksx,filmi
2026-09-24,short_term,3MZsBdqDrRTJihTHQrO6Dq,alternative r&b
2026-09-24,short_term,3MZsBdqDrRTJihTHQrO6Dq,art pop
2026-09-24,short_term,3MZsBdqDrRTJihTHQrO6Dq,ballad
2026-09-24,short_term,3MZsBdqDrRTJihTHQrO6Dq,instrumental hip hop
2026-09-24,short_term,3MZsBdqDrRTJihTHQrO6Dq,lo-fi hip hop
2026-09-24,short_term,3MZsBdqDrRTJihTHQrO6Dq,trip hop
2026-09-24,short_term,3Sz7ZnJQBIHsXLUSo0OQtM,folk pop
2026-09-24,short_term,3Sz7ZnJQBIHsXLUSo0OQtM,indie pop
2026-09-24,short_term,3Sz7ZnJQBIHsXLUSo0OQtM,indie rock
2026-09-24,short_term,3Sz7ZnJQBIHsXLUSo0OQtM,jangle pop
2026-09-24,short_term,3Sz7ZnJQBIHsXLUSo0OQtM,pop
2026-09-24,short_term,3Sz7ZnJQBIHsXLUSo0OQtM,psychedelic pop
2026-09-24,short_term,3mIj9lX2MWuHmhNCA7LSCW,alternative pop
2026-09-24,short_term,3mIj9lX2MWuHmhNCA7LSCW,alternative rock
2026-09-24,short_term,3mIj9lX2MWuHmhNCA7LSCW,ambient pop
2026-09-24,short_term,3mIj9lX2MWuHmhNCA7LSCW,art pop
2026-09-24,short_term,3mIj9lX2MWuHmhNCA7LSCW,indie pop
2026-09-24,short_term,3mIj9lX2MWuHmhNCA7LSCW,indie rock
2026-09-24,short_term,3mIj9lX2MWuHmhNCA7LSCW,indietronica
2026-09-24,short_term,3mIj9lX2MWuHmhNCA7LSCW,leftfield
2026-09-24,short_term,3mIj9lX2MWuHmhNCA7LSCW,new wave
2026-09-24,short_term,3mIj9lX2MWuHmhNCA7LSCW,pop rock
2026-09-24,short_term,3mIj9lX2MWuHmhNCA7LSCW,post-punk revival
2026-09-24,short_term,3mIj9lX2MWuHmhNCA7LSCW,synth-pop
2026-09-24,short_term,3yY2gUcIsjMr8hjo51PoJ8,alternative rock
2026-09-24,short_term,3yY2gUcIsjMr8hjo51PoJ8,britpop
2026-09-24,short_term,3yY2gUcIsjMr8hjo51PoJ8,indie pop
2026-09-24,short_term,3yY2gUcIsjMr8hjo51PoJ8,indie rock
2026-09-24,short_term,3yY2gUcIsjMr8hjo51PoJ8,jangle pop
2026-09-24,short_term,3yY2gUcIsjMr8hjo51PoJ8,new wave
2026-09-24,short_term,3yY2gUcIsjMr8hjo51PoJ8,pop
2026-09-24,short_term,3yY2gUcIsjMr8hjo51PoJ8,post-punk
2026-09-24,short_term,3yY2gUcIsjMr8hjo51PoJ8,rock
2026-09-24,short_term,47zz7sob9NUcODy0BTDvKx,contemporary r&b
2026-09-24,short_term,47zz7sob9NUcODy0BTDvKx,downtempo
2026-09-24,short_term,47zz7sob9NUcODy0BTDvKx,jazz
2026-09-24,short_term,47zz7sob9NUcODy0BTDvKx,jazz pop
2026-09-24,short_term,47zz7sob9NUcODy0BTDvKx,pop
2026-09-24,short_term,47zz7sob9NUcODy0BTDvKx,quiet storm
2026-09-24,short_term,47zz7sob9NUcODy0BTDvKx,smooth jazz
2026-09-24,short_term,47zz7sob9NUcODy0BTDvKx,smooth soul
2026-09-24,short_term,47zz7sob9NUcODy0BTDvKx,sophisti-pop
2026-09-24,short_term,47zz7sob9NUcODy0BTDvKx,soul
2026-09-24,short_term,47zz7sob9NUcODy0BTDvKx,trip hop
2026-09-24,short_term,4G9NDjRyZFDlJKMRL8hx3S,indie pop
2026-09-24,short_term,4G9NDjRyZFDlJKMRL8hx3S,pop rock
2026-09-24,short_term,4Gso3d4CscCijv0lmajZWs,alternative r&b
2026-09-24,short_term,4Gso3d4CscCijv0lmajZWs,hip hop
2026-09-24,short_term,4Gso3d4CscCijv0lmajZWs,trap
2026-09-24,short_term,4gdMJYnopf2nEUcanAwstx,indian pop
2026-09-24,short_term,4gdMJYnopf2nEUcanAwstx,singer-songwriter
2026-09-24,short_term,4gzpq5DPGxSnKTe4SA8HAU,alternative rock
2026-09-24,short_term,4gzpq5DPGxSnKTe4SA8HAU,art pop
2026-09-24,short_term,4gzpq5DPGxSnKTe4SA8HAU,britpop
2026-09-24,short_term,4gzpq5DPGxSnKTe4SA8HAU,dream pop
2026-09-24,short_term,4gzpq5DPGxSnKTe4SA8HAU,piano rock
2026-09-24,short_term,4gzpq5DPGxSnKTe4SA8HAU,pop
2026-09-24,short_term,4gzpq5DPGxSnKTe4SA8HAU,pop rock
2026-09-24,short_term,4gzpq5DPGxSnKTe4SA8HAU,post-britpop
2026-09-24,short_term,4gzpq5DPGxSnKTe4SA8HAU,rock
2026-09-24,short_term,5INjqkS1o8h1imAzPqGZBb,alternative dance
2026-09-24,short_term,5INjqkS1o8h1imAzPqGZBb,alternative rock
2026-09-24,short_term,5INjqkS1o8h1imAzPqGZBb,dream pop
2026-09-24,short_term,5INjqkS1o8h1imAzPqGZBb,indie rock
2026-09-24,short_term,5INjqkS1o8h1imAzPqGZBb,indietronica
2026-09-24,short_term,5INjqkS1o8h1imAzPqGZBb,leftfield
2026-09-24,short_term,5INjqkS1o8h1imAzPqGZBb,neo-psychedelia
2026-09-24,short_term,5INjqkS1o8h1imAzPqGZBb,pop
2026-09-24,short_term,5INjqkS1o8h1imAzPqGZBb,psychedelic
2026-09-24,short_term,5INjqkS1o8h1imAzPqGZBb,psychedelic pop
2026-09-24,short_term,5INjqkS1o8h1imAzPqGZBb,psychedelic rock
2026-09-24,short_term,5INjqkS1o8h1imAzPqGZBb,rock
2026-09-24,short_term,5INjqkS1o8h1imAzPqGZBb,space rock
2026-09-24,short_term,5INjqkS1o8h1imAzPqGZBb,synth-pop
2026-09-24,short_term,5cj0lLjcoR7YOSnhnX0Po5,alternative rock
2026-09-24,short_term,5cj0lLjcoR7YOSnhnX0Po5,grunge
2026-09-24,short_term,5cj0lLjcoR7YOSnhnX0Po5,hip hop
2026-09-24,short_term,5cj0lLjcoR7YOSnhnX0Po5,pop
2026-09-24,short_term,5cj0lLjcoR7YOSnhnX0Po5,pop rap
2026-09-24,short_term,5cj0lLjcoR7YOSnhnX0Po5,post-grunge
2026-09-24,short_term,5cj0lLjcoR7YOSnhnX0Po5,power pop
2026-09-24,short_term,5cj0lLjcoR7YOSnhnX0Po5,rock
2026-09-24,short_term,5cj0lLjcoR7YOSnhnX0Po5,trap
2026-09-24,short_term,5cj0lLjcoR7YOSnhnX0Po5,west coast hip hop
2026-09-24,short_term,66CXWjxzNUsdJxJ2JdwvnR,contemporary r&b
2026-09-24,short_term,66CXWjxzNUsdJxJ2JdwvnR,dance-pop
2026-09-24,short_term,66CXWjxzNUsdJxJ2JdwvnR,pop
2026-09-24,short_term,66CXWjxzNUsdJxJ2JdwvnR,r&b
2026-09-24,short_term,66CXWjxzNUsdJxJ2JdwvnR,trap soul
2026-09-24,short_term,6IRouO5mvvfcyxtPDKMYFN,acoustic rock
2026-09-24,short_term,6IRouO5mvvfcyxtPDKMYFN,aor
2026-09-24,short_term,6IRouO5mvvfcyxtPDKMYFN,arena rock
2026-09-24,short_term,6IRouO5mvvfcyxtPDKMYFN,classic rock
2026-09-24,short_term,6IRouO5mvvfcyxtPDKMYFN,hard rock
2026-09-24,short_term,6IRouO5mvvfcyxtPDKMYFN,pop rock
2026-09-24,short_term,6IRouO5mvvfcyxtPDKMYFN,rock
2026-09-24,short_term,6IRouO5mvvfcyxtPDKMYFN,soft rock
2026-09-24,short_term,6XwwFnewNgWp81MYMK8zLq,deep house
2026-09-24,short_term,700c9Qz2z6HZKTumeliKAw,electronic
2026-09-24,short_term,77SW9BnxLY8rJ0RciFqkHh,alternative rock
2026-09-24,short_term,77SW9BnxLY8rJ0RciFqkHh,indie pop
2026-09-24,short_term,7Ln80lUS6He07XvHI8qqHH,alternative rock
2026-09-24,short_term,7Ln80lUS6He07XvHI8qqHH,art rock
2026-09-24,short_term,7Ln80lUS6He07XvHI8qqHH,baroque pop
2026-09-24,short_term,7Ln80lUS6He07XvHI8qqHH,dance
2026-09-24,short_term,7Ln80lUS6He07XvHI8qqHH,electronica
2026-09-24,short_term,7Ln80lUS6He07XvHI8qqHH,garage rock
2026-09-24,short_term,7Ln80lUS6He07XvHI8qqHH,garage rock revival
2026-09-24,short_term,7Ln80lUS6He07XvHI8qqHH,house
2026-09-24,short_term,7Ln80lUS6He07XvHI8qqHH,indie rock
2026-09-24,short_term,7Ln80lUS6He07XvHI8qqHH,neo-psychedelia
2026-09-24,short_term,7Ln80lUS6He07XvHI8qqHH,pop
2026-09-24,short_term,7Ln80lUS6He07XvHI8qqHH,post-punk revival
2026-09-24,short_term,7Ln80lUS6He07XvHI8qqHH,psychedelic pop
2026-09-24,short_term,7Ln80lUS6He07XvHI8qqHH,psychedelic rock
2026-09-24,short_term,7Ln80lUS6He07XvHI8qqHH,rock
2026-09-24,short_term,7tYKF4w9nC0nq9CsPZTHyP,alternative r&b
2026-09-24,short_term,7tYKF4w9nC0nq9CsPZTHyP,contemporary r&b
2026-09-24,short_term,7tYKF4w9nC0nq9CsPZTHyP,electronic
2026-09-24,short_term,7tYKF4w9nC0nq9CsPZTHyP,hip hop soul
2026-09-24,short_term,7tYKF4w9nC0nq9CsPZTHyP,neo soul
2026-09-24,short_term,7tYKF4w9nC0nq9CsPZTHyP,pop
2026-09-24,short_term,7tYKF4w9nC0nq9CsPZTHyP,r&b
2026-09-24,short_term,7tYKF4w9nC0nq9CsPZTHyP,soul
2026-09-25,long_term,00FQb4jTyendYWaN8pK0wa,alternative pop
2026-09-25,long_term,00FQb4jTyendYWaN8pK0wa,art pop
2026-09-25,long_term,00FQb4jTyendYWaN8pK0wa,ballad
2026-09-25,long_term,00FQb4jTyendYWaN8pK0wa,baroque pop
2026-09-25,long_term,00FQb4jTyendYWaN8pK0wa,chamber pop
2026-09-25,long_term,00FQb4jTyendYWaN8pK0wa,country
2026-09-25,long_term,00FQb4jTyendYWaN8pK0wa,dance
2026-09-25,long_term,00FQb4jTyendYWaN8pK0wa,dream pop
2026-09-25,long_term,00FQb4jTyendYWaN8pK0wa,edm
2026-09-25,long_term,00FQb4jTyendYWaN8pK0wa,electronic
2026-09-25,long_term,00FQb4jTyendYWaN8pK0wa,electronica
2026-09-25,long_term,00FQb4jTyendYWaN8pK0wa,future bass
2026-09-25,long_term,00FQb4jTyendYWaN8pK0wa,house
2026-09-25,long_term,00FQb4jTyendYWaN8pK0wa,indie pop
2026-09-25,long_term,00FQb4jTyendYWaN8pK0wa,indie rock
2026-09-25,long_term,00FQb4jTyendYWaN8pK0wa,melodic house
2026-09-25,long_term,00FQb4jTyendYWaN8pK0wa,melodic techno
2026-09-25,long_term,00FQb4jTyendYWaN8pK0wa,neo-psychedelia
2026-09-25,long_term,00FQb4jTyendYWaN8pK0wa,pop
2026-09-25,long_term,00FQb4jTyendYWaN8pK0wa,psychedelic pop
2026-09-25,long_term,00FQb4jTyendYWaN8pK0wa,r&b
2026-09-25,long_term,00FQb4jTyendYWaN8pK0wa,rock
2026-09-25,long_term,00FQb4jTyendYWaN8pK0wa,singer-songwriter
2026-09-25,long_term,00FQb4jTyendYWaN8pK0wa,slowcore
2026-09-25,long_term,00FQb4jTyendYWaN8pK0wa,trap
2026-09-25,long_term,00FQb4jTyendYWaN8pK0wa,trip hop
2026-09-25,long_term,06O23tLg0or676h8EEzH7W,chillwave
2026-09-25,long_term,06O23tLg0or676h8EEzH7W,dreamwave
2026-09-25,long_term,06O23tLg0or676h8EEzH7W,electronic
2026-09-25,long_term,06O23tLg0or676h8EEzH7W,synth-pop
2026-09-25,long_term,06O23tLg0or676h8EEzH7W,witch house
2026-09-25,long_term,0Y6dVaC9DZtPNH4591M42W,dream pop
2026-09-25,long_term,0Y6dVaC9DZtPNH4591M42W,electronic
2026-09-25,long_term,0Y6dVaC9DZtPNH4591M42W,hip hop
2026-09-25,long_term,0Y6dVaC9DZtPNH4591M42W,indie pop
2026-09-25,long_term,0Y6dVaC9DZtPNH4591M42W,indie rock
2026-09-25,long_term,0Y6dVaC9DZtPNH4591M42W,lo-fi
2026-09-25,long_term,0Y6dVaC9DZtPNH4591M42W,pop
2026-09-25,long_term,0dgJbQ0bKPyUXco8hEXN7X,ambient
2026-09-25,long_term,0dgJbQ0bKPyUXco8hEXN7X,boom bap
2026-09-25,long_term,0dgJbQ0bKPyUXco8hEXN7X,chillout
2026-09-25,long_term,0dgJbQ0bKPyUXco8hEXN7X,chillwave
2026-09-25,long_term,0dgJbQ0bKPyUXco8hEXN7X,downtempo
2026-09-25,long_term,0dgJbQ0bKPyUXco8hEXN7X,drift phonk
2026-09-25,long_term,0dgJbQ0bKPyUXco8hEXN7X,hardwave
2026-09-25,long_term,0dgJbQ0bKPyUXco8hEXN7X,hip hop
2026-09-25,long_term,0dgJbQ0bKPyUXco8hEXN7X,house
2026-09-25,long_term,0dgJbQ0bKPyUXco8hEXN7X,instrumental
2026-09-25,long_term,0dgJbQ0bKPyUXco8hEXN7X,instrumental hip hop
2026-09-25,long_term,0dgJbQ0bKPyUXco8hEXN7X,lo-fi
2026-09-25,long_term,0dgJbQ0bKPyUXco8hEXN7X,lo-fi hip hop
2026-09-25,long_term,0dgJbQ0bKPyUXco8hEXN7X,phonk
2026-09-25,long_term,0dgJbQ0bKPyUXco8hEXN7X,wave
2026-09-25,long_term,0hEurMDQu99nJRq8pTxO14,acoustic rock
2026-09-25,long_term,0hEurMDQu99nJRq8pTxO14,alternative rock
2026-09-25,long_term,0hEurMDQu99nJRq8pTxO14,americana
2026-09-25,long_term,0hEurMDQu99nJRq8pTxO14,blue-eyed soul
2026-09-25,long_term,0hEurMDQu99nJRq8pTxO14,blues
2026-09-25,long_term,0hEurMDQu99nJRq8pTxO14,blues rock
2026-09-25,long_term,0hEurMDQu99nJRq8pTxO14,country
2026-09-25,long_term,0hEurMDQu99nJRq8pTxO14,country rock
2026-09-25,long_term,0hEurMDQu99nJRq8pTxO14,folk rock
2026-09-25,long_term,0hEurMDQu99nJRq8pTxO14,indie rock
2026-09-25,long_term,0hEurMDQu99nJRq8pTxO14,pop
2026-09-25,long_term,0hEurMDQu99nJRq8pTxO14,pop rock
2026-09-25,long_term,0hEurMDQu99nJRq8pTxO14,rock
2026-09-25,long_term,0hEurMDQu99nJRq8pTxO14,singer-songwriter
2026-09-25,long_term,0hEurMDQu99nJRq8pTxO14,soft rock
2026-09-25,long_term,0hEurMDQu99nJRq8pTxO14,soul
2026-09-25,long_term,0klU31gyC6EZqKgLvVANCy,boom bap
2026-09-25,long_term,0klU31gyC6EZqKgLvVANCy,chillwave
2026-09-25,long_term,0klU31gyC6EZqKgLvVANCy,downtempo
2026-09-25,long_term,0klU31gyC6EZqKgLvVANCy,hip hop
2026-09-25,long_term,0klU31gyC6EZqKgLvVANCy,instrumental
2026-09-25,long_term,0klU31gyC6EZqKgLvVANCy,instrumental hip hop
2026-09-25,long_term,0klU31gyC6EZqKgLvVANCy,lo-fi
2026-09-25,long_term,0klU31gyC6EZqKgLvVANCy,lo-fi hip hop
2026-09-25,long_term,17XXKfRBMCWvLrqGoNkJXm,ballad
2026-09-25,long_term,17XXKfRBMCWvLrqGoNkJXm,easy listening
2026-09-25,long_term,17XXKfRBMCWvLrqGoNkJXm,pop
2026-09-25,long_term,19ra5tSw0tWufvUp8GotLo,ballad
2026-09-25,long_term,19ra5tSw0tWufvUp8GotLo,blue-eyed soul
2026-09-25,long_term,19ra5tSw0tWufvUp8GotLo,contemporary r&b
2026-09-25,long_term,19ra5tSw0tWufvUp8GotLo,dance-pop
2026-09-25,long_term,19ra5tSw0tWufvUp8GotLo,dance-rock
2026-09-25,long_term,19ra5tSw0tWufvUp8GotLo,jazz
2026-09-25,long_term,19ra5tSw0tWufvUp8GotLo,pop
2026-09-25,long_term,19ra5tSw0tWufvUp8GotLo,pop rock
2026-09-25,long_term,19ra5tSw0tWufvUp8GotLo,pop soul
2026-09-25,long_term,19ra5tSw0tWufvUp8GotLo,r&b
2026-09-25,long_term,19ra5tSw0tWufvUp8GotLo,smooth jazz
2026-09-25,long_term,19ra5tSw0tWufvUp8GotLo,smooth soul
2026-09-25,long_term,19ra5tSw0tWufvUp8GotLo,soft rock
2026-09-25,long_term,19ra5tSw0tWufvUp8GotLo,sophisti-pop
2026-09-25,long_term,19ra5tSw0tWufvUp8GotLo,soul
2026-09-25,long_term,1QAJqy2dA3ihHBFIHRphZj,ambient
2026-09-25,long_term,1QAJqy2dA3ihHBFIHRphZj,ambient pop
2026-09-25,long_term,1QAJqy2dA3ihHBFIHRphZj,dream pop
2026-09-25,long_term,1QAJqy2dA3ihHBFIHRphZj,indie pop
2026-09-25,long_term,1QAJqy2dA3ihHBFIHRphZj,indie rock
2026-09-25,long_term,1QAJqy2dA3ihHBFIHRphZj,pop
2026-09-25,long_term,1QAJqy2dA3ihHBFIHRphZj,shoegaze
2026-09-25,long_term,1QAJqy2dA3ihHBFIHRphZj,slowcore
2026-09-25,long_term,1Xyo4u8uXC1ZmMpatF05PJ,alternative r&b
2026-09-25,long_term,1Xyo4u8uXC1ZmMpatF05PJ,contemporary r&b
2026-09-25,long_term,1Xyo4u8uXC1ZmMpatF05PJ,dance-pop
2026-09-25,long_term,1Xyo4u8uXC1ZmMpatF05PJ,hypnagogic pop
2026-09-25,long_term,1Xyo4u8uXC1ZmMpatF05PJ,pop
2026-09-25,long_term,1Xyo4u8uXC1ZmMpatF05PJ,r&b
2026-09-25,long_term,1Xyo4u8uXC1ZmMpatF05PJ,synth-pop
2026-09-25,long_term,1cGyguqPQY22oUd4fKglFS,ambient
2026-09-25,long_term,1cGyguqPQY22oUd4fKglFS,dark ambient
2026-09-25,long_term,1mYsTxnqsietFxj1OgoGbG,classical
2026-09-25,long_term,1mYsTxnqsietFxj1OgoGbG,filmi
2026-09-25,long_term,1mYsTxnqsietFxj1OgoGbG,world fusion
2026-09-25,long_term,1wRPtKGflJrBx9BmLsSwlU,filmi
2026-09-25,long_term,2YZyLoL8N0Wb9xBt1NhZWg,alternative hip hop
2026-09-25,long_term,2YZyLoL8N0Wb9xBt1NhZWg,conscious hip hop
2026-09-25,long_term,2YZyLoL8N0Wb9xBt1NhZWg,dance
2026-09-25,long_term,2YZyLoL8N0Wb9xBt1NhZWg,disco
2026-09-25,long_term,2YZyLoL8N0Wb9xBt1NhZWg,future bass
2026-09-25,long_term,2YZyLoL8N0Wb9xBt1NhZWg,gangsta rap
2026-09-25,long_term,2YZyLoL8N0Wb9xBt1NhZWg,hardcore hip hop
2026-09-25,long_term,2YZyLoL8N0Wb9xBt1NhZWg,hip hop
2026-09-25,long_term,2YZyLoL8N0Wb9xBt1NhZWg,house
2026-09-25,long_term,2YZyLoL8N0Wb9xBt1NhZWg,jazz
2026-09-25,long_term,2YZyLoL8N0Wb9xBt1NhZWg,jazz rap
2026-09-25,long_term,2YZyLoL8N0Wb9xBt1NhZWg,pop
2026-09-25,long_term,2YZyLoL8N0Wb9xBt1NhZWg,pop rap
2026-09-25,long_term,2YZyLoL8N0Wb9xBt1NhZWg,r&b
2026-09-25,long_term,2YZyLoL8N0Wb9xBt1NhZWg,trap
2026-09-25,long_term,2YZyLoL8N0Wb9xBt1NhZWg,west coast hip hop
2026-09-25,long_term,2exebQUDoIoT0dXA8BcN1P,chillwave
2026-09-25,long_term,2exebQUDoIoT0dXA8BcN1P,electronic
2026-09-25,long_term,2exebQUDoIoT0dXA8BcN1P,synthwave
2026-09-25,long_term,2h93pZq0e7k5yf4dywlkpM,alternative r&b
2026-09-25,long_term,2h93pZq0e7k5yf4dywlkpM,contemporary r&b
2026-09-25,long_term,2h93pZq0e7k5yf4dywlkpM,pop
2026-09-25,long_term,2h93pZq0e7k5yf4dywlkpM,r&b
2026-09-25,long_term,2jku7tDXc6XoB6MO2hFuqg,alternative hip hop
2026-09-25,long_term,2jku7tDXc6XoB6MO2hFuqg,alternative r&b
2026-09-25,long_term,2jku7tDXc6XoB6MO2hFuqg,contemporary r&b
2026-09-25,long_term,2jku7tDXc6XoB6MO2hFuqg,dancehall
2026-09-25,long_term,2jku7tDXc6XoB6MO2hFuqg,hip hop
2026-09-25,long_term,2jku7tDXc6XoB6MO2hFuqg,r&b
2026-09-25,long_term,2sSGPbdZJkaSE2AbcGOACx,bedroom pop
2026-09-25,long_term,2sSGPbdZJkaSE2AbcGOACx,dream pop
2026-09-25,long_term,2sSGPbdZJkaSE2AbcGOACx,indie pop
2026-09-25,long_term,2sSGPbdZJkaSE2AbcGOACx,lo-fi
2026-09-25,long_term,2sSGPbdZJkaSE2AbcGOACx,psychedelic pop
2026-09-25,long_term,2sSGPbdZJkaSE2AbcGOACx,psychedelic soul
2026-09-25,long_term,2sSGPbdZJkaSE2AbcGOACx,synth-pop
2026-09-25,long_term,36QJpDe2go2KgaRleHCDTp,arena rock
2026-09-25,long_term,36QJpDe2go2KgaRleHCDTp,blues rock
2026-09-25,long_term,36QJpDe2go2KgaRleHCDTp,classic rock
2026-09-25,long_term,36QJpDe2go2KgaRleHCDTp,folk rock
2026-09-25,long_term,36QJpDe2go2KgaRleHCDTp,hard rock
2026-09-25,long_term,36QJpDe2go2KgaRleHCDTp,heavy metal
2026-09-25,long_term,36QJpDe2go2KgaRleHCDTp,pop
2026-09-25,long_term,36QJpDe2go2KgaRleHCDTp,progressive rock
2026-09-25,long_term,36QJpDe2go2KgaRleHCDTp,rock
2026-09-25,long_term,36QJpDe2go2KgaRleHCDTp,rock and roll
2026-09-25,long_term,3MZsBdqDrRTJihTHQrO6Dq,alternative r&b
2026-09-25,long_term,3MZsBdqDrRTJihTHQrO6Dq,art pop
2026-09-25,long_term,3MZsBdqDrRTJihTHQrO6Dq,ballad
2026-09-25,long_term,3MZsBdqDrRTJihTHQrO6Dq,instrumental hip hop
2026-09-25,long_term,3MZsBdqDrRTJihTHQrO6Dq,lo-fi hip hop
2026-09-25,long_term,3MZsBdqDrRTJihTHQrO6Dq,trip hop
2026-09-25,long_term,3Sz7ZnJQBIHsXLUSo0OQtM,folk pop
2026-09-25,long_term,3Sz7ZnJQBIHsXLUSo0OQtM,indie pop
2026-09-25,long_term,3Sz7ZnJQBIHsXLUSo0OQtM,indie rock
2026-09-25,long_term,3Sz7ZnJQBIHsXLUSo0OQtM,jangle pop
2026-09-25,long_term,3Sz7ZnJQBIHsXLUSo0OQtM,pop
2026-09-25,long_term,3Sz7ZnJQBIHsXLUSo0OQtM,psychedelic pop
2026-09-25,long_term,3TVXtAsR1Inumwj472S9r4,alternative r&b
2026-09-25,long_term,3TVXtAsR1Inumwj472S9r4,contemporary r&b
2026-09-25,long_term,3TVXtAsR1Inumwj472S9r4,hardcore hip hop
2026-09-25,long_term,3TVXtAsR1Inumwj472S9r4,hip hop
2026-09-25,long_term,3TVXtAsR1Inumwj472S9r4,pop
2026-09-25,long_term,3TVXtAsR1Inumwj472S9r4,pop rap
2026-09-25,long_term,3TVXtAsR1Inumwj472S9r4,r&b
2026-09-25,long_term,3TVXtAsR1Inumwj472S9r4,southern hip hop
2026-09-25,long_term,3TVXtAsR1Inumwj472S9r4,trap
2026-09-25,long_term,3zmfs9cQwzJl575W1ZYXeT,bedroom pop
2026-09-25,long_term,3zmfs9cQwzJl575W1ZYXeT,downtempo
2026-09-25,long_term,3zmfs9cQwzJl575W1ZYXeT,dream pop
2026-09-25,long_term,3zmfs9cQwzJl575W1ZYXeT,indie pop
2026-09-25,long_term,3zmfs9cQwzJl575W1ZYXeT,neo-psychedelia
2026-09-25,long_term,3zmfs9cQwzJl575W1ZYXeT,pop
2026-09-25,long_term,3zmfs9cQwzJl575W1ZYXeT,shoegaze
2026-09-25,long_term,3zmfs9cQwzJl575W1ZYXeT,sophisti-pop
2026-09-25,long_term,47zz7sob9NUcODy0BTDvKx,contemporary r&b
2026-09-25,long_term,47zz7sob9NUcODy0BTDvKx,downtempo
2026-09-25,long_term,47zz7sob9NUcODy0BTDvKx,jazz
2026-09-25,long_term,47zz7sob9NUcODy0BTDvKx,jazz pop
2026-09-25,long_term,47zz7sob9NUcODy0BTDvKx,pop
2026-09-25,long_term,47zz7sob9NUcODy0BTDvKx,quiet storm
2026-09-25,long_term,47zz7sob9NUcODy0BTDvKx,smooth jazz
2026-09-25,long_term,47zz7sob9NUcODy0BTDvKx,smooth soul
2026-09-25,long_term,47zz7sob9NUcODy0BTDvKx,sophisti-pop
2026-09-25,long_term,47zz7sob9NUcODy0BTDvKx,soul
2026-09-25,long_term,47zz7sob9NUcODy0BTDvKx,trip hop
2026-09-25,long_term,4KRllJ2dEeoqvxOQLOgOsI,electronic
2026-09-25,long_term,4KRllJ2dEeoqvxOQLOgOsI,phonk
2026-09-25,long_term,4KRllJ2dEeoqvxOQLOgOsI,phonk house
2026-09-25,long_term,4KRllJ2dEeoqvxOQLOgOsI,synthwave
2026-09-25,long_term,4KRllJ2dEeoqvxOQLOgOsI,trap
2026-09-25,long_term,4KRllJ2dEeoqvxOQLOgOsI,wave
2026-09-25,long_term,4MrQDA45Gd0llLrwFUzimG,boom bap
2026-09-25,long_term,4MrQDA45Gd0llLrwFUzimG,chillwave
2026-09-25,long_term,4MrQDA45Gd0llLrwFUzimG,downtempo
2026-09-25,long_term,4MrQDA45Gd0llLrwFUzimG,hip hop
2026-09-25,long_term,4MrQDA45Gd0llLrwFUzimG,instrumental
2026-09-25,long_term,4MrQDA45Gd0llLrwFUzimG,instrumental hip hop
2026-09-25,long_term,4MrQDA45Gd0llLrwFUzimG,lo-fi
2026-09-25,long_term,4MrQDA45Gd0llLrwFUzimG,lo-fi hip hop
2026-09-25,long_term,4gdMJYnopf2nEUcanAwstx,indian pop
2026-09-25,long_term,4gdMJYnopf2nEUcanAwstx,singer-songwriter
2026-09-25,long_term,4gzpq5DPGxSnKTe4SA8HAU,alternative rock
2026-09-25,long_term,4gzpq5DPGxSnKTe4SA8HAU,art pop
2026-09-25,long_term,4gzpq5DPGxSnKTe4SA8HAU,britpop
2026-09-25,long_term,4gzpq5DPGxSnKTe4SA8HAU,dream pop
2026-09-25,long_term,4gzpq5DPGxSnKTe4SA8HAU,piano rock
2026-09-25,long_term,4gzpq5DPGxSnKTe4SA8HAU,pop
2026-09-25,long_term,4gzpq5DPGxSnKTe4SA8HAU,pop rock
2026-09-25,long_term,4gzpq5DPGxSnKTe4SA8HAU,post-britpop
2026-09-25,long_term,4gzpq5DPGxSnKTe4SA8HAU,rock
2026-09-25,long_term,4yvcSjfu4PC0CYQyLy4wSq,electronic
2026-09-25,long_term,4yvcSjfu4PC0CYQyLy4wSq,indie pop
2026-09-25,long_term,4yvcSjfu4PC0CYQyLy4wSq,indie rock
2026-09-25,long_term,4yvcSjfu4PC0CYQyLy4wSq,indietronica
2026-09-25,long_term,4yvcSjfu4PC0CYQyLy4wSq,pop
2026-09-25,long_term,4yvcSjfu4PC0CYQyLy4wSq,psychedelic pop
2026-09-25,long_term,4yvcSjfu4PC0CYQyLy4wSq,psychedelic rock
2026-09-25,long_term,5INjqkS1o8h1imAzPqGZBb,alternative dance
2026-09-25,long_term,5INjqkS1o8h1imAzPqGZBb,alternative rock
2026-09-25,long_term,5INjqkS1o8h1imAzPqGZBb,dream pop
2026-09-25,long_term,5INjqkS1o8h1imAzPqGZBb,indie rock
2026-09-25,long_term,5INjqkS1o8h1imAzPqGZBb,indietronica
2026-09-25,long_term,5INjqkS1o8h1imAzPqGZBb,leftfield
2026-09-25,long_term,5INjqkS1o8h1imAzPqGZBb,neo-psychedelia
2026-09-25,long_term,5INjqkS1o8h1imAzPqGZBb,pop
2026-09-25,long_term,5INjqkS1o8h1imAzPqGZBb,psychedelic
2026-09-25,long_term,5INjqkS1o8h1imAzPqGZBb,psychedelic pop
2026-09-25,long_term,5INjqkS1o8h1imAzPqGZBb,psychedelic rock
2026-09-25,long_term,5INjqkS1o8h1imAzPqGZBb,rock
2026-09-25,long_term,5INjqkS1o8h1imAzPqGZBb,space rock
2026-09-25,long_term,5INjqkS1o8h1imAzPqGZBb,synth-pop
2026-09-25,long_term,5K4W6rqBFWDnAN6FQUkS6x,chipmunk soul
2026-09-25,long_term,5K4W6rqBFWDnAN6FQUkS6x,christian hip hop
2026-09-25,long_term,5K4W6rqBFWDnAN6FQUkS6x,conscious hip hop
2026-09-25,long_term,5K4W6rqBFWDnAN6FQUkS6x,contemporary r&b
2026-09-25,long_term,5K4W6rqBFWDnAN6FQUkS6x,deep house
2026-09-25,long_term,5K4W6rqBFWDnAN6FQUkS6x,electropop
2026-09-25,long_term,5K4W6rqBFWDnAN6FQUkS6x,experimental hip hop
2026-09-25,long_term,5K4W6rqBFWDnAN6FQUkS6x,future bass
2026-09-25,long_term,5K4W6rqBFWDnAN6FQUkS6x,hip hop
2026-09-25,long_term,5K4W6rqBFWDnAN6FQUkS6x,house
2026-09-25,long_term,5K4W6rqBFWDnAN6FQUkS6x,pop
2026-09-25,long_term,5K4W6rqBFWDnAN6FQUkS6x,pop rap
2026-09-25,long_term,5K4W6rqBFWDnAN6FQUkS6x,r&b
2026-09-25,long_term,5K4W6rqBFWDnAN6FQUkS6x,trap
2026-09-25,long_term,5cj0lLjcoR7YOSnhnX0Po5,alternative rock
2026-09-25,long_term,5cj0lLjcoR7YOSnhnX0Po5,grunge
2026-09-25,long_term,5cj0lLjcoR7YOSnhnX0Po5,hip hop
2026-09-25,long_term,5cj0lLjcoR7YOSnhnX0Po5,pop
2026-09-25,long_term,5cj0lLjcoR7YOSnhnX0Po5,pop rap
2026-09-25,long_term,5cj0lLjcoR7YOSnhnX0Po5,post-grunge
2026-09-25,long_term,5cj0lLjcoR7YOSnhnX0Po5,power pop
2026-09-25,long_term,5cj0lLjcoR7YOSnhnX0Po5,rock
2026-09-25,long_term,5cj0lLjcoR7YOSnhnX0Po5,trap
2026-09-25,long_term,5cj0lLjcoR7YOSnhnX0Po5,west coast hip hop
2026-09-25,long_term,5y8tKLUfMvliMe8IKamR32,alternative r&b
2026-09-25,long_term,5y8tKLUfMvliMe8IKamR32,contemporary r&b
2026-09-25,long_term,5y8tKLUfMvliMe8IKamR32,indie pop
2026-09-25,long_term,5y8tKLUfMvliMe8IKamR32,lo-fi
2026-09-25,long_term,6YJ4EgQzDfJnIHRbqIHAdD,chillwave
2026-09-25,long_term,6YJ4EgQzDfJnIHRbqIHAdD,downtempo
2026-09-25,long_term,6YJ4EgQzDfJnIHRbqIHAdD,instrumental
2026-09-25,long_term,6YJ4EgQzDfJnIHRbqIHAdD,instrumental hip hop
2026-09-25,long_term,6YJ4EgQzDfJnIHRbqIHAdD,lo-fi
2026-09-25,long_term,6YJ4EgQzDfJnIHRbqIHAdD,lo-fi hip hop
2026-09-25,long_term,6ft7JnxMyZhp7N52qzHymY,dream pop
2026-09-25,long_term,700c9Qz2z6HZKTumeliKAw,electronic
2026-09-25,long_term,77SW9BnxLY8rJ0RciFqkHh,alternative rock
2026-09-25,long_term,77SW9BnxLY8rJ0RciFqkHh,indie pop
2026-09-25,long_term,78rUTD7y6Cy67W1RVzYs7t,alternative pop
2026-09-25,long_term,78rUTD7y6Cy67W1RVzYs7t,bubblegum pop
2026-09-25,long_term,78rUTD7y6Cy67W1RVzYs7t,dance-pop
2026-09-25,long_term,78rUTD7y6Cy67W1RVzYs7t,drum and bass
2026-09-25,long_term,78rUTD7y6Cy67W1RVzYs7t,future garage
2026-09-25,long_term,78rUTD7y6Cy67W1RVzYs7t,jungle
2026-09-25,long_term,78rUTD7y6Cy67W1RVzYs7t,pop
2026-09-25,long_term,78rUTD7y6Cy67W1RVzYs7t,uk garage
2026-09-25,long_term,7Ln80lUS6He07XvHI8qqHH,alternative rock
2026-09-25,long_term,7Ln80lUS6He07XvHI8qqHH,art rock
2026-09-25,long_term,7Ln80lUS6He07XvHI8qqHH,baroque pop
2026-09-25,long_term,7Ln80lUS6He07XvHI8qqHH,dance
2026-09-25,long_term,7Ln80lUS6He07XvHI8qqHH,electronica
2026-09-25,long_term,7Ln80lUS6He07XvHI8qqHH,garage rock
2026-09-25,long_term,7Ln80lUS6He07XvHI8qqHH,garage rock revival
2026-09-25,long_term,7Ln80lUS6He07XvHI8qqHH,house
2026-09-25,long_term,7Ln80lUS6He07XvHI8qqHH,indie rock
2026-09-25,long_term,7Ln80lUS6He07XvHI8qqHH,neo-psychedelia
2026-09-25,long_term,7Ln80lUS6He07XvHI8qqHH,pop
2026-09-25,long_term,7Ln80lUS6He07XvHI8qqHH,post-punk revival
2026-09-25,long_term,7Ln80lUS6He07XvHI8qqHH,psychedelic pop
2026-09-25,long_term,7Ln80lUS6He07XvHI8qqHH,psychedelic rock
2026-09-25,long_term,7Ln80lUS6He07XvHI8qqHH,rock
2026-09-25,long_term,7gW0r5CkdEUMm42w9XpyZO,bossa nova
2026-09-25,long_term,7gW0r5CkdEUMm42w9XpyZO,jazz
2026-09-25,long_term,7gW0r5CkdEUMm42w9XpyZO,jazz pop
2026-09-25,long_term,7gW0r5CkdEUMm42w9XpyZO,singer-songwriter
2026-09-25,long_term,7gW0r5CkdEUMm42w9XpyZO,vocal jazz
2026-09-25,long_term,7tYKF4w9nC0nq9CsPZTHyP,alternative r&b
2026-09-25,long_term,7tYKF4w9nC0nq9CsPZTHyP,contemporary r&b
2026-09-25,long_term,7tYKF4w9nC0nq9CsPZTHyP,electronic
2026-09-25,long_term,7tYKF4w9nC0nq9CsPZTHyP,hip hop soul
2026-09-25,long_term,7tYKF4w9nC0nq9CsPZTHyP,neo soul
2026-09-25,long_term,7tYKF4w9nC0nq9CsPZTHyP,pop
2026-09-25,long_term,7tYKF4w9nC0nq9CsPZTHyP,r&b
2026-09-25,long_term,7tYKF4w9nC0nq9CsPZTHyP,soul
2026-09-25,medium_term,00FQb4jTyendYWaN8pK0wa,alternative pop
2026-09-25,medium_term,00FQb4jTyendYWaN8pK0wa,art pop
2026-09-25,medium_term,00FQb4jTyendYWaN8pK0wa,ballad
2026-09-25,medium_term,00FQb4jTyendYWaN8pK0wa,baroque pop
2026-09-25,medium_term,00FQb4jTyendYWaN8pK0wa,chamber pop
2026-09-25,medium_term,00FQb4jTyendYWaN8pK0wa,country
2026-09-25,medium_term,00FQb4jTyendYWaN8pK0wa,dance
2026-09-25,medium_term,00FQb4jTyendYWaN8pK0wa,dream pop
2026-09-25,medium_term,00FQb4jTyendYWaN8pK0wa,edm
2026-09-25,medium_term,00FQb4jTyendYWaN8pK0wa,electronic
2026-09-25,medium_term,00FQb4jTyendYWaN8pK0wa,electronica
2026-09-25,medium_term,00FQb4jTyendYWaN8pK0wa,future bass
2026-09-25,medium_term,00FQb4jTyendYWaN8pK0wa,house
2026-09-25,medium_term,00FQb4jTyendYWaN8pK0wa,indie pop
2026-09-25,medium_term,00FQb4jTyendYWaN8pK0wa,indie rock
2026-09-25,medium_term,00FQb4jTyendYWaN8pK0wa,melodic house
2026-09-25,medium_term,00FQb4jTyendYWaN8pK0wa,melodic techno
2026-09-25,medium_term,00FQb4jTyendYWaN8pK0wa,neo-psychedelia
2026-09-25,medium_term,00FQb4jTyendYWaN8pK0wa,pop
2026-09-25,medium_term,00FQb4jTyendYWaN8pK0wa,psychedelic pop
2026-09-25,medium_term,00FQb4jTyendYWaN8pK0wa,r&b
2026-09-25,medium_term,00FQb4jTyendYWaN8pK0wa,rock
2026-09-25,medium_term,00FQb4jTyendYWaN8pK0wa,singer-songwriter
2026-09-25,medium_term,00FQb4jTyendYWaN8pK0wa,slowcore
2026-09-25,medium_term,00FQb4jTyendYWaN8pK0wa,trap
2026-09-25,medium_term,00FQb4jTyendYWaN8pK0wa,trip hop
2026-09-25,medium_term,0Y6dVaC9DZtPNH4591M42W,dream pop
2026-09-25,medium_term,0Y6dVaC9DZtPNH4591M42W,electronic
2026-09-25,medium_term,0Y6dVaC9DZtPNH4591M42W,hip hop
2026-09-25,medium_term,0Y6dVaC9DZtPNH4591M42W,indie pop
2026-09-25,medium_term,0Y6dVaC9DZtPNH4591M42W,indie rock
2026-09-25,medium_term,0Y6dVaC9DZtPNH4591M42W,lo-fi
2026-09-25,medium_term,0Y6dVaC9DZtPNH4591M42W,pop
2026-09-25,medium_term,0dgJbQ0bKPyUXco8hEXN7X,ambient
2026-09-25,medium_term,0dgJbQ0bKPyUXco8hEXN7X,boom bap
2026-09-25,medium_term,0dgJbQ0bKPyUXco8hEXN7X,chillout
2026-09-25,medium_term,0dgJbQ0bKPyUXco8hEXN7X,chillwave
2026-09-25,medium_term,0dgJbQ0bKPyUXco8hEXN7X,downtempo
2026-09-25,medium_term,0dgJbQ0bKPyUXco8hEXN7X,drift phonk
2026-09-25,medium_term,0dgJbQ0bKPyUXco8hEXN7X,hardwave
2026-09-25,medium_term,0dgJbQ0bKPyUXco8hEXN7X,hip hop
2026-09-25,medium_term,0dgJbQ0bKPyUXco8hEXN7X,house
2026-09-25,medium_term,0dgJbQ0bKPyUXco8hEXN7X,instrumental
2026-09-25,medium_term,0dgJbQ0bKPyUXco8hEXN7X,instrumental hip hop
2026-09-25,medium_term,0dgJbQ0bKPyUXco8hEXN7X,lo-fi
2026-09-25,medium_term,0dgJbQ0bKPyUXco8hEXN7X,lo-fi hip hop
2026-09-25,medium_term,0dgJbQ0bKPyUXco8hEXN7X,phonk
2026-09-25,medium_term,0dgJbQ0bKPyUXco8hEXN7X,wave
2026-09-25,medium_term,0hEurMDQu99nJRq8pTxO14,acoustic rock
2026-09-25,medium_term,0hEurMDQu99nJRq8pTxO14,alternative rock
2026-09-25,medium_term,0hEurMDQu99nJRq8pTxO14,americana
2026-09-25,medium_term,0hEurMDQu99nJRq8pTxO14,blue-eyed soul
2026-09-25,medium_term,0hEurMDQu99nJRq8pTxO14,blues
2026-09-25,medium_term,0hEurMDQu99nJRq8pTxO14,blues rock
2026-09-25,medium_term,0hEurMDQu99nJRq8pTxO14,country
2026-09-25,medium_term,0hEurMDQu99nJRq8pTxO14,country rock
2026-09-25,medium_term,0hEurMDQu99nJRq8pTxO14,folk rock
2026-09-25,medium_term,0hEurMDQu99nJRq8pTxO14,indie rock
2026-09-25,medium_term,0hEurMDQu99nJRq8pTxO14,pop
2026-09-25,medium_term,0hEurMDQu99nJRq8pTxO14,pop rock
2026-09-25,medium_term,0hEurMDQu99nJRq8pTxO14,rock
2026-09-25,medium_term,0hEurMDQu99nJRq8pTxO14,singer-songwriter
2026-09-25,medium_term,0hEurMDQu99nJRq8pTxO14,soft rock
2026-09-25,medium_term,0hEurMDQu99nJRq8pTxO14,soul
2026-09-25,medium_term,0klU31gyC6EZqKgLvVANCy,boom bap
2026-09-25,medium_term,0klU31gyC6EZqKgLvVANCy,chillwave
2026-09-25,medium_term,0klU31gyC6EZqKgLvVANCy,downtempo
2026-09-25,medium_term,0klU31gyC6EZqKgLvVANCy,hip hop
2026-09-25,medium_term,0klU31gyC6EZqKgLvVANCy,instrumental
2026-09-25,medium_term,0klU31gyC6EZqKgLvVANCy,instrumental hip hop
2026-09-25,medium_term,0klU31gyC6EZqKgLvVANCy,lo-fi
2026-09-25,medium_term,0klU31gyC6EZqKgLvVANCy,lo-fi hip hop
2026-09-25,medium_term,17XXKfRBMCWvLrqGoNkJXm,ballad
2026-09-25,medium_term,17XXKfRBMCWvLrqGoNkJXm,easy listening
2026-09-25,medium_term,17XXKfRBMCWvLrqGoNkJXm,pop
2026-09-25,medium_term,1AbJ2cmwK400LSvdvBL5Jc,bedroom pop
2026-09-25,medium_term,1QAJqy2dA3ihHBFIHRphZj,ambient
2026-09-25,medium_term,1QAJqy2dA3ihHBFIHRphZj,ambient pop
2026-09-25,medium_term,1QAJqy2dA3ihHBFIHRphZj,dream pop
2026-09-25,medium_term,1QAJqy2dA3ihHBFIHRphZj,indie pop
2026-09-25,medium_term,1QAJqy2dA3ihHBFIHRphZj,indie rock
2026-09-25,medium_term,1QAJqy2dA3ihHBFIHRphZj,pop
2026-09-25,medium_term,1QAJqy2dA3ihHBFIHRphZj,shoegaze
2026-09-25,medium_term,1QAJqy2dA3ihHBFIHRphZj,slowcore
2026-09-25,medium_term,1Xyo4u8uXC1ZmMpatF05PJ,alternative r&b
2026-09-25,medium_term,1Xyo4u8uXC1ZmMpatF05PJ,contemporary r&b
2026-09-25,medium_term,1Xyo4u8uXC1ZmMpatF05PJ,dance-pop
2026-09-25,medium_term,1Xyo4u8uXC1ZmMpatF05PJ,hypnagogic pop
2026-09-25,medium_term,1Xyo4u8uXC1ZmMpatF05PJ,pop
2026-09-25,medium_term,1Xyo4u8uXC1ZmMpatF05PJ,r&b
2026-09-25,medium_term,1Xyo4u8uXC1ZmMpatF05PJ,synth-pop
2026-09-25,medium_term,1cGyguqPQY22oUd4fKglFS,ambient
2026-09-25,medium_term,1cGyguqPQY22oUd4fKglFS,dark ambient
2026-09-25,medium_term,1wRPtKGflJrBx9BmLsSwlU,filmi
2026-09-25,medium_term,2YZyLoL8N0Wb9xBt1NhZWg,alternative hip hop
2026-09-25,medium_term,2YZyLoL8N0Wb9xBt1NhZWg,conscious hip hop
2026-09-25,medium_term,2YZyLoL8N0Wb9xBt1NhZWg,dance
2026-09-25,medium_term,2YZyLoL8N0Wb9xBt1NhZWg,disco
2026-09-25,medium_term,2YZyLoL8N0Wb9xBt1NhZWg,future bass
2026-09-25,medium_term,2YZyLoL8N0Wb9xBt1NhZWg,gangsta rap
2026-09-25,medium_term,2YZyLoL8N0Wb9xBt1NhZWg,hardcore hip hop
2026-09-25,medium_term,2YZyLoL8N0Wb9xBt1NhZWg,hip hop
2026-09-25,medium_term,2YZyLoL8N0Wb9xBt1NhZWg,house
2026-09-25,medium_term,2YZyLoL8N0Wb9xBt1NhZWg,jazz
2026-09-25,medium_term,2YZyLoL8N0Wb9xBt1NhZWg,jazz rap
2026-09-25,medium_term,2YZyLoL8N0Wb9xBt1NhZWg,pop
2026-09-25,medium_term,2YZyLoL8N0Wb9xBt1NhZWg,pop rap
2026-09-25,medium_term,2YZyLoL8N0Wb9xBt1NhZWg,r&b
2026-09-25,medium_term,2YZyLoL8N0Wb9xBt1NhZWg,trap
2026-09-25,medium_term,2YZyLoL8N0Wb9xBt1NhZWg,west coast hip hop
2026-09-25,medium_term,2h93pZq0e7k5yf4dywlkpM,alternative r&b
2026-09-25,medium_term,2h93pZq0e7k5yf4dywlkpM,contemporary r&b
2026-09-25,medium_term,2h93pZq0e7k5yf4dywlkpM,pop
2026-09-25,medium_term,2h93pZq0e7k5yf4dywlkpM,r&b
2026-09-25,medium_term,2jku7tDXc6XoB6MO2hFuqg,alternative hip hop
2026-09-25,medium_term,2jku7tDXc6XoB6MO2hFuqg,alternative r&b
2026-09-25,medium_term,2jku7tDXc6XoB6MO2hFuqg,contemporary r&b
2026-09-25,medium_term,2jku7tDXc6XoB6MO2hFuqg,dancehall
2026-09-25,medium_term,2jku7tDXc6XoB6MO2hFuqg,hip hop
2026-09-25,medium_term,2jku7tDXc6XoB6MO2hFuqg,r&b
2026-09-25,medium_term,3AA28KZvwAUcZuOKwyblJQ,alternative dance
2026-09-25,medium_term,3AA28KZvwAUcZuOKwyblJQ,alternative hip hop
2026-09-25,medium_term,3AA28KZvwAUcZuOKwyblJQ,alternative pop
2026-09-25,medium_term,3AA28KZvwAUcZuOKwyblJQ,alternative rock
2026-09-25,medium_term,3AA28KZvwAUcZuOKwyblJQ,art pop
2026-09-25,medium_term,3AA28KZvwAUcZuOKwyblJQ,bassline
2026-09-25,medium_term,3AA28KZvwAUcZuOKwyblJQ,breakbeat
2026-09-25,medium_term,3AA28KZvwAUcZuOKwyblJQ,breaks
2026-09-25,medium_term,3AA28KZvwAUcZuOKwyblJQ,dance
2026-09-25,medium_term,3AA28KZvwAUcZuOKwyblJQ,disco
2026-09-25,medium_term,3AA28KZvwAUcZuOKwyblJQ,electronic
2026-09-25,medium_term,3AA28KZvwAUcZuOKwyblJQ,electronica
2026-09-25,medium_term,3AA28KZvwAUcZuOKwyblJQ,electropop
2026-09-25,medium_term,3AA28KZvwAUcZuOKwyblJQ,future bass
2026-09-25,medium_term,3AA28KZvwAUcZuOKwyblJQ,hip hop
2026-09-25,medium_term,3AA28KZvwAUcZuOKwyblJQ,indie rock
2026-09-25,medium_term,3AA28KZvwAUcZuOKwyblJQ,latin
2026-09-25,medium_term,3AA28KZvwAUcZuOKwyblJQ,pop
2026-09-25,medium_term,3AA28KZvwAUcZuOKwyblJQ,pop rock
2026-09-25,medium_term,3AA28KZvwAUcZuOKwyblJQ,rock
2026-09-25,medium_term,3AA28KZvwAUcZuOKwyblJQ,synth-pop
2026-09-25,medium_term,3AA28KZvwAUcZuOKwyblJQ,tech house
2026-09-25,medium_term,3AA28KZvwAUcZuOKwyblJQ,trap
2026-09-25,medium_term,3AA28KZvwAUcZuOKwyblJQ,trip hop
2026-09-25,medium_term,3AA28KZvwAUcZuOKwyblJQ,uk garage
2026-09-25,medium_term,3MZsBdqDrRTJihTHQrO6Dq,alternative r&b
2026-09-25,medium_term,3MZsBdqDrRTJihTHQrO6Dq,art pop
2026-09-25,medium_term,3MZsBdqDrRTJihTHQrO6Dq,ballad
2026-09-25,medium_term,3MZsBdqDrRTJihTHQrO6Dq,instrumental hip hop
2026-09-25,medium_term,3MZsBdqDrRTJihTHQrO6Dq,lo-fi hip hop
2026-09-25,medium_term,3MZsBdqDrRTJihTHQrO6Dq,trip hop
2026-09-25,medium_term,3Sz7ZnJQBIHsXLUSo0OQtM,folk pop
2026-09-25,medium_term,3Sz7ZnJQBIHsXLUSo0OQtM,indie pop
2026-09-25,medium_term,3Sz7ZnJQBIHsXLUSo0OQtM,indie rock
2026-09-25,medium_term,3Sz7ZnJQBIHsXLUSo0OQtM,jangle pop
2026-09-25,medium_term,3Sz7ZnJQBIHsXLUSo0OQtM,pop
2026-09-25,medium_term,3Sz7ZnJQBIHsXLUSo0OQtM,psychedelic pop
2026-09-25,medium_term,3mIj9lX2MWuHmhNCA7LSCW,alternative pop
2026-09-25,medium_term,3mIj9lX2MWuHmhNCA7LSCW,alternative rock
2026-09-25,medium_term,3mIj9lX2MWuHmhNCA7LSCW,ambient pop
2026-09-25,medium_term,3mIj9lX2MWuHmhNCA7LSCW,art pop
2026-09-25,medium_term,3mIj9lX2MWuHmhNCA7LSCW,indie pop
2026-09-25,medium_term,3mIj9lX2MWuHmhNCA7LSCW,indie rock
2026-09-25,medium_term,3mIj9lX2MWuHmhNCA7LSCW,indietronica
2026-09-25,medium_term,3mIj9lX2MWuHmhNCA7LSCW,leftfield
2026-09-25,medium_term,3mIj9lX2MWuHmhNCA7LSCW,new wave
2026-09-25,medium_term,3mIj9lX2MWuHmhNCA7LSCW,pop rock
2026-09-25,medium_term,3mIj9lX2MWuHmhNCA7LSCW,post-punk revival
2026-09-25,medium_term,3mIj9lX2MWuHmhNCA7LSCW,synth-pop
2026-09-25,medium_term,47zz7sob9NUcODy0BTDvKx,contemporary r&b
2026-09-25,medium_term,47zz7sob9NUcODy0BTDvKx,downtempo
2026-09-25,medium_term,47zz7sob9NUcODy0BTDvKx,jazz
2026-09-25,medium_term,47zz7sob9NUcODy0BTDvKx,jazz pop
2026-09-25,medium_term,47zz7sob9NUcODy0BTDvKx,pop
2026-09-25,medium_term,47zz7sob9NUcODy0BTDvKx,quiet storm
2026-09-25,medium_term,47zz7sob9NUcODy0BTDvKx,smooth jazz
2026-09-25,medium_term,47zz7sob9NUcODy0BTDvKx,smooth soul
2026-09-25,medium_term,47zz7sob9NUcODy0BTDvKx,sophisti-pop
2026-09-25,medium_term,47zz7sob9NUcODy0BTDvKx,soul
2026-09-25,medium_term,47zz7sob9NUcODy0BTDvKx,trip hop
2026-09-25,medium_term,4Z8W4fKeB5YxbusRsdQVPb,alternative rock
2026-09-25,medium_term,4Z8W4fKeB5YxbusRsdQVPb,ambient pop
2026-09-25,medium_term,4Z8W4fKeB5YxbusRsdQVPb,art pop
2026-09-25,medium_term,4Z8W4fKeB5YxbusRsdQVPb,art rock
2026-09-25,medium_term,4Z8W4fKeB5YxbusRsdQVPb,britpop
2026-09-25,medium_term,4Z8W4fKeB5YxbusRsdQVPb,chamber pop
2026-09-25,medium_term,4Z8W4fKeB5YxbusRsdQVPb,crossover prog
2026-09-25,medium_term,4Z8W4fKeB5YxbusRsdQVPb,electronic
2026-09-25,medium_term,4Z8W4fKeB5YxbusRsdQVPb,electronic rock
2026-09-25,medium_term,4Z8W4fKeB5YxbusRsdQVPb,electronica
2026-09-25,medium_term,4Z8W4fKeB5YxbusRsdQVPb,experimental
2026-09-25,medium_term,4Z8W4fKeB5YxbusRsdQVPb,experimental rock
2026-09-25,medium_term,4Z8W4fKeB5YxbusRsdQVPb,idm
2026-09-25,medium_term,4Z8W4fKeB5YxbusRsdQVPb,indie rock
2026-09-25,medium_term,4Z8W4fKeB5YxbusRsdQVPb,indietronica
2026-09-25,medium_term,4Z8W4fKeB5YxbusRsdQVPb,post-britpop
2026-09-25,medium_term,4Z8W4fKeB5YxbusRsdQVPb,post-grunge
2026-09-25,medium_term,4Z8W4fKeB5YxbusRsdQVPb,rock
2026-09-25,medium_term,4dpARuHxo51G3z768sgnrY,blue-eyed soul
2026-09-25,medium_term,4dpARuHxo51G3z768sgnrY,neo soul
2026-09-25,medium_term,4dpARuHxo51G3z768sgnrY,pop
2026-09-25,medium_term,4dpARuHxo51G3z768sgnrY,pop soul
2026-09-25,medium_term,4dpARuHxo51G3z768sgnrY,r&b
2026-09-25,medium_term,4dpARuHxo51G3z768sgnrY,soul
2026-09-25,medium_term,4gdMJYnopf2nEUcanAwstx,indian pop
2026-09-25,medium_term,4gdMJYnopf2nEUcanAwstx,singer-songwriter
2026-09-25,medium_term,4yvcSjfu4PC0CYQyLy4wSq,electronic
2026-09-25,medium_term,4yvcSjfu4PC0CYQyLy4wSq,indie pop
2026-09-25,medium_term,4yvcSjfu4PC0CYQyLy4wSq,indie rock
2026-09-25,medium_term,4yvcSjfu4PC0CYQyLy4wSq,indietronica
2026-09-25,medium_term,4yvcSjfu4PC0CYQyLy4wSq,pop
2026-09-25,medium_term,4yvcSjfu4PC0CYQyLy4wSq,psychedelic pop
2026-09-25,medium_term,4yvcSjfu4PC0CYQyLy4wSq,psychedelic rock
2026-09-25,medium_term,5INjqkS1o8h1imAzPqGZBb,alternative dance
2026-09-25,medium_term,5INjqkS1o8h1imAzPqGZBb,alternative rock
2026-09-25,medium_term,5INjqkS1o8h1imAzPqGZBb,dream pop
2026-09-25,medium_term,5INjqkS1o8h1imAzPqGZBb,indie rock
2026-09-25,medium_term,5INjqkS1o8h1imAzPqGZBb,indietronica
2026-09-25,medium_term,5INjqkS1o8h1imAzPqGZBb,leftfield
2026-09-25,medium_term,5INjqkS1o8h1imAzPqGZBb,neo-psychedelia
2026-09-25,medium_term,5INjqkS1o8h1imAzPqGZBb,pop
2026-09-25,medium_term,5INjqkS1o8h1imAzPqGZBb,psychedelic
2026-09-25,medium_term,5INjqkS1o8h1imAzPqGZBb,psychedelic pop
2026-09-25,medium_term,5INjqkS1o8h1imAzPqGZBb,psychedelic rock
2026-09-25,medium_term,5INjqkS1o8h1imAzPqGZBb,rock
2026-09-25,medium_term,5INjqkS1o8h1imAzPqGZBb,space rock
2026-09-25,medium_term,5INjqkS1o8h1imAzPqGZBb,synth-pop
2026-09-25,medium_term,5cj0lLjcoR7YOSnhnX0Po5,alternative rock
2026-09-25,medium_term,5cj0lLjcoR7YOSnhnX0Po5,grunge
2026-09-25,medium_term,5cj0lLjcoR7YOSnhnX0Po5,hip hop
2026-09-25,medium_term,5cj0lLjcoR7YOSnhnX0Po5,pop
2026-09-25,medium_term,5cj0lLjcoR7YOSnhnX0Po5,pop rap
2026-09-25,medium_term,5cj0lLjcoR7YOSnhnX0Po5,post-grunge
2026-09-25,medium_term,5cj0lLjcoR7YOSnhnX0Po5,power pop
2026-09-25,medium_term,5cj0lLjcoR7YOSnhnX0Po5,rock
2026-09-25,medium_term,5cj0lLjcoR7YOSnhnX0Po5,trap
2026-09-25,medium_term,5cj0lLjcoR7YOSnhnX0Po5,west coast hip hop
2026-09-25,medium_term,5y8tKLUfMvliMe8IKamR32,alternative r&b
2026-09-25,medium_term,5y8tKLUfMvliMe8IKamR32,contemporary r&b
2026-09-25,medium_term,5y8tKLUfMvliMe8IKamR32,indie pop
2026-09-25,medium_term,5y8tKLUfMvliMe8IKamR32,lo-fi
2026-09-25,medium_term,60jYUgQzKAtnJoXKGk1GNn,folk
2026-09-25,medium_term,60jYUgQzKAtnJoXKGk1GNn,pop
2026-09-25,medium_term,60jYUgQzKAtnJoXKGk1GNn,techno
2026-09-25,medium_term,66CXWjxzNUsdJxJ2JdwvnR,contemporary r&b
2026-09-25,medium_term,66CXWjxzNUsdJxJ2JdwvnR,dance-pop
2026-09-25,medium_term,66CXWjxzNUsdJxJ2JdwvnR,pop
2026-09-25,medium_term,66CXWjxzNUsdJxJ2JdwvnR,r&b
2026-09-25,medium_term,66CXWjxzNUsdJxJ2JdwvnR,trap soul
2026-09-25,medium_term,700c9Qz2z6HZKTumeliKAw,electronic
2026-09-25,medium_term,77SW9BnxLY8rJ0RciFqkHh,alternative rock
2026-09-25,medium_term,77SW9BnxLY8rJ0RciFqkHh,indie pop
2026-09-25,medium_term,78rUTD7y6Cy67W1RVzYs7t,alternative pop
2026-09-25,medium_term,78rUTD7y6Cy67W1RVzYs7t,bubblegum pop
2026-09-25,medium_term,78rUTD7y6Cy67W1RVzYs7t,dance-pop
2026-09-25,medium_term,78rUTD7y6Cy67W1RVzYs7t,drum and bass
2026-09-25,medium_term,78rUTD7y6Cy67W1RVzYs7t,future garage
2026-09-25,medium_term,78rUTD7y6Cy67W1RVzYs7t,jungle
2026-09-25,medium_term,78rUTD7y6Cy67W1RVzYs7t,pop
2026-09-25,medium_term,78rUTD7y6Cy67W1RVzYs7t,uk garage
2026-09-25,medium_term,7Ln80lUS6He07XvHI8qqHH,alternative rock
2026-09-25,medium_term,7Ln80lUS6He07XvHI8qqHH,art rock
2026-09-25,medium_term,7Ln80lUS6He07XvHI8qqHH,baroque pop
2026-09-25,medium_term,7Ln80lUS6He07XvHI8qqHH,dance
2026-09-25,medium_term,7Ln80lUS6He07XvHI8qqHH,electronica
2026-09-25,medium_term,7Ln80lUS6He07XvHI8qqHH,garage rock
2026-09-25,medium_term,7Ln80lUS6He07XvHI8qqHH,garage rock revival
2026-09-25,medium_term,7Ln80lUS6He07XvHI8qqHH,house
2026-09-25,medium_term,7Ln80lUS6He07XvHI8qqHH,indie rock
2026-09-25,medium_term,7Ln80lUS6He07XvHI8qqHH,neo-psychedelia
2026-09-25,medium_term,7Ln80lUS6He07XvHI8qqHH,pop
2026-09-25,medium_term,7Ln80lUS6He07XvHI8qqHH,post-punk revival
2026-09-25,medium_term,7Ln80lUS6He07XvHI8qqHH,psychedelic pop
2026-09-25,medium_term,7Ln80lUS6He07XvHI8qqHH,psychedelic rock
2026-09-25,medium_term,7Ln80lUS6He07XvHI8qqHH,rock
2026-09-25,medium_term,7lzordPuZEXxwt9aoVZYmG,alternative dance
2026-09-25,medium_term,7lzordPuZEXxwt9aoVZYmG,classic rock
2026-09-25,medium_term,7lzordPuZEXxwt9aoVZYmG,electronic
2026-09-25,medium_term,7lzordPuZEXxwt9aoVZYmG,hard rock
2026-09-25,medium_term,7lzordPuZEXxwt9aoVZYmG,new wave
2026-09-25,medium_term,7lzordPuZEXxwt9aoVZYmG,pop rock
2026-09-25,medium_term,7lzordPuZEXxwt9aoVZYmG,punk rock
2026-09-25,medium_term,7lzordPuZEXxwt9aoVZYmG,rock
2026-09-25,medium_term,7tYKF4w9nC0nq9CsPZTHyP,alternative r&b
2026-09-25,medium_term,7tYKF4w9nC0nq9CsPZTHyP,contemporary r&b
2026-09-25,medium_term,7tYKF4w9nC0nq9CsPZTHyP,electronic
2026-09-25,medium_term,7tYKF4w9nC0nq9CsPZTHyP,hip hop soul
2026-09-25,medium_term,7tYKF4w9nC0nq9CsPZTHyP,neo soul
2026-09-25,medium_term,7tYKF4w9nC0nq9CsPZTHyP,pop
2026-09-25,medium_term,7tYKF4w9nC0nq9CsPZTHyP,r&b
2026-09-25,medium_term,7tYKF4w9nC0nq9CsPZTHyP,soul
2026-09-25,short_term,00FQb4jTyendYWaN8pK0wa,alternative pop
2026-09-25,short_term,00FQb4jTyendYWaN8pK0wa,art pop
2026-09-25,short_term,00FQb4jTyendYWaN8pK0wa,ballad
2026-09-25,short_term,00FQb4jTyendYWaN8pK0wa,baroque pop
2026-09-25,short_term,00FQb4jTyendYWaN8pK0wa,chamber pop
2026-09-25,short_term,00FQb4jTyendYWaN8pK0wa,country
2026-09-25,short_term,00FQb4jTyendYWaN8pK0wa,dance
2026-09-25,short_term,00FQb4jTyendYWaN8pK0wa,dream pop
2026-09-25,short_term,00FQb4jTyendYWaN8pK0wa,edm
2026-09-25,short_term,00FQb4jTyendYWaN8pK0wa,electronic
2026-09-25,short_term,00FQb4jTyendYWaN8pK0wa,electronica
2026-09-25,short_term,00FQb4jTyendYWaN8pK0wa,future bass
2026-09-25,short_term,00FQb4jTyendYWaN8pK0wa,house
2026-09-25,short_term,00FQb4jTyendYWaN8pK0wa,indie pop
2026-09-25,short_term,00FQb4jTyendYWaN8pK0wa,indie rock
2026-09-25,short_term,00FQb4jTyendYWaN8pK0wa,melodic house
2026-09-25,short_term,00FQb4jTyendYWaN8pK0wa,melodic techno
2026-09-25,short_term,00FQb4jTyendYWaN8pK0wa,neo-psychedelia
2026-09-25,short_term,00FQb4jTyendYWaN8pK0wa,pop
2026-09-25,short_term,00FQb4jTyendYWaN8pK0wa,psychedelic pop
2026-09-25,short_term,00FQb4jTyendYWaN8pK0wa,r&b
2026-09-25,short_term,00FQb4jTyendYWaN8pK0wa,rock
2026-09-25,short_term,00FQb4jTyendYWaN8pK0wa,singer-songwriter
2026-09-25,short_term,00FQb4jTyendYWaN8pK0wa,slowcore
2026-09-25,short_term,00FQb4jTyendYWaN8pK0wa,trap
2026-09-25,short_term,00FQb4jTyendYWaN8pK0wa,trip hop
2026-09-25,short_term,0Y6dVaC9DZtPNH4591M42W,dream pop
2026-09-25,short_term,0Y6dVaC9DZtPNH4591M42W,electronic
2026-09-25,short_term,0Y6dVaC9DZtPNH4591M42W,hip hop
2026-09-25,short_term,0Y6dVaC9DZtPNH4591M42W,indie pop
2026-09-25,short_term,0Y6dVaC9DZtPNH4591M42W,indie rock
2026-09-25,short_term,0Y6dVaC9DZtPNH4591M42W,lo-fi
2026-09-25,short_term,0Y6dVaC9DZtPNH4591M42W,pop
2026-09-25,short_term,0dgJbQ0bKPyUXco8hEXN7X,ambient
2026-09-25,short_term,0dgJbQ0bKPyUXco8hEXN7X,boom bap
2026-09-25,short_term,0dgJbQ0bKPyUXco8hEXN7X,chillout
2026-09-25,short_term,0dgJbQ0bKPyUXco8hEXN7X,chillwave
2026-09-25,short_term,0dgJbQ0bKPyUXco8hEXN7X,downtempo
2026-09-25,short_term,0dgJbQ0bKPyUXco8hEXN7X,drift phonk
2026-09-25,short_term,0dgJbQ0bKPyUXco8hEXN7X,hardwave
2026-09-25,short_term,0dgJbQ0bKPyUXco8hEXN7X,hip hop
2026-09-25,short_term,0dgJbQ0bKPyUXco8hEXN7X,house
2026-09-25,short_term,0dgJbQ0bKPyUXco8hEXN7X,instrumental
2026-09-25,short_term,0dgJbQ0bKPyUXco8hEXN7X,instrumental hip hop
2026-09-25,short_term,0dgJbQ0bKPyUXco8hEXN7X,lo-fi
2026-09-25,short_term,0dgJbQ0bKPyUXco8hEXN7X,lo-fi hip hop
2026-09-25,short_term,0dgJbQ0bKPyUXco8hEXN7X,phonk
2026-09-25,short_term,0dgJbQ0bKPyUXco8hEXN7X,wave
2026-09-25,short_term,0hEurMDQu99nJRq8pTxO14,acoustic rock
2026-09-25,short_term,0hEurMDQu99nJRq8pTxO14,alternative rock
2026-09-25,short_term,0hEurMDQu99nJRq8pTxO14,americana
2026-09-25,short_term,0hEurMDQu99nJRq8pTxO14,blue-eyed soul
2026-09-25,short_term,0hEurMDQu99nJRq8pTxO14,blues
2026-09-25,short_term,0hEurMDQu99nJRq8pTxO14,blues rock
2026-09-25,short_term,0hEurMDQu99nJRq8pTxO14,country
2026-09-25,short_term,0hEurMDQu99nJRq8pTxO14,country rock
2026-09-25,short_term,0hEurMDQu99nJRq8pTxO14,folk rock
2026-09-25,short_term,0hEurMDQu99nJRq8pTxO14,indie rock
2026-09-25,short_term,0hEurMDQu99nJRq8pTxO14,pop
2026-09-25,short_term,0hEurMDQu99nJRq8pTxO14,pop rock
2026-09-25,short_term,0hEurMDQu99nJRq8pTxO14,rock
2026-09-25,short_term,0hEurMDQu99nJRq8pTxO14,singer-songwriter
2026-09-25,short_term,0hEurMDQu99nJRq8pTxO14,soft rock
2026-09-25,short_term,0hEurMDQu99nJRq8pTxO14,soul
2026-09-25,short_term,1AbJ2cmwK400LSvdvBL5Jc,bedroom pop
2026-09-25,short_term,1QAJqy2dA3ihHBFIHRphZj,ambient
2026-09-25,short_term,1QAJqy2dA3ihHBFIHRphZj,ambient pop
2026-09-25,short_term,1QAJqy2dA3ihHBFIHRphZj,dream pop
2026-09-25,short_term,1QAJqy2dA3ihHBFIHRphZj,indie pop
2026-09-25,short_term,1QAJqy2dA3ihHBFIHRphZj,indie rock
2026-09-25,short_term,1QAJqy2dA3ihHBFIHRphZj,pop
2026-09-25,short_term,1QAJqy2dA3ihHBFIHRphZj,shoegaze
2026-09-25,short_term,1QAJqy2dA3ihHBFIHRphZj,slowcore
2026-09-25,short_term,1Xyo4u8uXC1ZmMpatF05PJ,alternative r&b
2026-09-25,short_term,1Xyo4u8uXC1ZmMpatF05PJ,contemporary r&b
2026-09-25,short_term,1Xyo4u8uXC1ZmMpatF05PJ,dance-pop
2026-09-25,short_term,1Xyo4u8uXC1ZmMpatF05PJ,hypnagogic pop
2026-09-25,short_term,1Xyo4u8uXC1ZmMpatF05PJ,pop
2026-09-25,short_term,1Xyo4u8uXC1ZmMpatF05PJ,r&b
2026-09-25,short_term,1Xyo4u8uXC1ZmMpatF05PJ,synth-pop
2026-09-25,short_term,1fa0cOhromAZdq2xRA4vv8,blue-eyed soul
2026-09-25,short_term,1fa0cOhromAZdq2xRA4vv8,dance-pop
2026-09-25,short_term,1fa0cOhromAZdq2xRA4vv8,pop
2026-09-25,short_term,1fa0cOhromAZdq2xRA4vv8,pop soul
2026-09-25,short_term,1fa0cOhromAZdq2xRA4vv8,r&b
2026-09-25,short_term,1fa0cOhromAZdq2xRA4vv8,soft rock
2026-09-25,short_term,1fa0cOhromAZdq2xRA4vv8,sophisti-pop
2026-09-25,short_term,1fa0cOhromAZdq2xRA4vv8,soul
2026-09-25,short_term,1mYsTxnqsietFxj1OgoGbG,classical
2026-09-25,short_term,1mYsTxnqsietFxj1OgoGbG,filmi
2026-09-25,short_term,1mYsTxnqsietFxj1OgoGbG,world fusion
2026-09-25,short_term,1wRPtKGflJrBx9BmLsSwlU,filmi
2026-09-25,short_term,2YZyLoL8N0Wb9xBt1NhZWg,alternative hip hop
2026-09-25,short_term,2YZyLoL8N0Wb9xBt1NhZWg,conscious hip hop
2026-09-25,short_term,2YZyLoL8N0Wb9xBt1NhZWg,dance
2026-09-25,short_term,2YZyLoL8N0Wb9xBt1NhZWg,disco
2026-09-25,short_term,2YZyLoL8N0Wb9xBt1NhZWg,future bass
2026-09-25,short_term,2YZyLoL8N0Wb9xBt1NhZWg,gangsta rap
2026-09-25,short_term,2YZyLoL8N0Wb9xBt1NhZWg,hardcore hip hop
2026-09-25,short_term,2YZyLoL8N0Wb9xBt1NhZWg,hip hop
2026-09-25,short_term,2YZyLoL8N0Wb9xBt1NhZWg,house
2026-09-25,short_term,2YZyLoL8N0Wb9xBt1NhZWg,jazz
2026-09-25,short_term,2YZyLoL8N0Wb9xBt1NhZWg,jazz rap
2026-09-25,short_term,2YZyLoL8N0Wb9xBt1NhZWg,pop
2026-09-25,short_term,2YZyLoL8N0Wb9xBt1NhZWg,pop rap
2026-09-25,short_term,2YZyLoL8N0Wb9xBt1NhZWg,r&b
2026-09-25,short_term,2YZyLoL8N0Wb9xBt1NhZWg,trap
2026-09-25,short_term,2YZyLoL8N0Wb9xBt1NhZWg,west coast hip hop
2026-09-25,short_term,2h93pZq0e7k5yf4dywlkpM,alternative r&b
2026-09-25,short_term,2h93pZq0e7k5yf4dywlkpM,contemporary r&b
2026-09-25,short_term,2h93pZq0e7k5yf4dywlkpM,pop
2026-09-25,short_term,2h93pZq0e7k5yf4dywlkpM,r&b
2026-09-25,short_term,2jku7tDXc6XoB6MO2hFuqg,alternative hip hop
2026-09-25,short_term,2jku7tDXc6XoB6MO2hFuqg,alternative r&b
2026-09-25,short_term,2jku7tDXc6XoB6MO2hFuqg,contemporary r&b
2026-09-25,short_term,2jku7tDXc6XoB6MO2hFuqg,dancehall
2026-09-25,short_term,2jku7tDXc6XoB6MO2hFuqg,hip hop
2026-09-25,short_term,2jku7tDXc6XoB6MO2hFuqg,r&b
2026-09-25,short_term,2oSONSC9zQ4UonDKnLqksx,filmi
2026-09-25,short_term,3MZsBdqDrRTJihTHQrO6Dq,alternative r&b
2026-09-25,short_term,3MZsBdqDrRTJihTHQrO6Dq,art pop
2026-09-25,short_term,3MZsBdqDrRTJihTHQrO6Dq,ballad
2026-09-25,short_term,3MZsBdqDrRTJihTHQrO6Dq,instrumental hip hop
2026-09-25,short_term,3MZsBdqDrRTJihTHQrO6Dq,lo-fi hip hop
2026-09-25,short_term,3MZsBdqDrRTJihTHQrO6Dq,trip hop
2026-09-25,short_term,3Sz7ZnJQBIHsXLUSo0OQtM,folk pop
2026-09-25,short_term,3Sz7ZnJQBIHsXLUSo0OQtM,indie pop
2026-09-25,short_term,3Sz7ZnJQBIHsXLUSo0OQtM,indie rock
2026-09-25,short_term,3Sz7ZnJQBIHsXLUSo0OQtM,jangle pop
2026-09-25,short_term,3Sz7ZnJQBIHsXLUSo0OQtM,pop
2026-09-25,short_term,3Sz7ZnJQBIHsXLUSo0OQtM,psychedelic pop
2026-09-25,short_term,3mIj9lX2MWuHmhNCA7LSCW,alternative pop
2026-09-25,short_term,3mIj9lX2MWuHmhNCA7LSCW,alternative rock
2026-09-25,short_term,3mIj9lX2MWuHmhNCA7LSCW,ambient pop
2026-09-25,short_term,3mIj9lX2MWuHmhNCA7LSCW,art pop
2026-09-25,short_term,3mIj9lX2MWuHmhNCA7LSCW,indie pop
2026-09-25,short_term,3mIj9lX2MWuHmhNCA7LSCW,indie rock
2026-09-25,short_term,3mIj9lX2MWuHmhNCA7LSCW,indietronica
2026-09-25,short_term,3mIj9lX2MWuHmhNCA7LSCW,leftfield
2026-09-25,short_term,3mIj9lX2MWuHmhNCA7LSCW,new wave
2026-09-25,short_term,3mIj9lX2MWuHmhNCA7LSCW,pop rock
2026-09-25,short_term,3mIj9lX2MWuHmhNCA7LSCW,post-punk revival
2026-09-25,short_term,3mIj9lX2MWuHmhNCA7LSCW,synth-pop
2026-09-25,short_term,3yY2gUcIsjMr8hjo51PoJ8,alternative rock
2026-09-25,short_term,3yY2gUcIsjMr8hjo51PoJ8,britpop
2026-09-25,short_term,3yY2gUcIsjMr8hjo51PoJ8,indie pop
2026-09-25,short_term,3yY2gUcIsjMr8hjo51PoJ8,indie rock
2026-09-25,short_term,3yY2gUcIsjMr8hjo51PoJ8,jangle pop
2026-09-25,short_term,3yY2gUcIsjMr8hjo51PoJ8,new wave
2026-09-25,short_term,3yY2gUcIsjMr8hjo51PoJ8,pop
2026-09-25,short_term,3yY2gUcIsjMr8hjo51PoJ8,post-punk
2026-09-25,short_term,3yY2gUcIsjMr8hjo51PoJ8,rock
2026-09-25,short_term,47zz7sob9NUcODy0BTDvKx,contemporary r&b
2026-09-25,short_term,47zz7sob9NUcODy0BTDvKx,downtempo
2026-09-25,short_term,47zz7sob9NUcODy0BTDvKx,jazz
2026-09-25,short_term,47zz7sob9NUcODy0BTDvKx,jazz pop
2026-09-25,short_term,47zz7sob9NUcODy0BTDvKx,pop
2026-09-25,short_term,47zz7sob9NUcODy0BTDvKx,quiet storm
2026-09-25,short_term,47zz7sob9NUcODy0BTDvKx,smooth jazz
2026-09-25,short_term,47zz7sob9NUcODy0BTDvKx,smooth soul
2026-09-25,short_term,47zz7sob9NUcODy0BTDvKx,sophisti-pop
2026-09-25,short_term,47zz7sob9NUcODy0BTDvKx,soul
2026-09-25,short_term,47zz7sob9NUcODy0BTDvKx,trip hop
2026-09-25,short_term,4G9NDjRyZFDlJKMRL8hx3S,indie pop
2026-09-25,short_term,4G9NDjRyZFDlJKMRL8hx3S,pop rock
2026-09-25,short_term,4Gso3d4CscCijv0lmajZWs,alternative r&b
2026-09-25,short_term,4Gso3d4CscCijv0lmajZWs,hip hop
2026-09-25,short_term,4Gso3d4CscCijv0lmajZWs,trap
2026-09-25,short_term,4gdMJYnopf2nEUcanAwstx,indian pop
2026-09-25,short_term,4gdMJYnopf2nEUcanAwstx,singer-songwriter
2026-09-25,short_term,4gzpq5DPGxSnKTe4SA8HAU,alternative rock
2026-09-25,short_term,4gzpq5DPGxSnKTe4SA8HAU,art pop
2026-09-25,short_term,4gzpq5DPGxSnKTe4SA8HAU,britpop
2026-09-25,short_term,4gzpq5DPGxSnKTe4SA8HAU,dream pop
2026-09-25,short_term,4gzpq5DPGxSnKTe4SA8HAU,piano rock
2026-09-25,short_term,4gzpq5DPGxSnKTe4SA8HAU,pop
2026-09-25,short_term,4gzpq5DPGxSnKTe4SA8HAU,pop rock
2026-09-25,short_term,4gzpq5DPGxSnKTe4SA8HAU,post-britpop
2026-09-25,short_term,4gzpq5DPGxSnKTe4SA8HAU,rock
2026-09-25,short_term,5INjqkS1o8h1imAzPqGZBb,alternative dance
2026-09-25,short_term,5INjqkS1o8h1imAzPqGZBb,alternative rock
2026-09-25,short_term,5INjqkS1o8h1imAzPqGZBb,dream pop
2026-09-25,short_term,5INjqkS1o8h1imAzPqGZBb,indie rock
2026-09-25,short_term,5INjqkS1o8h1imAzPqGZBb,indietronica
2026-09-25,short_term,5INjqkS1o8h1imAzPqGZBb,leftfield
2026-09-25,short_term,5INjqkS1o8h1imAzPqGZBb,neo-psychedelia
2026-09-25,short_term,5INjqkS1o8h1imAzPqGZBb,pop
2026-09-25,short_term,5INjqkS1o8h1imAzPqGZBb,psychedelic
2026-09-25,short_term,5INjqkS1o8h1imAzPqGZBb,psychedelic pop
2026-09-25,short_term,5INjqkS1o8h1imAzPqGZBb,psychedelic rock
2026-09-25,short_term,5INjqkS1o8h1imAzPqGZBb,rock
2026-09-25,short_term,5INjqkS1o8h1imAzPqGZBb,space rock
2026-09-25,short_term,5INjqkS1o8h1imAzPqGZBb,synth-pop
2026-09-25,short_term,5cj0lLjcoR7YOSnhnX0Po5,alternative rock
2026-09-25,short_term,5cj0lLjcoR7YOSnhnX0Po5,grunge
2026-09-25,short_term,5cj0lLjcoR7YOSnhnX0Po5,hip hop
2026-09-25,short_term,5cj0lLjcoR7YOSnhnX0Po5,pop
2026-09-25,short_term,5cj0lLjcoR7YOSnhnX0Po5,pop rap
2026-09-25,short_term,5cj0lLjcoR7YOSnhnX0Po5,post-grunge
2026-09-25,short_term,5cj0lLjcoR7YOSnhnX0Po5,power pop
2026-09-25,short_term,5cj0lLjcoR7YOSnhnX0Po5,rock
2026-09-25,short_term,5cj0lLjcoR7YOSnhnX0Po5,trap
2026-09-25,short_term,5cj0lLjcoR7YOSnhnX0Po5,west coast hip hop
2026-09-25,short_term,66CXWjxzNUsdJxJ2JdwvnR,contemporary r&b
2026-09-25,short_term,66CXWjxzNUsdJxJ2JdwvnR,dance-pop
2026-09-25,short_term,66CXWjxzNUsdJxJ2JdwvnR,pop
2026-09-25,short_term,66CXWjxzNUsdJxJ2JdwvnR,r&b
2026-09-25,short_term,66CXWjxzNUsdJxJ2JdwvnR,trap soul
2026-09-25,short_term,6IRouO5mvvfcyxtPDKMYFN,acoustic rock
2026-09-25,short_term,6IRouO5mvvfcyxtPDKMYFN,aor
2026-09-25,short_term,6IRouO5mvvfcyxtPDKMYFN,arena rock
2026-09-25,short_term,6IRouO5mvvfcyxtPDKMYFN,classic rock
2026-09-25,short_term,6IRouO5mvvfcyxtPDKMYFN,hard rock
2026-09-25,short_term,6IRouO5mvvfcyxtPDKMYFN,pop rock
2026-09-25,short_term,6IRouO5mvvfcyxtPDKMYFN,rock
2026-09-25,short_term,6IRouO5mvvfcyxtPDKMYFN,soft rock
2026-09-25,short_term,6XwwFnewNgWp81MYMK8zLq,deep house
2026-09-25,short_term,700c9Qz2z6HZKTumeliKAw,electronic
2026-09-25,short_term,77SW9BnxLY8rJ0RciFqkHh,alternative rock
2026-09-25,short_term,77SW9BnxLY8rJ0RciFqkHh,indie pop
2026-09-25,short_term,7CajNmpbOovFoOoasH2HaY,acid house
2026-09-25,short_term,7CajNmpbOovFoOoasH2HaY,club
2026-09-25,short_term,7CajNmpbOovFoOoasH2HaY,complextro
2026-09-25,short_term,7CajNmpbOovFoOoasH2HaY,contemporary r&b
2026-09-25,short_term,7CajNmpbOovFoOoasH2HaY,dance
2026-09-25,short_term,7CajNmpbOovFoOoasH2HaY,dance-pop
2026-09-25,short_term,7CajNmpbOovFoOoasH2HaY,disco
2026-09-25,short_term,7CajNmpbOovFoOoasH2HaY,edm
2026-09-25,short_term,7CajNmpbOovFoOoasH2HaY,electro house
2026-09-25,short_term,7CajNmpbOovFoOoasH2HaY,electro-disco
2026-09-25,short_term,7CajNmpbOovFoOoasH2HaY,electronic
2026-09-25,short_term,7CajNmpbOovFoOoasH2HaY,electropop
2026-09-25,short_term,7CajNmpbOovFoOoasH2HaY,festival progressive house
2026-09-25,short_term,7CajNmpbOovFoOoasH2HaY,funktronica
2026-09-25,short_term,7CajNmpbOovFoOoasH2HaY,hip house
2026-09-25,short_term,7CajNmpbOovFoOoasH2HaY,house
2026-09-25,short_term,7CajNmpbOovFoOoasH2HaY,melodic house
2026-09-25,short_term,7CajNmpbOovFoOoasH2HaY,melodic techno
2026-09-25,short_term,7CajNmpbOovFoOoasH2HaY,nu disco
2026-09-25,short_term,7CajNmpbOovFoOoasH2HaY,pop
2026-09-25,short_term,7CajNmpbOovFoOoasH2HaY,progressive house
2026-09-25,short_term,7CajNmpbOovFoOoasH2HaY,synth-pop
2026-09-25,short_term,7CajNmpbOovFoOoasH2HaY,uk garage
2026-09-25,short_term,7Ln80lUS6He07XvHI8qqHH,alternative rock
2026-09-25,short_term,7Ln80lUS6He07XvHI8qqHH,art rock
2026-09-25,short_term,7Ln80lUS6He07XvHI8qqHH,baroque pop
2026-09-25,short_term,7Ln80lUS6He07XvHI8qqHH,dance
2026-09-25,short_term,7Ln80lUS6He07XvHI8qqHH,electronica
2026-09-25,short_term,7Ln80lUS6He07XvHI8qqHH,garage rock
2026-09-25,short_term,7Ln80lUS6He07XvHI8qqHH,garage rock revival
2026-09-25,short_term,7Ln80lUS6He07XvHI8qqHH,house
2026-09-25,short_term,7Ln80lUS6He07XvHI8qqHH,indie rock
2026-09-25,short_term,7Ln80lUS6He07XvHI8qqHH,neo-psychedelia
2026-09-25,short_term,7Ln80lUS6He07XvHI8qqHH,pop
2026-09-25,short_term,7Ln80lUS6He07XvHI8qqHH,post-punk revival
2026-09-25,short_term,7Ln80lUS6He07XvHI8qqHH,psychedelic pop
2026-09-25,short_term,7Ln80lUS6He07XvHI8qqHH,psychedelic rock
2026-09-25,short_term,7Ln80lUS6He07XvHI8qqHH,rock
2026-09-25,short_term,7tYKF4w9nC0nq9CsPZTHyP,alternative r&b
2026-09-25,short_term,7tYKF4w9nC0nq9CsPZTHyP,contemporary r&b
2026-09-25,short_term,7tYKF4w9nC0nq9CsPZTHyP,electronic
2026-09-25,short_term,7tYKF4w9nC0nq9CsPZTHyP,hip hop soul
2026-09-25,short_term,7tYKF4w9nC0nq9CsPZTHyP,neo soul
2026-09-25,short_term,7tYKF4w9nC0nq9CsPZTHyP,pop
2026-09-25,short_term,7tYKF4w9nC0nq9CsPZTHyP,r&b
2026-09-25,short_term,7tYKF4w9nC0nq9CsPZTHyP,soul
