snapshot_date,captured_at,time_range,kind,rank,spotify_id,name,popularity,primary_artist_id,album_id,duration_ms,deezer_fans
2026-09-12,2026-09-12T17:13:48Z,long_term,artist,1,1QAJqy2dA3ihHBFIHRphZj,Cigarettes After Sex,,,,,900123
2026-09-12,2026-09-12T17:13:48Z,long_term,artist,2,0dgJbQ0bKPyUXco8hEXN7X,Øneheart,,,,,28777
2026-09-12,2026-09-12T17:13:48Z,long_term,artist,3,1Xyo4u8uXC1ZmMpatF05PJ,The Weeknd,,,,,14673869
2026-09-12,2026-09-12T17:13:48Z,long_term,artist,4,3MZsBdqDrRTJihTHQrO6Dq,Joji,,,,,562912
2026-09-12,2026-09-12T17:13:48Z,long_term,artist,5,6hIXwlI4wny3zYuB6cDBBk,Murtaza Qizilbash,,,,,
2026-09-12,2026-09-12T17:13:48Z,long_term,artist,6,5y8tKLUfMvliMe8IKamR32,d4vd,,,,,142030
2026-09-12,2026-09-12T17:13:48Z,long_term,artist,7,6znPk9JRNmg6uyB6h8nJu3,Kaavish,,,,,
2026-09-12,2026-09-12T17:13:48Z,long_term,artist,8,7tYKF4w9nC0nq9CsPZTHyP,SZA,,,,,1328164
2026-09-12,2026-09-12T17:13:48Z,long_term,artist,9,1wRPtKGflJrBx9BmLsSwlU,Pritam,,,,,71109
2026-09-12,2026-09-12T17:13:48Z,long_term,artist,10,77SW9BnxLY8rJ0RciFqkHh,The Neighbourhood,,,,,171
2026-09-12,2026-09-12T17:13:48Z,long_term,artist,11,5INjqkS1o8h1imAzPqGZBb,Tame Impala,,,,,1134261
2026-09-12,2026-09-12T17:13:48Z,long_term,artist,12,78rUTD7y6Cy67W1RVzYs7t,PinkPantheress,,,,,237467
2026-09-12,2026-09-12T17:13:48Z,long_term,artist,13,47zz7sob9NUcODy0BTDvKx,Sade,,,,,1451755
2026-09-12,2026-09-12T17:13:48Z,long_term,artist,14,4gdMJYnopf2nEUcanAwstx,Anuv Jain,,,,,4263
2026-09-12,2026-09-12T17:13:48Z,long_term,artist,15,00FQb4jTyendYWaN8pK0wa,Lana Del Rey,,,,,5801333
2026-09-12,2026-09-12T17:13:48Z,long_term,artist,16,2YZyLoL8N0Wb9xBt1NhZWg,Kendrick Lamar,,,,,6167418
2026-09-12,2026-09-12T17:13:48Z,long_term,artist,17,4gzpq5DPGxSnKTe4SA8HAU,Coldplay,,,,,18381342
2026-09-12,2026-09-12T17:13:48Z,long_term,artist,18,5mWQT8CLTa4mAQAJdFjHb1,Abdul Hannan,,,,,849
2026-09-12,2026-09-12T17:13:48Z,long_term,artist,19,05etL4pzWd6TSv1x5WrlG3,Faheem Abdullah,,,,,1526
2026-09-12,2026-09-12T17:13:48Z,long_term,artist,20,7Ln80lUS6He07XvHI8qqHH,Arctic Monkeys,,,,,4956340
2026-09-12,2026-09-12T17:13:48Z,long_term,artist,21,6ft7JnxMyZhp7N52qzHymY,Vansire,,,,,8337
2026-09-12,2026-09-12T17:13:48Z,long_term,artist,22,0Y6dVaC9DZtPNH4591M42W,TV Girl,,,,,445012
2026-09-12,2026-09-12T17:13:48Z,long_term,artist,23,3Sz7ZnJQBIHsXLUSo0OQtM,Mac DeMarco,,,,,559366
2026-09-12,2026-09-12T17:13:48Z,long_term,artist,24,4KRllJ2dEeoqvxOQLOgOsI,VØJ,,,,,12053
2026-09-12,2026-09-12T17:13:48Z,long_term,artist,25,4MrQDA45Gd0llLrwFUzimG,Flawed Mangoes,,,,,14592
2026-09-12,2026-09-12T17:13:48Z,long_term,artist,26,2exebQUDoIoT0dXA8BcN1P,Home,,,,,9745
2026-09-12,2026-09-12T17:13:48Z,long_term,artist,27,06O23tLg0or676h8EEzH7W,Pastel Ghost,,,,,56417
2026-09-12,2026-09-12T17:13:48Z,long_term,artist,28,700c9Qz2z6HZKTumeliKAw,LONOWN,,,,,9933
2026-09-12,2026-09-12T17:13:48Z,long_term,artist,29,3zmfs9cQwzJl575W1ZYXeT,Men I Trust,,,,,75725
2026-09-12,2026-09-12T17:13:48Z,long_term,artist,30,2jku7tDXc6XoB6MO2hFuqg,Tory Lanez,,,,,764818
2026-09-12,2026-09-12T17:13:48Z,long_term,artist,31,6YJ4EgQzDfJnIHRbqIHAdD,Idealism,,,,,7202
2026-09-12,2026-09-12T17:13:48Z,long_term,artist,32,17XXKfRBMCWvLrqGoNkJXm,Engelbert Humperdinck,,,,,46537
2026-09-12,2026-09-12T17:13:48Z,long_term,artist,33,4RRmL81NhhouCKGo8I6GaU,ADTurnUp,,,,,3003
2026-09-12,2026-09-12T17:13:48Z,long_term,artist,34,1cGyguqPQY22oUd4fKglFS,pxlse.,,,,,134
2026-09-12,2026-09-12T17:13:48Z,long_term,artist,35,7gW0r5CkdEUMm42w9XpyZO,Laufey,,,,,245985
2026-09-12,2026-09-12T17:13:48Z,long_term,artist,36,5cj0lLjcoR7YOSnhnX0Po5,Doja Cat,,,,,38
2026-09-12,2026-09-12T17:13:48Z,long_term,artist,37,2sSGPbdZJkaSE2AbcGOACx,The Marías,,,,,147167
2026-09-12,2026-09-12T17:13:48Z,long_term,artist,38,3TVXtAsR1Inumwj472S9r4,Drake,,,,,24078532
2026-09-12,2026-09-12T17:13:48Z,long_term,artist,39,3yKoHgjtyenCOIRaD2Gghu,Cafe Music BGM channel,,,,,10759
2026-09-12,2026-09-12T17:13:48Z,long_term,artist,40,0wf0kncEWHLMGqYqXgZql8,Level Five,,,,,
2026-09-12,2026-09-12T17:13:48Z,long_term,artist,41,1mYsTxnqsietFxj1OgoGbG,A.R. Rahman,,,,,6381
2026-09-12,2026-09-12T17:13:48Z,long_term,artist,42,5K4W6rqBFWDnAN6FQUkS6x,Kanye West,,,,,4543215
2026-09-12,2026-09-12T17:13:48Z,long_term,artist,43,3DeHMjvYP73Pycy8va8RKY,Arnob,,,,,
2026-09-12,2026-09-12T17:13:48Z,long_term,artist,44,0klU31gyC6EZqKgLvVANCy,tomcbumpz,,,,,1078
2026-09-12,2026-09-12T17:13:48Z,long_term,artist,45,19ra5tSw0tWufvUp8GotLo,George Michael,,,,,1497406
2026-09-12,2026-09-12T17:13:48Z,long_term,artist,46,3iGhlvzpXc0UHBQ7klAItX,Mitraz,,,,,1419
2026-09-12,2026-09-12T17:13:48Z,long_term,artist,47,2h93pZq0e7k5yf4dywlkpM,Frank Ocean,,,,,1260874
2026-09-12,2026-09-12T17:13:48Z,long_term,artist,48,4yvcSjfu4PC0CYQyLy4wSq,Glass Animals,,,,,321997
2026-09-12,2026-09-12T17:13:48Z,long_term,artist,49,0Y5tJX1MQlPlqiwlOH1tJY,Travis Scott,,,,,3136799
2026-09-12,2026-09-12T17:13:48Z,long_term,artist,50,3AA28KZvwAUcZuOKwyblJQ,Gorillaz,,,,,3014766
2026-09-12,2026-09-12T17:13:48Z,long_term,track,1,2PpYJcgJN6PzozUv7rU669,stellar,,2LbjW13j6rNtFgYcPjR2ur,4gF0aKdd26DsLMbDcLdJdc,99672,
2026-09-12,2026-09-12T17:13:48Z,long_term,track,2,0X4YYZtZcvqNqYIpMd93IT,i was only temporary,,7pxIYxdkx2675ZGKSAPBAy,24tfAQTRqLfKw5bFjMhc4m,98621,
2026-09-12,2026-09-12T17:13:48Z,long_term,track,3,4xF4ZBGPZKxECeDFrqSAG4,snowfall,,0dgJbQ0bKPyUXco8hEXN7X,4NRsGHlWBTl4rdLcq8CKcH,124065,
2026-09-12,2026-09-12T17:13:48Z,long_term,track,4,28pUgp8Cifsnwrv5Mvltyz,nagashi,,6YJ4EgQzDfJnIHRbqIHAdD,5tfqUZ5RcSWcYn5mWYQ4PK,109948,
2026-09-12,2026-09-12T17:13:48Z,long_term,track,5,00RLNHc2jkEjUoCUlFgPVT,welcome and goodbye,,0qZyvjwZauLmrobrpJmvib,0hZJDoAmB6xVegy0o1eAZd,140643,
2026-09-12,2026-09-12T17:13:48Z,long_term,track,6,6JCkLyhLxufrb10cem9WA6,彩霞,,64mecceQewFCKwCK6JBW0o,1GoWJc6XFiHW1ewHcY1Xqm,134053,
2026-09-12,2026-09-12T17:13:48Z,long_term,track,7,1uvn7eP1I7mIKGvpsqDcoW,bipolar,,2LbjW13j6rNtFgYcPjR2ur,5MOmkgxIJLtmoapI60uK6A,132418,
2026-09-12,2026-09-12T17:13:48Z,long_term,track,8,2mlNgAeIBnL78ZriXgrRHz,Glimpse of Us,,3MZsBdqDrRTJihTHQrO6Dq,39VuC5rYQHAnR6xQwm1WDk,233453,
2026-09-12,2026-09-12T17:13:48Z,long_term,track,9,6rY5FAWxCdAGllYEOZMbjW,SLOW DANCING IN THE DARK,,3MZsBdqDrRTJihTHQrO6Dq,5mIImcsuqpiSXg8XvFr81I,209273,
2026-09-12,2026-09-12T17:13:48Z,long_term,track,10,1A7qPfbcyRVEdcZiwTFhZI,Memory Reboot,,4KRllJ2dEeoqvxOQLOgOsI,134MPeCAA7a1yRC1rRFQCx,209416,
2026-09-12,2026-09-12T17:13:48Z,long_term,track,11,1XTijOjVgekZjRXwgJ2VSE,Bhool,,6hIXwlI4wny3zYuB6cDBBk,4MIPkmbrYvZqLdzLwaQRF9,244800,
2026-09-12,2026-09-12T17:13:48Z,long_term,track,12,1oAwsWBovWRIp7qLMGPIet,Apocalypse,,1QAJqy2dA3ihHBFIHRphZj,5chTLnnxlxQVAgEv6YbEBe,290146,
2026-09-12,2026-09-12T17:13:48Z,long_term,track,13,7mDTvYD2ieE4Q28XFziMfJ,Cry,,1QAJqy2dA3ihHBFIHRphZj,63yRRBtLX8eqbOLD6f0y9U,256799,
2026-09-12,2026-09-12T17:13:48Z,long_term,track,14,4XTgFBxBHN6var1BzAgE1m,Jhol,,3scNK8e4mqnP6Rb8a3lwZY,7grtFo2pj5wwRTM7c6NI9y,265817,
2026-09-12,2026-09-12T17:13:48Z,long_term,track,15,0SCLsDJtC7DmOwks1tsszt,Romantic Homicide,,5y8tKLUfMvliMe8IKamR32,3rrrTOHiXGzuW4FP7t0O1A,132630,
2026-09-12,2026-09-12T17:13:48Z,long_term,track,16,7F2nEClWeQ3x5ycA5qtKOI,a million faces,,5pQD8yR8sjmxwgZfLnZzmT,49jPojLRuWp71LnK3Y3ClE,102068,
2026-09-12,2026-09-12T17:13:48Z,long_term,track,17,4sh8w9hWn04EWoCAeIRdQm,Freaks but Slowed Muffled Echo,,4LMTEaUZGbmDx1xcW08hmE,0bDhcvA7GKReXml1bVUSUa,176041,
2026-09-12,2026-09-12T17:13:48Z,long_term,track,18,37s1WRi8s1rZysbjvBGrEd,Divine Failure,,3IhhgswUBInj1W5gEz92T6,2Xz9bocL8qWYmMnS4jyzFY,151111,
2026-09-12,2026-09-12T17:13:48Z,long_term,track,19,5e0b9LgOfi3aJSKXFcOWRe,Beanie,,1EmdfupUQDpXOcb4Nj2mBH,3sgTZuoyovg4bR5iTgQoo3,132160,
2026-09-12,2026-09-12T17:13:48Z,long_term,track,20,3hB9lDLyAClYVZivMMl20N,Co2,,0tC995Rfn9k2l7nqgCZsV7,4WLh56ZjwINYBNhaxLvEhA,163653,
2026-09-12,2026-09-12T17:13:48Z,long_term,track,21,0JIMT9gzLIIz0esKLyjbKf,Telephones,,0U7iI0Dk4Ojvi17nZboNO4,3Ull45eHLzGXtElhKHFJ7C,212432,
2026-09-12,2026-09-12T17:13:48Z,long_term,track,22,69KUKhBqyGvtO1jtJwZEcv,Fainted,,3QZtwiUoyaXbl1JssMPIQ7,5TQu0bEFSLXXVqrGNIXyKM,249600,
2026-09-12,2026-09-12T17:13:48Z,long_term,track,23,3GUSidbQwd7xuvU6AQorRh,Keep on Loving You,,1QAJqy2dA3ihHBFIHRphZj,3gbJSNFlAe2CjqIjMOeMw1,233000,
2026-09-12,2026-09-12T17:13:48Z,long_term,track,24,5LrN7yUQAzvthd4QujgPFr,Here With Me,,5y8tKLUfMvliMe8IKamR32,3rrrTOHiXGzuW4FP7t0O1A,242484,
2026-09-12,2026-09-12T17:13:48Z,long_term,track,25,6RiiSy9GzSwiyDEJDiMuKe,Something About You,,3XxNRirzbjfLdDli06zMaB,0QB8JzlX70ame6G972aEF1,153312,
2026-09-12,2026-09-12T17:13:48Z,long_term,track,26,70tmdhbUPcVxIxCIpChscl,next to you,,0dgJbQ0bKPyUXco8hEXN7X,7dG0UKYNW0hOIr824ZvTYh,123750,
2026-09-12,2026-09-12T17:13:48Z,long_term,track,27,0DTSnA1bcVI5niJzoyBPyZ,Past Won't Leave My Bed,,3MZsBdqDrRTJihTHQrO6Dq,5JJpyK4SILx6UXJBiT1twN,166106,
2026-09-12,2026-09-12T17:13:48Z,long_term,track,28,2OrucC3HEPmZpkaQ05Nx0V,novocaine,,6hxcqtqpmf08pTDkffU5xx,1fm7CNqCCdnqOoxdb23VTs,195605,
2026-09-12,2026-09-12T17:13:48Z,long_term,track,29,5E02BgqYNN9VzafXrYP6Np,Heavenly,,1QAJqy2dA3ihHBFIHRphZj,63yRRBtLX8eqbOLD6f0y9U,286773,
2026-09-12,2026-09-12T17:13:48Z,long_term,track,30,2TQve4B4jpyUqvxDHzNZAu,Kokuten (Sasuke's Epic Theme from Naruto),,6ibMMTrcvRnEjaxi432r6o,5fIIBXeO9GlqxfTWidHOUt,132751,
2026-09-12,2026-09-12T17:13:48Z,long_term,track,31,0qPoQiQIhgyMaP7X78hxri,Akhiyaan Gulaab,,3iGhlvzpXc0UHBQ7klAItX,0KvWbswDD0ksvFayBl6gUz,171147,
2026-09-12,2026-09-12T17:13:48Z,long_term,track,32,0j3mqDTK4Z6lvrLzFCUUz6,Good Looking,,5GGJosGMs08YEmKTZJe1fL,78rO0EfpVs1RPfpxzF6kUz,214800,
2026-09-12,2026-09-12T17:13:48Z,long_term,track,33,5rK4GDNiHYC3NUPV3ME4J4,Has To Be,,4g3JG556dlxAQVKpqTbedB,3qK9D70gyPRhGGgNsvutpy,115744,
2026-09-12,2026-09-12T17:13:48Z,long_term,track,34,40iDbkPRNNpACrwoCuyRtk,Interlinked - Slowed,,4Bv8nfuBV3hv0yVXXgYozl,03HFE1r5ICujfATGcSkXCV,230000,
2026-09-12,2026-09-12T17:13:48Z,long_term,track,35,4UKjQODokAfEMaTgvTHbVX,Sila,,5mWQT8CLTa4mAQAJdFjHb1,6YqbrXnmuh8lxNEFeHNOcA,248413,
2026-09-12,2026-09-12T17:13:48Z,long_term,track,36,3hEfpBHxgieRLz4t3kLNEg,About You,,3mIj9lX2MWuHmhNCA7LSCW,0kvoCDiWdZ7eHPW7xvdg3z,326490,
2026-09-12,2026-09-12T17:13:48Z,long_term,track,37,6mHTwIXqZtuQUF1fEkrhFB,Tum,,6hIXwlI4wny3zYuB6cDBBk,4INFMJi3SwIEWixQjlMNig,258750,
2026-09-12,2026-09-12T17:13:48Z,long_term,track,38,6JB0h4leDJ4Akabtu42Epd,Tere Pyar Main,,6znPk9JRNmg6uyB6h8nJu3,1lCyYMOz15QK4vhcUxHxEW,302706,
2026-09-12,2026-09-12T17:13:48Z,long_term,track,39,75IQVo8hqI1iwVZyvkN2VT,Show Me How,,3zmfs9cQwzJl575W1ZYXeT,7mUYDBqNiddmKxuKrnBEKQ,215110,
2026-09-12,2026-09-12T17:13:48Z,long_term,track,40,3p4hRhMcb6ch8OLtATMaLw,Cry,,1QAJqy2dA3ihHBFIHRphZj,4uQ5kFmXQdCxz3WvM4UUzy,256799,
2026-09-12,2026-09-12T17:13:48Z,long_term,track,41,3VJpl4jrFSqY3Y6mAzqfux,Har Baar,,6hIXwlI4wny3zYuB6cDBBk,1oRAxwfxb55WuW7KjSx5uw,250285,
2026-09-12,2026-09-12T17:13:48Z,long_term,track,42,4ppTAJUbNXELZcoUaL90wo,Try Me,,1Xyo4u8uXC1ZmMpatF05PJ,4qZBW3f2Q8y0k1A84d4iAO,221106,
2026-09-12,2026-09-12T17:13:48Z,long_term,track,43,4t9vB7wIKWE5jIhjcztmmd,Iris,,06O23tLg0or676h8EEzH7W,3sy3jRg8KrsGYNAuHPQnqk,218384,
2026-09-12,2026-09-12T17:13:48Z,long_term,track,44,5TTGoX70AFrTvuEtqHK37S,No. 1 Party Anthem,,7Ln80lUS6He07XvHI8qqHH,78bpIziExqiI9qztvNFlQu,243131,
2026-09-12,2026-09-12T17:13:48Z,long_term,track,45,29KwH2LEjfWEtiC2jCrLVw,Amore mio aiutami - Main Theme,,2WPn0emjr8XPmMOT0bBcPe,5ekkoKz391PScKKZRCmgDF,234026,
2026-09-12,2026-09-12T17:13:48Z,long_term,track,46,6MRD4fDXBbqa0xodmaFk8Q,Everybody Wants To Rule The World - Sped Up Version,,4bthk9UfsYUYdcFyqxmSUU,1OCUxmIIq0Q1Mj3AFATzsI,183634,
2026-09-12,2026-09-12T17:13:48Z,long_term,track,47,4QzZVJc6qPTtTkPem7qZRo,The Lamp Is Low,,5PkDpzWMZR7Id1vldhF8Qk,2KZIJx4RtZ1seAa6pa6ugl,170790,
2026-09-12,2026-09-12T17:13:48Z,long_term,track,48,612zd3tyOwz52c7c67orZx,safe again,,5np27CiKTBMaIEPqTCrqBF,554ghCNlV34hilih8ujx3T,142237,
2026-09-12,2026-09-12T17:13:48Z,long_term,track,49,5ZP8LfM7TezqoxF9yp6VzX,Stop Waiting,,1QAJqy2dA3ihHBFIHRphZj,1altYQrIlTUBxLKPEkVxgh,362973,
2026-09-12,2026-09-12T17:13:48Z,long_term,track,50,1hlbywc8Jhl1FFqJxAMabE,Ishq,,05etL4pzWd6TSv1x5WrlG3,013jUXOfDFXnDMBetTdsiH,224842,
2026-09-12,2026-09-12T17:13:48Z,medium_term,artist,1,3MZsBdqDrRTJihTHQrO6Dq,Joji,,,,,562912
2026-09-12,2026-09-12T17:13:48Z,medium_term,artist,2,6hIXwlI4wny3zYuB6cDBBk,Murtaza Qizilbash,,,,,
2026-09-12,2026-09-12T17:13:48Z,medium_term,artist,3,1QAJqy2dA3ihHBFIHRphZj,Cigarettes After Sex,,,,,900123
2026-09-12,2026-09-12T17:13:48Z,medium_term,artist,4,1Xyo4u8uXC1ZmMpatF05PJ,The Weeknd,,,,,14673869
2026-09-12,2026-09-12T17:13:48Z,medium_term,artist,5,05etL4pzWd6TSv1x5WrlG3,Faheem Abdullah,,,,,1526
2026-09-12,2026-09-12T17:13:48Z,medium_term,artist,6,700c9Qz2z6HZKTumeliKAw,LONOWN,,,,,9933
2026-09-12,2026-09-12T17:13:48Z,medium_term,artist,7,47zz7sob9NUcODy0BTDvKx,Sade,,,,,1451755
2026-09-12,2026-09-12T17:13:48Z,medium_term,artist,8,5y8tKLUfMvliMe8IKamR32,d4vd,,,,,142030
2026-09-12,2026-09-12T17:13:48Z,medium_term,artist,9,6znPk9JRNmg6uyB6h8nJu3,Kaavish,,,,,
2026-09-12,2026-09-12T17:13:48Z,medium_term,artist,10,1cGyguqPQY22oUd4fKglFS,pxlse.,,,,,134
2026-09-12,2026-09-12T17:13:48Z,medium_term,artist,11,77SW9BnxLY8rJ0RciFqkHh,The Neighbourhood,,,,,171
2026-09-12,2026-09-12T17:13:48Z,medium_term,artist,12,3Sz7ZnJQBIHsXLUSo0OQtM,Mac DeMarco,,,,,559366
2026-09-12,2026-09-12T17:13:48Z,medium_term,artist,13,5INjqkS1o8h1imAzPqGZBb,Tame Impala,,,,,1134261
2026-09-12,2026-09-12T17:13:48Z,medium_term,artist,14,0klU31gyC6EZqKgLvVANCy,tomcbumpz,,,,,1078
2026-09-12,2026-09-12T17:13:48Z,medium_term,artist,15,5mWQT8CLTa4mAQAJdFjHb1,Abdul Hannan,,,,,849
2026-09-12,2026-09-12T17:13:48Z,medium_term,artist,16,7Ln80lUS6He07XvHI8qqHH,Arctic Monkeys,,,,,4956340
2026-09-12,2026-09-12T17:13:48Z,medium_term,artist,17,1wRPtKGflJrBx9BmLsSwlU,Pritam,,,,,71109
2026-09-12,2026-09-12T17:13:48Z,medium_term,artist,18,4Z8W4fKeB5YxbusRsdQVPb,Radiohead,,,,,508
2026-09-12,2026-09-12T17:13:48Z,medium_term,artist,19,0Y6dVaC9DZtPNH4591M42W,TV Girl,,,,,445012
2026-09-12,2026-09-12T17:13:48Z,medium_term,artist,20,5cj0lLjcoR7YOSnhnX0Po5,Doja Cat,,,,,38
2026-09-12,2026-09-12T17:13:48Z,medium_term,artist,21,4gdMJYnopf2nEUcanAwstx,Anuv Jain,,,,,4263
2026-09-12,2026-09-12T17:13:48Z,medium_term,artist,22,2jku7tDXc6XoB6MO2hFuqg,Tory Lanez,,,,,764818
2026-09-12,2026-09-12T17:13:48Z,medium_term,artist,23,60jYUgQzKAtnJoXKGk1GNn,Habib Wahid,,,,,
2026-09-12,2026-09-12T17:13:48Z,medium_term,artist,24,06eRdiCBgFUhiuFjei0eH2,Warfaze,,,,,
2026-09-12,2026-09-12T17:13:48Z,medium_term,artist,25,0wf0kncEWHLMGqYqXgZql8,Level Five,,,,,
2026-09-12,2026-09-12T17:13:48Z,medium_term,artist,26,17XXKfRBMCWvLrqGoNkJXm,Engelbert Humperdinck,,,,,46537
2026-09-12,2026-09-12T17:13:48Z,medium_term,artist,27,7lzordPuZEXxwt9aoVZYmG,Billy Idol,,,,,604998
2026-09-12,2026-09-12T17:13:48Z,medium_term,artist,28,7tYKF4w9nC0nq9CsPZTHyP,SZA,,,,,1328164
2026-09-12,2026-09-12T17:13:48Z,medium_term,artist,29,59oBQlP5xoa5cfPkonNNnT,Nafeesisboujee,,,,,6933
2026-09-12,2026-09-12T17:13:48Z,medium_term,artist,30,66CXWjxzNUsdJxJ2JdwvnR,Ariana Grande,,,,,13420271
2026-09-12,2026-09-12T17:13:48Z,medium_term,artist,31,5c7JjKTazKNQubk2GjgbJT,Arekta Rock Band,,,,,
2026-09-12,2026-09-12T17:13:48Z,medium_term,artist,32,78rUTD7y6Cy67W1RVzYs7t,PinkPantheress,,,,,237467
2026-09-12,2026-09-12T17:13:48Z,medium_term,artist,33,3mIj9lX2MWuHmhNCA7LSCW,The 1975,,,,,606647
2026-09-12,2026-09-12T17:13:48Z,medium_term,artist,34,2LbjW13j6rNtFgYcPjR2ur,.diedlonely,,,,,4224
2026-09-12,2026-09-12T17:13:48Z,medium_term,artist,35,00FQb4jTyendYWaN8pK0wa,Lana Del Rey,,,,,5801333
2026-09-12,2026-09-12T17:13:48Z,medium_term,artist,36,0xRXCcSX89eobfrshSVdyu,MEDUZA,,,,,
2026-09-12,2026-09-12T17:13:48Z,medium_term,artist,37,2h93pZq0e7k5yf4dywlkpM,Frank Ocean,,,,,1260874
2026-09-12,2026-09-12T17:13:48Z,medium_term,artist,38,5ThqNILsplOvwjj9kx0Hnt,Artcell,,,,,
2026-09-12,2026-09-12T17:13:48Z,medium_term,artist,39,3AA28KZvwAUcZuOKwyblJQ,Gorillaz,,,,,3014766
2026-09-12,2026-09-12T17:13:48Z,medium_term,artist,40,4yvcSjfu4PC0CYQyLy4wSq,Glass Animals,,,,,321997
2026-09-12,2026-09-12T17:13:48Z,medium_term,artist,41,2ElQWsoSpwUhYFFdFuHqse,Lorenzo Ferrara,,,,,
2026-09-12,2026-09-12T17:13:48Z,medium_term,artist,42,3ctnkEZGtVBTxS7IMin8nC,Instupendo,,,,,4624
2026-09-12,2026-09-12T17:13:48Z,medium_term,artist,43,3TVXtAsR1Inumwj472S9r4,Drake,,,,,24078532
2026-09-12,2026-09-12T17:13:48Z,medium_term,artist,44,4KRllJ2dEeoqvxOQLOgOsI,VØJ,,,,,12053
2026-09-12,2026-09-12T17:13:48Z,medium_term,artist,45,0WBg7b6KiPmfh7lI5vbFKC,Meghdol,,,,,
2026-09-12,2026-09-12T17:13:48Z,medium_term,artist,46,1Mxqyy3pSjf8kZZL4QVxS0,Frank Sinatra,,,,,2483143
2026-09-12,2026-09-12T17:13:48Z,medium_term,artist,47,2YZyLoL8N0Wb9xBt1NhZWg,Kendrick Lamar,,,,,6167418
2026-09-12,2026-09-12T17:13:48Z,medium_term,artist,48,3fMbdgg4jU18AjLCKBhRSm,Michael Jackson,,,,,13111015
2026-09-12,2026-09-12T17:13:48Z,medium_term,artist,49,4YRxDV8wJFPHPTeXepOstw,Arijit Singh,,,,,40
2026-09-12,2026-09-12T17:13:48Z,medium_term,artist,50,0qjWYusrckF9BpkvWaoKRO,Cozy Coffee Shop,,,,,
2026-09-12,2026-09-12T17:13:48Z,medium_term,track,1,0X4YYZtZcvqNqYIpMd93IT,i was only temporary,,7pxIYxdkx2675ZGKSAPBAy,24tfAQTRqLfKw5bFjMhc4m,98621,
2026-09-12,2026-09-12T17:13:48Z,medium_term,track,2,2mlNgAeIBnL78ZriXgrRHz,Glimpse of Us,,3MZsBdqDrRTJihTHQrO6Dq,39VuC5rYQHAnR6xQwm1WDk,233453,
2026-09-12,2026-09-12T17:13:48Z,medium_term,track,3,1uvn7eP1I7mIKGvpsqDcoW,bipolar,,2LbjW13j6rNtFgYcPjR2ur,5MOmkgxIJLtmoapI60uK6A,132418,
2026-09-12,2026-09-12T17:13:48Z,medium_term,track,4,2PpYJcgJN6PzozUv7rU669,stellar,,2LbjW13j6rNtFgYcPjR2ur,4gF0aKdd26DsLMbDcLdJdc,99672,
2026-09-12,2026-09-12T17:13:48Z,medium_term,track,5,6rY5FAWxCdAGllYEOZMbjW,SLOW DANCING IN THE DARK,,3MZsBdqDrRTJihTHQrO6Dq,5mIImcsuqpiSXg8XvFr81I,209273,
2026-09-12,2026-09-12T17:13:48Z,medium_term,track,6,3J44gxX4AcRApFyympWPIB,Past Won't Leave My Bed,,3MZsBdqDrRTJihTHQrO6Dq,7MLyEn1CPizpS8bjZ7zzrT,166106,
2026-09-12,2026-09-12T17:13:48Z,medium_term,track,7,4UKjQODokAfEMaTgvTHbVX,Sila,,5mWQT8CLTa4mAQAJdFjHb1,6YqbrXnmuh8lxNEFeHNOcA,248413,
2026-09-12,2026-09-12T17:13:48Z,medium_term,track,8,1XTijOjVgekZjRXwgJ2VSE,Bhool,,6hIXwlI4wny3zYuB6cDBBk,4MIPkmbrYvZqLdzLwaQRF9,244800,
2026-09-12,2026-09-12T17:13:48Z,medium_term,track,9,3VJpl4jrFSqY3Y6mAzqfux,Har Baar,,6hIXwlI4wny3zYuB6cDBBk,1oRAxwfxb55WuW7KjSx5uw,250285,
2026-09-12,2026-09-12T17:13:48Z,medium_term,track,10,2TQve4B4jpyUqvxDHzNZAu,Kokuten (Sasuke's Epic Theme from Naruto),,6ibMMTrcvRnEjaxi432r6o,5fIIBXeO9GlqxfTWidHOUt,132751,
2026-09-12,2026-09-12T17:13:48Z,medium_term,track,11,3p4hRhMcb6ch8OLtATMaLw,Cry,,1QAJqy2dA3ihHBFIHRphZj,4uQ5kFmXQdCxz3WvM4UUzy,256799,
2026-09-12,2026-09-12T17:13:48Z,medium_term,track,12,1hlbywc8Jhl1FFqJxAMabE,Ishq,,05etL4pzWd6TSv1x5WrlG3,013jUXOfDFXnDMBetTdsiH,224842,
2026-09-12,2026-09-12T17:13:48Z,medium_term,track,13,5rK4GDNiHYC3NUPV3ME4J4,Has To Be,,4g3JG556dlxAQVKpqTbedB,3qK9D70gyPRhGGgNsvutpy,115744,
2026-09-12,2026-09-12T17:13:48Z,medium_term,track,14,65krtHkaYLPr0mEbjL61UP,Kiss of Life,,47zz7sob9NUcODy0BTDvKx,3uSWaQxJAdm5MWKQkQJNoK,251333,
2026-09-12,2026-09-12T17:13:48Z,medium_term,track,15,0oUBuOO4g9P4lREqfqR5nq,A Man Without Love,,17XXKfRBMCWvLrqGoNkJXm,2zQM1HOK5OnDGF1SSWExnE,203133,
2026-09-12,2026-09-12T17:13:48Z,medium_term,track,16,00WLowvlN5cjkYpQV6pjo4,Die For You,,3MZsBdqDrRTJihTHQrO6Dq,39VuC5rYQHAnR6xQwm1WDk,211666,
2026-09-12,2026-09-12T17:13:48Z,medium_term,track,17,4eFV1LfWlYCVJnPTuSo3db,LOVE YOU LESS,,3MZsBdqDrRTJihTHQrO6Dq,7MLyEn1CPizpS8bjZ7zzrT,201186,
2026-09-12,2026-09-12T17:13:48Z,medium_term,track,18,06E5KyqnDTueEbdT22FFvM,School Rooftop,,72y6MZHIPEyS64ACSCtIq6,3ZoCHr39oKNBUHTykhkMpx,167967,
2026-09-12,2026-09-12T17:13:48Z,medium_term,track,19,3iy2QuCtCzpWnR6tia39AB,hate that i made you love me,,66CXWjxzNUsdJxJ2JdwvnR,2k4FmEtXR0WiDW0Ac2QArT,197949,
2026-09-12,2026-09-12T17:13:48Z,medium_term,track,20,0FVuyC9RP5MACjp4lgU3qZ,I'm God,,5vSQUyT33qxr1xAX2Tkf3A,66eXLlqksAwNndmHaHWtCq,277710,
2026-09-12,2026-09-12T17:13:48Z,medium_term,track,21,70YTBH8vOGJNMhy6186yFm,Heavenly,,1QAJqy2dA3ihHBFIHRphZj,4uQ5kFmXQdCxz3WvM4UUzy,286773,
2026-09-12,2026-09-12T17:13:48Z,medium_term,track,22,0H9rWqCXi7gv6kDO3N98ZU,Khwaab,,05etL4pzWd6TSv1x5WrlG3,013jUXOfDFXnDMBetTdsiH,325806,
2026-09-12,2026-09-12T17:13:48Z,medium_term,track,23,0pUVeEgZuNyFzIMKp67RbS,Eyes Without A Face,,7lzordPuZEXxwt9aoVZYmG,2FZNWUmgRoP8uJZBaHJdfj,299240,
2026-09-12,2026-09-12T17:13:48Z,medium_term,track,24,0JIMT9gzLIIz0esKLyjbKf,Telephones,,0U7iI0Dk4Ojvi17nZboNO4,3Ull45eHLzGXtElhKHFJ7C,212432,
2026-09-12,2026-09-12T17:13:48Z,medium_term,track,25,7mrrszs7ZOPEsJhg0q8jvD,Tairay Naam,,6znPk9JRNmg6uyB6h8nJu3,6MXb1UT4rEqv1ZrUodbMUk,328421,
2026-09-12,2026-09-12T17:13:48Z,medium_term,track,26,2xql0pid3EUwW38AsywxhV,Reflections,,77SW9BnxLY8rJ0RciFqkHh,0ODLCdHBFVvKwJGeSfd1jy,244013,
2026-09-12,2026-09-12T17:13:48Z,medium_term,track,27,1GDJhAiO9tqjMuDWFad0IF,Woh,,6hIXwlI4wny3zYuB6cDBBk,2tbamcNG4xK0jKrd1lSzXX,237672,
2026-09-12,2026-09-12T17:13:48Z,medium_term,track,28,42D9aaKTLw47faFhRCQfHF,Blah Blah,,3MZsBdqDrRTJihTHQrO6Dq,5xiwCNC26RvgfwElNmIJoL,161653,
2026-09-12,2026-09-12T17:13:48Z,medium_term,track,29,030OypEGdW6Nvo1KDWa0Bt,Catch a Feeling,,2Glf84Z4MUxfquLMdTjd1G,2QquxK1oqBz5jrF6uBV0Zc,127000,
2026-09-12,2026-09-12T17:13:48Z,medium_term,track,30,7oNZfE9wnu7SP55LwNSiKG,Hum,,6hIXwlI4wny3zYuB6cDBBk,7idG3a5Nmotd02hA6ifD0f,275076,
2026-09-12,2026-09-12T17:13:48Z,medium_term,track,31,6CKoWCWAqEVWVjpeoJXyNH,Shape Of My Heart,,0Ty63ceoRnnJKVEYP0VQpk,5kV0KBXfELibs6qQJLmOtg,279226,
2026-09-12,2026-09-12T17:13:48Z,medium_term,track,32,1gVN2TuTQh2g9LE1wi6FTY,Girei,,2ElQWsoSpwUhYFFdFuHqse,5FLwqfngn0X753dUDkF9tt,130421,
2026-09-12,2026-09-12T17:13:48Z,medium_term,track,33,4BGfzLrK6lgvKDjKSU7wrN,Sajde,,05etL4pzWd6TSv1x5WrlG3,013jUXOfDFXnDMBetTdsiH,460833,
2026-09-12,2026-09-12T17:13:48Z,medium_term,track,34,7npPPrZEDmeHMk6mxvIeFa,My Jinji,,7BqRcZsHYYQeqMAOp7e532,24eFuwfHPWbuRMrMevqe0Q,400560,
2026-09-12,2026-09-12T17:13:48Z,medium_term,track,35,2hsaWsa0VNx1ug3uotwMvP,Saika,,4sakRwIaBDdtw8qZ8NNwsc,6D02yHQQhXyJ02mVYZxFlL,150525,
2026-09-12,2026-09-12T17:13:48Z,medium_term,track,36,5Z8Dj3LtbyCMiwE86rhg2f,Marea (we’ve lost dancing),,4oLeXFyACqeem2VImYeBFe,6o86bV7TAt5x4exc2qLDqC,285375,
2026-09-12,2026-09-12T17:13:48Z,medium_term,track,37,7JEzAlwHhCD2M1cYE6BeqJ,Loving Machine,,0Y6dVaC9DZtPNH4591M42W,4oL7pMxnb04uuRI7ReXmuh,227000,
2026-09-12,2026-09-12T17:13:48Z,medium_term,track,38,16zzrcKYGDkaGNeSjIMa6O,through - 2022 Remastered,,47mrO8UvhD1Qt6iAIy4fCO,6ZqKaHYpWb1TARqE3oUU2G,347636,
2026-09-12,2026-09-12T17:13:48Z,medium_term,track,39,6mHTwIXqZtuQUF1fEkrhFB,Tum,,6hIXwlI4wny3zYuB6cDBBk,4INFMJi3SwIEWixQjlMNig,258750,
2026-09-12,2026-09-12T17:13:48Z,medium_term,track,40,4Bsf8Pzli5MQv9zLF9KXqc,Unakkul Naane,,29aw5YCdIw2FEXYyAJZI8l,1MrwFWLghGgpbpJ0iekIhK,127850,
2026-09-12,2026-09-12T17:13:48Z,medium_term,track,41,0WiMJIxYYEex2AqhRqzV3u,For the First Time,,3Sz7ZnJQBIHsXLUSo0OQtM,0NEyPH2WTU7NAPxebB7z4g,182306,
2026-09-12,2026-09-12T17:13:48Z,medium_term,track,42,5hjhaH0vwtpftiLtF3veZp,Ophelia,,78rUTD7y6Cy67W1RVzYs7t,2pOEFqvfxp5uUQ8vQEmVA0,155093,
2026-09-12,2026-09-12T17:13:48Z,medium_term,track,43,1KIJclzEbNhSVw8tiHPWwE,Young,,0U7iI0Dk4Ojvi17nZboNO4,54lNPJ6xq2QXwG6jLEIf6C,189160,
2026-09-12,2026-09-12T17:13:48Z,medium_term,track,44,6JB0h4leDJ4Akabtu42Epd,Tere Pyar Main,,6znPk9JRNmg6uyB6h8nJu3,1lCyYMOz15QK4vhcUxHxEW,302706,
2026-09-12,2026-09-12T17:13:48Z,medium_term,track,45,2TUFKhKl4EZYAo3D9FXU5E,Pieces,,5oJvmyeWzyeahRtjup3Oys,3Ab4BR06hO8qx1NCZ1seog,195030,
2026-09-12,2026-09-12T17:13:48Z,medium_term,track,46,0bxRSMz5WY1VuMmOhanE4b,Baptized In Fear,,1Xyo4u8uXC1ZmMpatF05PJ,6iyZdOoujtOwiThdAUI8TM,232176,
2026-09-12,2026-09-12T17:13:48Z,medium_term,track,47,1Q68oodivzKjIDnPTXFy83,Memory Reboot,,4KRllJ2dEeoqvxOQLOgOsI,38leU2pvDRxNx2u59BENZb,209416,
2026-09-12,2026-09-12T17:13:48Z,medium_term,track,48,1i5oEx2vFczQ2sCY3c6Kn5,Love Hurts,,6fvN9GmMCVKb5LY0WsnjFP,5Zwyrn62m3Pyc0nvRa9CHF,233133,
2026-09-12,2026-09-12T17:13:48Z,medium_term,track,49,3AWDeHLc88XogCaCnZQLVI,Cry For Me,,1Xyo4u8uXC1ZmMpatF05PJ,3OxfaVgvTxUTy7276t7SPU,224136,
2026-09-12,2026-09-12T17:13:48Z,medium_term,track,50,0luw44Of3IgnW2CHRnW2f7,resonance - midwest emo version,,1kgoGhvV1nEGVHFhY4VbcH,6g9DYxJ90dd6rlZD5q9z2c,219024,
2026-09-12,2026-09-12T17:13:48Z,short_term,artist,1,6hIXwlI4wny3zYuB6cDBBk,Murtaza Qizilbash,,,,,
2026-09-12,2026-09-12T17:13:48Z,short_term,artist,2,1Xyo4u8uXC1ZmMpatF05PJ,The Weeknd,,,,,14673869
2026-09-12,2026-09-12T17:13:48Z,short_term,artist,3,3MZsBdqDrRTJihTHQrO6Dq,Joji,,,,,562912
2026-09-12,2026-09-12T17:13:48Z,short_term,artist,4,77SW9BnxLY8rJ0RciFqkHh,The Neighbourhood,,,,,171
2026-09-12,2026-09-12T17:13:48Z,short_term,artist,5,1QAJqy2dA3ihHBFIHRphZj,Cigarettes After Sex,,,,,900123
2026-09-12,2026-09-12T17:13:48Z,short_term,artist,6,7Ln80lUS6He07XvHI8qqHH,Arctic Monkeys,,,,,4956340
2026-09-12,2026-09-12T17:13:48Z,short_term,artist,7,47zz7sob9NUcODy0BTDvKx,Sade,,,,,1451755
2026-09-12,2026-09-12T17:13:48Z,short_term,artist,8,6znPk9JRNmg6uyB6h8nJu3,Kaavish,,,,,
2026-09-12,2026-09-12T17:13:48Z,short_term,artist,9,5INjqkS1o8h1imAzPqGZBb,Tame Impala,,,,,1134261
2026-09-12,2026-09-12T17:13:48Z,short_term,artist,10,3Sz7ZnJQBIHsXLUSo0OQtM,Mac DeMarco,,,,,559366
2026-09-12,2026-09-12T17:13:48Z,short_term,artist,11,5c7JjKTazKNQubk2GjgbJT,Arekta Rock Band,,,,,
2026-09-12,2026-09-12T17:13:48Z,short_term,artist,12,0xRXCcSX89eobfrshSVdyu,MEDUZA,,,,,
2026-09-12,2026-09-12T17:13:48Z,short_term,artist,13,5ThqNILsplOvwjj9kx0Hnt,Artcell,,,,,
2026-09-12,2026-09-12T17:13:48Z,short_term,artist,14,2jku7tDXc6XoB6MO2hFuqg,Tory Lanez,,,,,764818
2026-09-12,2026-09-12T17:13:48Z,short_term,artist,15,0Y6dVaC9DZtPNH4591M42W,TV Girl,,,,,445012
2026-09-12,2026-09-12T17:13:48Z,short_term,artist,16,05etL4pzWd6TSv1x5WrlG3,Faheem Abdullah,,,,,1526
2026-09-12,2026-09-12T17:13:48Z,short_term,artist,17,4gdMJYnopf2nEUcanAwstx,Anuv Jain,,,,,4263
2026-09-12,2026-09-12T17:13:48Z,short_term,artist,18,1wRPtKGflJrBx9BmLsSwlU,Pritam,,,,,71109
2026-09-12,2026-09-12T17:13:48Z,short_term,artist,19,00FQb4jTyendYWaN8pK0wa,Lana Del Rey,,,,,5801333
2026-09-12,2026-09-12T17:13:48Z,short_term,artist,20,5mWQT8CLTa4mAQAJdFjHb1,Abdul Hannan,,,,,849
2026-09-12,2026-09-12T17:13:48Z,short_term,artist,21,0WBg7b6KiPmfh7lI5vbFKC,Meghdol,,,,,
2026-09-12,2026-09-12T17:13:48Z,short_term,artist,22,7tYKF4w9nC0nq9CsPZTHyP,SZA,,,,,1328164
2026-09-12,2026-09-12T17:13:48Z,short_term,artist,23,5io6IfbYy6t9IBtzYdOwN9,Balam,,,,,
2026-09-12,2026-09-12T17:13:48Z,short_term,artist,24,66CXWjxzNUsdJxJ2JdwvnR,Ariana Grande,,,,,13420271
2026-09-12,2026-09-12T17:13:48Z,short_term,artist,25,6IRouO5mvvfcyxtPDKMYFN,Foreigner,,,,,242955
2026-09-12,2026-09-12T17:13:48Z,short_term,artist,26,700c9Qz2z6HZKTumeliKAw,LONOWN,,,,,9933
2026-09-12,2026-09-12T17:13:48Z,short_term,artist,27,0qjWYusrckF9BpkvWaoKRO,Cozy Coffee Shop,,,,,
2026-09-12,2026-09-12T17:13:48Z,short_term,artist,28,0wf0kncEWHLMGqYqXgZql8,Level Five,,,,,
2026-09-12,2026-09-12T17:13:48Z,short_term,artist,29,1AbJ2cmwK400LSvdvBL5Jc,Strawberry Guy,,,,,51189
2026-09-12,2026-09-12T17:13:48Z,short_term,artist,30,1fa0cOhromAZdq2xRA4vv8,Simply Red,,,,,928555
2026-09-12,2026-09-12T17:13:48Z,short_term,artist,31,1mYsTxnqsietFxj1OgoGbG,A.R. Rahman,,,,,6381
2026-09-12,2026-09-12T17:13:48Z,short_term,artist,32,2oSONSC9zQ4UonDKnLqksx,Atif Aslam,,,,,221118
2026-09-12,2026-09-12T17:13:48Z,short_term,artist,33,3mIj9lX2MWuHmhNCA7LSCW,The 1975,,,,,606647
2026-09-12,2026-09-12T17:13:48Z,short_term,artist,34,465OXuCU8YZNmVG1leLwQ9,Shashwat Sachdev,,,,,440
2026-09-12,2026-09-12T17:13:48Z,short_term,artist,35,4gzpq5DPGxSnKTe4SA8HAU,Coldplay,,,,,18381342
2026-09-12,2026-09-12T17:13:48Z,short_term,artist,36,6LEG9Ld1aLImEFEVHdWNSB,AP Dhillon,,,,,28528
2026-09-12,2026-09-12T17:13:48Z,short_term,artist,37,6XwwFnewNgWp81MYMK8zLq,Edward Maya,,,,,173241
2026-09-12,2026-09-12T17:13:48Z,short_term,artist,38,0SPHOEwCSzS2yrC6S24usM,Warm Blanket,,,,,
2026-09-12,2026-09-12T17:13:48Z,short_term,artist,39,3hWCBAZoHjCoAXPjejhCwr,Cozy Wood,,,,,
2026-09-12,2026-09-12T17:13:48Z,short_term,artist,40,703kRYCTy8bqt8iWhJrBX8,Chien Do,,,,,
2026-09-12,2026-09-12T17:13:48Z,short_term,artist,41,0eJZnvOfks7OleQxORVuF7,Cozy Room,,,,,
2026-09-12,2026-09-12T17:13:48Z,short_term,artist,42,2b9qemp1Y8NuEbY4RMYHY1,Jazzy Coffee,,,,,
2026-09-12,2026-09-12T17:13:48Z,short_term,artist,43,462hgoSSVau039BHOvX1sk,Cozy Bedroom,,,,,
2026-09-12,2026-09-12T17:13:48Z,short_term,artist,44,0U7iI0Dk4Ojvi17nZboNO4,Vacations,,,,,82714
2026-09-12,2026-09-12T17:13:48Z,short_term,track,1,3VJpl4jrFSqY3Y6mAzqfux,Har Baar,,6hIXwlI4wny3zYuB6cDBBk,1oRAxwfxb55WuW7KjSx5uw,250285,
2026-09-12,2026-09-12T17:13:48Z,short_term,track,2,4UKjQODokAfEMaTgvTHbVX,Sila,,5mWQT8CLTa4mAQAJdFjHb1,6YqbrXnmuh8lxNEFeHNOcA,248413,
2026-09-12,2026-09-12T17:13:48Z,short_term,track,3,6CKoWCWAqEVWVjpeoJXyNH,Shape Of My Heart,,0Ty63ceoRnnJKVEYP0VQpk,5kV0KBXfELibs6qQJLmOtg,279226,
2026-09-12,2026-09-12T17:13:48Z,short_term,track,4,2TQve4B4jpyUqvxDHzNZAu,Kokuten (Sasuke's Epic Theme from Naruto),,6ibMMTrcvRnEjaxi432r6o,5fIIBXeO9GlqxfTWidHOUt,132751,
2026-09-12,2026-09-12T17:13:48Z,short_term,track,5,0bxRSMz5WY1VuMmOhanE4b,Baptized In Fear,,1Xyo4u8uXC1ZmMpatF05PJ,6iyZdOoujtOwiThdAUI8TM,232176,
2026-09-12,2026-09-12T17:13:48Z,short_term,track,6,1i5oEx2vFczQ2sCY3c6Kn5,Love Hurts,,6fvN9GmMCVKb5LY0WsnjFP,5Zwyrn62m3Pyc0nvRa9CHF,233133,
2026-09-12,2026-09-12T17:13:48Z,short_term,track,7,1uvyZBs4IZYRebHIB1747m,Purple Rain,,5a2EaR3hamoenG9rDuVn8j,2umoqwMrmjBBPeaqgYu6J9,521866,
2026-09-12,2026-09-12T17:13:48Z,short_term,track,8,1XTijOjVgekZjRXwgJ2VSE,Bhool,,6hIXwlI4wny3zYuB6cDBBk,4MIPkmbrYvZqLdzLwaQRF9,244800,
2026-09-12,2026-09-12T17:13:48Z,short_term,track,9,5hc71nKsUgtwQ3z52KEKQk,Somebody Else,,3mIj9lX2MWuHmhNCA7LSCW,1JFmNyVPdBF1ECvv4fhpW4,347520,
2026-09-12,2026-09-12T17:13:48Z,short_term,track,10,40gvh6jP5qxMJuMmF9lG9A,Baby Came Home 2 / Valentines,,77SW9BnxLY8rJ0RciFqkHh,18iFxjZugvKhuNNMbLjZJF,390502,
2026-09-12,2026-09-12T17:13:48Z,short_term,track,11,1GDJhAiO9tqjMuDWFad0IF,Woh,,6hIXwlI4wny3zYuB6cDBBk,2tbamcNG4xK0jKrd1lSzXX,237672,
2026-09-12,2026-09-12T17:13:48Z,short_term,track,12,7oNZfE9wnu7SP55LwNSiKG,Hum,,6hIXwlI4wny3zYuB6cDBBk,7idG3a5Nmotd02hA6ifD0f,275076,
2026-09-12,2026-09-12T17:13:48Z,short_term,track,13,1uvn7eP1I7mIKGvpsqDcoW,bipolar,,2LbjW13j6rNtFgYcPjR2ur,5MOmkgxIJLtmoapI60uK6A,132418,
2026-09-12,2026-09-12T17:13:48Z,short_term,track,14,0stJVUUSrbEwyFHOp2dRu0,Open Hearts,,1Xyo4u8uXC1ZmMpatF05PJ,6iyZdOoujtOwiThdAUI8TM,234923,
2026-09-12,2026-09-12T17:13:48Z,short_term,track,15,2y8mkajKikV5S1PRCMQ5WL,KALYANI (with Shreya Ghoshal) - Remix,,5j2JTk8JqepIgv1zxYOuIi,7JIw6me0sSXfs4nGwNaTHw,269387,
2026-09-12,2026-09-12T17:13:48Z,short_term,track,16,6JB0h4leDJ4Akabtu42Epd,Tere Pyar Main,,6znPk9JRNmg6uyB6h8nJu3,1lCyYMOz15QK4vhcUxHxEW,302706,
2026-09-12,2026-09-12T17:13:48Z,short_term,track,17,70YTBH8vOGJNMhy6186yFm,Heavenly,,1QAJqy2dA3ihHBFIHRphZj,4uQ5kFmXQdCxz3WvM4UUzy,286773,
2026-09-12,2026-09-12T17:13:48Z,short_term,track,18,65krtHkaYLPr0mEbjL61UP,Kiss of Life,,47zz7sob9NUcODy0BTDvKx,3uSWaQxJAdm5MWKQkQJNoK,251333,
2026-09-12,2026-09-12T17:13:48Z,short_term,track,19,6ux2llhjAuhSLggEaBoaLY,i think i'm addicted,,28ntgpEkMU9Zm7F3gLDMhZ,6Kx70JcyksQYEnP69i8Idj,158520,
2026-09-12,2026-09-12T17:13:48Z,short_term,track,20,0ZGfGStyu8s02fzpmmOF2l,Pyaar Mein,,6hIXwlI4wny3zYuB6cDBBk,73LzbMdjxsCA3ItV7KtHYo,216000,
2026-09-12,2026-09-12T17:13:48Z,short_term,track,21,1FzbOPWCZiNxnLjAhY1jAR,In And Out Of Love,,0SfsnGyD8FpIN4U4WCkBZ5,07UKYOTXfIdPwnL7iO0lJB,181680,
2026-09-12,2026-09-12T17:13:48Z,short_term,track,22,0JIMT9gzLIIz0esKLyjbKf,Telephones,,0U7iI0Dk4Ojvi17nZboNO4,3Ull45eHLzGXtElhKHFJ7C,212432,
2026-09-12,2026-09-12T17:13:48Z,short_term,track,23,0WiMJIxYYEex2AqhRqzV3u,For the First Time,,3Sz7ZnJQBIHsXLUSo0OQtM,0NEyPH2WTU7NAPxebB7z4g,182306,
2026-09-12,2026-09-12T17:13:48Z,short_term,track,24,3jv9Mt5gKA8rwXoELAfKex,Beparwah,,6hIXwlI4wny3zYuB6cDBBk,2xMxW7Z8ij0xc41wExsXGE,193157,
2026-09-12,2026-09-12T17:13:48Z,short_term,track,25,5rK4GDNiHYC3NUPV3ME4J4,Has To Be,,4g3JG556dlxAQVKpqTbedB,3qK9D70gyPRhGGgNsvutpy,115744,
2026-09-12,2026-09-12T17:13:48Z,short_term,track,26,6rY5FAWxCdAGllYEOZMbjW,SLOW DANCING IN THE DARK,,3MZsBdqDrRTJihTHQrO6Dq,5mIImcsuqpiSXg8XvFr81I,209273,
2026-09-12,2026-09-12T17:13:48Z,short_term,track,27,42qNWdLKCI41S4uzfamhFM,Duvet,,5jTtGLk1mGFMY5lQOvJYUj,7sGYAV0xv7ZfAMzIpMl8m1,203600,
2026-09-12,2026-09-12T17:13:48Z,short_term,track,28,07SnvbvFJ1jUzpoBp9N4Cc,addiction - Slowed,,700c9Qz2z6HZKTumeliKAw,4JBvjA0JHPfG0RUWA3tIue,233480,
2026-09-12,2026-09-12T17:13:48Z,short_term,track,29,4Fv6wNYUixnYkj3Dgfrls8,Tumblr Girls (feat. Christoph Andersson),,02kJSzxNuaWGqwubyUba0Z,6wDc63NhKy2PyXdbhkRmrl,255680,
2026-09-12,2026-09-12T17:13:48Z,short_term,track,30,5LmvjYl6SZsea5QGdm4aN7,Nightdriver,,3qskfyIRwZtp6uIfj6OFcL,7EjeqIsIVy3DpV8LY5TJvE,276610,
2026-09-12,2026-09-12T17:13:48Z,short_term,track,31,6mHTwIXqZtuQUF1fEkrhFB,Tum,,6hIXwlI4wny3zYuB6cDBBk,4INFMJi3SwIEWixQjlMNig,258750,
2026-09-12,2026-09-12T17:13:48Z,short_term,track,32,3AWDeHLc88XogCaCnZQLVI,Cry For Me,,1Xyo4u8uXC1ZmMpatF05PJ,3OxfaVgvTxUTy7276t7SPU,224136,
2026-09-12,2026-09-12T17:13:48Z,short_term,track,33,1Hv1VTm8zeOeybub15mA2R,Smooth Operator - Single Version,,47zz7sob9NUcODy0BTDvKx,3uSWaQxJAdm5MWKQkQJNoK,258693,
2026-09-12,2026-09-12T17:13:48Z,short_term,track,34,4LxDdYU3x9tyDxy3CghqdC,Sunrise,,1fa0cOhromAZdq2xRA4vv8,7b9Yl2gyEMKlDY97pcBPGd,199040,
2026-09-12,2026-09-12T17:13:48Z,short_term,track,35,2v0AG62ZHtD3I4YmTb3WYM,Niagara Falls,,1Xyo4u8uXC1ZmMpatF05PJ,3OxfaVgvTxUTy7276t7SPU,277274,
2026-09-12,2026-09-12T17:13:48Z,short_term,track,36,4cYllEeJVH7dWKwQxpbk42,The Abyss (feat. Lana Del Rey),,1Xyo4u8uXC1ZmMpatF05PJ,6iyZdOoujtOwiThdAUI8TM,282873,
2026-09-12,2026-09-12T17:13:48Z,short_term,track,37,4ppTAJUbNXELZcoUaL90wo,Try Me,,1Xyo4u8uXC1ZmMpatF05PJ,4qZBW3f2Q8y0k1A84d4iAO,221106,
2026-09-12,2026-09-12T17:13:48Z,short_term,track,38,7nzsY8vlnKdvGOEE0rjAXZ,Arabella,,7Ln80lUS6He07XvHI8qqHH,78bpIziExqiI9qztvNFlQu,207356,
2026-09-12,2026-09-12T17:13:48Z,short_term,track,39,0bOU1vG7BIgTRwqe1F44lR,Maya,,1zNTZaTb1hfkZCynCw6kUq,6hacmZUSczCdE8VJPRFZvq,244500,
2026-09-12,2026-09-12T17:13:48Z,short_term,track,40,5QO79kh1waicV47BqGRL3g,Save Your Tears,,1Xyo4u8uXC1ZmMpatF05PJ,4yP0hdKOZPNshxUOjY0cZj,215626,
2026-09-12,2026-09-12T17:13:48Z,short_term,track,41,1oAwsWBovWRIp7qLMGPIet,Apocalypse,,1QAJqy2dA3ihHBFIHRphZj,5chTLnnxlxQVAgEv6YbEBe,290146,
2026-09-12,2026-09-12T17:13:48Z,short_term,track,42,0lp3WWhjxFVUht81AQmWX8,Majboor,,4uulqSsU6e7BdsYYos6kfS,15AHQmI89vZpF6a5o8i3J7,145333,
2026-09-12,2026-09-12T17:13:48Z,short_term,track,43,1CyEFdvmN9PgMyrDLhKpzk,Things Change,,1kwRrQDCpXpVliMDntpxCt,4FpZTodkc6jTcjhO2j2sHr,272023,
2026-09-12,2026-09-12T17:13:48Z,short_term,track,44,1U6tiLQYPT9C3GEhJlAsAQ,Epitaph,,0VunpVWO2MCBMR1qwGRWzh,1y3dEPRfsbLgGelBKtXyuq,403766,
2026-09-12,2026-09-12T17:13:48Z,short_term,track,45,4QbFbIBN9ZgboChpjUzmjx,school crush,,59oBQlP5xoa5cfPkonNNnT,0eemBtq14edvA1bRCgJvo1,132382,
2026-09-12,2026-09-12T17:13:48Z,short_term,track,46,4oahRRZECfGud6eL7Lj7CO,Opening Night,,1Xyo4u8uXC1ZmMpatF05PJ,6iyZdOoujtOwiThdAUI8TM,96024,
2026-09-12,2026-09-12T17:13:48Z,short_term,track,47,6sKxXqDGkKROr3Z3Na32nv,Stereo Love (Radio Edit),,6XwwFnewNgWp81MYMK8zLq,1Xr0RdpL9S72ior2FCgH6y,184015,
2026-09-12,2026-09-12T17:13:48Z,short_term,track,48,1hlbywc8Jhl1FFqJxAMabE,Ishq,,05etL4pzWd6TSv1x5WrlG3,013jUXOfDFXnDMBetTdsiH,224842,
2026-09-12,2026-09-12T17:13:48Z,short_term,track,49,00WLowvlN5cjkYpQV6pjo4,Die For You,,3MZsBdqDrRTJihTHQrO6Dq,39VuC5rYQHAnR6xQwm1WDk,211666,
2026-09-12,2026-09-12T17:13:48Z,short_term,track,50,5MCbGWnNLLjoHpbDO3BOgi,Gehra Hua,,465OXuCU8YZNmVG1leLwQ9,2e7HNQJ0BcMoqwsVDwDhK8,362400,
2026-09-13,2026-09-13T10:56:49Z,long_term,artist,1,1QAJqy2dA3ihHBFIHRphZj,Cigarettes After Sex,,,,,900123
2026-09-13,2026-09-13T10:56:49Z,long_term,artist,2,0dgJbQ0bKPyUXco8hEXN7X,Øneheart,,,,,28777
2026-09-13,2026-09-13T10:56:49Z,long_term,artist,3,1Xyo4u8uXC1ZmMpatF05PJ,The Weeknd,,,,,14673869
2026-09-13,2026-09-13T10:56:49Z,long_term,artist,4,3MZsBdqDrRTJihTHQrO6Dq,Joji,,,,,562912
2026-09-13,2026-09-13T10:56:49Z,long_term,artist,5,6hIXwlI4wny3zYuB6cDBBk,Murtaza Qizilbash,,,,,
2026-09-13,2026-09-13T10:56:49Z,long_term,artist,6,5y8tKLUfMvliMe8IKamR32,d4vd,,,,,142030
2026-09-13,2026-09-13T10:56:49Z,long_term,artist,7,6znPk9JRNmg6uyB6h8nJu3,Kaavish,,,,,
2026-09-13,2026-09-13T10:56:49Z,long_term,artist,8,7tYKF4w9nC0nq9CsPZTHyP,SZA,,,,,1328164
2026-09-13,2026-09-13T10:56:49Z,long_term,artist,9,1wRPtKGflJrBx9BmLsSwlU,Pritam,,,,,71109
2026-09-13,2026-09-13T10:56:49Z,long_term,artist,10,77SW9BnxLY8rJ0RciFqkHh,The Neighbourhood,,,,,171
2026-09-13,2026-09-13T10:56:49Z,long_term,artist,11,5INjqkS1o8h1imAzPqGZBb,Tame Impala,,,,,1134261
2026-09-13,2026-09-13T10:56:49Z,long_term,artist,12,78rUTD7y6Cy67W1RVzYs7t,PinkPantheress,,,,,237467
2026-09-13,2026-09-13T10:56:49Z,long_term,artist,13,47zz7sob9NUcODy0BTDvKx,Sade,,,,,1451755
2026-09-13,2026-09-13T10:56:49Z,long_term,artist,14,4gdMJYnopf2nEUcanAwstx,Anuv Jain,,,,,4263
2026-09-13,2026-09-13T10:56:49Z,long_term,artist,15,00FQb4jTyendYWaN8pK0wa,Lana Del Rey,,,,,5801333
2026-09-13,2026-09-13T10:56:49Z,long_term,artist,16,2YZyLoL8N0Wb9xBt1NhZWg,Kendrick Lamar,,,,,6167418
2026-09-13,2026-09-13T10:56:49Z,long_term,artist,17,4gzpq5DPGxSnKTe4SA8HAU,Coldplay,,,,,18381342
2026-09-13,2026-09-13T10:56:49Z,long_term,artist,18,5mWQT8CLTa4mAQAJdFjHb1,Abdul Hannan,,,,,849
2026-09-13,2026-09-13T10:56:49Z,long_term,artist,19,05etL4pzWd6TSv1x5WrlG3,Faheem Abdullah,,,,,1526
2026-09-13,2026-09-13T10:56:49Z,long_term,artist,20,7Ln80lUS6He07XvHI8qqHH,Arctic Monkeys,,,,,4956340
2026-09-13,2026-09-13T10:56:49Z,long_term,artist,21,6ft7JnxMyZhp7N52qzHymY,Vansire,,,,,8337
2026-09-13,2026-09-13T10:56:49Z,long_term,artist,22,0Y6dVaC9DZtPNH4591M42W,TV Girl,,,,,445012
2026-09-13,2026-09-13T10:56:49Z,long_term,artist,23,3Sz7ZnJQBIHsXLUSo0OQtM,Mac DeMarco,,,,,559366
2026-09-13,2026-09-13T10:56:49Z,long_term,artist,24,4KRllJ2dEeoqvxOQLOgOsI,VØJ,,,,,12053
2026-09-13,2026-09-13T10:56:49Z,long_term,artist,25,4MrQDA45Gd0llLrwFUzimG,Flawed Mangoes,,,,,14592
2026-09-13,2026-09-13T10:56:49Z,long_term,artist,26,2exebQUDoIoT0dXA8BcN1P,Home,,,,,9745
2026-09-13,2026-09-13T10:56:49Z,long_term,artist,27,06O23tLg0or676h8EEzH7W,Pastel Ghost,,,,,56417
2026-09-13,2026-09-13T10:56:49Z,long_term,artist,28,700c9Qz2z6HZKTumeliKAw,LONOWN,,,,,9933
2026-09-13,2026-09-13T10:56:49Z,long_term,artist,29,3zmfs9cQwzJl575W1ZYXeT,Men I Trust,,,,,75725
2026-09-13,2026-09-13T10:56:49Z,long_term,artist,30,2jku7tDXc6XoB6MO2hFuqg,Tory Lanez,,,,,764818
2026-09-13,2026-09-13T10:56:49Z,long_term,artist,31,6YJ4EgQzDfJnIHRbqIHAdD,Idealism,,,,,7202
2026-09-13,2026-09-13T10:56:49Z,long_term,artist,32,17XXKfRBMCWvLrqGoNkJXm,Engelbert Humperdinck,,,,,46537
2026-09-13,2026-09-13T10:56:49Z,long_term,artist,33,4RRmL81NhhouCKGo8I6GaU,ADTurnUp,,,,,3003
2026-09-13,2026-09-13T10:56:49Z,long_term,artist,34,1cGyguqPQY22oUd4fKglFS,pxlse.,,,,,134
2026-09-13,2026-09-13T10:56:49Z,long_term,artist,35,7gW0r5CkdEUMm42w9XpyZO,Laufey,,,,,245985
2026-09-13,2026-09-13T10:56:49Z,long_term,artist,36,5cj0lLjcoR7YOSnhnX0Po5,Doja Cat,,,,,38
2026-09-13,2026-09-13T10:56:49Z,long_term,artist,37,2sSGPbdZJkaSE2AbcGOACx,The Marías,,,,,147167
2026-09-13,2026-09-13T10:56:49Z,long_term,artist,38,3TVXtAsR1Inumwj472S9r4,Drake,,,,,24078532
2026-09-13,2026-09-13T10:56:49Z,long_term,artist,39,3yKoHgjtyenCOIRaD2Gghu,Cafe Music BGM channel,,,,,10759
2026-09-13,2026-09-13T10:56:49Z,long_term,artist,40,0wf0kncEWHLMGqYqXgZql8,Level Five,,,,,
2026-09-13,2026-09-13T10:56:49Z,long_term,artist,41,1mYsTxnqsietFxj1OgoGbG,A.R. Rahman,,,,,6381
2026-09-13,2026-09-13T10:56:49Z,long_term,artist,42,5K4W6rqBFWDnAN6FQUkS6x,Kanye West,,,,,4543215
2026-09-13,2026-09-13T10:56:49Z,long_term,artist,43,3DeHMjvYP73Pycy8va8RKY,Arnob,,,,,
2026-09-13,2026-09-13T10:56:49Z,long_term,artist,44,0klU31gyC6EZqKgLvVANCy,tomcbumpz,,,,,1078
2026-09-13,2026-09-13T10:56:49Z,long_term,artist,45,19ra5tSw0tWufvUp8GotLo,George Michael,,,,,1497406
2026-09-13,2026-09-13T10:56:49Z,long_term,artist,46,3iGhlvzpXc0UHBQ7klAItX,Mitraz,,,,,1419
2026-09-13,2026-09-13T10:56:49Z,long_term,artist,47,2h93pZq0e7k5yf4dywlkpM,Frank Ocean,,,,,1260874
2026-09-13,2026-09-13T10:56:49Z,long_term,artist,48,4yvcSjfu4PC0CYQyLy4wSq,Glass Animals,,,,,321997
2026-09-13,2026-09-13T10:56:49Z,long_term,artist,49,0Y5tJX1MQlPlqiwlOH1tJY,Travis Scott,,,,,3136799
2026-09-13,2026-09-13T10:56:49Z,long_term,artist,50,3AA28KZvwAUcZuOKwyblJQ,Gorillaz,,,,,3014766
2026-09-13,2026-09-13T10:56:49Z,long_term,track,1,2PpYJcgJN6PzozUv7rU669,stellar,,2LbjW13j6rNtFgYcPjR2ur,4gF0aKdd26DsLMbDcLdJdc,99672,
2026-09-13,2026-09-13T10:56:49Z,long_term,track,2,0X4YYZtZcvqNqYIpMd93IT,i was only temporary,,7pxIYxdkx2675ZGKSAPBAy,24tfAQTRqLfKw5bFjMhc4m,98621,
2026-09-13,2026-09-13T10:56:49Z,long_term,track,3,4xF4ZBGPZKxECeDFrqSAG4,snowfall,,0dgJbQ0bKPyUXco8hEXN7X,4NRsGHlWBTl4rdLcq8CKcH,124065,
2026-09-13,2026-09-13T10:56:49Z,long_term,track,4,28pUgp8Cifsnwrv5Mvltyz,nagashi,,6YJ4EgQzDfJnIHRbqIHAdD,5tfqUZ5RcSWcYn5mWYQ4PK,109948,
2026-09-13,2026-09-13T10:56:49Z,long_term,track,5,00RLNHc2jkEjUoCUlFgPVT,welcome and goodbye,,0qZyvjwZauLmrobrpJmvib,0hZJDoAmB6xVegy0o1eAZd,140643,
2026-09-13,2026-09-13T10:56:49Z,long_term,track,6,6JCkLyhLxufrb10cem9WA6,彩霞,,64mecceQewFCKwCK6JBW0o,1GoWJc6XFiHW1ewHcY1Xqm,134053,
2026-09-13,2026-09-13T10:56:49Z,long_term,track,7,1uvn7eP1I7mIKGvpsqDcoW,bipolar,,2LbjW13j6rNtFgYcPjR2ur,5MOmkgxIJLtmoapI60uK6A,132418,
2026-09-13,2026-09-13T10:56:49Z,long_term,track,8,2mlNgAeIBnL78ZriXgrRHz,Glimpse of Us,,3MZsBdqDrRTJihTHQrO6Dq,39VuC5rYQHAnR6xQwm1WDk,233453,
2026-09-13,2026-09-13T10:56:49Z,long_term,track,9,6rY5FAWxCdAGllYEOZMbjW,SLOW DANCING IN THE DARK,,3MZsBdqDrRTJihTHQrO6Dq,5mIImcsuqpiSXg8XvFr81I,209273,
2026-09-13,2026-09-13T10:56:49Z,long_term,track,10,1A7qPfbcyRVEdcZiwTFhZI,Memory Reboot,,4KRllJ2dEeoqvxOQLOgOsI,134MPeCAA7a1yRC1rRFQCx,209416,
2026-09-13,2026-09-13T10:56:49Z,long_term,track,11,1XTijOjVgekZjRXwgJ2VSE,Bhool,,6hIXwlI4wny3zYuB6cDBBk,4MIPkmbrYvZqLdzLwaQRF9,244800,
2026-09-13,2026-09-13T10:56:49Z,long_term,track,12,1oAwsWBovWRIp7qLMGPIet,Apocalypse,,1QAJqy2dA3ihHBFIHRphZj,5chTLnnxlxQVAgEv6YbEBe,290146,
2026-09-13,2026-09-13T10:56:49Z,long_term,track,13,7mDTvYD2ieE4Q28XFziMfJ,Cry,,1QAJqy2dA3ihHBFIHRphZj,63yRRBtLX8eqbOLD6f0y9U,256799,
2026-09-13,2026-09-13T10:56:49Z,long_term,track,14,4XTgFBxBHN6var1BzAgE1m,Jhol,,3scNK8e4mqnP6Rb8a3lwZY,7grtFo2pj5wwRTM7c6NI9y,265817,
2026-09-13,2026-09-13T10:56:49Z,long_term,track,15,0SCLsDJtC7DmOwks1tsszt,Romantic Homicide,,5y8tKLUfMvliMe8IKamR32,3rrrTOHiXGzuW4FP7t0O1A,132630,
2026-09-13,2026-09-13T10:56:49Z,long_term,track,16,7F2nEClWeQ3x5ycA5qtKOI,a million faces,,5pQD8yR8sjmxwgZfLnZzmT,49jPojLRuWp71LnK3Y3ClE,102068,
2026-09-13,2026-09-13T10:56:49Z,long_term,track,17,4sh8w9hWn04EWoCAeIRdQm,Freaks but Slowed Muffled Echo,,4LMTEaUZGbmDx1xcW08hmE,0bDhcvA7GKReXml1bVUSUa,176041,
2026-09-13,2026-09-13T10:56:49Z,long_term,track,18,37s1WRi8s1rZysbjvBGrEd,Divine Failure,,3IhhgswUBInj1W5gEz92T6,2Xz9bocL8qWYmMnS4jyzFY,151111,
2026-09-13,2026-09-13T10:56:49Z,long_term,track,19,5e0b9LgOfi3aJSKXFcOWRe,Beanie,,1EmdfupUQDpXOcb4Nj2mBH,3sgTZuoyovg4bR5iTgQoo3,132160,
2026-09-13,2026-09-13T10:56:49Z,long_term,track,20,3hB9lDLyAClYVZivMMl20N,Co2,,0tC995Rfn9k2l7nqgCZsV7,4WLh56ZjwINYBNhaxLvEhA,163653,
2026-09-13,2026-09-13T10:56:49Z,long_term,track,21,0JIMT9gzLIIz0esKLyjbKf,Telephones,,0U7iI0Dk4Ojvi17nZboNO4,3Ull45eHLzGXtElhKHFJ7C,212432,
2026-09-13,2026-09-13T10:56:49Z,long_term,track,22,69KUKhBqyGvtO1jtJwZEcv,Fainted,,3QZtwiUoyaXbl1JssMPIQ7,5TQu0bEFSLXXVqrGNIXyKM,249600,
2026-09-13,2026-09-13T10:56:49Z,long_term,track,23,3GUSidbQwd7xuvU6AQorRh,Keep on Loving You,,1QAJqy2dA3ihHBFIHRphZj,3gbJSNFlAe2CjqIjMOeMw1,233000,
2026-09-13,2026-09-13T10:56:49Z,long_term,track,24,5LrN7yUQAzvthd4QujgPFr,Here With Me,,5y8tKLUfMvliMe8IKamR32,3rrrTOHiXGzuW4FP7t0O1A,242484,
2026-09-13,2026-09-13T10:56:49Z,long_term,track,25,6RiiSy9GzSwiyDEJDiMuKe,Something About You,,3XxNRirzbjfLdDli06zMaB,0QB8JzlX70ame6G972aEF1,153312,
2026-09-13,2026-09-13T10:56:49Z,long_term,track,26,70tmdhbUPcVxIxCIpChscl,next to you,,0dgJbQ0bKPyUXco8hEXN7X,7dG0UKYNW0hOIr824ZvTYh,123750,
2026-09-13,2026-09-13T10:56:49Z,long_term,track,27,0DTSnA1bcVI5niJzoyBPyZ,Past Won't Leave My Bed,,3MZsBdqDrRTJihTHQrO6Dq,5JJpyK4SILx6UXJBiT1twN,166106,
2026-09-13,2026-09-13T10:56:49Z,long_term,track,28,2OrucC3HEPmZpkaQ05Nx0V,novocaine,,6hxcqtqpmf08pTDkffU5xx,1fm7CNqCCdnqOoxdb23VTs,195605,
2026-09-13,2026-09-13T10:56:49Z,long_term,track,29,5E02BgqYNN9VzafXrYP6Np,Heavenly,,1QAJqy2dA3ihHBFIHRphZj,63yRRBtLX8eqbOLD6f0y9U,286773,
2026-09-13,2026-09-13T10:56:49Z,long_term,track,30,2TQve4B4jpyUqvxDHzNZAu,Kokuten (Sasuke's Epic Theme from Naruto),,6ibMMTrcvRnEjaxi432r6o,5fIIBXeO9GlqxfTWidHOUt,132751,
2026-09-13,2026-09-13T10:56:49Z,long_term,track,31,0qPoQiQIhgyMaP7X78hxri,Akhiyaan Gulaab,,3iGhlvzpXc0UHBQ7klAItX,0KvWbswDD0ksvFayBl6gUz,171147,
2026-09-13,2026-09-13T10:56:49Z,long_term,track,32,0j3mqDTK4Z6lvrLzFCUUz6,Good Looking,,5GGJosGMs08YEmKTZJe1fL,78rO0EfpVs1RPfpxzF6kUz,214800,
2026-09-13,2026-09-13T10:56:49Z,long_term,track,33,5rK4GDNiHYC3NUPV3ME4J4,Has To Be,,4g3JG556dlxAQVKpqTbedB,3qK9D70gyPRhGGgNsvutpy,115744,
2026-09-13,2026-09-13T10:56:49Z,long_term,track,34,40iDbkPRNNpACrwoCuyRtk,Interlinked - Slowed,,4Bv8nfuBV3hv0yVXXgYozl,03HFE1r5ICujfATGcSkXCV,230000,
2026-09-13,2026-09-13T10:56:49Z,long_term,track,35,4UKjQODokAfEMaTgvTHbVX,Sila,,5mWQT8CLTa4mAQAJdFjHb1,6YqbrXnmuh8lxNEFeHNOcA,248413,
2026-09-13,2026-09-13T10:56:49Z,long_term,track,36,3hEfpBHxgieRLz4t3kLNEg,About You,,3mIj9lX2MWuHmhNCA7LSCW,0kvoCDiWdZ7eHPW7xvdg3z,326490,
2026-09-13,2026-09-13T10:56:49Z,long_term,track,37,6mHTwIXqZtuQUF1fEkrhFB,Tum,,6hIXwlI4wny3zYuB6cDBBk,4INFMJi3SwIEWixQjlMNig,258750,
2026-09-13,2026-09-13T10:56:49Z,long_term,track,38,6JB0h4leDJ4Akabtu42Epd,Tere Pyar Main,,6znPk9JRNmg6uyB6h8nJu3,1lCyYMOz15QK4vhcUxHxEW,302706,
2026-09-13,2026-09-13T10:56:49Z,long_term,track,39,75IQVo8hqI1iwVZyvkN2VT,Show Me How,,3zmfs9cQwzJl575W1ZYXeT,7mUYDBqNiddmKxuKrnBEKQ,215110,
2026-09-13,2026-09-13T10:56:49Z,long_term,track,40,3p4hRhMcb6ch8OLtATMaLw,Cry,,1QAJqy2dA3ihHBFIHRphZj,4uQ5kFmXQdCxz3WvM4UUzy,256799,
2026-09-13,2026-09-13T10:56:49Z,long_term,track,41,3VJpl4jrFSqY3Y6mAzqfux,Har Baar,,6hIXwlI4wny3zYuB6cDBBk,1oRAxwfxb55WuW7KjSx5uw,250285,
2026-09-13,2026-09-13T10:56:49Z,long_term,track,42,4ppTAJUbNXELZcoUaL90wo,Try Me,,1Xyo4u8uXC1ZmMpatF05PJ,4qZBW3f2Q8y0k1A84d4iAO,221106,
2026-09-13,2026-09-13T10:56:49Z,long_term,track,43,4t9vB7wIKWE5jIhjcztmmd,Iris,,06O23tLg0or676h8EEzH7W,3sy3jRg8KrsGYNAuHPQnqk,218384,
2026-09-13,2026-09-13T10:56:49Z,long_term,track,44,5TTGoX70AFrTvuEtqHK37S,No. 1 Party Anthem,,7Ln80lUS6He07XvHI8qqHH,78bpIziExqiI9qztvNFlQu,243131,
2026-09-13,2026-09-13T10:56:49Z,long_term,track,45,29KwH2LEjfWEtiC2jCrLVw,Amore mio aiutami - Main Theme,,2WPn0emjr8XPmMOT0bBcPe,5ekkoKz391PScKKZRCmgDF,234026,
2026-09-13,2026-09-13T10:56:49Z,long_term,track,46,6MRD4fDXBbqa0xodmaFk8Q,Everybody Wants To Rule The World - Sped Up Version,,4bthk9UfsYUYdcFyqxmSUU,1OCUxmIIq0Q1Mj3AFATzsI,183634,
2026-09-13,2026-09-13T10:56:49Z,long_term,track,47,4QzZVJc6qPTtTkPem7qZRo,The Lamp Is Low,,5PkDpzWMZR7Id1vldhF8Qk,2KZIJx4RtZ1seAa6pa6ugl,170790,
2026-09-13,2026-09-13T10:56:49Z,long_term,track,48,612zd3tyOwz52c7c67orZx,safe again,,5np27CiKTBMaIEPqTCrqBF,554ghCNlV34hilih8ujx3T,142237,
2026-09-13,2026-09-13T10:56:49Z,long_term,track,49,5ZP8LfM7TezqoxF9yp6VzX,Stop Waiting,,1QAJqy2dA3ihHBFIHRphZj,1altYQrIlTUBxLKPEkVxgh,362973,
2026-09-13,2026-09-13T10:56:49Z,long_term,track,50,1hlbywc8Jhl1FFqJxAMabE,Ishq,,05etL4pzWd6TSv1x5WrlG3,013jUXOfDFXnDMBetTdsiH,224842,
2026-09-13,2026-09-13T10:56:49Z,medium_term,artist,1,3MZsBdqDrRTJihTHQrO6Dq,Joji,,,,,562912
2026-09-13,2026-09-13T10:56:49Z,medium_term,artist,2,6hIXwlI4wny3zYuB6cDBBk,Murtaza Qizilbash,,,,,
2026-09-13,2026-09-13T10:56:49Z,medium_term,artist,3,1QAJqy2dA3ihHBFIHRphZj,Cigarettes After Sex,,,,,900123
2026-09-13,2026-09-13T10:56:49Z,medium_term,artist,4,1Xyo4u8uXC1ZmMpatF05PJ,The Weeknd,,,,,14673869
2026-09-13,2026-09-13T10:56:49Z,medium_term,artist,5,05etL4pzWd6TSv1x5WrlG3,Faheem Abdullah,,,,,1526
2026-09-13,2026-09-13T10:56:49Z,medium_term,artist,6,700c9Qz2z6HZKTumeliKAw,LONOWN,,,,,9933
2026-09-13,2026-09-13T10:56:49Z,medium_term,artist,7,47zz7sob9NUcODy0BTDvKx,Sade,,,,,1451755
2026-09-13,2026-09-13T10:56:49Z,medium_term,artist,8,5y8tKLUfMvliMe8IKamR32,d4vd,,,,,142030
2026-09-13,2026-09-13T10:56:49Z,medium_term,artist,9,6znPk9JRNmg6uyB6h8nJu3,Kaavish,,,,,
2026-09-13,2026-09-13T10:56:49Z,medium_term,artist,10,1cGyguqPQY22oUd4fKglFS,pxlse.,,,,,134
2026-09-13,2026-09-13T10:56:49Z,medium_term,artist,11,77SW9BnxLY8rJ0RciFqkHh,The Neighbourhood,,,,,171
2026-09-13,2026-09-13T10:56:49Z,medium_term,artist,12,3Sz7ZnJQBIHsXLUSo0OQtM,Mac DeMarco,,,,,559366
2026-09-13,2026-09-13T10:56:49Z,medium_term,artist,13,5INjqkS1o8h1imAzPqGZBb,Tame Impala,,,,,1134261
2026-09-13,2026-09-13T10:56:49Z,medium_term,artist,14,0klU31gyC6EZqKgLvVANCy,tomcbumpz,,,,,1078
2026-09-13,2026-09-13T10:56:49Z,medium_term,artist,15,5mWQT8CLTa4mAQAJdFjHb1,Abdul Hannan,,,,,849
2026-09-13,2026-09-13T10:56:49Z,medium_term,artist,16,7Ln80lUS6He07XvHI8qqHH,Arctic Monkeys,,,,,4956340
2026-09-13,2026-09-13T10:56:49Z,medium_term,artist,17,1wRPtKGflJrBx9BmLsSwlU,Pritam,,,,,71109
2026-09-13,2026-09-13T10:56:49Z,medium_term,artist,18,4Z8W4fKeB5YxbusRsdQVPb,Radiohead,,,,,508
2026-09-13,2026-09-13T10:56:49Z,medium_term,artist,19,0Y6dVaC9DZtPNH4591M42W,TV Girl,,,,,445012
2026-09-13,2026-09-13T10:56:49Z,medium_term,artist,20,5cj0lLjcoR7YOSnhnX0Po5,Doja Cat,,,,,38
2026-09-13,2026-09-13T10:56:49Z,medium_term,artist,21,4gdMJYnopf2nEUcanAwstx,Anuv Jain,,,,,4263
2026-09-13,2026-09-13T10:56:49Z,medium_term,artist,22,2jku7tDXc6XoB6MO2hFuqg,Tory Lanez,,,,,764818
2026-09-13,2026-09-13T10:56:49Z,medium_term,artist,23,60jYUgQzKAtnJoXKGk1GNn,Habib Wahid,,,,,
2026-09-13,2026-09-13T10:56:49Z,medium_term,artist,24,06eRdiCBgFUhiuFjei0eH2,Warfaze,,,,,
2026-09-13,2026-09-13T10:56:49Z,medium_term,artist,25,0wf0kncEWHLMGqYqXgZql8,Level Five,,,,,
2026-09-13,2026-09-13T10:56:49Z,medium_term,artist,26,17XXKfRBMCWvLrqGoNkJXm,Engelbert Humperdinck,,,,,46537
2026-09-13,2026-09-13T10:56:49Z,medium_term,artist,27,7lzordPuZEXxwt9aoVZYmG,Billy Idol,,,,,604998
2026-09-13,2026-09-13T10:56:49Z,medium_term,artist,28,7tYKF4w9nC0nq9CsPZTHyP,SZA,,,,,1328164
2026-09-13,2026-09-13T10:56:49Z,medium_term,artist,29,59oBQlP5xoa5cfPkonNNnT,Nafeesisboujee,,,,,6933
2026-09-13,2026-09-13T10:56:49Z,medium_term,artist,30,66CXWjxzNUsdJxJ2JdwvnR,Ariana Grande,,,,,13420271
2026-09-13,2026-09-13T10:56:49Z,medium_term,artist,31,5c7JjKTazKNQubk2GjgbJT,Arekta Rock Band,,,,,
2026-09-13,2026-09-13T10:56:49Z,medium_term,artist,32,78rUTD7y6Cy67W1RVzYs7t,PinkPantheress,,,,,237467
2026-09-13,2026-09-13T10:56:49Z,medium_term,artist,33,3mIj9lX2MWuHmhNCA7LSCW,The 1975,,,,,606647
2026-09-13,2026-09-13T10:56:49Z,medium_term,artist,34,2LbjW13j6rNtFgYcPjR2ur,.diedlonely,,,,,4224
2026-09-13,2026-09-13T10:56:49Z,medium_term,artist,35,00FQb4jTyendYWaN8pK0wa,Lana Del Rey,,,,,5801333
2026-09-13,2026-09-13T10:56:49Z,medium_term,artist,36,0xRXCcSX89eobfrshSVdyu,MEDUZA,,,,,
2026-09-13,2026-09-13T10:56:49Z,medium_term,artist,37,2YZyLoL8N0Wb9xBt1NhZWg,Kendrick Lamar,,,,,6167418
2026-09-13,2026-09-13T10:56:49Z,medium_term,artist,38,2h93pZq0e7k5yf4dywlkpM,Frank Ocean,,,,,1260874
2026-09-13,2026-09-13T10:56:49Z,medium_term,artist,39,5ThqNILsplOvwjj9kx0Hnt,Artcell,,,,,
2026-09-13,2026-09-13T10:56:49Z,medium_term,artist,40,3AA28KZvwAUcZuOKwyblJQ,Gorillaz,,,,,3014766
2026-09-13,2026-09-13T10:56:49Z,medium_term,artist,41,4yvcSjfu4PC0CYQyLy4wSq,Glass Animals,,,,,321997
2026-09-13,2026-09-13T10:56:49Z,medium_term,artist,42,2ElQWsoSpwUhYFFdFuHqse,Lorenzo Ferrara,,,,,
2026-09-13,2026-09-13T10:56:49Z,medium_term,artist,43,3ctnkEZGtVBTxS7IMin8nC,Instupendo,,,,,4624
2026-09-13,2026-09-13T10:56:49Z,medium_term,artist,44,3TVXtAsR1Inumwj472S9r4,Drake,,,,,24078532
2026-09-13,2026-09-13T10:56:49Z,medium_term,artist,45,4KRllJ2dEeoqvxOQLOgOsI,VØJ,,,,,12053
2026-09-13,2026-09-13T10:56:49Z,medium_term,artist,46,0WBg7b6KiPmfh7lI5vbFKC,Meghdol,,,,,
2026-09-13,2026-09-13T10:56:49Z,medium_term,artist,47,1Mxqyy3pSjf8kZZL4QVxS0,Frank Sinatra,,,,,2483143
2026-09-13,2026-09-13T10:56:49Z,medium_term,artist,48,3fMbdgg4jU18AjLCKBhRSm,Michael Jackson,,,,,13111015
2026-09-13,2026-09-13T10:56:49Z,medium_term,artist,49,4YRxDV8wJFPHPTeXepOstw,Arijit Singh,,,,,40
2026-09-13,2026-09-13T10:56:49Z,medium_term,artist,50,0qjWYusrckF9BpkvWaoKRO,Cozy Coffee Shop,,,,,
2026-09-13,2026-09-13T10:56:49Z,medium_term,track,1,0X4YYZtZcvqNqYIpMd93IT,i was only temporary,,7pxIYxdkx2675ZGKSAPBAy,24tfAQTRqLfKw5bFjMhc4m,98621,
2026-09-13,2026-09-13T10:56:49Z,medium_term,track,2,2mlNgAeIBnL78ZriXgrRHz,Glimpse of Us,,3MZsBdqDrRTJihTHQrO6Dq,39VuC5rYQHAnR6xQwm1WDk,233453,
2026-09-13,2026-09-13T10:56:49Z,medium_term,track,3,1uvn7eP1I7mIKGvpsqDcoW,bipolar,,2LbjW13j6rNtFgYcPjR2ur,5MOmkgxIJLtmoapI60uK6A,132418,
2026-09-13,2026-09-13T10:56:49Z,medium_term,track,4,2PpYJcgJN6PzozUv7rU669,stellar,,2LbjW13j6rNtFgYcPjR2ur,4gF0aKdd26DsLMbDcLdJdc,99672,
2026-09-13,2026-09-13T10:56:49Z,medium_term,track,5,6rY5FAWxCdAGllYEOZMbjW,SLOW DANCING IN THE DARK,,3MZsBdqDrRTJihTHQrO6Dq,5mIImcsuqpiSXg8XvFr81I,209273,
2026-09-13,2026-09-13T10:56:49Z,medium_term,track,6,3J44gxX4AcRApFyympWPIB,Past Won't Leave My Bed,,3MZsBdqDrRTJihTHQrO6Dq,7MLyEn1CPizpS8bjZ7zzrT,166106,
2026-09-13,2026-09-13T10:56:49Z,medium_term,track,7,4UKjQODokAfEMaTgvTHbVX,Sila,,5mWQT8CLTa4mAQAJdFjHb1,6YqbrXnmuh8lxNEFeHNOcA,248413,
2026-09-13,2026-09-13T10:56:49Z,medium_term,track,8,1XTijOjVgekZjRXwgJ2VSE,Bhool,,6hIXwlI4wny3zYuB6cDBBk,4MIPkmbrYvZqLdzLwaQRF9,244800,
2026-09-13,2026-09-13T10:56:49Z,medium_term,track,9,3VJpl4jrFSqY3Y6mAzqfux,Har Baar,,6hIXwlI4wny3zYuB6cDBBk,1oRAxwfxb55WuW7KjSx5uw,250285,
2026-09-13,2026-09-13T10:56:49Z,medium_term,track,10,2TQve4B4jpyUqvxDHzNZAu,Kokuten (Sasuke's Epic Theme from Naruto),,6ibMMTrcvRnEjaxi432r6o,5fIIBXeO9GlqxfTWidHOUt,132751,
2026-09-13,2026-09-13T10:56:49Z,medium_term,track,11,3p4hRhMcb6ch8OLtATMaLw,Cry,,1QAJqy2dA3ihHBFIHRphZj,4uQ5kFmXQdCxz3WvM4UUzy,256799,
2026-09-13,2026-09-13T10:56:49Z,medium_term,track,12,1hlbywc8Jhl1FFqJxAMabE,Ishq,,05etL4pzWd6TSv1x5WrlG3,013jUXOfDFXnDMBetTdsiH,224842,
2026-09-13,2026-09-13T10:56:49Z,medium_term,track,13,5rK4GDNiHYC3NUPV3ME4J4,Has To Be,,4g3JG556dlxAQVKpqTbedB,3qK9D70gyPRhGGgNsvutpy,115744,
2026-09-13,2026-09-13T10:56:49Z,medium_term,track,14,65krtHkaYLPr0mEbjL61UP,Kiss of Life,,47zz7sob9NUcODy0BTDvKx,3uSWaQxJAdm5MWKQkQJNoK,251333,
2026-09-13,2026-09-13T10:56:49Z,medium_term,track,15,0oUBuOO4g9P4lREqfqR5nq,A Man Without Love,,17XXKfRBMCWvLrqGoNkJXm,2zQM1HOK5OnDGF1SSWExnE,203133,
2026-09-13,2026-09-13T10:56:49Z,medium_term,track,16,00WLowvlN5cjkYpQV6pjo4,Die For You,,3MZsBdqDrRTJihTHQrO6Dq,39VuC5rYQHAnR6xQwm1WDk,211666,
2026-09-13,2026-09-13T10:56:49Z,medium_term,track,17,4eFV1LfWlYCVJnPTuSo3db,LOVE YOU LESS,,3MZsBdqDrRTJihTHQrO6Dq,7MLyEn1CPizpS8bjZ7zzrT,201186,
2026-09-13,2026-09-13T10:56:49Z,medium_term,track,18,06E5KyqnDTueEbdT22FFvM,School Rooftop,,72y6MZHIPEyS64ACSCtIq6,3ZoCHr39oKNBUHTykhkMpx,167967,
2026-09-13,2026-09-13T10:56:49Z,medium_term,track,19,3iy2QuCtCzpWnR6tia39AB,hate that i made you love me,,66CXWjxzNUsdJxJ2JdwvnR,2k4FmEtXR0WiDW0Ac2QArT,197949,
2026-09-13,2026-09-13T10:56:49Z,medium_term,track,20,0FVuyC9RP5MACjp4lgU3qZ,I'm God,,5vSQUyT33qxr1xAX2Tkf3A,66eXLlqksAwNndmHaHWtCq,277710,
2026-09-13,2026-09-13T10:56:49Z,medium_term,track,21,70YTBH8vOGJNMhy6186yFm,Heavenly,,1QAJqy2dA3ihHBFIHRphZj,4uQ5kFmXQdCxz3WvM4UUzy,286773,
2026-09-13,2026-09-13T10:56:49Z,medium_term,track,22,0H9rWqCXi7gv6kDO3N98ZU,Khwaab,,05etL4pzWd6TSv1x5WrlG3,013jUXOfDFXnDMBetTdsiH,325806,
2026-09-13,2026-09-13T10:56:49Z,medium_term,track,23,0pUVeEgZuNyFzIMKp67RbS,Eyes Without A Face,,7lzordPuZEXxwt9aoVZYmG,2FZNWUmgRoP8uJZBaHJdfj,299240,
2026-09-13,2026-09-13T10:56:49Z,medium_term,track,24,0JIMT9gzLIIz0esKLyjbKf,Telephones,,0U7iI0Dk4Ojvi17nZboNO4,3Ull45eHLzGXtElhKHFJ7C,212432,
2026-09-13,2026-09-13T10:56:49Z,medium_term,track,25,7mrrszs7ZOPEsJhg0q8jvD,Tairay Naam,,6znPk9JRNmg6uyB6h8nJu3,6MXb1UT4rEqv1ZrUodbMUk,328421,
2026-09-13,2026-09-13T10:56:49Z,medium_term,track,26,2xql0pid3EUwW38AsywxhV,Reflections,,77SW9BnxLY8rJ0RciFqkHh,0ODLCdHBFVvKwJGeSfd1jy,244013,
2026-09-13,2026-09-13T10:56:49Z,medium_term,track,27,1GDJhAiO9tqjMuDWFad0IF,Woh,,6hIXwlI4wny3zYuB6cDBBk,2tbamcNG4xK0jKrd1lSzXX,237672,
2026-09-13,2026-09-13T10:56:49Z,medium_term,track,28,42D9aaKTLw47faFhRCQfHF,Blah Blah,,3MZsBdqDrRTJihTHQrO6Dq,5xiwCNC26RvgfwElNmIJoL,161653,
2026-09-13,2026-09-13T10:56:49Z,medium_term,track,29,030OypEGdW6Nvo1KDWa0Bt,Catch a Feeling,,2Glf84Z4MUxfquLMdTjd1G,2QquxK1oqBz5jrF6uBV0Zc,127000,
2026-09-13,2026-09-13T10:56:49Z,medium_term,track,30,7oNZfE9wnu7SP55LwNSiKG,Hum,,6hIXwlI4wny3zYuB6cDBBk,7idG3a5Nmotd02hA6ifD0f,275076,
2026-09-13,2026-09-13T10:56:49Z,medium_term,track,31,6CKoWCWAqEVWVjpeoJXyNH,Shape Of My Heart,,0Ty63ceoRnnJKVEYP0VQpk,5kV0KBXfELibs6qQJLmOtg,279226,
2026-09-13,2026-09-13T10:56:49Z,medium_term,track,32,1gVN2TuTQh2g9LE1wi6FTY,Girei,,2ElQWsoSpwUhYFFdFuHqse,5FLwqfngn0X753dUDkF9tt,130421,
2026-09-13,2026-09-13T10:56:49Z,medium_term,track,33,4BGfzLrK6lgvKDjKSU7wrN,Sajde,,05etL4pzWd6TSv1x5WrlG3,013jUXOfDFXnDMBetTdsiH,460833,
2026-09-13,2026-09-13T10:56:49Z,medium_term,track,34,7npPPrZEDmeHMk6mxvIeFa,My Jinji,,7BqRcZsHYYQeqMAOp7e532,24eFuwfHPWbuRMrMevqe0Q,400560,
2026-09-13,2026-09-13T10:56:49Z,medium_term,track,35,2hsaWsa0VNx1ug3uotwMvP,Saika,,4sakRwIaBDdtw8qZ8NNwsc,6D02yHQQhXyJ02mVYZxFlL,150525,
2026-09-13,2026-09-13T10:56:49Z,medium_term,track,36,5Z8Dj3LtbyCMiwE86rhg2f,Marea (we’ve lost dancing),,4oLeXFyACqeem2VImYeBFe,6o86bV7TAt5x4exc2qLDqC,285375,
2026-09-13,2026-09-13T10:56:49Z,medium_term,track,37,7JEzAlwHhCD2M1cYE6BeqJ,Loving Machine,,0Y6dVaC9DZtPNH4591M42W,4oL7pMxnb04uuRI7ReXmuh,227000,
2026-09-13,2026-09-13T10:56:49Z,medium_term,track,38,16zzrcKYGDkaGNeSjIMa6O,through - 2022 Remastered,,47mrO8UvhD1Qt6iAIy4fCO,6ZqKaHYpWb1TARqE3oUU2G,347636,
2026-09-13,2026-09-13T10:56:49Z,medium_term,track,39,6mHTwIXqZtuQUF1fEkrhFB,Tum,,6hIXwlI4wny3zYuB6cDBBk,4INFMJi3SwIEWixQjlMNig,258750,
2026-09-13,2026-09-13T10:56:49Z,medium_term,track,40,4Bsf8Pzli5MQv9zLF9KXqc,Unakkul Naane,,29aw5YCdIw2FEXYyAJZI8l,1MrwFWLghGgpbpJ0iekIhK,127850,
2026-09-13,2026-09-13T10:56:49Z,medium_term,track,41,0WiMJIxYYEex2AqhRqzV3u,For the First Time,,3Sz7ZnJQBIHsXLUSo0OQtM,0NEyPH2WTU7NAPxebB7z4g,182306,
2026-09-13,2026-09-13T10:56:49Z,medium_term,track,42,5hjhaH0vwtpftiLtF3veZp,Ophelia,,78rUTD7y6Cy67W1RVzYs7t,2pOEFqvfxp5uUQ8vQEmVA0,155093,
2026-09-13,2026-09-13T10:56:49Z,medium_term,track,43,1KIJclzEbNhSVw8tiHPWwE,Young,,0U7iI0Dk4Ojvi17nZboNO4,54lNPJ6xq2QXwG6jLEIf6C,189160,
2026-09-13,2026-09-13T10:56:49Z,medium_term,track,44,6JB0h4leDJ4Akabtu42Epd,Tere Pyar Main,,6znPk9JRNmg6uyB6h8nJu3,1lCyYMOz15QK4vhcUxHxEW,302706,
2026-09-13,2026-09-13T10:56:49Z,medium_term,track,45,2TUFKhKl4EZYAo3D9FXU5E,Pieces,,5oJvmyeWzyeahRtjup3Oys,3Ab4BR06hO8qx1NCZ1seog,195030,
2026-09-13,2026-09-13T10:56:49Z,medium_term,track,46,0bxRSMz5WY1VuMmOhanE4b,Baptized In Fear,,1Xyo4u8uXC1ZmMpatF05PJ,6iyZdOoujtOwiThdAUI8TM,232176,
2026-09-13,2026-09-13T10:56:49Z,medium_term,track,47,1Q68oodivzKjIDnPTXFy83,Memory Reboot,,4KRllJ2dEeoqvxOQLOgOsI,38leU2pvDRxNx2u59BENZb,209416,
2026-09-13,2026-09-13T10:56:49Z,medium_term,track,48,1i5oEx2vFczQ2sCY3c6Kn5,Love Hurts,,6fvN9GmMCVKb5LY0WsnjFP,5Zwyrn62m3Pyc0nvRa9CHF,233133,
2026-09-13,2026-09-13T10:56:49Z,medium_term,track,49,3AWDeHLc88XogCaCnZQLVI,Cry For Me,,1Xyo4u8uXC1ZmMpatF05PJ,3OxfaVgvTxUTy7276t7SPU,224136,
2026-09-13,2026-09-13T10:56:49Z,medium_term,track,50,0luw44Of3IgnW2CHRnW2f7,resonance - midwest emo version,,1kgoGhvV1nEGVHFhY4VbcH,6g9DYxJ90dd6rlZD5q9z2c,219024,
2026-09-13,2026-09-13T10:56:49Z,short_term,artist,1,1Xyo4u8uXC1ZmMpatF05PJ,The Weeknd,,,,,14673869
2026-09-13,2026-09-13T10:56:49Z,short_term,artist,2,6hIXwlI4wny3zYuB6cDBBk,Murtaza Qizilbash,,,,,
2026-09-13,2026-09-13T10:56:49Z,short_term,artist,3,3MZsBdqDrRTJihTHQrO6Dq,Joji,,,,,562912
2026-09-13,2026-09-13T10:56:49Z,short_term,artist,4,77SW9BnxLY8rJ0RciFqkHh,The Neighbourhood,,,,,171
2026-09-13,2026-09-13T10:56:49Z,short_term,artist,5,1QAJqy2dA3ihHBFIHRphZj,Cigarettes After Sex,,,,,900123
2026-09-13,2026-09-13T10:56:49Z,short_term,artist,6,7Ln80lUS6He07XvHI8qqHH,Arctic Monkeys,,,,,4956340
2026-09-13,2026-09-13T10:56:49Z,short_term,artist,7,47zz7sob9NUcODy0BTDvKx,Sade,,,,,1451755
2026-09-13,2026-09-13T10:56:49Z,short_term,artist,8,6znPk9JRNmg6uyB6h8nJu3,Kaavish,,,,,
2026-09-13,2026-09-13T10:56:49Z,short_term,artist,9,5INjqkS1o8h1imAzPqGZBb,Tame Impala,,,,,1134261
2026-09-13,2026-09-13T10:56:49Z,short_term,artist,10,3Sz7ZnJQBIHsXLUSo0OQtM,Mac DeMarco,,,,,559366
2026-09-13,2026-09-13T10:56:49Z,short_term,artist,11,5c7JjKTazKNQubk2GjgbJT,Arekta Rock Band,,,,,
2026-09-13,2026-09-13T10:56:49Z,short_term,artist,12,0xRXCcSX89eobfrshSVdyu,MEDUZA,,,,,
2026-09-13,2026-09-13T10:56:49Z,short_term,artist,13,2jku7tDXc6XoB6MO2hFuqg,Tory Lanez,,,,,764818
2026-09-13,2026-09-13T10:56:49Z,short_term,artist,14,05etL4pzWd6TSv1x5WrlG3,Faheem Abdullah,,,,,1526
2026-09-13,2026-09-13T10:56:49Z,short_term,artist,15,4gdMJYnopf2nEUcanAwstx,Anuv Jain,,,,,4263
2026-09-13,2026-09-13T10:56:49Z,short_term,artist,16,1wRPtKGflJrBx9BmLsSwlU,Pritam,,,,,71109
2026-09-13,2026-09-13T10:56:49Z,short_term,artist,17,00FQb4jTyendYWaN8pK0wa,Lana Del Rey,,,,,5801333
2026-09-13,2026-09-13T10:56:49Z,short_term,artist,18,0Y6dVaC9DZtPNH4591M42W,TV Girl,,,,,445012
2026-09-13,2026-09-13T10:56:49Z,short_term,artist,19,5mWQT8CLTa4mAQAJdFjHb1,Abdul Hannan,,,,,849
2026-09-13,2026-09-13T10:56:49Z,short_term,artist,20,0WBg7b6KiPmfh7lI5vbFKC,Meghdol,,,,,
2026-09-13,2026-09-13T10:56:49Z,short_term,artist,21,2YZyLoL8N0Wb9xBt1NhZWg,Kendrick Lamar,,,,,6167418
2026-09-13,2026-09-13T10:56:49Z,short_term,artist,22,7tYKF4w9nC0nq9CsPZTHyP,SZA,,,,,1328164
2026-09-13,2026-09-13T10:56:49Z,short_term,artist,23,5io6IfbYy6t9IBtzYdOwN9,Balam,,,,,
2026-09-13,2026-09-13T10:56:49Z,short_term,artist,24,66CXWjxzNUsdJxJ2JdwvnR,Ariana Grande,,,,,13420271
2026-09-13,2026-09-13T10:56:49Z,short_term,artist,25,6IRouO5mvvfcyxtPDKMYFN,Foreigner,,,,,242955
2026-09-13,2026-09-13T10:56:49Z,short_term,artist,26,700c9Qz2z6HZKTumeliKAw,LONOWN,,,,,9933
2026-09-13,2026-09-13T10:56:49Z,short_term,artist,27,0qjWYusrckF9BpkvWaoKRO,Cozy Coffee Shop,,,,,
2026-09-13,2026-09-13T10:56:49Z,short_term,artist,28,0wf0kncEWHLMGqYqXgZql8,Level Five,,,,,
2026-09-13,2026-09-13T10:56:49Z,short_term,artist,29,1AbJ2cmwK400LSvdvBL5Jc,Strawberry Guy,,,,,51189
2026-09-13,2026-09-13T10:56:49Z,short_term,artist,30,1fa0cOhromAZdq2xRA4vv8,Simply Red,,,,,928555
2026-09-13,2026-09-13T10:56:49Z,short_term,artist,31,1mYsTxnqsietFxj1OgoGbG,A.R. Rahman,,,,,6381
2026-09-13,2026-09-13T10:56:49Z,short_term,artist,32,2oSONSC9zQ4UonDKnLqksx,Atif Aslam,,,,,221118
2026-09-13,2026-09-13T10:56:49Z,short_term,artist,33,3mIj9lX2MWuHmhNCA7LSCW,The 1975,,,,,606647
2026-09-13,2026-09-13T10:56:49Z,short_term,artist,34,465OXuCU8YZNmVG1leLwQ9,Shashwat Sachdev,,,,,440
2026-09-13,2026-09-13T10:56:49Z,short_term,artist,35,4gzpq5DPGxSnKTe4SA8HAU,Coldplay,,,,,18381342
2026-09-13,2026-09-13T10:56:49Z,short_term,artist,36,6LEG9Ld1aLImEFEVHdWNSB,AP Dhillon,,,,,28528
2026-09-13,2026-09-13T10:56:49Z,short_term,artist,37,6XwwFnewNgWp81MYMK8zLq,Edward Maya,,,,,173241
2026-09-13,2026-09-13T10:56:49Z,short_term,artist,38,0SPHOEwCSzS2yrC6S24usM,Warm Blanket,,,,,
2026-09-13,2026-09-13T10:56:49Z,short_term,artist,39,3hWCBAZoHjCoAXPjejhCwr,Cozy Wood,,,,,
2026-09-13,2026-09-13T10:56:49Z,short_term,artist,40,703kRYCTy8bqt8iWhJrBX8,Chien Do,,,,,
2026-09-13,2026-09-13T10:56:49Z,short_term,artist,41,0eJZnvOfks7OleQxORVuF7,Cozy Room,,,,,
2026-09-13,2026-09-13T10:56:49Z,short_term,artist,42,2b9qemp1Y8NuEbY4RMYHY1,Jazzy Coffee,,,,,
2026-09-13,2026-09-13T10:56:49Z,short_term,artist,43,462hgoSSVau039BHOvX1sk,Cozy Bedroom,,,,,
2026-09-13,2026-09-13T10:56:49Z,short_term,artist,44,0U7iI0Dk4Ojvi17nZboNO4,Vacations,,,,,82714
2026-09-13,2026-09-13T10:56:49Z,short_term,track,1,3VJpl4jrFSqY3Y6mAzqfux,Har Baar,,6hIXwlI4wny3zYuB6cDBBk,1oRAxwfxb55WuW7KjSx5uw,250285,
2026-09-13,2026-09-13T10:56:49Z,short_term,track,2,6CKoWCWAqEVWVjpeoJXyNH,Shape Of My Heart,,0Ty63ceoRnnJKVEYP0VQpk,5kV0KBXfELibs6qQJLmOtg,279226,
2026-09-13,2026-09-13T10:56:49Z,short_term,track,3,2TQve4B4jpyUqvxDHzNZAu,Kokuten (Sasuke's Epic Theme from Naruto),,6ibMMTrcvRnEjaxi432r6o,5fIIBXeO9GlqxfTWidHOUt,132751,
2026-09-13,2026-09-13T10:56:49Z,short_term,track,4,4UKjQODokAfEMaTgvTHbVX,Sila,,5mWQT8CLTa4mAQAJdFjHb1,6YqbrXnmuh8lxNEFeHNOcA,248413,
2026-09-13,2026-09-13T10:56:49Z,short_term,track,5,0bxRSMz5WY1VuMmOhanE4b,Baptized In Fear,,1Xyo4u8uXC1ZmMpatF05PJ,6iyZdOoujtOwiThdAUI8TM,232176,
2026-09-13,2026-09-13T10:56:49Z,short_term,track,6,1i5oEx2vFczQ2sCY3c6Kn5,Love Hurts,,6fvN9GmMCVKb5LY0WsnjFP,5Zwyrn62m3Pyc0nvRa9CHF,233133,
2026-09-13,2026-09-13T10:56:49Z,short_term,track,7,1uvyZBs4IZYRebHIB1747m,Purple Rain,,5a2EaR3hamoenG9rDuVn8j,2umoqwMrmjBBPeaqgYu6J9,521866,
2026-09-13,2026-09-13T10:56:49Z,short_term,track,8,1XTijOjVgekZjRXwgJ2VSE,Bhool,,6hIXwlI4wny3zYuB6cDBBk,4MIPkmbrYvZqLdzLwaQRF9,244800,
2026-09-13,2026-09-13T10:56:49Z,short_term,track,9,5hc71nKsUgtwQ3z52KEKQk,Somebody Else,,3mIj9lX2MWuHmhNCA7LSCW,1JFmNyVPdBF1ECvv4fhpW4,347520,
2026-09-13,2026-09-13T10:56:49Z,short_term,track,10,40gvh6jP5qxMJuMmF9lG9A,Baby Came Home 2 / Valentines,,77SW9BnxLY8rJ0RciFqkHh,18iFxjZugvKhuNNMbLjZJF,390502,
2026-09-13,2026-09-13T10:56:49Z,short_term,track,11,7oNZfE9wnu7SP55LwNSiKG,Hum,,6hIXwlI4wny3zYuB6cDBBk,7idG3a5Nmotd02hA6ifD0f,275076,
2026-09-13,2026-09-13T10:56:49Z,short_term,track,12,1uvn7eP1I7mIKGvpsqDcoW,bipolar,,2LbjW13j6rNtFgYcPjR2ur,5MOmkgxIJLtmoapI60uK6A,132418,
2026-09-13,2026-09-13T10:56:49Z,short_term,track,13,1GDJhAiO9tqjMuDWFad0IF,Woh,,6hIXwlI4wny3zYuB6cDBBk,2tbamcNG4xK0jKrd1lSzXX,237672,
2026-09-13,2026-09-13T10:56:49Z,short_term,track,14,0stJVUUSrbEwyFHOp2dRu0,Open Hearts,,1Xyo4u8uXC1ZmMpatF05PJ,6iyZdOoujtOwiThdAUI8TM,234923,
2026-09-13,2026-09-13T10:56:49Z,short_term,track,15,2y8mkajKikV5S1PRCMQ5WL,KALYANI (with Shreya Ghoshal) - Remix,,5j2JTk8JqepIgv1zxYOuIi,7JIw6me0sSXfs4nGwNaTHw,269387,
2026-09-13,2026-09-13T10:56:49Z,short_term,track,16,6JB0h4leDJ4Akabtu42Epd,Tere Pyar Main,,6znPk9JRNmg6uyB6h8nJu3,1lCyYMOz15QK4vhcUxHxEW,302706,
2026-09-13,2026-09-13T10:56:49Z,short_term,track,17,70YTBH8vOGJNMhy6186yFm,Heavenly,,1QAJqy2dA3ihHBFIHRphZj,4uQ5kFmXQdCxz3WvM4UUzy,286773,
2026-09-13,2026-09-13T10:56:49Z,short_term,track,18,65krtHkaYLPr0mEbjL61UP,Kiss of Life,,47zz7sob9NUcODy0BTDvKx,3uSWaQxJAdm5MWKQkQJNoK,251333,
2026-09-13,2026-09-13T10:56:49Z,short_term,track,19,6ux2llhjAuhSLggEaBoaLY,i think i'm addicted,,28ntgpEkMU9Zm7F3gLDMhZ,6Kx70JcyksQYEnP69i8Idj,158520,
2026-09-13,2026-09-13T10:56:49Z,short_term,track,20,0ZGfGStyu8s02fzpmmOF2l,Pyaar Mein,,6hIXwlI4wny3zYuB6cDBBk,73LzbMdjxsCA3ItV7KtHYo,216000,
2026-09-13,2026-09-13T10:56:49Z,short_term,track,21,1FzbOPWCZiNxnLjAhY1jAR,In And Out Of Love,,0SfsnGyD8FpIN4U4WCkBZ5,07UKYOTXfIdPwnL7iO0lJB,181680,
2026-09-13,2026-09-13T10:56:49Z,short_term,track,22,2v0AG62ZHtD3I4YmTb3WYM,Niagara Falls,,1Xyo4u8uXC1ZmMpatF05PJ,3OxfaVgvTxUTy7276t7SPU,277274,
2026-09-13,2026-09-13T10:56:49Z,short_term,track,23,0JIMT9gzLIIz0esKLyjbKf,Telephones,,0U7iI0Dk4Ojvi17nZboNO4,3Ull45eHLzGXtElhKHFJ7C,212432,
2026-09-13,2026-09-13T10:56:49Z,short_term,track,24,0WiMJIxYYEex2AqhRqzV3u,For the First Time,,3Sz7ZnJQBIHsXLUSo0OQtM,0NEyPH2WTU7NAPxebB7z4g,182306,
2026-09-13,2026-09-13T10:56:49Z,short_term,track,25,3jv9Mt5gKA8rwXoELAfKex,Beparwah,,6hIXwlI4wny3zYuB6cDBBk,2xMxW7Z8ij0xc41wExsXGE,193157,
2026-09-13,2026-09-13T10:56:49Z,short_term,track,26,6rY5FAWxCdAGllYEOZMbjW,SLOW DANCING IN THE DARK,,3MZsBdqDrRTJihTHQrO6Dq,5mIImcsuqpiSXg8XvFr81I,209273,
2026-09-13,2026-09-13T10:56:49Z,short_term,track,27,4Fv6wNYUixnYkj3Dgfrls8,Tumblr Girls (feat. Christoph Andersson),,02kJSzxNuaWGqwubyUba0Z,6wDc63NhKy2PyXdbhkRmrl,255680,
2026-09-13,2026-09-13T10:56:49Z,short_term,track,28,07SnvbvFJ1jUzpoBp9N4Cc,addiction - Slowed,,700c9Qz2z6HZKTumeliKAw,4JBvjA0JHPfG0RUWA3tIue,233480,
2026-09-13,2026-09-13T10:56:49Z,short_term,track,29,5LmvjYl6SZsea5QGdm4aN7,Nightdriver,,3qskfyIRwZtp6uIfj6OFcL,7EjeqIsIVy3DpV8LY5TJvE,276610,
2026-09-13,2026-09-13T10:56:49Z,short_term,track,30,6mHTwIXqZtuQUF1fEkrhFB,Tum,,6hIXwlI4wny3zYuB6cDBBk,4INFMJi3SwIEWixQjlMNig,258750,
2026-09-13,2026-09-13T10:56:49Z,short_term,track,31,3AWDeHLc88XogCaCnZQLVI,Cry For Me,,1Xyo4u8uXC1ZmMpatF05PJ,3OxfaVgvTxUTy7276t7SPU,224136,
2026-09-13,2026-09-13T10:56:49Z,short_term,track,32,1Hv1VTm8zeOeybub15mA2R,Smooth Operator - Single Version,,47zz7sob9NUcODy0BTDvKx,3uSWaQxJAdm5MWKQkQJNoK,258693,
2026-09-13,2026-09-13T10:56:49Z,short_term,track,33,4LxDdYU3x9tyDxy3CghqdC,Sunrise,,1fa0cOhromAZdq2xRA4vv8,7b9Yl2gyEMKlDY97pcBPGd,199040,
2026-09-13,2026-09-13T10:56:49Z,short_term,track,34,4ppTAJUbNXELZcoUaL90wo,Try Me,,1Xyo4u8uXC1ZmMpatF05PJ,4qZBW3f2Q8y0k1A84d4iAO,221106,
2026-09-13,2026-09-13T10:56:49Z,short_term,track,35,7nzsY8vlnKdvGOEE0rjAXZ,Arabella,,7Ln80lUS6He07XvHI8qqHH,78bpIziExqiI9qztvNFlQu,207356,
2026-09-13,2026-09-13T10:56:49Z,short_term,track,36,0bOU1vG7BIgTRwqe1F44lR,Maya,,1zNTZaTb1hfkZCynCw6kUq,6hacmZUSczCdE8VJPRFZvq,244500,
2026-09-13,2026-09-13T10:56:49Z,short_term,track,37,5QO79kh1waicV47BqGRL3g,Save Your Tears,,1Xyo4u8uXC1ZmMpatF05PJ,4yP0hdKOZPNshxUOjY0cZj,215626,
2026-09-13,2026-09-13T10:56:49Z,short_term,track,38,5rK4GDNiHYC3NUPV3ME4J4,Has To Be,,4g3JG556dlxAQVKpqTbedB,3qK9D70gyPRhGGgNsvutpy,115744,
2026-09-13,2026-09-13T10:56:49Z,short_term,track,39,1oAwsWBovWRIp7qLMGPIet,Apocalypse,,1QAJqy2dA3ihHBFIHRphZj,5chTLnnxlxQVAgEv6YbEBe,290146,
2026-09-13,2026-09-13T10:56:49Z,short_term,track,40,1CyEFdvmN9PgMyrDLhKpzk,Things Change,,1kwRrQDCpXpVliMDntpxCt,4FpZTodkc6jTcjhO2j2sHr,272023,
2026-09-13,2026-09-13T10:56:49Z,short_term,track,41,1U6tiLQYPT9C3GEhJlAsAQ,Epitaph,,0VunpVWO2MCBMR1qwGRWzh,1y3dEPRfsbLgGelBKtXyuq,403766,
2026-09-13,2026-09-13T10:56:49Z,short_term,track,42,4QbFbIBN9ZgboChpjUzmjx,school crush,,59oBQlP5xoa5cfPkonNNnT,0eemBtq14edvA1bRCgJvo1,132382,
2026-09-13,2026-09-13T10:56:49Z,short_term,track,43,4cYllEeJVH7dWKwQxpbk42,The Abyss (feat. Lana Del Rey),,1Xyo4u8uXC1ZmMpatF05PJ,6iyZdOoujtOwiThdAUI8TM,282873,
2026-09-13,2026-09-13T10:56:49Z,short_term,track,44,4oahRRZECfGud6eL7Lj7CO,Opening Night,,1Xyo4u8uXC1ZmMpatF05PJ,6iyZdOoujtOwiThdAUI8TM,96024,
2026-09-13,2026-09-13T10:56:49Z,short_term,track,45,6sKxXqDGkKROr3Z3Na32nv,Stereo Love (Radio Edit),,6XwwFnewNgWp81MYMK8zLq,1Xr0RdpL9S72ior2FCgH6y,184015,
2026-09-13,2026-09-13T10:56:49Z,short_term,track,46,1hlbywc8Jhl1FFqJxAMabE,Ishq,,05etL4pzWd6TSv1x5WrlG3,013jUXOfDFXnDMBetTdsiH,224842,
2026-09-13,2026-09-13T10:56:49Z,short_term,track,47,00WLowvlN5cjkYpQV6pjo4,Die For You,,3MZsBdqDrRTJihTHQrO6Dq,39VuC5rYQHAnR6xQwm1WDk,211666,
2026-09-13,2026-09-13T10:56:49Z,short_term,track,48,5MCbGWnNLLjoHpbDO3BOgi,Gehra Hua,,465OXuCU8YZNmVG1leLwQ9,2e7HNQJ0BcMoqwsVDwDhK8,362400,
2026-09-13,2026-09-13T10:56:49Z,short_term,track,49,2PpYJcgJN6PzozUv7rU669,stellar,,2LbjW13j6rNtFgYcPjR2ur,4gF0aKdd26DsLMbDcLdJdc,99672,
2026-09-13,2026-09-13T10:56:49Z,short_term,track,50,2u0CelO5c81XS7z3dGpHbS,The Beach,,77SW9BnxLY8rJ0RciFqkHh,18iFxjZugvKhuNNMbLjZJF,255133,
2026-09-14,2026-09-14T11:30:32Z,long_term,artist,1,1QAJqy2dA3ihHBFIHRphZj,Cigarettes After Sex,,,,,900123
2026-09-14,2026-09-14T11:30:32Z,long_term,artist,2,0dgJbQ0bKPyUXco8hEXN7X,Øneheart,,,,,28777
2026-09-14,2026-09-14T11:30:32Z,long_term,artist,3,1Xyo4u8uXC1ZmMpatF05PJ,The Weeknd,,,,,14673869
2026-09-14,2026-09-14T11:30:32Z,long_term,artist,4,3MZsBdqDrRTJihTHQrO6Dq,Joji,,,,,562912
2026-09-14,2026-09-14T11:30:32Z,long_term,artist,5,6hIXwlI4wny3zYuB6cDBBk,Murtaza Qizilbash,,,,,
2026-09-14,2026-09-14T11:30:32Z,long_term,artist,6,5y8tKLUfMvliMe8IKamR32,d4vd,,,,,142030
2026-09-14,2026-09-14T11:30:32Z,long_term,artist,7,6znPk9JRNmg6uyB6h8nJu3,Kaavish,,,,,
2026-09-14,2026-09-14T11:30:32Z,long_term,artist,8,7tYKF4w9nC0nq9CsPZTHyP,SZA,,,,,1328164
2026-09-14,2026-09-14T11:30:32Z,long_term,artist,9,1wRPtKGflJrBx9BmLsSwlU,Pritam,,,,,71109
2026-09-14,2026-09-14T11:30:32Z,long_term,artist,10,77SW9BnxLY8rJ0RciFqkHh,The Neighbourhood,,,,,171
2026-09-14,2026-09-14T11:30:32Z,long_term,artist,11,5INjqkS1o8h1imAzPqGZBb,Tame Impala,,,,,1134261
2026-09-14,2026-09-14T11:30:32Z,long_term,artist,12,78rUTD7y6Cy67W1RVzYs7t,PinkPantheress,,,,,237467
2026-09-14,2026-09-14T11:30:32Z,long_term,artist,13,47zz7sob9NUcODy0BTDvKx,Sade,,,,,1451755
2026-09-14,2026-09-14T11:30:32Z,long_term,artist,14,4gdMJYnopf2nEUcanAwstx,Anuv Jain,,,,,4263
2026-09-14,2026-09-14T11:30:32Z,long_term,artist,15,00FQb4jTyendYWaN8pK0wa,Lana Del Rey,,,,,5801333
2026-09-14,2026-09-14T11:30:32Z,long_term,artist,16,2YZyLoL8N0Wb9xBt1NhZWg,Kendrick Lamar,,,,,6167418
2026-09-14,2026-09-14T11:30:32Z,long_term,artist,17,4gzpq5DPGxSnKTe4SA8HAU,Coldplay,,,,,18381342
2026-09-14,2026-09-14T11:30:32Z,long_term,artist,18,5mWQT8CLTa4mAQAJdFjHb1,Abdul Hannan,,,,,849
2026-09-14,2026-09-14T11:30:32Z,long_term,artist,19,05etL4pzWd6TSv1x5WrlG3,Faheem Abdullah,,,,,1526
2026-09-14,2026-09-14T11:30:32Z,long_term,artist,20,7Ln80lUS6He07XvHI8qqHH,Arctic Monkeys,,,,,4956340
2026-09-14,2026-09-14T11:30:32Z,long_term,artist,21,6ft7JnxMyZhp7N52qzHymY,Vansire,,,,,8337
2026-09-14,2026-09-14T11:30:32Z,long_term,artist,22,0Y6dVaC9DZtPNH4591M42W,TV Girl,,,,,445012
2026-09-14,2026-09-14T11:30:32Z,long_term,artist,23,3Sz7ZnJQBIHsXLUSo0OQtM,Mac DeMarco,,,,,559366
2026-09-14,2026-09-14T11:30:32Z,long_term,artist,24,4KRllJ2dEeoqvxOQLOgOsI,VØJ,,,,,12053
2026-09-14,2026-09-14T11:30:32Z,long_term,artist,25,4MrQDA45Gd0llLrwFUzimG,Flawed Mangoes,,,,,14592
2026-09-14,2026-09-14T11:30:32Z,long_term,artist,26,2exebQUDoIoT0dXA8BcN1P,Home,,,,,9745
2026-09-14,2026-09-14T11:30:32Z,long_term,artist,27,06O23tLg0or676h8EEzH7W,Pastel Ghost,,,,,56417
2026-09-14,2026-09-14T11:30:32Z,long_term,artist,28,700c9Qz2z6HZKTumeliKAw,LONOWN,,,,,9933
2026-09-14,2026-09-14T11:30:32Z,long_term,artist,29,3zmfs9cQwzJl575W1ZYXeT,Men I Trust,,,,,75725
2026-09-14,2026-09-14T11:30:32Z,long_term,artist,30,2jku7tDXc6XoB6MO2hFuqg,Tory Lanez,,,,,764818
2026-09-14,2026-09-14T11:30:32Z,long_term,artist,31,6YJ4EgQzDfJnIHRbqIHAdD,Idealism,,,,,7202
2026-09-14,2026-09-14T11:30:32Z,long_term,artist,32,17XXKfRBMCWvLrqGoNkJXm,Engelbert Humperdinck,,,,,46537
2026-09-14,2026-09-14T11:30:32Z,long_term,artist,33,4RRmL81NhhouCKGo8I6GaU,ADTurnUp,,,,,3003
2026-09-14,2026-09-14T11:30:32Z,long_term,artist,34,1cGyguqPQY22oUd4fKglFS,pxlse.,,,,,134
2026-09-14,2026-09-14T11:30:32Z,long_term,artist,35,7gW0r5CkdEUMm42w9XpyZO,Laufey,,,,,245985
2026-09-14,2026-09-14T11:30:32Z,long_term,artist,36,5cj0lLjcoR7YOSnhnX0Po5,Doja Cat,,,,,38
2026-09-14,2026-09-14T11:30:32Z,long_term,artist,37,2sSGPbdZJkaSE2AbcGOACx,The Marías,,,,,147167
2026-09-14,2026-09-14T11:30:32Z,long_term,artist,38,3TVXtAsR1Inumwj472S9r4,Drake,,,,,24078532
2026-09-14,2026-09-14T11:30:32Z,long_term,artist,39,3yKoHgjtyenCOIRaD2Gghu,Cafe Music BGM channel,,,,,10759
2026-09-14,2026-09-14T11:30:32Z,long_term,artist,40,0wf0kncEWHLMGqYqXgZql8,Level Five,,,,,
2026-09-14,2026-09-14T11:30:32Z,long_term,artist,41,1mYsTxnqsietFxj1OgoGbG,A.R. Rahman,,,,,6381
2026-09-14,2026-09-14T11:30:32Z,long_term,artist,42,5K4W6rqBFWDnAN6FQUkS6x,Kanye West,,,,,4543215
2026-09-14,2026-09-14T11:30:32Z,long_term,artist,43,3DeHMjvYP73Pycy8va8RKY,Arnob,,,,,
2026-09-14,2026-09-14T11:30:32Z,long_term,artist,44,0klU31gyC6EZqKgLvVANCy,tomcbumpz,,,,,1078
2026-09-14,2026-09-14T11:30:32Z,long_term,artist,45,19ra5tSw0tWufvUp8GotLo,George Michael,,,,,1497406
2026-09-14,2026-09-14T11:30:32Z,long_term,artist,46,3iGhlvzpXc0UHBQ7klAItX,Mitraz,,,,,1419
2026-09-14,2026-09-14T11:30:32Z,long_term,artist,47,2h93pZq0e7k5yf4dywlkpM,Frank Ocean,,,,,1260874
2026-09-14,2026-09-14T11:30:32Z,long_term,artist,48,4yvcSjfu4PC0CYQyLy4wSq,Glass Animals,,,,,321997
2026-09-14,2026-09-14T11:30:32Z,long_term,artist,49,0Y5tJX1MQlPlqiwlOH1tJY,Travis Scott,,,,,3136799
2026-09-14,2026-09-14T11:30:32Z,long_term,artist,50,3AA28KZvwAUcZuOKwyblJQ,Gorillaz,,,,,3014766
2026-09-14,2026-09-14T11:30:32Z,long_term,track,1,2PpYJcgJN6PzozUv7rU669,stellar,,2LbjW13j6rNtFgYcPjR2ur,4gF0aKdd26DsLMbDcLdJdc,99672,
2026-09-14,2026-09-14T11:30:32Z,long_term,track,2,0X4YYZtZcvqNqYIpMd93IT,i was only temporary,,7pxIYxdkx2675ZGKSAPBAy,24tfAQTRqLfKw5bFjMhc4m,98621,
2026-09-14,2026-09-14T11:30:32Z,long_term,track,3,4xF4ZBGPZKxECeDFrqSAG4,snowfall,,0dgJbQ0bKPyUXco8hEXN7X,4NRsGHlWBTl4rdLcq8CKcH,124065,
2026-09-14,2026-09-14T11:30:32Z,long_term,track,4,28pUgp8Cifsnwrv5Mvltyz,nagashi,,6YJ4EgQzDfJnIHRbqIHAdD,5tfqUZ5RcSWcYn5mWYQ4PK,109948,
2026-09-14,2026-09-14T11:30:32Z,long_term,track,5,00RLNHc2jkEjUoCUlFgPVT,welcome and goodbye,,0qZyvjwZauLmrobrpJmvib,0hZJDoAmB6xVegy0o1eAZd,140643,
2026-09-14,2026-09-14T11:30:32Z,long_term,track,6,6JCkLyhLxufrb10cem9WA6,彩霞,,64mecceQewFCKwCK6JBW0o,1GoWJc6XFiHW1ewHcY1Xqm,134053,
2026-09-14,2026-09-14T11:30:32Z,long_term,track,7,1uvn7eP1I7mIKGvpsqDcoW,bipolar,,2LbjW13j6rNtFgYcPjR2ur,5MOmkgxIJLtmoapI60uK6A,132418,
2026-09-14,2026-09-14T11:30:32Z,long_term,track,8,2mlNgAeIBnL78ZriXgrRHz,Glimpse of Us,,3MZsBdqDrRTJihTHQrO6Dq,39VuC5rYQHAnR6xQwm1WDk,233453,
2026-09-14,2026-09-14T11:30:32Z,long_term,track,9,6rY5FAWxCdAGllYEOZMbjW,SLOW DANCING IN THE DARK,,3MZsBdqDrRTJihTHQrO6Dq,5mIImcsuqpiSXg8XvFr81I,209273,
2026-09-14,2026-09-14T11:30:32Z,long_term,track,10,1A7qPfbcyRVEdcZiwTFhZI,Memory Reboot,,4KRllJ2dEeoqvxOQLOgOsI,134MPeCAA7a1yRC1rRFQCx,209416,
2026-09-14,2026-09-14T11:30:32Z,long_term,track,11,1XTijOjVgekZjRXwgJ2VSE,Bhool,,6hIXwlI4wny3zYuB6cDBBk,4MIPkmbrYvZqLdzLwaQRF9,244800,
2026-09-14,2026-09-14T11:30:32Z,long_term,track,12,1oAwsWBovWRIp7qLMGPIet,Apocalypse,,1QAJqy2dA3ihHBFIHRphZj,5chTLnnxlxQVAgEv6YbEBe,290146,
2026-09-14,2026-09-14T11:30:32Z,long_term,track,13,7mDTvYD2ieE4Q28XFziMfJ,Cry,,1QAJqy2dA3ihHBFIHRphZj,63yRRBtLX8eqbOLD6f0y9U,256799,
2026-09-14,2026-09-14T11:30:32Z,long_term,track,14,4XTgFBxBHN6var1BzAgE1m,Jhol,,3scNK8e4mqnP6Rb8a3lwZY,7grtFo2pj5wwRTM7c6NI9y,265817,
2026-09-14,2026-09-14T11:30:32Z,long_term,track,15,0SCLsDJtC7DmOwks1tsszt,Romantic Homicide,,5y8tKLUfMvliMe8IKamR32,3rrrTOHiXGzuW4FP7t0O1A,132630,
2026-09-14,2026-09-14T11:30:32Z,long_term,track,16,7F2nEClWeQ3x5ycA5qtKOI,a million faces,,5pQD8yR8sjmxwgZfLnZzmT,49jPojLRuWp71LnK3Y3ClE,102068,
2026-09-14,2026-09-14T11:30:32Z,long_term,track,17,4sh8w9hWn04EWoCAeIRdQm,Freaks but Slowed Muffled Echo,,4LMTEaUZGbmDx1xcW08hmE,0bDhcvA7GKReXml1bVUSUa,176041,
2026-09-14,2026-09-14T11:30:32Z,long_term,track,18,37s1WRi8s1rZysbjvBGrEd,Divine Failure,,3IhhgswUBInj1W5gEz92T6,2Xz9bocL8qWYmMnS4jyzFY,151111,
2026-09-14,2026-09-14T11:30:32Z,long_term,track,19,5e0b9LgOfi3aJSKXFcOWRe,Beanie,,1EmdfupUQDpXOcb4Nj2mBH,3sgTZuoyovg4bR5iTgQoo3,132160,
2026-09-14,2026-09-14T11:30:32Z,long_term,track,20,3hB9lDLyAClYVZivMMl20N,Co2,,0tC995Rfn9k2l7nqgCZsV7,4WLh56ZjwINYBNhaxLvEhA,163653,
2026-09-14,2026-09-14T11:30:32Z,long_term,track,21,0JIMT9gzLIIz0esKLyjbKf,Telephones,,0U7iI0Dk4Ojvi17nZboNO4,3Ull45eHLzGXtElhKHFJ7C,212432,
2026-09-14,2026-09-14T11:30:32Z,long_term,track,22,69KUKhBqyGvtO1jtJwZEcv,Fainted,,3QZtwiUoyaXbl1JssMPIQ7,5TQu0bEFSLXXVqrGNIXyKM,249600,
2026-09-14,2026-09-14T11:30:32Z,long_term,track,23,3GUSidbQwd7xuvU6AQorRh,Keep on Loving You,,1QAJqy2dA3ihHBFIHRphZj,3gbJSNFlAe2CjqIjMOeMw1,233000,
2026-09-14,2026-09-14T11:30:32Z,long_term,track,24,5LrN7yUQAzvthd4QujgPFr,Here With Me,,5y8tKLUfMvliMe8IKamR32,3rrrTOHiXGzuW4FP7t0O1A,242484,
2026-09-14,2026-09-14T11:30:32Z,long_term,track,25,6RiiSy9GzSwiyDEJDiMuKe,Something About You,,3XxNRirzbjfLdDli06zMaB,0QB8JzlX70ame6G972aEF1,153312,
2026-09-14,2026-09-14T11:30:32Z,long_term,track,26,70tmdhbUPcVxIxCIpChscl,next to you,,0dgJbQ0bKPyUXco8hEXN7X,7dG0UKYNW0hOIr824ZvTYh,123750,
2026-09-14,2026-09-14T11:30:32Z,long_term,track,27,0DTSnA1bcVI5niJzoyBPyZ,Past Won't Leave My Bed,,3MZsBdqDrRTJihTHQrO6Dq,5JJpyK4SILx6UXJBiT1twN,166106,
2026-09-14,2026-09-14T11:30:32Z,long_term,track,28,2OrucC3HEPmZpkaQ05Nx0V,novocaine,,6hxcqtqpmf08pTDkffU5xx,1fm7CNqCCdnqOoxdb23VTs,195605,
2026-09-14,2026-09-14T11:30:32Z,long_term,track,29,5E02BgqYNN9VzafXrYP6Np,Heavenly,,1QAJqy2dA3ihHBFIHRphZj,63yRRBtLX8eqbOLD6f0y9U,286773,
2026-09-14,2026-09-14T11:30:32Z,long_term,track,30,2TQve4B4jpyUqvxDHzNZAu,Kokuten (Sasuke's Epic Theme from Naruto),,6ibMMTrcvRnEjaxi432r6o,5fIIBXeO9GlqxfTWidHOUt,132751,
2026-09-14,2026-09-14T11:30:32Z,long_term,track,31,0qPoQiQIhgyMaP7X78hxri,Akhiyaan Gulaab,,3iGhlvzpXc0UHBQ7klAItX,0KvWbswDD0ksvFayBl6gUz,171147,
2026-09-14,2026-09-14T11:30:32Z,long_term,track,32,0j3mqDTK4Z6lvrLzFCUUz6,Good Looking,,5GGJosGMs08YEmKTZJe1fL,78rO0EfpVs1RPfpxzF6kUz,214800,
2026-09-14,2026-09-14T11:30:32Z,long_term,track,33,5rK4GDNiHYC3NUPV3ME4J4,Has To Be,,4g3JG556dlxAQVKpqTbedB,3qK9D70gyPRhGGgNsvutpy,115744,
2026-09-14,2026-09-14T11:30:32Z,long_term,track,34,40iDbkPRNNpACrwoCuyRtk,Interlinked - Slowed,,4Bv8nfuBV3hv0yVXXgYozl,03HFE1r5ICujfATGcSkXCV,230000,
2026-09-14,2026-09-14T11:30:32Z,long_term,track,35,4UKjQODokAfEMaTgvTHbVX,Sila,,5mWQT8CLTa4mAQAJdFjHb1,6YqbrXnmuh8lxNEFeHNOcA,248413,
2026-09-14,2026-09-14T11:30:32Z,long_term,track,36,3hEfpBHxgieRLz4t3kLNEg,About You,,3mIj9lX2MWuHmhNCA7LSCW,0kvoCDiWdZ7eHPW7xvdg3z,326490,
2026-09-14,2026-09-14T11:30:32Z,long_term,track,37,6mHTwIXqZtuQUF1fEkrhFB,Tum,,6hIXwlI4wny3zYuB6cDBBk,4INFMJi3SwIEWixQjlMNig,258750,
2026-09-14,2026-09-14T11:30:32Z,long_term,track,38,6JB0h4leDJ4Akabtu42Epd,Tere Pyar Main,,6znPk9JRNmg6uyB6h8nJu3,1lCyYMOz15QK4vhcUxHxEW,302706,
2026-09-14,2026-09-14T11:30:32Z,long_term,track,39,75IQVo8hqI1iwVZyvkN2VT,Show Me How,,3zmfs9cQwzJl575W1ZYXeT,7mUYDBqNiddmKxuKrnBEKQ,215110,
2026-09-14,2026-09-14T11:30:32Z,long_term,track,40,3p4hRhMcb6ch8OLtATMaLw,Cry,,1QAJqy2dA3ihHBFIHRphZj,4uQ5kFmXQdCxz3WvM4UUzy,256799,
2026-09-14,2026-09-14T11:30:32Z,long_term,track,41,3VJpl4jrFSqY3Y6mAzqfux,Har Baar,,6hIXwlI4wny3zYuB6cDBBk,1oRAxwfxb55WuW7KjSx5uw,250285,
2026-09-14,2026-09-14T11:30:32Z,long_term,track,42,4ppTAJUbNXELZcoUaL90wo,Try Me,,1Xyo4u8uXC1ZmMpatF05PJ,4qZBW3f2Q8y0k1A84d4iAO,221106,
2026-09-14,2026-09-14T11:30:32Z,long_term,track,43,4t9vB7wIKWE5jIhjcztmmd,Iris,,06O23tLg0or676h8EEzH7W,3sy3jRg8KrsGYNAuHPQnqk,218384,
2026-09-14,2026-09-14T11:30:32Z,long_term,track,44,5TTGoX70AFrTvuEtqHK37S,No. 1 Party Anthem,,7Ln80lUS6He07XvHI8qqHH,78bpIziExqiI9qztvNFlQu,243131,
2026-09-14,2026-09-14T11:30:32Z,long_term,track,45,29KwH2LEjfWEtiC2jCrLVw,Amore mio aiutami - Main Theme,,2WPn0emjr8XPmMOT0bBcPe,5ekkoKz391PScKKZRCmgDF,234026,
2026-09-14,2026-09-14T11:30:32Z,long_term,track,46,6MRD4fDXBbqa0xodmaFk8Q,Everybody Wants To Rule The World - Sped Up Version,,4bthk9UfsYUYdcFyqxmSUU,1OCUxmIIq0Q1Mj3AFATzsI,183634,
2026-09-14,2026-09-14T11:30:32Z,long_term,track,47,4QzZVJc6qPTtTkPem7qZRo,The Lamp Is Low,,5PkDpzWMZR7Id1vldhF8Qk,2KZIJx4RtZ1seAa6pa6ugl,170790,
2026-09-14,2026-09-14T11:30:32Z,long_term,track,48,612zd3tyOwz52c7c67orZx,safe again,,5np27CiKTBMaIEPqTCrqBF,554ghCNlV34hilih8ujx3T,142237,
2026-09-14,2026-09-14T11:30:32Z,long_term,track,49,5ZP8LfM7TezqoxF9yp6VzX,Stop Waiting,,1QAJqy2dA3ihHBFIHRphZj,1altYQrIlTUBxLKPEkVxgh,362973,
2026-09-14,2026-09-14T11:30:32Z,long_term,track,50,1hlbywc8Jhl1FFqJxAMabE,Ishq,,05etL4pzWd6TSv1x5WrlG3,013jUXOfDFXnDMBetTdsiH,224842,
2026-09-14,2026-09-14T11:30:32Z,medium_term,artist,1,3MZsBdqDrRTJihTHQrO6Dq,Joji,,,,,562912
2026-09-14,2026-09-14T11:30:32Z,medium_term,artist,2,6hIXwlI4wny3zYuB6cDBBk,Murtaza Qizilbash,,,,,
2026-09-14,2026-09-14T11:30:32Z,medium_term,artist,3,1QAJqy2dA3ihHBFIHRphZj,Cigarettes After Sex,,,,,900123
2026-09-14,2026-09-14T11:30:32Z,medium_term,artist,4,1Xyo4u8uXC1ZmMpatF05PJ,The Weeknd,,,,,14673869
2026-09-14,2026-09-14T11:30:32Z,medium_term,artist,5,05etL4pzWd6TSv1x5WrlG3,Faheem Abdullah,,,,,1526
2026-09-14,2026-09-14T11:30:32Z,medium_term,artist,6,700c9Qz2z6HZKTumeliKAw,LONOWN,,,,,9933
2026-09-14,2026-09-14T11:30:32Z,medium_term,artist,7,47zz7sob9NUcODy0BTDvKx,Sade,,,,,1451755
2026-09-14,2026-09-14T11:30:32Z,medium_term,artist,8,5y8tKLUfMvliMe8IKamR32,d4vd,,,,,142030
2026-09-14,2026-09-14T11:30:32Z,medium_term,artist,9,6znPk9JRNmg6uyB6h8nJu3,Kaavish,,,,,
2026-09-14,2026-09-14T11:30:32Z,medium_term,artist,10,1cGyguqPQY22oUd4fKglFS,pxlse.,,,,,134
2026-09-14,2026-09-14T11:30:32Z,medium_term,artist,11,77SW9BnxLY8rJ0RciFqkHh,The Neighbourhood,,,,,171
2026-09-14,2026-09-14T11:30:32Z,medium_term,artist,12,3Sz7ZnJQBIHsXLUSo0OQtM,Mac DeMarco,,,,,559366
2026-09-14,2026-09-14T11:30:32Z,medium_term,artist,13,5INjqkS1o8h1imAzPqGZBb,Tame Impala,,,,,1134261
2026-09-14,2026-09-14T11:30:32Z,medium_term,artist,14,0klU31gyC6EZqKgLvVANCy,tomcbumpz,,,,,1078
2026-09-14,2026-09-14T11:30:32Z,medium_term,artist,15,5mWQT8CLTa4mAQAJdFjHb1,Abdul Hannan,,,,,849
2026-09-14,2026-09-14T11:30:32Z,medium_term,artist,16,7Ln80lUS6He07XvHI8qqHH,Arctic Monkeys,,,,,4956340
2026-09-14,2026-09-14T11:30:32Z,medium_term,artist,17,1wRPtKGflJrBx9BmLsSwlU,Pritam,,,,,71109
2026-09-14,2026-09-14T11:30:32Z,medium_term,artist,18,4Z8W4fKeB5YxbusRsdQVPb,Radiohead,,,,,508
2026-09-14,2026-09-14T11:30:32Z,medium_term,artist,19,0Y6dVaC9DZtPNH4591M42W,TV Girl,,,,,445012
2026-09-14,2026-09-14T11:30:32Z,medium_term,artist,20,5cj0lLjcoR7YOSnhnX0Po5,Doja Cat,,,,,38
2026-09-14,2026-09-14T11:30:32Z,medium_term,artist,21,4gdMJYnopf2nEUcanAwstx,Anuv Jain,,,,,4263
2026-09-14,2026-09-14T11:30:32Z,medium_term,artist,22,2jku7tDXc6XoB6MO2hFuqg,Tory Lanez,,,,,764818
2026-09-14,2026-09-14T11:30:32Z,medium_term,artist,23,60jYUgQzKAtnJoXKGk1GNn,Habib Wahid,,,,,
2026-09-14,2026-09-14T11:30:32Z,medium_term,artist,24,0wf0kncEWHLMGqYqXgZql8,Level Five,,,,,
2026-09-14,2026-09-14T11:30:32Z,medium_term,artist,25,06eRdiCBgFUhiuFjei0eH2,Warfaze,,,,,
2026-09-14,2026-09-14T11:30:32Z,medium_term,artist,26,17XXKfRBMCWvLrqGoNkJXm,Engelbert Humperdinck,,,,,46537
2026-09-14,2026-09-14T11:30:32Z,medium_term,artist,27,7lzordPuZEXxwt9aoVZYmG,Billy Idol,,,,,604998
2026-09-14,2026-09-14T11:30:32Z,medium_term,artist,28,7tYKF4w9nC0nq9CsPZTHyP,SZA,,,,,1328164
2026-09-14,2026-09-14T11:30:32Z,medium_term,artist,29,59oBQlP5xoa5cfPkonNNnT,Nafeesisboujee,,,,,6933
2026-09-14,2026-09-14T11:30:32Z,medium_term,artist,30,66CXWjxzNUsdJxJ2JdwvnR,Ariana Grande,,,,,13420271
2026-09-14,2026-09-14T11:30:32Z,medium_term,artist,31,5c7JjKTazKNQubk2GjgbJT,Arekta Rock Band,,,,,
2026-09-14,2026-09-14T11:30:32Z,medium_term,artist,32,78rUTD7y6Cy67W1RVzYs7t,PinkPantheress,,,,,237467
2026-09-14,2026-09-14T11:30:32Z,medium_term,artist,33,3mIj9lX2MWuHmhNCA7LSCW,The 1975,,,,,606647
2026-09-14,2026-09-14T11:30:32Z,medium_term,artist,34,2LbjW13j6rNtFgYcPjR2ur,.diedlonely,,,,,4224
2026-09-14,2026-09-14T11:30:32Z,medium_term,artist,35,00FQb4jTyendYWaN8pK0wa,Lana Del Rey,,,,,5801333
2026-09-14,2026-09-14T11:30:32Z,medium_term,artist,36,4dpARuHxo51G3z768sgnrY,Adele,,,,,15467816
2026-09-14,2026-09-14T11:30:32Z,medium_term,artist,37,0xRXCcSX89eobfrshSVdyu,MEDUZA,,,,,
2026-09-14,2026-09-14T11:30:32Z,medium_term,artist,38,2YZyLoL8N0Wb9xBt1NhZWg,Kendrick Lamar,,,,,6167418
2026-09-14,2026-09-14T11:30:32Z,medium_term,artist,39,2h93pZq0e7k5yf4dywlkpM,Frank Ocean,,,,,1260874
2026-09-14,2026-09-14T11:30:32Z,medium_term,artist,40,5ThqNILsplOvwjj9kx0Hnt,Artcell,,,,,
2026-09-14,2026-09-14T11:30:32Z,medium_term,artist,41,3AA28KZvwAUcZuOKwyblJQ,Gorillaz,,,,,3014766
2026-09-14,2026-09-14T11:30:32Z,medium_term,artist,42,37LGjqM0je1KNrLRD3MZ47,Indalo,,,,,
2026-09-14,2026-09-14T11:30:32Z,medium_term,artist,43,4yvcSjfu4PC0CYQyLy4wSq,Glass Animals,,,,,321997
2026-09-14,2026-09-14T11:30:32Z,medium_term,artist,44,0dgJbQ0bKPyUXco8hEXN7X,Øneheart,,,,,28777
2026-09-14,2026-09-14T11:30:32Z,medium_term,artist,45,2ElQWsoSpwUhYFFdFuHqse,Lorenzo Ferrara,,,,,
2026-09-14,2026-09-14T11:30:32Z,medium_term,artist,46,3ctnkEZGtVBTxS7IMin8nC,Instupendo,,,,,4624
2026-09-14,2026-09-14T11:30:32Z,medium_term,artist,47,3TVXtAsR1Inumwj472S9r4,Drake,,,,,24078532
2026-09-14,2026-09-14T11:30:32Z,medium_term,artist,48,4KRllJ2dEeoqvxOQLOgOsI,VØJ,,,,,12053
2026-09-14,2026-09-14T11:30:32Z,medium_term,artist,49,0WBg7b6KiPmfh7lI5vbFKC,Meghdol,,,,,
2026-09-14,2026-09-14T11:30:32Z,medium_term,artist,50,1Mxqyy3pSjf8kZZL4QVxS0,Frank Sinatra,,,,,2483143
2026-09-14,2026-09-14T11:30:32Z,medium_term,track,1,0X4YYZtZcvqNqYIpMd93IT,i was only temporary,,7pxIYxdkx2675ZGKSAPBAy,24tfAQTRqLfKw5bFjMhc4m,98621,
2026-09-14,2026-09-14T11:30:32Z,medium_term,track,2,2mlNgAeIBnL78ZriXgrRHz,Glimpse of Us,,3MZsBdqDrRTJihTHQrO6Dq,39VuC5rYQHAnR6xQwm1WDk,233453,
2026-09-14,2026-09-14T11:30:32Z,medium_term,track,3,1uvn7eP1I7mIKGvpsqDcoW,bipolar,,2LbjW13j6rNtFgYcPjR2ur,5MOmkgxIJLtmoapI60uK6A,132418,
2026-09-14,2026-09-14T11:30:32Z,medium_term,track,4,2PpYJcgJN6PzozUv7rU669,stellar,,2LbjW13j6rNtFgYcPjR2ur,4gF0aKdd26DsLMbDcLdJdc,99672,
2026-09-14,2026-09-14T11:30:32Z,medium_term,track,5,6rY5FAWxCdAGllYEOZMbjW,SLOW DANCING IN THE DARK,,3MZsBdqDrRTJihTHQrO6Dq,5mIImcsuqpiSXg8XvFr81I,209273,
2026-09-14,2026-09-14T11:30:32Z,medium_term,track,6,3J44gxX4AcRApFyympWPIB,Past Won't Leave My Bed,,3MZsBdqDrRTJihTHQrO6Dq,7MLyEn1CPizpS8bjZ7zzrT,166106,
2026-09-14,2026-09-14T11:30:32Z,medium_term,track,7,4UKjQODokAfEMaTgvTHbVX,Sila,,5mWQT8CLTa4mAQAJdFjHb1,6YqbrXnmuh8lxNEFeHNOcA,248413,
2026-09-14,2026-09-14T11:30:32Z,medium_term,track,8,1XTijOjVgekZjRXwgJ2VSE,Bhool,,6hIXwlI4wny3zYuB6cDBBk,4MIPkmbrYvZqLdzLwaQRF9,244800,
2026-09-14,2026-09-14T11:30:32Z,medium_term,track,9,3VJpl4jrFSqY3Y6mAzqfux,Har Baar,,6hIXwlI4wny3zYuB6cDBBk,1oRAxwfxb55WuW7KjSx5uw,250285,
2026-09-14,2026-09-14T11:30:32Z,medium_term,track,10,2TQve4B4jpyUqvxDHzNZAu,Kokuten (Sasuke's Epic Theme from Naruto),,6ibMMTrcvRnEjaxi432r6o,5fIIBXeO9GlqxfTWidHOUt,132751,
2026-09-14,2026-09-14T11:30:32Z,medium_term,track,11,3p4hRhMcb6ch8OLtATMaLw,Cry,,1QAJqy2dA3ihHBFIHRphZj,4uQ5kFmXQdCxz3WvM4UUzy,256799,
2026-09-14,2026-09-14T11:30:32Z,medium_term,track,12,1hlbywc8Jhl1FFqJxAMabE,Ishq,,05etL4pzWd6TSv1x5WrlG3,013jUXOfDFXnDMBetTdsiH,224842,
2026-09-14,2026-09-14T11:30:32Z,medium_term,track,13,5rK4GDNiHYC3NUPV3ME4J4,Has To Be,,4g3JG556dlxAQVKpqTbedB,3qK9D70gyPRhGGgNsvutpy,115744,
2026-09-14,2026-09-14T11:30:32Z,medium_term,track,14,65krtHkaYLPr0mEbjL61UP,Kiss of Life,,47zz7sob9NUcODy0BTDvKx,3uSWaQxJAdm5MWKQkQJNoK,251333,
2026-09-14,2026-09-14T11:30:32Z,medium_term,track,15,00WLowvlN5cjkYpQV6pjo4,Die For You,,3MZsBdqDrRTJihTHQrO6Dq,39VuC5rYQHAnR6xQwm1WDk,211666,
2026-09-14,2026-09-14T11:30:32Z,medium_term,track,16,0oUBuOO4g9P4lREqfqR5nq,A Man Without Love,,17XXKfRBMCWvLrqGoNkJXm,2zQM1HOK5OnDGF1SSWExnE,203133,
2026-09-14,2026-09-14T11:30:32Z,medium_term,track,17,4eFV1LfWlYCVJnPTuSo3db,LOVE YOU LESS,,3MZsBdqDrRTJihTHQrO6Dq,7MLyEn1CPizpS8bjZ7zzrT,201186,
2026-09-14,2026-09-14T11:30:32Z,medium_term,track,18,06E5KyqnDTueEbdT22FFvM,School Rooftop,,72y6MZHIPEyS64ACSCtIq6,3ZoCHr39oKNBUHTykhkMpx,167967,
2026-09-14,2026-09-14T11:30:32Z,medium_term,track,19,3iy2QuCtCzpWnR6tia39AB,hate that i made you love me,,66CXWjxzNUsdJxJ2JdwvnR,2k4FmEtXR0WiDW0Ac2QArT,197949,
2026-09-14,2026-09-14T11:30:32Z,medium_term,track,20,70YTBH8vOGJNMhy6186yFm,Heavenly,,1QAJqy2dA3ihHBFIHRphZj,4uQ5kFmXQdCxz3WvM4UUzy,286773,
2026-09-14,2026-09-14T11:30:32Z,medium_term,track,21,0FVuyC9RP5MACjp4lgU3qZ,I'm God,,5vSQUyT33qxr1xAX2Tkf3A,66eXLlqksAwNndmHaHWtCq,277710,
2026-09-14,2026-09-14T11:30:32Z,medium_term,track,22,0H9rWqCXi7gv6kDO3N98ZU,Khwaab,,05etL4pzWd6TSv1x5WrlG3,013jUXOfDFXnDMBetTdsiH,325806,
2026-09-14,2026-09-14T11:30:32Z,medium_term,track,23,0pUVeEgZuNyFzIMKp67RbS,Eyes Without A Face,,7lzordPuZEXxwt9aoVZYmG,2FZNWUmgRoP8uJZBaHJdfj,299240,
2026-09-14,2026-09-14T11:30:32Z,medium_term,track,24,0JIMT9gzLIIz0esKLyjbKf,Telephones,,0U7iI0Dk4Ojvi17nZboNO4,3Ull45eHLzGXtElhKHFJ7C,212432,
2026-09-14,2026-09-14T11:30:32Z,medium_term,track,25,7mrrszs7ZOPEsJhg0q8jvD,Tairay Naam,,6znPk9JRNmg6uyB6h8nJu3,6MXb1UT4rEqv1ZrUodbMUk,328421,
2026-09-14,2026-09-14T11:30:32Z,medium_term,track,26,2xql0pid3EUwW38AsywxhV,Reflections,,77SW9BnxLY8rJ0RciFqkHh,0ODLCdHBFVvKwJGeSfd1jy,244013,
2026-09-14,2026-09-14T11:30:32Z,medium_term,track,27,1GDJhAiO9tqjMuDWFad0IF,Woh,,6hIXwlI4wny3zYuB6cDBBk,2tbamcNG4xK0jKrd1lSzXX,237672,
2026-09-14,2026-09-14T11:30:32Z,medium_term,track,28,42D9aaKTLw47faFhRCQfHF,Blah Blah,,3MZsBdqDrRTJihTHQrO6Dq,5xiwCNC26RvgfwElNmIJoL,161653,
2026-09-14,2026-09-14T11:30:32Z,medium_term,track,29,030OypEGdW6Nvo1KDWa0Bt,Catch a Feeling,,2Glf84Z4MUxfquLMdTjd1G,2QquxK1oqBz5jrF6uBV0Zc,127000,
2026-09-14,2026-09-14T11:30:32Z,medium_term,track,30,7oNZfE9wnu7SP55LwNSiKG,Hum,,6hIXwlI4wny3zYuB6cDBBk,7idG3a5Nmotd02hA6ifD0f,275076,
2026-09-14,2026-09-14T11:30:32Z,medium_term,track,31,6CKoWCWAqEVWVjpeoJXyNH,Shape Of My Heart,,0Ty63ceoRnnJKVEYP0VQpk,5kV0KBXfELibs6qQJLmOtg,279226,
2026-09-14,2026-09-14T11:30:32Z,medium_term,track,32,1gVN2TuTQh2g9LE1wi6FTY,Girei,,2ElQWsoSpwUhYFFdFuHqse,5FLwqfngn0X753dUDkF9tt,130421,
2026-09-14,2026-09-14T11:30:32Z,medium_term,track,33,4BGfzLrK6lgvKDjKSU7wrN,Sajde,,05etL4pzWd6TSv1x5WrlG3,013jUXOfDFXnDMBetTdsiH,460833,
2026-09-14,2026-09-14T11:30:32Z,medium_term,track,34,7npPPrZEDmeHMk6mxvIeFa,My Jinji,,7BqRcZsHYYQeqMAOp7e532,24eFuwfHPWbuRMrMevqe0Q,400560,
2026-09-14,2026-09-14T11:30:32Z,medium_term,track,35,2hsaWsa0VNx1ug3uotwMvP,Saika,,4sakRwIaBDdtw8qZ8NNwsc,6D02yHQQhXyJ02mVYZxFlL,150525,
2026-09-14,2026-09-14T11:30:32Z,medium_term,track,36,5Z8Dj3LtbyCMiwE86rhg2f,Marea (we’ve lost dancing),,4oLeXFyACqeem2VImYeBFe,6o86bV7TAt5x4exc2qLDqC,285375,
2026-09-14,2026-09-14T11:30:32Z,medium_term,track,37,7JEzAlwHhCD2M1cYE6BeqJ,Loving Machine,,0Y6dVaC9DZtPNH4591M42W,4oL7pMxnb04uuRI7ReXmuh,227000,
2026-09-14,2026-09-14T11:30:32Z,medium_term,track,38,16zzrcKYGDkaGNeSjIMa6O,through - 2022 Remastered,,47mrO8UvhD1Qt6iAIy4fCO,6ZqKaHYpWb1TARqE3oUU2G,347636,
2026-09-14,2026-09-14T11:30:32Z,medium_term,track,39,6mHTwIXqZtuQUF1fEkrhFB,Tum,,6hIXwlI4wny3zYuB6cDBBk,4INFMJi3SwIEWixQjlMNig,258750,
2026-09-14,2026-09-14T11:30:32Z,medium_term,track,40,4Bsf8Pzli5MQv9zLF9KXqc,Unakkul Naane,,29aw5YCdIw2FEXYyAJZI8l,1MrwFWLghGgpbpJ0iekIhK,127850,
2026-09-14,2026-09-14T11:30:32Z,medium_term,track,41,0WiMJIxYYEex2AqhRqzV3u,For the First Time,,3Sz7ZnJQBIHsXLUSo0OQtM,0NEyPH2WTU7NAPxebB7z4g,182306,
2026-09-14,2026-09-14T11:30:32Z,medium_term,track,42,0bxRSMz5WY1VuMmOhanE4b,Baptized In Fear,,1Xyo4u8uXC1ZmMpatF05PJ,6iyZdOoujtOwiThdAUI8TM,232176,
2026-09-14,2026-09-14T11:30:32Z,medium_term,track,43,5hjhaH0vwtpftiLtF3veZp,Ophelia,,78rUTD7y6Cy67W1RVzYs7t,2pOEFqvfxp5uUQ8vQEmVA0,155093,
2026-09-14,2026-09-14T11:30:32Z,medium_term,track,44,1KIJclzEbNhSVw8tiHPWwE,Young,,0U7iI0Dk4Ojvi17nZboNO4,54lNPJ6xq2QXwG6jLEIf6C,189160,
2026-09-14,2026-09-14T11:30:32Z,medium_term,track,45,6JB0h4leDJ4Akabtu42Epd,Tere Pyar Main,,6znPk9JRNmg6uyB6h8nJu3,1lCyYMOz15QK4vhcUxHxEW,302706,
2026-09-14,2026-09-14T11:30:32Z,medium_term,track,46,2TUFKhKl4EZYAo3D9FXU5E,Pieces,,5oJvmyeWzyeahRtjup3Oys,3Ab4BR06hO8qx1NCZ1seog,195030,
2026-09-14,2026-09-14T11:30:32Z,medium_term,track,47,1Q68oodivzKjIDnPTXFy83,Memory Reboot,,4KRllJ2dEeoqvxOQLOgOsI,38leU2pvDRxNx2u59BENZb,209416,
2026-09-14,2026-09-14T11:30:32Z,medium_term,track,48,1i5oEx2vFczQ2sCY3c6Kn5,Love Hurts,,6fvN9GmMCVKb5LY0WsnjFP,5Zwyrn62m3Pyc0nvRa9CHF,233133,
2026-09-14,2026-09-14T11:30:32Z,medium_term,track,49,3AWDeHLc88XogCaCnZQLVI,Cry For Me,,1Xyo4u8uXC1ZmMpatF05PJ,3OxfaVgvTxUTy7276t7SPU,224136,
2026-09-14,2026-09-14T11:30:32Z,medium_term,track,50,0luw44Of3IgnW2CHRnW2f7,resonance - midwest emo version,,1kgoGhvV1nEGVHFhY4VbcH,6g9DYxJ90dd6rlZD5q9z2c,219024,
2026-09-14,2026-09-14T11:30:32Z,short_term,artist,1,1Xyo4u8uXC1ZmMpatF05PJ,The Weeknd,,,,,14673869
2026-09-14,2026-09-14T11:30:32Z,short_term,artist,2,6hIXwlI4wny3zYuB6cDBBk,Murtaza Qizilbash,,,,,
2026-09-14,2026-09-14T11:30:32Z,short_term,artist,3,3MZsBdqDrRTJihTHQrO6Dq,Joji,,,,,562912
2026-09-14,2026-09-14T11:30:32Z,short_term,artist,4,1QAJqy2dA3ihHBFIHRphZj,Cigarettes After Sex,,,,,900123
2026-09-14,2026-09-14T11:30:32Z,short_term,artist,5,77SW9BnxLY8rJ0RciFqkHh,The Neighbourhood,,,,,171
2026-09-14,2026-09-14T11:30:32Z,short_term,artist,6,7Ln80lUS6He07XvHI8qqHH,Arctic Monkeys,,,,,4956340
2026-09-14,2026-09-14T11:30:32Z,short_term,artist,7,47zz7sob9NUcODy0BTDvKx,Sade,,,,,1451755
2026-09-14,2026-09-14T11:30:32Z,short_term,artist,8,6znPk9JRNmg6uyB6h8nJu3,Kaavish,,,,,
2026-09-14,2026-09-14T11:30:32Z,short_term,artist,9,5INjqkS1o8h1imAzPqGZBb,Tame Impala,,,,,1134261
2026-09-14,2026-09-14T11:30:32Z,short_term,artist,10,3Sz7ZnJQBIHsXLUSo0OQtM,Mac DeMarco,,,,,559366
2026-09-14,2026-09-14T11:30:32Z,short_term,artist,11,5c7JjKTazKNQubk2GjgbJT,Arekta Rock Band,,,,,
2026-09-14,2026-09-14T11:30:32Z,short_term,artist,12,0xRXCcSX89eobfrshSVdyu,MEDUZA,,,,,
2026-09-14,2026-09-14T11:30:32Z,short_term,artist,13,2jku7tDXc6XoB6MO2hFuqg,Tory Lanez,,,,,764818
2026-09-14,2026-09-14T11:30:32Z,short_term,artist,14,37LGjqM0je1KNrLRD3MZ47,Indalo,,,,,
2026-09-14,2026-09-14T11:30:32Z,short_term,artist,15,05etL4pzWd6TSv1x5WrlG3,Faheem Abdullah,,,,,1526
2026-09-14,2026-09-14T11:30:32Z,short_term,artist,16,4gdMJYnopf2nEUcanAwstx,Anuv Jain,,,,,4263
2026-09-14,2026-09-14T11:30:32Z,short_term,artist,17,1wRPtKGflJrBx9BmLsSwlU,Pritam,,,,,71109
2026-09-14,2026-09-14T11:30:32Z,short_term,artist,18,00FQb4jTyendYWaN8pK0wa,Lana Del Rey,,,,,5801333
2026-09-14,2026-09-14T11:30:32Z,short_term,artist,19,0Y6dVaC9DZtPNH4591M42W,TV Girl,,,,,445012
2026-09-14,2026-09-14T11:30:32Z,short_term,artist,20,5mWQT8CLTa4mAQAJdFjHb1,Abdul Hannan,,,,,849
2026-09-14,2026-09-14T11:30:32Z,short_term,artist,21,0WBg7b6KiPmfh7lI5vbFKC,Meghdol,,,,,
2026-09-14,2026-09-14T11:30:32Z,short_term,artist,22,2YZyLoL8N0Wb9xBt1NhZWg,Kendrick Lamar,,,,,6167418
2026-09-14,2026-09-14T11:30:32Z,short_term,artist,23,2h93pZq0e7k5yf4dywlkpM,Frank Ocean,,,,,1260874
2026-09-14,2026-09-14T11:30:32Z,short_term,artist,24,7tYKF4w9nC0nq9CsPZTHyP,SZA,,,,,1328164
2026-09-14,2026-09-14T11:30:32Z,short_term,artist,25,5io6IfbYy6t9IBtzYdOwN9,Balam,,,,,
2026-09-14,2026-09-14T11:30:32Z,short_term,artist,26,66CXWjxzNUsdJxJ2JdwvnR,Ariana Grande,,,,,13420271
2026-09-14,2026-09-14T11:30:32Z,short_term,artist,27,6IRouO5mvvfcyxtPDKMYFN,Foreigner,,,,,242955
2026-09-14,2026-09-14T11:30:32Z,short_term,artist,28,700c9Qz2z6HZKTumeliKAw,LONOWN,,,,,9933
2026-09-14,2026-09-14T11:30:32Z,short_term,artist,29,0qjWYusrckF9BpkvWaoKRO,Cozy Coffee Shop,,,,,
2026-09-14,2026-09-14T11:30:32Z,short_term,artist,30,0wf0kncEWHLMGqYqXgZql8,Level Five,,,,,
2026-09-14,2026-09-14T11:30:32Z,short_term,artist,31,1AbJ2cmwK400LSvdvBL5Jc,Strawberry Guy,,,,,51189
2026-09-14,2026-09-14T11:30:32Z,short_term,artist,32,1fa0cOhromAZdq2xRA4vv8,Simply Red,,,,,928555
2026-09-14,2026-09-14T11:30:32Z,short_term,artist,33,1mYsTxnqsietFxj1OgoGbG,A.R. Rahman,,,,,6381
2026-09-14,2026-09-14T11:30:32Z,short_term,artist,34,2oSONSC9zQ4UonDKnLqksx,Atif Aslam,,,,,221118
2026-09-14,2026-09-14T11:30:32Z,short_term,artist,35,3mIj9lX2MWuHmhNCA7LSCW,The 1975,,,,,606647
2026-09-14,2026-09-14T11:30:32Z,short_term,artist,36,465OXuCU8YZNmVG1leLwQ9,Shashwat Sachdev,,,,,440
2026-09-14,2026-09-14T11:30:32Z,short_term,artist,37,4gzpq5DPGxSnKTe4SA8HAU,Coldplay,,,,,18381342
2026-09-14,2026-09-14T11:30:32Z,short_term,artist,38,6LEG9Ld1aLImEFEVHdWNSB,AP Dhillon,,,,,28528
2026-09-14,2026-09-14T11:30:32Z,short_term,artist,39,6XwwFnewNgWp81MYMK8zLq,Edward Maya,,,,,173241
2026-09-14,2026-09-14T11:30:32Z,short_term,artist,40,0SPHOEwCSzS2yrC6S24usM,Warm Blanket,,,,,
2026-09-14,2026-09-14T11:30:32Z,short_term,artist,41,3hWCBAZoHjCoAXPjejhCwr,Cozy Wood,,,,,
2026-09-14,2026-09-14T11:30:32Z,short_term,artist,42,703kRYCTy8bqt8iWhJrBX8,Chien Do,,,,,
2026-09-14,2026-09-14T11:30:32Z,short_term,artist,43,0eJZnvOfks7OleQxORVuF7,Cozy Room,,,,,
2026-09-14,2026-09-14T11:30:32Z,short_term,artist,44,2b9qemp1Y8NuEbY4RMYHY1,Jazzy Coffee,,,,,
2026-09-14,2026-09-14T11:30:32Z,short_term,artist,45,462hgoSSVau039BHOvX1sk,Cozy Bedroom,,,,,
2026-09-14,2026-09-14T11:30:32Z,short_term,artist,46,0U7iI0Dk4Ojvi17nZboNO4,Vacations,,,,,82714
2026-09-14,2026-09-14T11:30:32Z,short_term,track,1,3VJpl4jrFSqY3Y6mAzqfux,Har Baar,,6hIXwlI4wny3zYuB6cDBBk,1oRAxwfxb55WuW7KjSx5uw,250285,
2026-09-14,2026-09-14T11:30:32Z,short_term,track,2,6CKoWCWAqEVWVjpeoJXyNH,Shape Of My Heart,,0Ty63ceoRnnJKVEYP0VQpk,5kV0KBXfELibs6qQJLmOtg,279226,
2026-09-14,2026-09-14T11:30:32Z,short_term,track,3,2TQve4B4jpyUqvxDHzNZAu,Kokuten (Sasuke's Epic Theme from Naruto),,6ibMMTrcvRnEjaxi432r6o,5fIIBXeO9GlqxfTWidHOUt,132751,
2026-09-14,2026-09-14T11:30:32Z,short_term,track,4,4UKjQODokAfEMaTgvTHbVX,Sila,,5mWQT8CLTa4mAQAJdFjHb1,6YqbrXnmuh8lxNEFeHNOcA,248413,
2026-09-14,2026-09-14T11:30:32Z,short_term,track,5,0bxRSMz5WY1VuMmOhanE4b,Baptized In Fear,,1Xyo4u8uXC1ZmMpatF05PJ,6iyZdOoujtOwiThdAUI8TM,232176,
2026-09-14,2026-09-14T11:30:32Z,short_term,track,6,1i5oEx2vFczQ2sCY3c6Kn5,Love Hurts,,6fvN9GmMCVKb5LY0WsnjFP,5Zwyrn62m3Pyc0nvRa9CHF,233133,
2026-09-14,2026-09-14T11:30:32Z,short_term,track,7,1uvyZBs4IZYRebHIB1747m,Purple Rain,,5a2EaR3hamoenG9rDuVn8j,2umoqwMrmjBBPeaqgYu6J9,521866,
2026-09-14,2026-09-14T11:30:32Z,short_term,track,8,1XTijOjVgekZjRXwgJ2VSE,Bhool,,6hIXwlI4wny3zYuB6cDBBk,4MIPkmbrYvZqLdzLwaQRF9,244800,
2026-09-14,2026-09-14T11:30:32Z,short_term,track,9,5hc71nKsUgtwQ3z52KEKQk,Somebody Else,,3mIj9lX2MWuHmhNCA7LSCW,1JFmNyVPdBF1ECvv4fhpW4,347520,
2026-09-14,2026-09-14T11:30:32Z,short_term,track,10,40gvh6jP5qxMJuMmF9lG9A,Baby Came Home 2 / Valentines,,77SW9BnxLY8rJ0RciFqkHh,18iFxjZugvKhuNNMbLjZJF,390502,
2026-09-14,2026-09-14T11:30:32Z,short_term,track,11,0stJVUUSrbEwyFHOp2dRu0,Open Hearts,,1Xyo4u8uXC1ZmMpatF05PJ,6iyZdOoujtOwiThdAUI8TM,234923,
2026-09-14,2026-09-14T11:30:32Z,short_term,track,12,7oNZfE9wnu7SP55LwNSiKG,Hum,,6hIXwlI4wny3zYuB6cDBBk,7idG3a5Nmotd02hA6ifD0f,275076,
2026-09-14,2026-09-14T11:30:32Z,short_term,track,13,1uvn7eP1I7mIKGvpsqDcoW,bipolar,,2LbjW13j6rNtFgYcPjR2ur,5MOmkgxIJLtmoapI60uK6A,132418,
2026-09-14,2026-09-14T11:30:32Z,short_term,track,14,1GDJhAiO9tqjMuDWFad0IF,Woh,,6hIXwlI4wny3zYuB6cDBBk,2tbamcNG4xK0jKrd1lSzXX,237672,
2026-09-14,2026-09-14T11:30:32Z,short_term,track,15,70YTBH8vOGJNMhy6186yFm,Heavenly,,1QAJqy2dA3ihHBFIHRphZj,4uQ5kFmXQdCxz3WvM4UUzy,286773,
2026-09-14,2026-09-14T11:30:32Z,short_term,track,16,2y8mkajKikV5S1PRCMQ5WL,KALYANI (with Shreya Ghoshal) - Remix,,5j2JTk8JqepIgv1zxYOuIi,7JIw6me0sSXfs4nGwNaTHw,269387,
2026-09-14,2026-09-14T11:30:32Z,short_term,track,17,6JB0h4leDJ4Akabtu42Epd,Tere Pyar Main,,6znPk9JRNmg6uyB6h8nJu3,1lCyYMOz15QK4vhcUxHxEW,302706,
2026-09-14,2026-09-14T11:30:32Z,short_term,track,18,65krtHkaYLPr0mEbjL61UP,Kiss of Life,,47zz7sob9NUcODy0BTDvKx,3uSWaQxJAdm5MWKQkQJNoK,251333,
2026-09-14,2026-09-14T11:30:32Z,short_term,track,19,2v0AG62ZHtD3I4YmTb3WYM,Niagara Falls,,1Xyo4u8uXC1ZmMpatF05PJ,3OxfaVgvTxUTy7276t7SPU,277274,
2026-09-14,2026-09-14T11:30:32Z,short_term,track,20,6ux2llhjAuhSLggEaBoaLY,i think i'm addicted,,28ntgpEkMU9Zm7F3gLDMhZ,6Kx70JcyksQYEnP69i8Idj,158520,
2026-09-14,2026-09-14T11:30:32Z,short_term,track,21,0ZGfGStyu8s02fzpmmOF2l,Pyaar Mein,,6hIXwlI4wny3zYuB6cDBBk,73LzbMdjxsCA3ItV7KtHYo,216000,
2026-09-14,2026-09-14T11:30:32Z,short_term,track,22,1FzbOPWCZiNxnLjAhY1jAR,In And Out Of Love,,0SfsnGyD8FpIN4U4WCkBZ5,07UKYOTXfIdPwnL7iO0lJB,181680,
2026-09-14,2026-09-14T11:30:32Z,short_term,track,23,0JIMT9gzLIIz0esKLyjbKf,Telephones,,0U7iI0Dk4Ojvi17nZboNO4,3Ull45eHLzGXtElhKHFJ7C,212432,
2026-09-14,2026-09-14T11:30:32Z,short_term,track,24,0WiMJIxYYEex2AqhRqzV3u,For the First Time,,3Sz7ZnJQBIHsXLUSo0OQtM,0NEyPH2WTU7NAPxebB7z4g,182306,
2026-09-14,2026-09-14T11:30:32Z,short_term,track,25,3jv9Mt5gKA8rwXoELAfKex,Beparwah,,6hIXwlI4wny3zYuB6cDBBk,2xMxW7Z8ij0xc41wExsXGE,193157,
2026-09-14,2026-09-14T11:30:32Z,short_term,track,26,6rY5FAWxCdAGllYEOZMbjW,SLOW DANCING IN THE DARK,,3MZsBdqDrRTJihTHQrO6Dq,5mIImcsuqpiSXg8XvFr81I,209273,
2026-09-14,2026-09-14T11:30:32Z,short_term,track,27,7nzsY8vlnKdvGOEE0rjAXZ,Arabella,,7Ln80lUS6He07XvHI8qqHH,78bpIziExqiI9qztvNFlQu,207356,
2026-09-14,2026-09-14T11:30:32Z,short_term,track,28,4Fv6wNYUixnYkj3Dgfrls8,Tumblr Girls (feat. Christoph Andersson),,02kJSzxNuaWGqwubyUba0Z,6wDc63NhKy2PyXdbhkRmrl,255680,
2026-09-14,2026-09-14T11:30:32Z,short_term,track,29,07SnvbvFJ1jUzpoBp9N4Cc,addiction - Slowed,,700c9Qz2z6HZKTumeliKAw,4JBvjA0JHPfG0RUWA3tIue,233480,
2026-09-14,2026-09-14T11:30:32Z,short_term,track,30,5LmvjYl6SZsea5QGdm4aN7,Nightdriver,,3qskfyIRwZtp6uIfj6OFcL,7EjeqIsIVy3DpV8LY5TJvE,276610,
2026-09-14,2026-09-14T11:30:32Z,short_term,track,31,6mHTwIXqZtuQUF1fEkrhFB,Tum,,6hIXwlI4wny3zYuB6cDBBk,4INFMJi3SwIEWixQjlMNig,258750,
2026-09-14,2026-09-14T11:30:32Z,short_term,track,32,3AWDeHLc88XogCaCnZQLVI,Cry For Me,,1Xyo4u8uXC1ZmMpatF05PJ,3OxfaVgvTxUTy7276t7SPU,224136,
2026-09-14,2026-09-14T11:30:32Z,short_term,track,33,1Hv1VTm8zeOeybub15mA2R,Smooth Operator - Single Version,,47zz7sob9NUcODy0BTDvKx,3uSWaQxJAdm5MWKQkQJNoK,258693,
2026-09-14,2026-09-14T11:30:32Z,short_term,track,34,4LxDdYU3x9tyDxy3CghqdC,Sunrise,,1fa0cOhromAZdq2xRA4vv8,7b9Yl2gyEMKlDY97pcBPGd,199040,
2026-09-14,2026-09-14T11:30:32Z,short_term,track,35,4oahRRZECfGud6eL7Lj7CO,Opening Night,,1Xyo4u8uXC1ZmMpatF05PJ,6iyZdOoujtOwiThdAUI8TM,96024,
2026-09-14,2026-09-14T11:30:32Z,short_term,track,36,4ppTAJUbNXELZcoUaL90wo,Try Me,,1Xyo4u8uXC1ZmMpatF05PJ,4qZBW3f2Q8y0k1A84d4iAO,221106,
2026-09-14,2026-09-14T11:30:32Z,short_term,track,37,0bOU1vG7BIgTRwqe1F44lR,Maya,,1zNTZaTb1hfkZCynCw6kUq,6hacmZUSczCdE8VJPRFZvq,244500,
2026-09-14,2026-09-14T11:30:32Z,short_term,track,38,5QO79kh1waicV47BqGRL3g,Save Your Tears,,1Xyo4u8uXC1ZmMpatF05PJ,4yP0hdKOZPNshxUOjY0cZj,215626,
2026-09-14,2026-09-14T11:30:32Z,short_term,track,39,00WLowvlN5cjkYpQV6pjo4,Die For You,,3MZsBdqDrRTJihTHQrO6Dq,39VuC5rYQHAnR6xQwm1WDk,211666,
2026-09-14,2026-09-14T11:30:32Z,short_term,track,40,5rK4GDNiHYC3NUPV3ME4J4,Has To Be,,4g3JG556dlxAQVKpqTbedB,3qK9D70gyPRhGGgNsvutpy,115744,
2026-09-14,2026-09-14T11:30:32Z,short_term,track,41,1oAwsWBovWRIp7qLMGPIet,Apocalypse,,1QAJqy2dA3ihHBFIHRphZj,5chTLnnxlxQVAgEv6YbEBe,290146,
2026-09-14,2026-09-14T11:30:32Z,short_term,track,42,1CyEFdvmN9PgMyrDLhKpzk,Things Change,,1kwRrQDCpXpVliMDntpxCt,4FpZTodkc6jTcjhO2j2sHr,272023,
2026-09-14,2026-09-14T11:30:32Z,short_term,track,43,1U6tiLQYPT9C3GEhJlAsAQ,Epitaph,,0VunpVWO2MCBMR1qwGRWzh,1y3dEPRfsbLgGelBKtXyuq,403766,
2026-09-14,2026-09-14T11:30:32Z,short_term,track,44,4QbFbIBN9ZgboChpjUzmjx,school crush,,59oBQlP5xoa5cfPkonNNnT,0eemBtq14edvA1bRCgJvo1,132382,
2026-09-14,2026-09-14T11:30:32Z,short_term,track,45,4cYllEeJVH7dWKwQxpbk42,The Abyss (feat. Lana Del Rey),,1Xyo4u8uXC1ZmMpatF05PJ,6iyZdOoujtOwiThdAUI8TM,282873,
2026-09-14,2026-09-14T11:30:32Z,short_term,track,46,6sKxXqDGkKROr3Z3Na32nv,Stereo Love (Radio Edit),,6XwwFnewNgWp81MYMK8zLq,1Xr0RdpL9S72ior2FCgH6y,184015,
2026-09-14,2026-09-14T11:30:32Z,short_term,track,47,1hlbywc8Jhl1FFqJxAMabE,Ishq,,05etL4pzWd6TSv1x5WrlG3,013jUXOfDFXnDMBetTdsiH,224842,
2026-09-14,2026-09-14T11:30:32Z,short_term,track,48,20tqANKua7Erq6u3yfT8tj,Bhrom,,6xArchxfpOsC8rvclgSeAl,2QjYtadVjnPoQkZVLqkzqv,334883,
2026-09-14,2026-09-14T11:30:32Z,short_term,track,49,5MCbGWnNLLjoHpbDO3BOgi,Gehra Hua,,465OXuCU8YZNmVG1leLwQ9,2e7HNQJ0BcMoqwsVDwDhK8,362400,
2026-09-14,2026-09-14T11:30:32Z,short_term,track,50,1eyzqe2QqGZUmfcPZtrIyt,Midnight City,,63MQldklfxkjYDoUE4Tppz,6R0ynY7RF20ofs9GJR5TXR,241440,
2026-09-15,2026-09-15T10:51:47Z,long_term,artist,1,1QAJqy2dA3ihHBFIHRphZj,Cigarettes After Sex,,,,,900123
2026-09-15,2026-09-15T10:51:47Z,long_term,artist,2,0dgJbQ0bKPyUXco8hEXN7X,Øneheart,,,,,28777
2026-09-15,2026-09-15T10:51:47Z,long_term,artist,3,1Xyo4u8uXC1ZmMpatF05PJ,The Weeknd,,,,,14673869
2026-09-15,2026-09-15T10:51:47Z,long_term,artist,4,3MZsBdqDrRTJihTHQrO6Dq,Joji,,,,,562912
2026-09-15,2026-09-15T10:51:47Z,long_term,artist,5,6hIXwlI4wny3zYuB6cDBBk,Murtaza Qizilbash,,,,,
2026-09-15,2026-09-15T10:51:47Z,long_term,artist,6,5y8tKLUfMvliMe8IKamR32,d4vd,,,,,142030
2026-09-15,2026-09-15T10:51:47Z,long_term,artist,7,6znPk9JRNmg6uyB6h8nJu3,Kaavish,,,,,
2026-09-15,2026-09-15T10:51:47Z,long_term,artist,8,7tYKF4w9nC0nq9CsPZTHyP,SZA,,,,,1328164
2026-09-15,2026-09-15T10:51:47Z,long_term,artist,9,1wRPtKGflJrBx9BmLsSwlU,Pritam,,,,,71109
2026-09-15,2026-09-15T10:51:47Z,long_term,artist,10,77SW9BnxLY8rJ0RciFqkHh,The Neighbourhood,,,,,171
2026-09-15,2026-09-15T10:51:47Z,long_term,artist,11,5INjqkS1o8h1imAzPqGZBb,Tame Impala,,,,,1134261
2026-09-15,2026-09-15T10:51:47Z,long_term,artist,12,78rUTD7y6Cy67W1RVzYs7t,PinkPantheress,,,,,237467
2026-09-15,2026-09-15T10:51:47Z,long_term,artist,13,47zz7sob9NUcODy0BTDvKx,Sade,,,,,1451755
2026-09-15,2026-09-15T10:51:47Z,long_term,artist,14,4gdMJYnopf2nEUcanAwstx,Anuv Jain,,,,,4263
2026-09-15,2026-09-15T10:51:47Z,long_term,artist,15,00FQb4jTyendYWaN8pK0wa,Lana Del Rey,,,,,5801333
2026-09-15,2026-09-15T10:51:47Z,long_term,artist,16,2YZyLoL8N0Wb9xBt1NhZWg,Kendrick Lamar,,,,,6167418
2026-09-15,2026-09-15T10:51:47Z,long_term,artist,17,4gzpq5DPGxSnKTe4SA8HAU,Coldplay,,,,,18381342
2026-09-15,2026-09-15T10:51:47Z,long_term,artist,18,5mWQT8CLTa4mAQAJdFjHb1,Abdul Hannan,,,,,849
2026-09-15,2026-09-15T10:51:47Z,long_term,artist,19,05etL4pzWd6TSv1x5WrlG3,Faheem Abdullah,,,,,1526
2026-09-15,2026-09-15T10:51:47Z,long_term,artist,20,7Ln80lUS6He07XvHI8qqHH,Arctic Monkeys,,,,,4956340
2026-09-15,2026-09-15T10:51:47Z,long_term,artist,21,6ft7JnxMyZhp7N52qzHymY,Vansire,,,,,8337
2026-09-15,2026-09-15T10:51:47Z,long_term,artist,22,0Y6dVaC9DZtPNH4591M42W,TV Girl,,,,,445012
2026-09-15,2026-09-15T10:51:47Z,long_term,artist,23,3Sz7ZnJQBIHsXLUSo0OQtM,Mac DeMarco,,,,,559366
2026-09-15,2026-09-15T10:51:47Z,long_term,artist,24,4KRllJ2dEeoqvxOQLOgOsI,VØJ,,,,,12053
2026-09-15,2026-09-15T10:51:47Z,long_term,artist,25,4MrQDA45Gd0llLrwFUzimG,Flawed Mangoes,,,,,14592
2026-09-15,2026-09-15T10:51:47Z,long_term,artist,26,2exebQUDoIoT0dXA8BcN1P,Home,,,,,9745
2026-09-15,2026-09-15T10:51:47Z,long_term,artist,27,06O23tLg0or676h8EEzH7W,Pastel Ghost,,,,,56417
2026-09-15,2026-09-15T10:51:47Z,long_term,artist,28,700c9Qz2z6HZKTumeliKAw,LONOWN,,,,,9933
2026-09-15,2026-09-15T10:51:47Z,long_term,artist,29,3zmfs9cQwzJl575W1ZYXeT,Men I Trust,,,,,75725
2026-09-15,2026-09-15T10:51:47Z,long_term,artist,30,2jku7tDXc6XoB6MO2hFuqg,Tory Lanez,,,,,764818
2026-09-15,2026-09-15T10:51:47Z,long_term,artist,31,6YJ4EgQzDfJnIHRbqIHAdD,Idealism,,,,,7202
2026-09-15,2026-09-15T10:51:47Z,long_term,artist,32,17XXKfRBMCWvLrqGoNkJXm,Engelbert Humperdinck,,,,,46537
2026-09-15,2026-09-15T10:51:47Z,long_term,artist,33,4RRmL81NhhouCKGo8I6GaU,ADTurnUp,,,,,3003
2026-09-15,2026-09-15T10:51:47Z,long_term,artist,34,0wf0kncEWHLMGqYqXgZql8,Level Five,,,,,
2026-09-15,2026-09-15T10:51:47Z,long_term,artist,35,1cGyguqPQY22oUd4fKglFS,pxlse.,,,,,134
2026-09-15,2026-09-15T10:51:47Z,long_term,artist,36,7gW0r5CkdEUMm42w9XpyZO,Laufey,,,,,245985
2026-09-15,2026-09-15T10:51:47Z,long_term,artist,37,5cj0lLjcoR7YOSnhnX0Po5,Doja Cat,,,,,38
2026-09-15,2026-09-15T10:51:47Z,long_term,artist,38,2sSGPbdZJkaSE2AbcGOACx,The Marías,,,,,147167
2026-09-15,2026-09-15T10:51:47Z,long_term,artist,39,3TVXtAsR1Inumwj472S9r4,Drake,,,,,24078532
2026-09-15,2026-09-15T10:51:47Z,long_term,artist,40,1mYsTxnqsietFxj1OgoGbG,A.R. Rahman,,,,,6381
2026-09-15,2026-09-15T10:51:47Z,long_term,artist,41,5K4W6rqBFWDnAN6FQUkS6x,Kanye West,,,,,4543215
2026-09-15,2026-09-15T10:51:47Z,long_term,artist,42,3DeHMjvYP73Pycy8va8RKY,Arnob,,,,,
2026-09-15,2026-09-15T10:51:47Z,long_term,artist,43,0klU31gyC6EZqKgLvVANCy,tomcbumpz,,,,,1078
2026-09-15,2026-09-15T10:51:47Z,long_term,artist,44,19ra5tSw0tWufvUp8GotLo,George Michael,,,,,1497406
2026-09-15,2026-09-15T10:51:47Z,long_term,artist,45,3iGhlvzpXc0UHBQ7klAItX,Mitraz,,,,,1419
2026-09-15,2026-09-15T10:51:47Z,long_term,artist,46,2h93pZq0e7k5yf4dywlkpM,Frank Ocean,,,,,1260874
2026-09-15,2026-09-15T10:51:47Z,long_term,artist,47,4yvcSjfu4PC0CYQyLy4wSq,Glass Animals,,,,,321997
2026-09-15,2026-09-15T10:51:47Z,long_term,artist,48,3yKoHgjtyenCOIRaD2Gghu,Cafe Music BGM channel,,,,,10759
2026-09-15,2026-09-15T10:51:47Z,long_term,artist,49,0Y5tJX1MQlPlqiwlOH1tJY,Travis Scott,,,,,3136799
2026-09-15,2026-09-15T10:51:47Z,long_term,artist,50,3AA28KZvwAUcZuOKwyblJQ,Gorillaz,,,,,3014766
2026-09-15,2026-09-15T10:51:47Z,long_term,track,1,2PpYJcgJN6PzozUv7rU669,stellar,,2LbjW13j6rNtFgYcPjR2ur,4gF0aKdd26DsLMbDcLdJdc,99672,
2026-09-15,2026-09-15T10:51:47Z,long_term,track,2,0X4YYZtZcvqNqYIpMd93IT,i was only temporary,,7pxIYxdkx2675ZGKSAPBAy,24tfAQTRqLfKw5bFjMhc4m,98621,
2026-09-15,2026-09-15T10:51:47Z,long_term,track,3,4xF4ZBGPZKxECeDFrqSAG4,snowfall,,0dgJbQ0bKPyUXco8hEXN7X,4NRsGHlWBTl4rdLcq8CKcH,124065,
2026-09-15,2026-09-15T10:51:47Z,long_term,track,4,28pUgp8Cifsnwrv5Mvltyz,nagashi,,6YJ4EgQzDfJnIHRbqIHAdD,5tfqUZ5RcSWcYn5mWYQ4PK,109948,
2026-09-15,2026-09-15T10:51:47Z,long_term,track,5,00RLNHc2jkEjUoCUlFgPVT,welcome and goodbye,,0qZyvjwZauLmrobrpJmvib,0hZJDoAmB6xVegy0o1eAZd,140643,
2026-09-15,2026-09-15T10:51:47Z,long_term,track,6,6JCkLyhLxufrb10cem9WA6,彩霞,,64mecceQewFCKwCK6JBW0o,1GoWJc6XFiHW1ewHcY1Xqm,134053,
2026-09-15,2026-09-15T10:51:47Z,long_term,track,7,1uvn7eP1I7mIKGvpsqDcoW,bipolar,,2LbjW13j6rNtFgYcPjR2ur,5MOmkgxIJLtmoapI60uK6A,132418,
2026-09-15,2026-09-15T10:51:47Z,long_term,track,8,2mlNgAeIBnL78ZriXgrRHz,Glimpse of Us,,3MZsBdqDrRTJihTHQrO6Dq,39VuC5rYQHAnR6xQwm1WDk,233453,
2026-09-15,2026-09-15T10:51:47Z,long_term,track,9,6rY5FAWxCdAGllYEOZMbjW,SLOW DANCING IN THE DARK,,3MZsBdqDrRTJihTHQrO6Dq,5mIImcsuqpiSXg8XvFr81I,209273,
2026-09-15,2026-09-15T10:51:47Z,long_term,track,10,1A7qPfbcyRVEdcZiwTFhZI,Memory Reboot,,4KRllJ2dEeoqvxOQLOgOsI,134MPeCAA7a1yRC1rRFQCx,209416,
2026-09-15,2026-09-15T10:51:47Z,long_term,track,11,1XTijOjVgekZjRXwgJ2VSE,Bhool,,6hIXwlI4wny3zYuB6cDBBk,4MIPkmbrYvZqLdzLwaQRF9,244800,
2026-09-15,2026-09-15T10:51:47Z,long_term,track,12,1oAwsWBovWRIp7qLMGPIet,Apocalypse,,1QAJqy2dA3ihHBFIHRphZj,5chTLnnxlxQVAgEv6YbEBe,290146,
2026-09-15,2026-09-15T10:51:47Z,long_term,track,13,7mDTvYD2ieE4Q28XFziMfJ,Cry,,1QAJqy2dA3ihHBFIHRphZj,63yRRBtLX8eqbOLD6f0y9U,256799,
2026-09-15,2026-09-15T10:51:47Z,long_term,track,14,4XTgFBxBHN6var1BzAgE1m,Jhol,,3scNK8e4mqnP6Rb8a3lwZY,7grtFo2pj5wwRTM7c6NI9y,265817,
2026-09-15,2026-09-15T10:51:47Z,long_term,track,15,0SCLsDJtC7DmOwks1tsszt,Romantic Homicide,,5y8tKLUfMvliMe8IKamR32,3rrrTOHiXGzuW4FP7t0O1A,132630,
2026-09-15,2026-09-15T10:51:47Z,long_term,track,16,7F2nEClWeQ3x5ycA5qtKOI,a million faces,,5pQD8yR8sjmxwgZfLnZzmT,49jPojLRuWp71LnK3Y3ClE,102068,
2026-09-15,2026-09-15T10:51:47Z,long_term,track,17,4sh8w9hWn04EWoCAeIRdQm,Freaks but Slowed Muffled Echo,,4LMTEaUZGbmDx1xcW08hmE,0bDhcvA7GKReXml1bVUSUa,176041,
2026-09-15,2026-09-15T10:51:47Z,long_term,track,18,37s1WRi8s1rZysbjvBGrEd,Divine Failure,,3IhhgswUBInj1W5gEz92T6,2Xz9bocL8qWYmMnS4jyzFY,151111,
2026-09-15,2026-09-15T10:51:47Z,long_term,track,19,5e0b9LgOfi3aJSKXFcOWRe,Beanie,,1EmdfupUQDpXOcb4Nj2mBH,3sgTZuoyovg4bR5iTgQoo3,132160,
2026-09-15,2026-09-15T10:51:47Z,long_term,track,20,3hB9lDLyAClYVZivMMl20N,Co2,,0tC995Rfn9k2l7nqgCZsV7,4WLh56ZjwINYBNhaxLvEhA,163653,
2026-09-15,2026-09-15T10:51:47Z,long_term,track,21,0JIMT9gzLIIz0esKLyjbKf,Telephones,,0U7iI0Dk4Ojvi17nZboNO4,3Ull45eHLzGXtElhKHFJ7C,212432,
2026-09-15,2026-09-15T10:51:47Z,long_term,track,22,69KUKhBqyGvtO1jtJwZEcv,Fainted,,3QZtwiUoyaXbl1JssMPIQ7,5TQu0bEFSLXXVqrGNIXyKM,249600,
2026-09-15,2026-09-15T10:51:47Z,long_term,track,23,3GUSidbQwd7xuvU6AQorRh,Keep on Loving You,,1QAJqy2dA3ihHBFIHRphZj,3gbJSNFlAe2CjqIjMOeMw1,233000,
2026-09-15,2026-09-15T10:51:47Z,long_term,track,24,5LrN7yUQAzvthd4QujgPFr,Here With Me,,5y8tKLUfMvliMe8IKamR32,3rrrTOHiXGzuW4FP7t0O1A,242484,
2026-09-15,2026-09-15T10:51:47Z,long_term,track,25,6RiiSy9GzSwiyDEJDiMuKe,Something About You,,3XxNRirzbjfLdDli06zMaB,0QB8JzlX70ame6G972aEF1,153312,
2026-09-15,2026-09-15T10:51:47Z,long_term,track,26,70tmdhbUPcVxIxCIpChscl,next to you,,0dgJbQ0bKPyUXco8hEXN7X,7dG0UKYNW0hOIr824ZvTYh,123750,
2026-09-15,2026-09-15T10:51:47Z,long_term,track,27,0DTSnA1bcVI5niJzoyBPyZ,Past Won't Leave My Bed,,3MZsBdqDrRTJihTHQrO6Dq,5JJpyK4SILx6UXJBiT1twN,166106,
2026-09-15,2026-09-15T10:51:47Z,long_term,track,28,2OrucC3HEPmZpkaQ05Nx0V,novocaine,,6hxcqtqpmf08pTDkffU5xx,1fm7CNqCCdnqOoxdb23VTs,195605,
2026-09-15,2026-09-15T10:51:47Z,long_term,track,29,5E02BgqYNN9VzafXrYP6Np,Heavenly,,1QAJqy2dA3ihHBFIHRphZj,63yRRBtLX8eqbOLD6f0y9U,286773,
2026-09-15,2026-09-15T10:51:47Z,long_term,track,30,2TQve4B4jpyUqvxDHzNZAu,Kokuten (Sasuke's Epic Theme from Naruto),,6ibMMTrcvRnEjaxi432r6o,5fIIBXeO9GlqxfTWidHOUt,132751,
2026-09-15,2026-09-15T10:51:47Z,long_term,track,31,0qPoQiQIhgyMaP7X78hxri,Akhiyaan Gulaab,,3iGhlvzpXc0UHBQ7klAItX,0KvWbswDD0ksvFayBl6gUz,171147,
2026-09-15,2026-09-15T10:51:47Z,long_term,track,32,0j3mqDTK4Z6lvrLzFCUUz6,Good Looking,,5GGJosGMs08YEmKTZJe1fL,78rO0EfpVs1RPfpxzF6kUz,214800,
2026-09-15,2026-09-15T10:51:47Z,long_term,track,33,5rK4GDNiHYC3NUPV3ME4J4,Has To Be,,4g3JG556dlxAQVKpqTbedB,3qK9D70gyPRhGGgNsvutpy,115744,
2026-09-15,2026-09-15T10:51:47Z,long_term,track,34,40iDbkPRNNpACrwoCuyRtk,Interlinked - Slowed,,4Bv8nfuBV3hv0yVXXgYozl,03HFE1r5ICujfATGcSkXCV,230000,
2026-09-15,2026-09-15T10:51:47Z,long_term,track,35,4UKjQODokAfEMaTgvTHbVX,Sila,,5mWQT8CLTa4mAQAJdFjHb1,6YqbrXnmuh8lxNEFeHNOcA,248413,
2026-09-15,2026-09-15T10:51:47Z,long_term,track,36,3hEfpBHxgieRLz4t3kLNEg,About You,,3mIj9lX2MWuHmhNCA7LSCW,0kvoCDiWdZ7eHPW7xvdg3z,326490,
2026-09-15,2026-09-15T10:51:47Z,long_term,track,37,6mHTwIXqZtuQUF1fEkrhFB,Tum,,6hIXwlI4wny3zYuB6cDBBk,4INFMJi3SwIEWixQjlMNig,258750,
2026-09-15,2026-09-15T10:51:47Z,long_term,track,38,6JB0h4leDJ4Akabtu42Epd,Tere Pyar Main,,6znPk9JRNmg6uyB6h8nJu3,1lCyYMOz15QK4vhcUxHxEW,302706,
2026-09-15,2026-09-15T10:51:47Z,long_term,track,39,75IQVo8hqI1iwVZyvkN2VT,Show Me How,,3zmfs9cQwzJl575W1ZYXeT,7mUYDBqNiddmKxuKrnBEKQ,215110,
2026-09-15,2026-09-15T10:51:47Z,long_term,track,40,3p4hRhMcb6ch8OLtATMaLw,Cry,,1QAJqy2dA3ihHBFIHRphZj,4uQ5kFmXQdCxz3WvM4UUzy,256799,
2026-09-15,2026-09-15T10:51:47Z,long_term,track,41,3VJpl4jrFSqY3Y6mAzqfux,Har Baar,,6hIXwlI4wny3zYuB6cDBBk,1oRAxwfxb55WuW7KjSx5uw,250285,
2026-09-15,2026-09-15T10:51:47Z,long_term,track,42,4ppTAJUbNXELZcoUaL90wo,Try Me,,1Xyo4u8uXC1ZmMpatF05PJ,4qZBW3f2Q8y0k1A84d4iAO,221106,
2026-09-15,2026-09-15T10:51:47Z,long_term,track,43,4t9vB7wIKWE5jIhjcztmmd,Iris,,06O23tLg0or676h8EEzH7W,3sy3jRg8KrsGYNAuHPQnqk,218384,
2026-09-15,2026-09-15T10:51:47Z,long_term,track,44,5TTGoX70AFrTvuEtqHK37S,No. 1 Party Anthem,,7Ln80lUS6He07XvHI8qqHH,78bpIziExqiI9qztvNFlQu,243131,
2026-09-15,2026-09-15T10:51:47Z,long_term,track,45,29KwH2LEjfWEtiC2jCrLVw,Amore mio aiutami - Main Theme,,2WPn0emjr8XPmMOT0bBcPe,5ekkoKz391PScKKZRCmgDF,234026,
2026-09-15,2026-09-15T10:51:47Z,long_term,track,46,6MRD4fDXBbqa0xodmaFk8Q,Everybody Wants To Rule The World - Sped Up Version,,4bthk9UfsYUYdcFyqxmSUU,1OCUxmIIq0Q1Mj3AFATzsI,183634,
2026-09-15,2026-09-15T10:51:47Z,long_term,track,47,4QzZVJc6qPTtTkPem7qZRo,The Lamp Is Low,,5PkDpzWMZR7Id1vldhF8Qk,2KZIJx4RtZ1seAa6pa6ugl,170790,
2026-09-15,2026-09-15T10:51:47Z,long_term,track,48,612zd3tyOwz52c7c67orZx,safe again,,5np27CiKTBMaIEPqTCrqBF,554ghCNlV34hilih8ujx3T,142237,
2026-09-15,2026-09-15T10:51:47Z,long_term,track,49,5ZP8LfM7TezqoxF9yp6VzX,Stop Waiting,,1QAJqy2dA3ihHBFIHRphZj,1altYQrIlTUBxLKPEkVxgh,362973,
2026-09-15,2026-09-15T10:51:47Z,long_term,track,50,1hlbywc8Jhl1FFqJxAMabE,Ishq,,05etL4pzWd6TSv1x5WrlG3,013jUXOfDFXnDMBetTdsiH,224842,
2026-09-15,2026-09-15T10:51:47Z,medium_term,artist,1,3MZsBdqDrRTJihTHQrO6Dq,Joji,,,,,562912
2026-09-15,2026-09-15T10:51:47Z,medium_term,artist,2,6hIXwlI4wny3zYuB6cDBBk,Murtaza Qizilbash,,,,,
2026-09-15,2026-09-15T10:51:47Z,medium_term,artist,3,1QAJqy2dA3ihHBFIHRphZj,Cigarettes After Sex,,,,,900123
2026-09-15,2026-09-15T10:51:47Z,medium_term,artist,4,1Xyo4u8uXC1ZmMpatF05PJ,The Weeknd,,,,,14673869
2026-09-15,2026-09-15T10:51:47Z,medium_term,artist,5,05etL4pzWd6TSv1x5WrlG3,Faheem Abdullah,,,,,1526
2026-09-15,2026-09-15T10:51:47Z,medium_term,artist,6,700c9Qz2z6HZKTumeliKAw,LONOWN,,,,,9933
2026-09-15,2026-09-15T10:51:47Z,medium_term,artist,7,47zz7sob9NUcODy0BTDvKx,Sade,,,,,1451755
2026-09-15,2026-09-15T10:51:47Z,medium_term,artist,8,5y8tKLUfMvliMe8IKamR32,d4vd,,,,,142030
2026-09-15,2026-09-15T10:51:47Z,medium_term,artist,9,6znPk9JRNmg6uyB6h8nJu3,Kaavish,,,,,
2026-09-15,2026-09-15T10:51:47Z,medium_term,artist,10,1cGyguqPQY22oUd4fKglFS,pxlse.,,,,,134
2026-09-15,2026-09-15T10:51:47Z,medium_term,artist,11,77SW9BnxLY8rJ0RciFqkHh,The Neighbourhood,,,,,171
2026-09-15,2026-09-15T10:51:47Z,medium_term,artist,12,3Sz7ZnJQBIHsXLUSo0OQtM,Mac DeMarco,,,,,559366
2026-09-15,2026-09-15T10:51:47Z,medium_term,artist,13,5INjqkS1o8h1imAzPqGZBb,Tame Impala,,,,,1134261
2026-09-15,2026-09-15T10:51:47Z,medium_term,artist,14,0klU31gyC6EZqKgLvVANCy,tomcbumpz,,,,,1078
2026-09-15,2026-09-15T10:51:47Z,medium_term,artist,15,5mWQT8CLTa4mAQAJdFjHb1,Abdul Hannan,,,,,849
2026-09-15,2026-09-15T10:51:47Z,medium_term,artist,16,7Ln80lUS6He07XvHI8qqHH,Arctic Monkeys,,,,,4956340
2026-09-15,2026-09-15T10:51:47Z,medium_term,artist,17,1wRPtKGflJrBx9BmLsSwlU,Pritam,,,,,71109
2026-09-15,2026-09-15T10:51:47Z,medium_term,artist,18,4Z8W4fKeB5YxbusRsdQVPb,Radiohead,,,,,508
2026-09-15,2026-09-15T10:51:47Z,medium_term,artist,19,0Y6dVaC9DZtPNH4591M42W,TV Girl,,,,,445012
2026-09-15,2026-09-15T10:51:47Z,medium_term,artist,20,5cj0lLjcoR7YOSnhnX0Po5,Doja Cat,,,,,38
2026-09-15,2026-09-15T10:51:47Z,medium_term,artist,21,2jku7tDXc6XoB6MO2hFuqg,Tory Lanez,,,,,764818
2026-09-15,2026-09-15T10:51:47Z,medium_term,artist,22,0wf0kncEWHLMGqYqXgZql8,Level Five,,,,,
2026-09-15,2026-09-15T10:51:47Z,medium_term,artist,23,4gdMJYnopf2nEUcanAwstx,Anuv Jain,,,,,4263
2026-09-15,2026-09-15T10:51:47Z,medium_term,artist,24,60jYUgQzKAtnJoXKGk1GNn,Habib Wahid,,,,,
2026-09-15,2026-09-15T10:51:47Z,medium_term,artist,25,06eRdiCBgFUhiuFjei0eH2,Warfaze,,,,,
2026-09-15,2026-09-15T10:51:47Z,medium_term,artist,26,2h93pZq0e7k5yf4dywlkpM,Frank Ocean,,,,,1260874
2026-09-15,2026-09-15T10:51:47Z,medium_term,artist,27,17XXKfRBMCWvLrqGoNkJXm,Engelbert Humperdinck,,,,,46537
2026-09-15,2026-09-15T10:51:47Z,medium_term,artist,28,7lzordPuZEXxwt9aoVZYmG,Billy Idol,,,,,604998
2026-09-15,2026-09-15T10:51:47Z,medium_term,artist,29,7tYKF4w9nC0nq9CsPZTHyP,SZA,,,,,1328164
2026-09-15,2026-09-15T10:51:47Z,medium_term,artist,30,59oBQlP5xoa5cfPkonNNnT,Nafeesisboujee,,,,,6933
2026-09-15,2026-09-15T10:51:47Z,medium_term,artist,31,66CXWjxzNUsdJxJ2JdwvnR,Ariana Grande,,,,,13420271
2026-09-15,2026-09-15T10:51:47Z,medium_term,artist,32,5c7JjKTazKNQubk2GjgbJT,Arekta Rock Band,,,,,
2026-09-15,2026-09-15T10:51:47Z,medium_term,artist,33,78rUTD7y6Cy67W1RVzYs7t,PinkPantheress,,,,,237467
2026-09-15,2026-09-15T10:51:47Z,medium_term,artist,34,3mIj9lX2MWuHmhNCA7LSCW,The 1975,,,,,606647
2026-09-15,2026-09-15T10:51:47Z,medium_term,artist,35,2LbjW13j6rNtFgYcPjR2ur,.diedlonely,,,,,4224
2026-09-15,2026-09-15T10:51:47Z,medium_term,artist,36,00FQb4jTyendYWaN8pK0wa,Lana Del Rey,,,,,5801333
2026-09-15,2026-09-15T10:51:47Z,medium_term,artist,37,3DeHMjvYP73Pycy8va8RKY,Arnob,,,,,
2026-09-15,2026-09-15T10:51:47Z,medium_term,artist,38,4dpARuHxo51G3z768sgnrY,Adele,,,,,15467816
2026-09-15,2026-09-15T10:51:47Z,medium_term,artist,39,0xRXCcSX89eobfrshSVdyu,MEDUZA,,,,,
2026-09-15,2026-09-15T10:51:47Z,medium_term,artist,40,2YZyLoL8N0Wb9xBt1NhZWg,Kendrick Lamar,,,,,6167418
2026-09-15,2026-09-15T10:51:47Z,medium_term,artist,41,5ThqNILsplOvwjj9kx0Hnt,Artcell,,,,,
2026-09-15,2026-09-15T10:51:47Z,medium_term,artist,42,3AA28KZvwAUcZuOKwyblJQ,Gorillaz,,,,,3014766
2026-09-15,2026-09-15T10:51:47Z,medium_term,artist,43,37LGjqM0je1KNrLRD3MZ47,Indalo,,,,,
2026-09-15,2026-09-15T10:51:47Z,medium_term,artist,44,4yvcSjfu4PC0CYQyLy4wSq,Glass Animals,,,,,321997
2026-09-15,2026-09-15T10:51:47Z,medium_term,artist,45,0dgJbQ0bKPyUXco8hEXN7X,Øneheart,,,,,28777
2026-09-15,2026-09-15T10:51:47Z,medium_term,artist,46,2ElQWsoSpwUhYFFdFuHqse,Lorenzo Ferrara,,,,,
2026-09-15,2026-09-15T10:51:47Z,medium_term,artist,47,3ctnkEZGtVBTxS7IMin8nC,Instupendo,,,,,4624
2026-09-15,2026-09-15T10:51:47Z,medium_term,artist,48,3TVXtAsR1Inumwj472S9r4,Drake,,,,,24078532
2026-09-15,2026-09-15T10:51:47Z,medium_term,artist,49,4KRllJ2dEeoqvxOQLOgOsI,VØJ,,,,,12053
2026-09-15,2026-09-15T10:51:47Z,medium_term,artist,50,0WBg7b6KiPmfh7lI5vbFKC,Meghdol,,,,,
2026-09-15,2026-09-15T10:51:47Z,medium_term,track,1,0X4YYZtZcvqNqYIpMd93IT,i was only temporary,,7pxIYxdkx2675ZGKSAPBAy,24tfAQTRqLfKw5bFjMhc4m,98621,
2026-09-15,2026-09-15T10:51:47Z,medium_term,track,2,2mlNgAeIBnL78ZriXgrRHz,Glimpse of Us,,3MZsBdqDrRTJihTHQrO6Dq,39VuC5rYQHAnR6xQwm1WDk,233453,
2026-09-15,2026-09-15T10:51:47Z,medium_term,track,3,1uvn7eP1I7mIKGvpsqDcoW,bipolar,,2LbjW13j6rNtFgYcPjR2ur,5MOmkgxIJLtmoapI60uK6A,132418,
2026-09-15,2026-09-15T10:51:47Z,medium_term,track,4,2PpYJcgJN6PzozUv7rU669,stellar,,2LbjW13j6rNtFgYcPjR2ur,4gF0aKdd26DsLMbDcLdJdc,99672,
2026-09-15,2026-09-15T10:51:47Z,medium_term,track,5,6rY5FAWxCdAGllYEOZMbjW,SLOW DANCING IN THE DARK,,3MZsBdqDrRTJihTHQrO6Dq,5mIImcsuqpiSXg8XvFr81I,209273,
2026-09-15,2026-09-15T10:51:47Z,medium_term,track,6,3J44gxX4AcRApFyympWPIB,Past Won't Leave My Bed,,3MZsBdqDrRTJihTHQrO6Dq,7MLyEn1CPizpS8bjZ7zzrT,166106,
2026-09-15,2026-09-15T10:51:47Z,medium_term,track,7,4UKjQODokAfEMaTgvTHbVX,Sila,,5mWQT8CLTa4mAQAJdFjHb1,6YqbrXnmuh8lxNEFeHNOcA,248413,
2026-09-15,2026-09-15T10:51:47Z,medium_term,track,8,1XTijOjVgekZjRXwgJ2VSE,Bhool,,6hIXwlI4wny3zYuB6cDBBk,4MIPkmbrYvZqLdzLwaQRF9,244800,
2026-09-15,2026-09-15T10:51:47Z,medium_term,track,9,3VJpl4jrFSqY3Y6mAzqfux,Har Baar,,6hIXwlI4wny3zYuB6cDBBk,1oRAxwfxb55WuW7KjSx5uw,250285,
2026-09-15,2026-09-15T10:51:47Z,medium_term,track,10,2TQve4B4jpyUqvxDHzNZAu,Kokuten (Sasuke's Epic Theme from Naruto),,6ibMMTrcvRnEjaxi432r6o,5fIIBXeO9GlqxfTWidHOUt,132751,
2026-09-15,2026-09-15T10:51:47Z,medium_term,track,11,3p4hRhMcb6ch8OLtATMaLw,Cry,,1QAJqy2dA3ihHBFIHRphZj,4uQ5kFmXQdCxz3WvM4UUzy,256799,
2026-09-15,2026-09-15T10:51:47Z,medium_term,track,12,1hlbywc8Jhl1FFqJxAMabE,Ishq,,05etL4pzWd6TSv1x5WrlG3,013jUXOfDFXnDMBetTdsiH,224842,
2026-09-15,2026-09-15T10:51:47Z,medium_term,track,13,5rK4GDNiHYC3NUPV3ME4J4,Has To Be,,4g3JG556dlxAQVKpqTbedB,3qK9D70gyPRhGGgNsvutpy,115744,
2026-09-15,2026-09-15T10:51:47Z,medium_term,track,14,65krtHkaYLPr0mEbjL61UP,Kiss of Life,,47zz7sob9NUcODy0BTDvKx,3uSWaQxJAdm5MWKQkQJNoK,251333,
2026-09-15,2026-09-15T10:51:47Z,medium_term,track,15,00WLowvlN5cjkYpQV6pjo4,Die For You,,3MZsBdqDrRTJihTHQrO6Dq,39VuC5rYQHAnR6xQwm1WDk,211666,
2026-09-15,2026-09-15T10:51:47Z,medium_term,track,16,0oUBuOO4g9P4lREqfqR5nq,A Man Without Love,,17XXKfRBMCWvLrqGoNkJXm,2zQM1HOK5OnDGF1SSWExnE,203133,
2026-09-15,2026-09-15T10:51:47Z,medium_term,track,17,4eFV1LfWlYCVJnPTuSo3db,LOVE YOU LESS,,3MZsBdqDrRTJihTHQrO6Dq,7MLyEn1CPizpS8bjZ7zzrT,201186,
2026-09-15,2026-09-15T10:51:47Z,medium_term,track,18,06E5KyqnDTueEbdT22FFvM,School Rooftop,,72y6MZHIPEyS64ACSCtIq6,3ZoCHr39oKNBUHTykhkMpx,167967,
2026-09-15,2026-09-15T10:51:47Z,medium_term,track,19,3iy2QuCtCzpWnR6tia39AB,hate that i made you love me,,66CXWjxzNUsdJxJ2JdwvnR,2k4FmEtXR0WiDW0Ac2QArT,197949,
2026-09-15,2026-09-15T10:51:47Z,medium_term,track,20,70YTBH8vOGJNMhy6186yFm,Heavenly,,1QAJqy2dA3ihHBFIHRphZj,4uQ5kFmXQdCxz3WvM4UUzy,286773,
2026-09-15,2026-09-15T10:51:47Z,medium_term,track,21,0FVuyC9RP5MACjp4lgU3qZ,I'm God,,5vSQUyT33qxr1xAX2Tkf3A,66eXLlqksAwNndmHaHWtCq,277710,
2026-09-15,2026-09-15T10:51:47Z,medium_term,track,22,0H9rWqCXi7gv6kDO3N98ZU,Khwaab,,05etL4pzWd6TSv1x5WrlG3,013jUXOfDFXnDMBetTdsiH,325806,
2026-09-15,2026-09-15T10:51:47Z,medium_term,track,23,0pUVeEgZuNyFzIMKp67RbS,Eyes Without A Face,,7lzordPuZEXxwt9aoVZYmG,2FZNWUmgRoP8uJZBaHJdfj,299240,
2026-09-15,2026-09-15T10:51:47Z,medium_term,track,24,0JIMT9gzLIIz0esKLyjbKf,Telephones,,0U7iI0Dk4Ojvi17nZboNO4,3Ull45eHLzGXtElhKHFJ7C,212432,
2026-09-15,2026-09-15T10:51:47Z,medium_term,track,25,7mrrszs7ZOPEsJhg0q8jvD,Tairay Naam,,6znPk9JRNmg6uyB6h8nJu3,6MXb1UT4rEqv1ZrUodbMUk,328421,
2026-09-15,2026-09-15T10:51:47Z,medium_term,track,26,2xql0pid3EUwW38AsywxhV,Reflections,,77SW9BnxLY8rJ0RciFqkHh,0ODLCdHBFVvKwJGeSfd1jy,244013,
2026-09-15,2026-09-15T10:51:47Z,medium_term,track,27,1GDJhAiO9tqjMuDWFad0IF,Woh,,6hIXwlI4wny3zYuB6cDBBk,2tbamcNG4xK0jKrd1lSzXX,237672,
2026-09-15,2026-09-15T10:51:47Z,medium_term,track,28,42D9aaKTLw47faFhRCQfHF,Blah Blah,,3MZsBdqDrRTJihTHQrO6Dq,5xiwCNC26RvgfwElNmIJoL,161653,
2026-09-15,2026-09-15T10:51:47Z,medium_term,track,29,030OypEGdW6Nvo1KDWa0Bt,Catch a Feeling,,2Glf84Z4MUxfquLMdTjd1G,2QquxK1oqBz5jrF6uBV0Zc,127000,
2026-09-15,2026-09-15T10:51:47Z,medium_term,track,30,7oNZfE9wnu7SP55LwNSiKG,Hum,,6hIXwlI4wny3zYuB6cDBBk,7idG3a5Nmotd02hA6ifD0f,275076,
2026-09-15,2026-09-15T10:51:47Z,medium_term,track,31,6CKoWCWAqEVWVjpeoJXyNH,Shape Of My Heart,,0Ty63ceoRnnJKVEYP0VQpk,5kV0KBXfELibs6qQJLmOtg,279226,
2026-09-15,2026-09-15T10:51:47Z,medium_term,track,32,1gVN2TuTQh2g9LE1wi6FTY,Girei,,2ElQWsoSpwUhYFFdFuHqse,5FLwqfngn0X753dUDkF9tt,130421,
2026-09-15,2026-09-15T10:51:47Z,medium_term,track,33,4BGfzLrK6lgvKDjKSU7wrN,Sajde,,05etL4pzWd6TSv1x5WrlG3,013jUXOfDFXnDMBetTdsiH,460833,
2026-09-15,2026-09-15T10:51:47Z,medium_term,track,34,7npPPrZEDmeHMk6mxvIeFa,My Jinji,,7BqRcZsHYYQeqMAOp7e532,24eFuwfHPWbuRMrMevqe0Q,400560,
2026-09-15,2026-09-15T10:51:47Z,medium_term,track,35,2hsaWsa0VNx1ug3uotwMvP,Saika,,4sakRwIaBDdtw8qZ8NNwsc,6D02yHQQhXyJ02mVYZxFlL,150525,
2026-09-15,2026-09-15T10:51:47Z,medium_term,track,36,5Z8Dj3LtbyCMiwE86rhg2f,Marea (we’ve lost dancing),,4oLeXFyACqeem2VImYeBFe,6o86bV7TAt5x4exc2qLDqC,285375,
2026-09-15,2026-09-15T10:51:47Z,medium_term,track,37,7JEzAlwHhCD2M1cYE6BeqJ,Loving Machine,,0Y6dVaC9DZtPNH4591M42W,4oL7pMxnb04uuRI7ReXmuh,227000,
2026-09-15,2026-09-15T10:51:47Z,medium_term,track,38,0bxRSMz5WY1VuMmOhanE4b,Baptized In Fear,,1Xyo4u8uXC1ZmMpatF05PJ,6iyZdOoujtOwiThdAUI8TM,232176,
2026-09-15,2026-09-15T10:51:47Z,medium_term,track,39,16zzrcKYGDkaGNeSjIMa6O,through - 2022 Remastered,,47mrO8UvhD1Qt6iAIy4fCO,6ZqKaHYpWb1TARqE3oUU2G,347636,
2026-09-15,2026-09-15T10:51:47Z,medium_term,track,40,6mHTwIXqZtuQUF1fEkrhFB,Tum,,6hIXwlI4wny3zYuB6cDBBk,4INFMJi3SwIEWixQjlMNig,258750,
2026-09-15,2026-09-15T10:51:47Z,medium_term,track,41,4Bsf8Pzli5MQv9zLF9KXqc,Unakkul Naane,,29aw5YCdIw2FEXYyAJZI8l,1MrwFWLghGgpbpJ0iekIhK,127850,
2026-09-15,2026-09-15T10:51:47Z,medium_term,track,42,0WiMJIxYYEex2AqhRqzV3u,For the First Time,,3Sz7ZnJQBIHsXLUSo0OQtM,0NEyPH2WTU7NAPxebB7z4g,182306,
2026-09-15,2026-09-15T10:51:47Z,medium_term,track,43,7LvHieZe4yPYpDRF0OPCmk,Ekanto Golaap,,37LGjqM0je1KNrLRD3MZ47,16PdkicE350PBwzKQAHmkw,257661,
2026-09-15,2026-09-15T10:51:47Z,medium_term,track,44,5hjhaH0vwtpftiLtF3veZp,Ophelia,,78rUTD7y6Cy67W1RVzYs7t,2pOEFqvfxp5uUQ8vQEmVA0,155093,
2026-09-15,2026-09-15T10:51:47Z,medium_term,track,45,1KIJclzEbNhSVw8tiHPWwE,Young,,0U7iI0Dk4Ojvi17nZboNO4,54lNPJ6xq2QXwG6jLEIf6C,189160,
2026-09-15,2026-09-15T10:51:47Z,medium_term,track,46,6JB0h4leDJ4Akabtu42Epd,Tere Pyar Main,,6znPk9JRNmg6uyB6h8nJu3,1lCyYMOz15QK4vhcUxHxEW,302706,
2026-09-15,2026-09-15T10:51:47Z,medium_term,track,47,2TUFKhKl4EZYAo3D9FXU5E,Pieces,,5oJvmyeWzyeahRtjup3Oys,3Ab4BR06hO8qx1NCZ1seog,195030,
2026-09-15,2026-09-15T10:51:47Z,medium_term,track,48,1Q68oodivzKjIDnPTXFy83,Memory Reboot,,4KRllJ2dEeoqvxOQLOgOsI,38leU2pvDRxNx2u59BENZb,209416,
2026-09-15,2026-09-15T10:51:47Z,medium_term,track,49,1i5oEx2vFczQ2sCY3c6Kn5,Love Hurts,,6fvN9GmMCVKb5LY0WsnjFP,5Zwyrn62m3Pyc0nvRa9CHF,233133,
2026-09-15,2026-09-15T10:51:47Z,medium_term,track,50,3AWDeHLc88XogCaCnZQLVI,Cry For Me,,1Xyo4u8uXC1ZmMpatF05PJ,3OxfaVgvTxUTy7276t7SPU,224136,
2026-09-15,2026-09-15T10:51:47Z,short_term,artist,1,1Xyo4u8uXC1ZmMpatF05PJ,The Weeknd,,,,,14673869
2026-09-15,2026-09-15T10:51:47Z,short_term,artist,2,6hIXwlI4wny3zYuB6cDBBk,Murtaza Qizilbash,,,,,
2026-09-15,2026-09-15T10:51:47Z,short_term,artist,3,3MZsBdqDrRTJihTHQrO6Dq,Joji,,,,,562912
2026-09-15,2026-09-15T10:51:47Z,short_term,artist,4,1QAJqy2dA3ihHBFIHRphZj,Cigarettes After Sex,,,,,900123
2026-09-15,2026-09-15T10:51:47Z,short_term,artist,5,77SW9BnxLY8rJ0RciFqkHh,The Neighbourhood,,,,,171
2026-09-15,2026-09-15T10:51:47Z,short_term,artist,6,7Ln80lUS6He07XvHI8qqHH,Arctic Monkeys,,,,,4956340
2026-09-15,2026-09-15T10:51:47Z,short_term,artist,7,47zz7sob9NUcODy0BTDvKx,Sade,,,,,1451755
2026-09-15,2026-09-15T10:51:47Z,short_term,artist,8,6znPk9JRNmg6uyB6h8nJu3,Kaavish,,,,,
2026-09-15,2026-09-15T10:51:47Z,short_term,artist,9,5INjqkS1o8h1imAzPqGZBb,Tame Impala,,,,,1134261
2026-09-15,2026-09-15T10:51:47Z,short_term,artist,10,3Sz7ZnJQBIHsXLUSo0OQtM,Mac DeMarco,,,,,559366
2026-09-15,2026-09-15T10:51:47Z,short_term,artist,11,5c7JjKTazKNQubk2GjgbJT,Arekta Rock Band,,,,,
2026-09-15,2026-09-15T10:51:47Z,short_term,artist,12,00FQb4jTyendYWaN8pK0wa,Lana Del Rey,,,,,5801333
2026-09-15,2026-09-15T10:51:47Z,short_term,artist,13,0xRXCcSX89eobfrshSVdyu,MEDUZA,,,,,
2026-09-15,2026-09-15T10:51:47Z,short_term,artist,14,2jku7tDXc6XoB6MO2hFuqg,Tory Lanez,,,,,764818
2026-09-15,2026-09-15T10:51:47Z,short_term,artist,15,37LGjqM0je1KNrLRD3MZ47,Indalo,,,,,
2026-09-15,2026-09-15T10:51:47Z,short_term,artist,16,05etL4pzWd6TSv1x5WrlG3,Faheem Abdullah,,,,,1526
2026-09-15,2026-09-15T10:51:47Z,short_term,artist,17,4gdMJYnopf2nEUcanAwstx,Anuv Jain,,,,,4263
2026-09-15,2026-09-15T10:51:47Z,short_term,artist,18,1wRPtKGflJrBx9BmLsSwlU,Pritam,,,,,71109
2026-09-15,2026-09-15T10:51:47Z,short_term,artist,19,7tYKF4w9nC0nq9CsPZTHyP,SZA,,,,,1328164
2026-09-15,2026-09-15T10:51:47Z,short_term,artist,20,0Y6dVaC9DZtPNH4591M42W,TV Girl,,,,,445012
2026-09-15,2026-09-15T10:51:47Z,short_term,artist,21,0wf0kncEWHLMGqYqXgZql8,Level Five,,,,,
2026-09-15,2026-09-15T10:51:47Z,short_term,artist,22,5mWQT8CLTa4mAQAJdFjHb1,Abdul Hannan,,,,,849
2026-09-15,2026-09-15T10:51:47Z,short_term,artist,23,0WBg7b6KiPmfh7lI5vbFKC,Meghdol,,,,,
2026-09-15,2026-09-15T10:51:47Z,short_term,artist,24,2YZyLoL8N0Wb9xBt1NhZWg,Kendrick Lamar,,,,,6167418
2026-09-15,2026-09-15T10:51:47Z,short_term,artist,25,2h93pZq0e7k5yf4dywlkpM,Frank Ocean,,,,,1260874
2026-09-15,2026-09-15T10:51:47Z,short_term,artist,26,5io6IfbYy6t9IBtzYdOwN9,Balam,,,,,
2026-09-15,2026-09-15T10:51:47Z,short_term,artist,27,66CXWjxzNUsdJxJ2JdwvnR,Ariana Grande,,,,,13420271
2026-09-15,2026-09-15T10:51:47Z,short_term,artist,28,6IRouO5mvvfcyxtPDKMYFN,Foreigner,,,,,242955
2026-09-15,2026-09-15T10:51:47Z,short_term,artist,29,700c9Qz2z6HZKTumeliKAw,LONOWN,,,,,9933
2026-09-15,2026-09-15T10:51:47Z,short_term,artist,30,0qjWYusrckF9BpkvWaoKRO,Cozy Coffee Shop,,,,,
2026-09-15,2026-09-15T10:51:47Z,short_term,artist,31,1AbJ2cmwK400LSvdvBL5Jc,Strawberry Guy,,,,,51189
2026-09-15,2026-09-15T10:51:47Z,short_term,artist,32,1fa0cOhromAZdq2xRA4vv8,Simply Red,,,,,928555
2026-09-15,2026-09-15T10:51:47Z,short_term,artist,33,1mYsTxnqsietFxj1OgoGbG,A.R. Rahman,,,,,6381
2026-09-15,2026-09-15T10:51:47Z,short_term,artist,34,2oSONSC9zQ4UonDKnLqksx,Atif Aslam,,,,,221118
2026-09-15,2026-09-15T10:51:47Z,short_term,artist,35,3mIj9lX2MWuHmhNCA7LSCW,The 1975,,,,,606647
2026-09-15,2026-09-15T10:51:47Z,short_term,artist,36,465OXuCU8YZNmVG1leLwQ9,Shashwat Sachdev,,,,,440
2026-09-15,2026-09-15T10:51:47Z,short_term,artist,37,4gzpq5DPGxSnKTe4SA8HAU,Coldplay,,,,,18381342
2026-09-15,2026-09-15T10:51:47Z,short_term,artist,38,6LEG9Ld1aLImEFEVHdWNSB,AP Dhillon,,,,,28528
2026-09-15,2026-09-15T10:51:47Z,short_term,artist,39,6XwwFnewNgWp81MYMK8zLq,Edward Maya,,,,,173241
2026-09-15,2026-09-15T10:51:47Z,short_term,artist,40,0SPHOEwCSzS2yrC6S24usM,Warm Blanket,,,,,
2026-09-15,2026-09-15T10:51:47Z,short_term,artist,41,3hWCBAZoHjCoAXPjejhCwr,Cozy Wood,,,,,
2026-09-15,2026-09-15T10:51:47Z,short_term,artist,42,703kRYCTy8bqt8iWhJrBX8,Chien Do,,,,,
2026-09-15,2026-09-15T10:51:47Z,short_term,artist,43,0eJZnvOfks7OleQxORVuF7,Cozy Room,,,,,
2026-09-15,2026-09-15T10:51:47Z,short_term,artist,44,2b9qemp1Y8NuEbY4RMYHY1,Jazzy Coffee,,,,,
2026-09-15,2026-09-15T10:51:47Z,short_term,artist,45,462hgoSSVau039BHOvX1sk,Cozy Bedroom,,,,,
2026-09-15,2026-09-15T10:51:47Z,short_term,artist,46,0U7iI0Dk4Ojvi17nZboNO4,Vacations,,,,,82714
2026-09-15,2026-09-15T10:51:47Z,short_term,track,1,3VJpl4jrFSqY3Y6mAzqfux,Har Baar,,6hIXwlI4wny3zYuB6cDBBk,1oRAxwfxb55WuW7KjSx5uw,250285,
2026-09-15,2026-09-15T10:51:47Z,short_term,track,2,6CKoWCWAqEVWVjpeoJXyNH,Shape Of My Heart,,0Ty63ceoRnnJKVEYP0VQpk,5kV0KBXfELibs6qQJLmOtg,279226,
2026-09-15,2026-09-15T10:51:47Z,short_term,track,3,2TQve4B4jpyUqvxDHzNZAu,Kokuten (Sasuke's Epic Theme from Naruto),,6ibMMTrcvRnEjaxi432r6o,5fIIBXeO9GlqxfTWidHOUt,132751,
2026-09-15,2026-09-15T10:51:47Z,short_term,track,4,4UKjQODokAfEMaTgvTHbVX,Sila,,5mWQT8CLTa4mAQAJdFjHb1,6YqbrXnmuh8lxNEFeHNOcA,248413,
2026-09-15,2026-09-15T10:51:47Z,short_term,track,5,0bxRSMz5WY1VuMmOhanE4b,Baptized In Fear,,1Xyo4u8uXC1ZmMpatF05PJ,6iyZdOoujtOwiThdAUI8TM,232176,
2026-09-15,2026-09-15T10:51:47Z,short_term,track,6,7LvHieZe4yPYpDRF0OPCmk,Ekanto Golaap,,37LGjqM0je1KNrLRD3MZ47,16PdkicE350PBwzKQAHmkw,257661,
2026-09-15,2026-09-15T10:51:47Z,short_term,track,7,1i5oEx2vFczQ2sCY3c6Kn5,Love Hurts,,6fvN9GmMCVKb5LY0WsnjFP,5Zwyrn62m3Pyc0nvRa9CHF,233133,
2026-09-15,2026-09-15T10:51:47Z,short_term,track,8,1uvyZBs4IZYRebHIB1747m,Purple Rain,,5a2EaR3hamoenG9rDuVn8j,2umoqwMrmjBBPeaqgYu6J9,521866,
2026-09-15,2026-09-15T10:51:47Z,short_term,track,9,1XTijOjVgekZjRXwgJ2VSE,Bhool,,6hIXwlI4wny3zYuB6cDBBk,4MIPkmbrYvZqLdzLwaQRF9,244800,
2026-09-15,2026-09-15T10:51:47Z,short_term,track,10,5hc71nKsUgtwQ3z52KEKQk,Somebody Else,,3mIj9lX2MWuHmhNCA7LSCW,1JFmNyVPdBF1ECvv4fhpW4,347520,
2026-09-15,2026-09-15T10:51:47Z,short_term,track,11,40gvh6jP5qxMJuMmF9lG9A,Baby Came Home 2 / Valentines,,77SW9BnxLY8rJ0RciFqkHh,18iFxjZugvKhuNNMbLjZJF,390502,
2026-09-15,2026-09-15T10:51:47Z,short_term,track,12,0stJVUUSrbEwyFHOp2dRu0,Open Hearts,,1Xyo4u8uXC1ZmMpatF05PJ,6iyZdOoujtOwiThdAUI8TM,234923,
2026-09-15,2026-09-15T10:51:47Z,short_term,track,13,7oNZfE9wnu7SP55LwNSiKG,Hum,,6hIXwlI4wny3zYuB6cDBBk,7idG3a5Nmotd02hA6ifD0f,275076,
2026-09-15,2026-09-15T10:51:47Z,short_term,track,14,1uvn7eP1I7mIKGvpsqDcoW,bipolar,,2LbjW13j6rNtFgYcPjR2ur,5MOmkgxIJLtmoapI60uK6A,132418,
2026-09-15,2026-09-15T10:51:47Z,short_term,track,15,1GDJhAiO9tqjMuDWFad0IF,Woh,,6hIXwlI4wny3zYuB6cDBBk,2tbamcNG4xK0jKrd1lSzXX,237672,
2026-09-15,2026-09-15T10:51:47Z,short_term,track,16,2v0AG62ZHtD3I4YmTb3WYM,Niagara Falls,,1Xyo4u8uXC1ZmMpatF05PJ,3OxfaVgvTxUTy7276t7SPU,277274,
2026-09-15,2026-09-15T10:51:47Z,short_term,track,17,2y8mkajKikV5S1PRCMQ5WL,KALYANI (with Shreya Ghoshal) - Remix,,5j2JTk8JqepIgv1zxYOuIi,7JIw6me0sSXfs4nGwNaTHw,269387,
2026-09-15,2026-09-15T10:51:47Z,short_term,track,18,6JB0h4leDJ4Akabtu42Epd,Tere Pyar Main,,6znPk9JRNmg6uyB6h8nJu3,1lCyYMOz15QK4vhcUxHxEW,302706,
2026-09-15,2026-09-15T10:51:47Z,short_term,track,19,65krtHkaYLPr0mEbjL61UP,Kiss of Life,,47zz7sob9NUcODy0BTDvKx,3uSWaQxJAdm5MWKQkQJNoK,251333,
2026-09-15,2026-09-15T10:51:47Z,short_term,track,20,6ux2llhjAuhSLggEaBoaLY,i think i'm addicted,,28ntgpEkMU9Zm7F3gLDMhZ,6Kx70JcyksQYEnP69i8Idj,158520,
2026-09-15,2026-09-15T10:51:47Z,short_term,track,21,70YTBH8vOGJNMhy6186yFm,Heavenly,,1QAJqy2dA3ihHBFIHRphZj,4uQ5kFmXQdCxz3WvM4UUzy,286773,
2026-09-15,2026-09-15T10:51:47Z,short_term,track,22,0ZGfGStyu8s02fzpmmOF2l,Pyaar Mein,,6hIXwlI4wny3zYuB6cDBBk,73LzbMdjxsCA3ItV7KtHYo,216000,
2026-09-15,2026-09-15T10:51:47Z,short_term,track,23,1FzbOPWCZiNxnLjAhY1jAR,In And Out Of Love,,0SfsnGyD8FpIN4U4WCkBZ5,07UKYOTXfIdPwnL7iO0lJB,181680,
2026-09-15,2026-09-15T10:51:47Z,short_term,track,24,0JIMT9gzLIIz0esKLyjbKf,Telephones,,0U7iI0Dk4Ojvi17nZboNO4,3Ull45eHLzGXtElhKHFJ7C,212432,
2026-09-15,2026-09-15T10:51:47Z,short_term,track,25,0WiMJIxYYEex2AqhRqzV3u,For the First Time,,3Sz7ZnJQBIHsXLUSo0OQtM,0NEyPH2WTU7NAPxebB7z4g,182306,
2026-09-15,2026-09-15T10:51:47Z,short_term,track,26,3jv9Mt5gKA8rwXoELAfKex,Beparwah,,6hIXwlI4wny3zYuB6cDBBk,2xMxW7Z8ij0xc41wExsXGE,193157,
2026-09-15,2026-09-15T10:51:47Z,short_term,track,27,1Snko28yJOihcRVXs9dAo9,Chamber Of Reflection,,3Sz7ZnJQBIHsXLUSo0OQtM,2r63qjVnXyfTc2eJRSptxS,231723,
2026-09-15,2026-09-15T10:51:47Z,short_term,track,28,6rY5FAWxCdAGllYEOZMbjW,SLOW DANCING IN THE DARK,,3MZsBdqDrRTJihTHQrO6Dq,5mIImcsuqpiSXg8XvFr81I,209273,
2026-09-15,2026-09-15T10:51:47Z,short_term,track,29,7nzsY8vlnKdvGOEE0rjAXZ,Arabella,,7Ln80lUS6He07XvHI8qqHH,78bpIziExqiI9qztvNFlQu,207356,
2026-09-15,2026-09-15T10:51:47Z,short_term,track,30,4Fv6wNYUixnYkj3Dgfrls8,Tumblr Girls (feat. Christoph Andersson),,02kJSzxNuaWGqwubyUba0Z,6wDc63NhKy2PyXdbhkRmrl,255680,
2026-09-15,2026-09-15T10:51:47Z,short_term,track,31,07SnvbvFJ1jUzpoBp9N4Cc,addiction - Slowed,,700c9Qz2z6HZKTumeliKAw,4JBvjA0JHPfG0RUWA3tIue,233480,
2026-09-15,2026-09-15T10:51:47Z,short_term,track,32,5LmvjYl6SZsea5QGdm4aN7,Nightdriver,,3qskfyIRwZtp6uIfj6OFcL,7EjeqIsIVy3DpV8LY5TJvE,276610,
2026-09-15,2026-09-15T10:51:47Z,short_term,track,33,6mHTwIXqZtuQUF1fEkrhFB,Tum,,6hIXwlI4wny3zYuB6cDBBk,4INFMJi3SwIEWixQjlMNig,258750,
2026-09-15,2026-09-15T10:51:47Z,short_term,track,34,3AWDeHLc88XogCaCnZQLVI,Cry For Me,,1Xyo4u8uXC1ZmMpatF05PJ,3OxfaVgvTxUTy7276t7SPU,224136,
2026-09-15,2026-09-15T10:51:47Z,short_term,track,35,1Hv1VTm8zeOeybub15mA2R,Smooth Operator - Single Version,,47zz7sob9NUcODy0BTDvKx,3uSWaQxJAdm5MWKQkQJNoK,258693,
2026-09-15,2026-09-15T10:51:47Z,short_term,track,36,4LxDdYU3x9tyDxy3CghqdC,Sunrise,,1fa0cOhromAZdq2xRA4vv8,7b9Yl2gyEMKlDY97pcBPGd,199040,
2026-09-15,2026-09-15T10:51:47Z,short_term,track,37,4oahRRZECfGud6eL7Lj7CO,Opening Night,,1Xyo4u8uXC1ZmMpatF05PJ,6iyZdOoujtOwiThdAUI8TM,96024,
2026-09-15,2026-09-15T10:51:47Z,short_term,track,38,4ppTAJUbNXELZcoUaL90wo,Try Me,,1Xyo4u8uXC1ZmMpatF05PJ,4qZBW3f2Q8y0k1A84d4iAO,221106,
2026-09-15,2026-09-15T10:51:47Z,short_term,track,39,0bOU1vG7BIgTRwqe1F44lR,Maya,,1zNTZaTb1hfkZCynCw6kUq,6hacmZUSczCdE8VJPRFZvq,244500,
2026-09-15,2026-09-15T10:51:47Z,short_term,track,40,5QO79kh1waicV47BqGRL3g,Save Your Tears,,1Xyo4u8uXC1ZmMpatF05PJ,4yP0hdKOZPNshxUOjY0cZj,215626,
2026-09-15,2026-09-15T10:51:47Z,short_term,track,41,00WLowvlN5cjkYpQV6pjo4,Die For You,,3MZsBdqDrRTJihTHQrO6Dq,39VuC5rYQHAnR6xQwm1WDk,211666,
2026-09-15,2026-09-15T10:51:47Z,short_term,track,42,5rK4GDNiHYC3NUPV3ME4J4,Has To Be,,4g3JG556dlxAQVKpqTbedB,3qK9D70gyPRhGGgNsvutpy,115744,
2026-09-15,2026-09-15T10:51:47Z,short_term,track,43,1oAwsWBovWRIp7qLMGPIet,Apocalypse,,1QAJqy2dA3ihHBFIHRphZj,5chTLnnxlxQVAgEv6YbEBe,290146,
2026-09-15,2026-09-15T10:51:47Z,short_term,track,44,7bxaFZ1O3cHkgLKMsdC3xR,Loser,,5INjqkS1o8h1imAzPqGZBb,5WulAOx9ilWy1h8UGZ1gkI,223069,
2026-09-15,2026-09-15T10:51:47Z,short_term,track,45,1CyEFdvmN9PgMyrDLhKpzk,Things Change,,1kwRrQDCpXpVliMDntpxCt,4FpZTodkc6jTcjhO2j2sHr,272023,
2026-09-15,2026-09-15T10:51:47Z,short_term,track,46,4QbFbIBN9ZgboChpjUzmjx,school crush,,59oBQlP5xoa5cfPkonNNnT,0eemBtq14edvA1bRCgJvo1,132382,
2026-09-15,2026-09-15T10:51:47Z,short_term,track,47,4cYllEeJVH7dWKwQxpbk42,The Abyss (feat. Lana Del Rey),,1Xyo4u8uXC1ZmMpatF05PJ,6iyZdOoujtOwiThdAUI8TM,282873,
2026-09-15,2026-09-15T10:51:47Z,short_term,track,48,6sKxXqDGkKROr3Z3Na32nv,Stereo Love (Radio Edit),,6XwwFnewNgWp81MYMK8zLq,1Xr0RdpL9S72ior2FCgH6y,184015,
2026-09-15,2026-09-15T10:51:47Z,short_term,track,49,1hlbywc8Jhl1FFqJxAMabE,Ishq,,05etL4pzWd6TSv1x5WrlG3,013jUXOfDFXnDMBetTdsiH,224842,
2026-09-15,2026-09-15T10:51:47Z,short_term,track,50,20tqANKua7Erq6u3yfT8tj,Bhrom,,6xArchxfpOsC8rvclgSeAl,2QjYtadVjnPoQkZVLqkzqv,334883,
2026-09-16,2026-09-16T10:41:07Z,long_term,artist,1,1QAJqy2dA3ihHBFIHRphZj,Cigarettes After Sex,,,,,900123
2026-09-16,2026-09-16T10:41:07Z,long_term,artist,2,0dgJbQ0bKPyUXco8hEXN7X,Øneheart,,,,,28777
2026-09-16,2026-09-16T10:41:07Z,long_term,artist,3,1Xyo4u8uXC1ZmMpatF05PJ,The Weeknd,,,,,14673869
2026-09-16,2026-09-16T10:41:07Z,long_term,artist,4,3MZsBdqDrRTJihTHQrO6Dq,Joji,,,,,562912
2026-09-16,2026-09-16T10:41:07Z,long_term,artist,5,6hIXwlI4wny3zYuB6cDBBk,Murtaza Qizilbash,,,,,
2026-09-16,2026-09-16T10:41:07Z,long_term,artist,6,5y8tKLUfMvliMe8IKamR32,d4vd,,,,,142030
2026-09-16,2026-09-16T10:41:07Z,long_term,artist,7,7tYKF4w9nC0nq9CsPZTHyP,SZA,,,,,1328164
2026-09-16,2026-09-16T10:41:07Z,long_term,artist,8,6znPk9JRNmg6uyB6h8nJu3,Kaavish,,,,,
2026-09-16,2026-09-16T10:41:07Z,long_term,artist,9,1wRPtKGflJrBx9BmLsSwlU,Pritam,,,,,71109
2026-09-16,2026-09-16T10:41:07Z,long_term,artist,10,77SW9BnxLY8rJ0RciFqkHh,The Neighbourhood,,,,,171
2026-09-16,2026-09-16T10:41:07Z,long_term,artist,11,5INjqkS1o8h1imAzPqGZBb,Tame Impala,,,,,1134261
2026-09-16,2026-09-16T10:41:07Z,long_term,artist,12,78rUTD7y6Cy67W1RVzYs7t,PinkPantheress,,,,,237467
2026-09-16,2026-09-16T10:41:07Z,long_term,artist,13,47zz7sob9NUcODy0BTDvKx,Sade,,,,,1451755
2026-09-16,2026-09-16T10:41:07Z,long_term,artist,14,4gdMJYnopf2nEUcanAwstx,Anuv Jain,,,,,4263
2026-09-16,2026-09-16T10:41:07Z,long_term,artist,15,00FQb4jTyendYWaN8pK0wa,Lana Del Rey,,,,,5801333
2026-09-16,2026-09-16T10:41:07Z,long_term,artist,16,2YZyLoL8N0Wb9xBt1NhZWg,Kendrick Lamar,,,,,6167418
2026-09-16,2026-09-16T10:41:07Z,long_term,artist,17,4gzpq5DPGxSnKTe4SA8HAU,Coldplay,,,,,18381342
2026-09-16,2026-09-16T10:41:07Z,long_term,artist,18,5mWQT8CLTa4mAQAJdFjHb1,Abdul Hannan,,,,,849
2026-09-16,2026-09-16T10:41:07Z,long_term,artist,19,05etL4pzWd6TSv1x5WrlG3,Faheem Abdullah,,,,,1526
2026-09-16,2026-09-16T10:41:07Z,long_term,artist,20,7Ln80lUS6He07XvHI8qqHH,Arctic Monkeys,,,,,4956340
2026-09-16,2026-09-16T10:41:07Z,long_term,artist,21,6ft7JnxMyZhp7N52qzHymY,Vansire,,,,,8337
2026-09-16,2026-09-16T10:41:07Z,long_term,artist,22,0Y6dVaC9DZtPNH4591M42W,TV Girl,,,,,445012
2026-09-16,2026-09-16T10:41:07Z,long_term,artist,23,3Sz7ZnJQBIHsXLUSo0OQtM,Mac DeMarco,,,,,559366
2026-09-16,2026-09-16T10:41:07Z,long_term,artist,24,4KRllJ2dEeoqvxOQLOgOsI,VØJ,,,,,12053
2026-09-16,2026-09-16T10:41:07Z,long_term,artist,25,4MrQDA45Gd0llLrwFUzimG,Flawed Mangoes,,,,,14592
2026-09-16,2026-09-16T10:41:07Z,long_term,artist,26,2exebQUDoIoT0dXA8BcN1P,Home,,,,,9745
2026-09-16,2026-09-16T10:41:07Z,long_term,artist,27,06O23tLg0or676h8EEzH7W,Pastel Ghost,,,,,56417
2026-09-16,2026-09-16T10:41:07Z,long_term,artist,28,700c9Qz2z6HZKTumeliKAw,LONOWN,,,,,9933
2026-09-16,2026-09-16T10:41:07Z,long_term,artist,29,3zmfs9cQwzJl575W1ZYXeT,Men I Trust,,,,,75725
2026-09-16,2026-09-16T10:41:07Z,long_term,artist,30,2jku7tDXc6XoB6MO2hFuqg,Tory Lanez,,,,,764818
2026-09-16,2026-09-16T10:41:07Z,long_term,artist,31,6YJ4EgQzDfJnIHRbqIHAdD,Idealism,,,,,7202
2026-09-16,2026-09-16T10:41:07Z,long_term,artist,32,17XXKfRBMCWvLrqGoNkJXm,Engelbert Humperdinck,,,,,46537
2026-09-16,2026-09-16T10:41:07Z,long_term,artist,33,4RRmL81NhhouCKGo8I6GaU,ADTurnUp,,,,,3003
2026-09-16,2026-09-16T10:41:07Z,long_term,artist,34,0wf0kncEWHLMGqYqXgZql8,Level Five,,,,,
2026-09-16,2026-09-16T10:41:07Z,long_term,artist,35,1cGyguqPQY22oUd4fKglFS,pxlse.,,,,,134
2026-09-16,2026-09-16T10:41:07Z,long_term,artist,36,7gW0r5CkdEUMm42w9XpyZO,Laufey,,,,,245985
2026-09-16,2026-09-16T10:41:07Z,long_term,artist,37,5cj0lLjcoR7YOSnhnX0Po5,Doja Cat,,,,,38
2026-09-16,2026-09-16T10:41:07Z,long_term,artist,38,2sSGPbdZJkaSE2AbcGOACx,The Marías,,,,,147167
2026-09-16,2026-09-16T10:41:07Z,long_term,artist,39,3TVXtAsR1Inumwj472S9r4,Drake,,,,,24078532
2026-09-16,2026-09-16T10:41:07Z,long_term,artist,40,1mYsTxnqsietFxj1OgoGbG,A.R. Rahman,,,,,6381
2026-09-16,2026-09-16T10:41:07Z,long_term,artist,41,3DeHMjvYP73Pycy8va8RKY,Arnob,,,,,
2026-09-16,2026-09-16T10:41:07Z,long_term,artist,42,5K4W6rqBFWDnAN6FQUkS6x,Kanye West,,,,,4543215
2026-09-16,2026-09-16T10:41:07Z,long_term,artist,43,0klU31gyC6EZqKgLvVANCy,tomcbumpz,,,,,1078
2026-09-16,2026-09-16T10:41:07Z,long_term,artist,44,19ra5tSw0tWufvUp8GotLo,George Michael,,,,,1497406
2026-09-16,2026-09-16T10:41:07Z,long_term,artist,45,3iGhlvzpXc0UHBQ7klAItX,Mitraz,,,,,1419
2026-09-16,2026-09-16T10:41:07Z,long_term,artist,46,2h93pZq0e7k5yf4dywlkpM,Frank Ocean,,,,,1260874
2026-09-16,2026-09-16T10:41:07Z,long_term,artist,47,4yvcSjfu4PC0CYQyLy4wSq,Glass Animals,,,,,321997
2026-09-16,2026-09-16T10:41:07Z,long_term,artist,48,3yKoHgjtyenCOIRaD2Gghu,Cafe Music BGM channel,,,,,10759
2026-09-16,2026-09-16T10:41:07Z,long_term,artist,49,0Y5tJX1MQlPlqiwlOH1tJY,Travis Scott,,,,,3136799
2026-09-16,2026-09-16T10:41:07Z,long_term,artist,50,3AA28KZvwAUcZuOKwyblJQ,Gorillaz,,,,,3014766
2026-09-16,2026-09-16T10:41:07Z,long_term,track,1,2PpYJcgJN6PzozUv7rU669,stellar,,2LbjW13j6rNtFgYcPjR2ur,4gF0aKdd26DsLMbDcLdJdc,99672,
2026-09-16,2026-09-16T10:41:07Z,long_term,track,2,0X4YYZtZcvqNqYIpMd93IT,i was only temporary,,7pxIYxdkx2675ZGKSAPBAy,24tfAQTRqLfKw5bFjMhc4m,98621,
2026-09-16,2026-09-16T10:41:07Z,long_term,track,3,4xF4ZBGPZKxECeDFrqSAG4,snowfall,,0dgJbQ0bKPyUXco8hEXN7X,4NRsGHlWBTl4rdLcq8CKcH,124065,
2026-09-16,2026-09-16T10:41:07Z,long_term,track,4,28pUgp8Cifsnwrv5Mvltyz,nagashi,,6YJ4EgQzDfJnIHRbqIHAdD,5tfqUZ5RcSWcYn5mWYQ4PK,109948,
2026-09-16,2026-09-16T10:41:07Z,long_term,track,5,00RLNHc2jkEjUoCUlFgPVT,welcome and goodbye,,0qZyvjwZauLmrobrpJmvib,0hZJDoAmB6xVegy0o1eAZd,140643,
2026-09-16,2026-09-16T10:41:07Z,long_term,track,6,6JCkLyhLxufrb10cem9WA6,彩霞,,64mecceQewFCKwCK6JBW0o,1GoWJc6XFiHW1ewHcY1Xqm,134053,
2026-09-16,2026-09-16T10:41:07Z,long_term,track,7,1uvn7eP1I7mIKGvpsqDcoW,bipolar,,2LbjW13j6rNtFgYcPjR2ur,5MOmkgxIJLtmoapI60uK6A,132418,
2026-09-16,2026-09-16T10:41:07Z,long_term,track,8,2mlNgAeIBnL78ZriXgrRHz,Glimpse of Us,,3MZsBdqDrRTJihTHQrO6Dq,39VuC5rYQHAnR6xQwm1WDk,233453,
2026-09-16,2026-09-16T10:41:07Z,long_term,track,9,6rY5FAWxCdAGllYEOZMbjW,SLOW DANCING IN THE DARK,,3MZsBdqDrRTJihTHQrO6Dq,5mIImcsuqpiSXg8XvFr81I,209273,
2026-09-16,2026-09-16T10:41:07Z,long_term,track,10,1A7qPfbcyRVEdcZiwTFhZI,Memory Reboot,,4KRllJ2dEeoqvxOQLOgOsI,134MPeCAA7a1yRC1rRFQCx,209416,
2026-09-16,2026-09-16T10:41:07Z,long_term,track,11,1XTijOjVgekZjRXwgJ2VSE,Bhool,,6hIXwlI4wny3zYuB6cDBBk,4MIPkmbrYvZqLdzLwaQRF9,244800,
2026-09-16,2026-09-16T10:41:07Z,long_term,track,12,1oAwsWBovWRIp7qLMGPIet,Apocalypse,,1QAJqy2dA3ihHBFIHRphZj,5chTLnnxlxQVAgEv6YbEBe,290146,
2026-09-16,2026-09-16T10:41:07Z,long_term,track,13,7mDTvYD2ieE4Q28XFziMfJ,Cry,,1QAJqy2dA3ihHBFIHRphZj,63yRRBtLX8eqbOLD6f0y9U,256799,
2026-09-16,2026-09-16T10:41:07Z,long_term,track,14,4XTgFBxBHN6var1BzAgE1m,Jhol,,3scNK8e4mqnP6Rb8a3lwZY,7grtFo2pj5wwRTM7c6NI9y,265817,
2026-09-16,2026-09-16T10:41:07Z,long_term,track,15,0SCLsDJtC7DmOwks1tsszt,Romantic Homicide,,5y8tKLUfMvliMe8IKamR32,3rrrTOHiXGzuW4FP7t0O1A,132630,
2026-09-16,2026-09-16T10:41:07Z,long_term,track,16,7F2nEClWeQ3x5ycA5qtKOI,a million faces,,5pQD8yR8sjmxwgZfLnZzmT,49jPojLRuWp71LnK3Y3ClE,102068,
2026-09-16,2026-09-16T10:41:07Z,long_term,track,17,4sh8w9hWn04EWoCAeIRdQm,Freaks but Slowed Muffled Echo,,4LMTEaUZGbmDx1xcW08hmE,0bDhcvA7GKReXml1bVUSUa,176041,
2026-09-16,2026-09-16T10:41:07Z,long_term,track,18,37s1WRi8s1rZysbjvBGrEd,Divine Failure,,3IhhgswUBInj1W5gEz92T6,2Xz9bocL8qWYmMnS4jyzFY,151111,
2026-09-16,2026-09-16T10:41:07Z,long_term,track,19,5e0b9LgOfi3aJSKXFcOWRe,Beanie,,1EmdfupUQDpXOcb4Nj2mBH,3sgTZuoyovg4bR5iTgQoo3,132160,
2026-09-16,2026-09-16T10:41:07Z,long_term,track,20,3hB9lDLyAClYVZivMMl20N,Co2,,0tC995Rfn9k2l7nqgCZsV7,4WLh56ZjwINYBNhaxLvEhA,163653,
2026-09-16,2026-09-16T10:41:07Z,long_term,track,21,0JIMT9gzLIIz0esKLyjbKf,Telephones,,0U7iI0Dk4Ojvi17nZboNO4,3Ull45eHLzGXtElhKHFJ7C,212432,
2026-09-16,2026-09-16T10:41:07Z,long_term,track,22,69KUKhBqyGvtO1jtJwZEcv,Fainted,,3QZtwiUoyaXbl1JssMPIQ7,5TQu0bEFSLXXVqrGNIXyKM,249600,
2026-09-16,2026-09-16T10:41:07Z,long_term,track,23,3GUSidbQwd7xuvU6AQorRh,Keep on Loving You,,1QAJqy2dA3ihHBFIHRphZj,3gbJSNFlAe2CjqIjMOeMw1,233000,
2026-09-16,2026-09-16T10:41:07Z,long_term,track,24,5LrN7yUQAzvthd4QujgPFr,Here With Me,,5y8tKLUfMvliMe8IKamR32,3rrrTOHiXGzuW4FP7t0O1A,242484,
2026-09-16,2026-09-16T10:41:07Z,long_term,track,25,6RiiSy9GzSwiyDEJDiMuKe,Something About You,,3XxNRirzbjfLdDli06zMaB,0QB8JzlX70ame6G972aEF1,153312,
2026-09-16,2026-09-16T10:41:07Z,long_term,track,26,70tmdhbUPcVxIxCIpChscl,next to you,,0dgJbQ0bKPyUXco8hEXN7X,7dG0UKYNW0hOIr824ZvTYh,123750,
2026-09-16,2026-09-16T10:41:07Z,long_term,track,27,0DTSnA1bcVI5niJzoyBPyZ,Past Won't Leave My Bed,,3MZsBdqDrRTJihTHQrO6Dq,5JJpyK4SILx6UXJBiT1twN,166106,
2026-09-16,2026-09-16T10:41:07Z,long_term,track,28,2OrucC3HEPmZpkaQ05Nx0V,novocaine,,6hxcqtqpmf08pTDkffU5xx,1fm7CNqCCdnqOoxdb23VTs,195605,
2026-09-16,2026-09-16T10:41:07Z,long_term,track,29,5E02BgqYNN9VzafXrYP6Np,Heavenly,,1QAJqy2dA3ihHBFIHRphZj,63yRRBtLX8eqbOLD6f0y9U,286773,
2026-09-16,2026-09-16T10:41:07Z,long_term,track,30,2TQve4B4jpyUqvxDHzNZAu,Kokuten (Sasuke's Epic Theme from Naruto),,6ibMMTrcvRnEjaxi432r6o,5fIIBXeO9GlqxfTWidHOUt,132751,
2026-09-16,2026-09-16T10:41:07Z,long_term,track,31,0qPoQiQIhgyMaP7X78hxri,Akhiyaan Gulaab,,3iGhlvzpXc0UHBQ7klAItX,0KvWbswDD0ksvFayBl6gUz,171147,
2026-09-16,2026-09-16T10:41:07Z,long_term,track,32,0j3mqDTK4Z6lvrLzFCUUz6,Good Looking,,5GGJosGMs08YEmKTZJe1fL,78rO0EfpVs1RPfpxzF6kUz,214800,
2026-09-16,2026-09-16T10:41:07Z,long_term,track,33,40iDbkPRNNpACrwoCuyRtk,Interlinked - Slowed,,4Bv8nfuBV3hv0yVXXgYozl,03HFE1r5ICujfATGcSkXCV,230000,
2026-09-16,2026-09-16T10:41:07Z,long_term,track,34,5rK4GDNiHYC3NUPV3ME4J4,Has To Be,,4g3JG556dlxAQVKpqTbedB,3qK9D70gyPRhGGgNsvutpy,115744,
2026-09-16,2026-09-16T10:41:07Z,long_term,track,35,4UKjQODokAfEMaTgvTHbVX,Sila,,5mWQT8CLTa4mAQAJdFjHb1,6YqbrXnmuh8lxNEFeHNOcA,248413,
2026-09-16,2026-09-16T10:41:07Z,long_term,track,36,3hEfpBHxgieRLz4t3kLNEg,About You,,3mIj9lX2MWuHmhNCA7LSCW,0kvoCDiWdZ7eHPW7xvdg3z,326490,
2026-09-16,2026-09-16T10:41:07Z,long_term,track,37,6mHTwIXqZtuQUF1fEkrhFB,Tum,,6hIXwlI4wny3zYuB6cDBBk,4INFMJi3SwIEWixQjlMNig,258750,
2026-09-16,2026-09-16T10:41:07Z,long_term,track,38,6JB0h4leDJ4Akabtu42Epd,Tere Pyar Main,,6znPk9JRNmg6uyB6h8nJu3,1lCyYMOz15QK4vhcUxHxEW,302706,
2026-09-16,2026-09-16T10:41:07Z,long_term,track,39,75IQVo8hqI1iwVZyvkN2VT,Show Me How,,3zmfs9cQwzJl575W1ZYXeT,7mUYDBqNiddmKxuKrnBEKQ,215110,
2026-09-16,2026-09-16T10:41:07Z,long_term,track,40,3p4hRhMcb6ch8OLtATMaLw,Cry,,1QAJqy2dA3ihHBFIHRphZj,4uQ5kFmXQdCxz3WvM4UUzy,256799,
2026-09-16,2026-09-16T10:41:07Z,long_term,track,41,4t9vB7wIKWE5jIhjcztmmd,Iris,,06O23tLg0or676h8EEzH7W,3sy3jRg8KrsGYNAuHPQnqk,218384,
2026-09-16,2026-09-16T10:41:07Z,long_term,track,42,3VJpl4jrFSqY3Y6mAzqfux,Har Baar,,6hIXwlI4wny3zYuB6cDBBk,1oRAxwfxb55WuW7KjSx5uw,250285,
2026-09-16,2026-09-16T10:41:07Z,long_term,track,43,4ppTAJUbNXELZcoUaL90wo,Try Me,,1Xyo4u8uXC1ZmMpatF05PJ,4qZBW3f2Q8y0k1A84d4iAO,221106,
2026-09-16,2026-09-16T10:41:07Z,long_term,track,44,5TTGoX70AFrTvuEtqHK37S,No. 1 Party Anthem,,7Ln80lUS6He07XvHI8qqHH,78bpIziExqiI9qztvNFlQu,243131,
2026-09-16,2026-09-16T10:41:07Z,long_term,track,45,29KwH2LEjfWEtiC2jCrLVw,Amore mio aiutami - Main Theme,,2WPn0emjr8XPmMOT0bBcPe,5ekkoKz391PScKKZRCmgDF,234026,
2026-09-16,2026-09-16T10:41:07Z,long_term,track,46,6MRD4fDXBbqa0xodmaFk8Q,Everybody Wants To Rule The World - Sped Up Version,,4bthk9UfsYUYdcFyqxmSUU,1OCUxmIIq0Q1Mj3AFATzsI,183634,
2026-09-16,2026-09-16T10:41:07Z,long_term,track,47,4QzZVJc6qPTtTkPem7qZRo,The Lamp Is Low,,5PkDpzWMZR7Id1vldhF8Qk,2KZIJx4RtZ1seAa6pa6ugl,170790,
2026-09-16,2026-09-16T10:41:07Z,long_term,track,48,612zd3tyOwz52c7c67orZx,safe again,,5np27CiKTBMaIEPqTCrqBF,554ghCNlV34hilih8ujx3T,142237,
2026-09-16,2026-09-16T10:41:07Z,long_term,track,49,5ZP8LfM7TezqoxF9yp6VzX,Stop Waiting,,1QAJqy2dA3ihHBFIHRphZj,1altYQrIlTUBxLKPEkVxgh,362973,
2026-09-16,2026-09-16T10:41:07Z,long_term,track,50,1hlbywc8Jhl1FFqJxAMabE,Ishq,,05etL4pzWd6TSv1x5WrlG3,013jUXOfDFXnDMBetTdsiH,224842,
2026-09-16,2026-09-16T10:41:07Z,medium_term,artist,1,3MZsBdqDrRTJihTHQrO6Dq,Joji,,,,,562912
2026-09-16,2026-09-16T10:41:07Z,medium_term,artist,2,6hIXwlI4wny3zYuB6cDBBk,Murtaza Qizilbash,,,,,
2026-09-16,2026-09-16T10:41:07Z,medium_term,artist,3,1Xyo4u8uXC1ZmMpatF05PJ,The Weeknd,,,,,14673869
2026-09-16,2026-09-16T10:41:07Z,medium_term,artist,4,1QAJqy2dA3ihHBFIHRphZj,Cigarettes After Sex,,,,,900123
2026-09-16,2026-09-16T10:41:07Z,medium_term,artist,5,05etL4pzWd6TSv1x5WrlG3,Faheem Abdullah,,,,,1526
2026-09-16,2026-09-16T10:41:07Z,medium_term,artist,6,700c9Qz2z6HZKTumeliKAw,LONOWN,,,,,9933
2026-09-16,2026-09-16T10:41:07Z,medium_term,artist,7,47zz7sob9NUcODy0BTDvKx,Sade,,,,,1451755
2026-09-16,2026-09-16T10:41:07Z,medium_term,artist,8,5y8tKLUfMvliMe8IKamR32,d4vd,,,,,142030
2026-09-16,2026-09-16T10:41:07Z,medium_term,artist,9,6znPk9JRNmg6uyB6h8nJu3,Kaavish,,,,,
2026-09-16,2026-09-16T10:41:07Z,medium_term,artist,10,1cGyguqPQY22oUd4fKglFS,pxlse.,,,,,134
2026-09-16,2026-09-16T10:41:07Z,medium_term,artist,11,77SW9BnxLY8rJ0RciFqkHh,The Neighbourhood,,,,,171
2026-09-16,2026-09-16T10:41:07Z,medium_term,artist,12,3Sz7ZnJQBIHsXLUSo0OQtM,Mac DeMarco,,,,,559366
2026-09-16,2026-09-16T10:41:07Z,medium_term,artist,13,5INjqkS1o8h1imAzPqGZBb,Tame Impala,,,,,1134261
2026-09-16,2026-09-16T10:41:07Z,medium_term,artist,14,0klU31gyC6EZqKgLvVANCy,tomcbumpz,,,,,1078
2026-09-16,2026-09-16T10:41:07Z,medium_term,artist,15,5mWQT8CLTa4mAQAJdFjHb1,Abdul Hannan,,,,,849
2026-09-16,2026-09-16T10:41:07Z,medium_term,artist,16,7Ln80lUS6He07XvHI8qqHH,Arctic Monkeys,,,,,4956340
2026-09-16,2026-09-16T10:41:07Z,medium_term,artist,17,1wRPtKGflJrBx9BmLsSwlU,Pritam,,,,,71109
2026-09-16,2026-09-16T10:41:07Z,medium_term,artist,18,4Z8W4fKeB5YxbusRsdQVPb,Radiohead,,,,,508
2026-09-16,2026-09-16T10:41:07Z,medium_term,artist,19,0Y6dVaC9DZtPNH4591M42W,TV Girl,,,,,445012
2026-09-16,2026-09-16T10:41:07Z,medium_term,artist,20,5cj0lLjcoR7YOSnhnX0Po5,Doja Cat,,,,,38
2026-09-16,2026-09-16T10:41:07Z,medium_term,artist,21,2jku7tDXc6XoB6MO2hFuqg,Tory Lanez,,,,,764818
2026-09-16,2026-09-16T10:41:07Z,medium_term,artist,22,0wf0kncEWHLMGqYqXgZql8,Level Five,,,,,
2026-09-16,2026-09-16T10:41:07Z,medium_term,artist,23,4gdMJYnopf2nEUcanAwstx,Anuv Jain,,,,,4263
2026-09-16,2026-09-16T10:41:07Z,medium_term,artist,24,60jYUgQzKAtnJoXKGk1GNn,Habib Wahid,,,,,
2026-09-16,2026-09-16T10:41:07Z,medium_term,artist,25,06eRdiCBgFUhiuFjei0eH2,Warfaze,,,,,
2026-09-16,2026-09-16T10:41:07Z,medium_term,artist,26,2h93pZq0e7k5yf4dywlkpM,Frank Ocean,,,,,1260874
2026-09-16,2026-09-16T10:41:07Z,medium_term,artist,27,7tYKF4w9nC0nq9CsPZTHyP,SZA,,,,,1328164
2026-09-16,2026-09-16T10:41:07Z,medium_term,artist,28,17XXKfRBMCWvLrqGoNkJXm,Engelbert Humperdinck,,,,,46537
2026-09-16,2026-09-16T10:41:07Z,medium_term,artist,29,7lzordPuZEXxwt9aoVZYmG,Billy Idol,,,,,604998
2026-09-16,2026-09-16T10:41:07Z,medium_term,artist,30,59oBQlP5xoa5cfPkonNNnT,Nafeesisboujee,,,,,6933
2026-09-16,2026-09-16T10:41:07Z,medium_term,artist,31,66CXWjxzNUsdJxJ2JdwvnR,Ariana Grande,,,,,13420271
2026-09-16,2026-09-16T10:41:07Z,medium_term,artist,32,3DeHMjvYP73Pycy8va8RKY,Arnob,,,,,
2026-09-16,2026-09-16T10:41:07Z,medium_term,artist,33,5c7JjKTazKNQubk2GjgbJT,Arekta Rock Band,,,,,
2026-09-16,2026-09-16T10:41:07Z,medium_term,artist,34,78rUTD7y6Cy67W1RVzYs7t,PinkPantheress,,,,,237467
2026-09-16,2026-09-16T10:41:07Z,medium_term,artist,35,3mIj9lX2MWuHmhNCA7LSCW,The 1975,,,,,606647
2026-09-16,2026-09-16T10:41:07Z,medium_term,artist,36,2LbjW13j6rNtFgYcPjR2ur,.diedlonely,,,,,4224
2026-09-16,2026-09-16T10:41:07Z,medium_term,artist,37,00FQb4jTyendYWaN8pK0wa,Lana Del Rey,,,,,5801333
2026-09-16,2026-09-16T10:41:07Z,medium_term,artist,38,1AbJ2cmwK400LSvdvBL5Jc,Strawberry Guy,,,,,51189
2026-09-16,2026-09-16T10:41:07Z,medium_term,artist,39,4dpARuHxo51G3z768sgnrY,Adele,,,,,15467816
2026-09-16,2026-09-16T10:41:07Z,medium_term,artist,40,0xRXCcSX89eobfrshSVdyu,MEDUZA,,,,,
2026-09-16,2026-09-16T10:41:07Z,medium_term,artist,41,2YZyLoL8N0Wb9xBt1NhZWg,Kendrick Lamar,,,,,6167418
2026-09-16,2026-09-16T10:41:07Z,medium_term,artist,42,5ThqNILsplOvwjj9kx0Hnt,Artcell,,,,,
2026-09-16,2026-09-16T10:41:07Z,medium_term,artist,43,3AA28KZvwAUcZuOKwyblJQ,Gorillaz,,,,,3014766
2026-09-16,2026-09-16T10:41:07Z,medium_term,artist,44,37LGjqM0je1KNrLRD3MZ47,Indalo,,,,,
2026-09-16,2026-09-16T10:41:07Z,medium_term,artist,45,4yvcSjfu4PC0CYQyLy4wSq,Glass Animals,,,,,321997
2026-09-16,2026-09-16T10:41:07Z,medium_term,artist,46,0dgJbQ0bKPyUXco8hEXN7X,Øneheart,,,,,28777
2026-09-16,2026-09-16T10:41:07Z,medium_term,artist,47,2ElQWsoSpwUhYFFdFuHqse,Lorenzo Ferrara,,,,,
2026-09-16,2026-09-16T10:41:07Z,medium_term,artist,48,3ctnkEZGtVBTxS7IMin8nC,Instupendo,,,,,4624
2026-09-16,2026-09-16T10:41:07Z,medium_term,artist,49,3TVXtAsR1Inumwj472S9r4,Drake,,,,,24078532
2026-09-16,2026-09-16T10:41:07Z,medium_term,artist,50,4KRllJ2dEeoqvxOQLOgOsI,VØJ,,,,,12053
2026-09-16,2026-09-16T10:41:07Z,medium_term,track,1,0X4YYZtZcvqNqYIpMd93IT,i was only temporary,,7pxIYxdkx2675ZGKSAPBAy,24tfAQTRqLfKw5bFjMhc4m,98621,
2026-09-16,2026-09-16T10:41:07Z,medium_term,track,2,2mlNgAeIBnL78ZriXgrRHz,Glimpse of Us,,3MZsBdqDrRTJihTHQrO6Dq,39VuC5rYQHAnR6xQwm1WDk,233453,
2026-09-16,2026-09-16T10:41:07Z,medium_term,track,3,1uvn7eP1I7mIKGvpsqDcoW,bipolar,,2LbjW13j6rNtFgYcPjR2ur,5MOmkgxIJLtmoapI60uK6A,132418,
2026-09-16,2026-09-16T10:41:07Z,medium_term,track,4,2PpYJcgJN6PzozUv7rU669,stellar,,2LbjW13j6rNtFgYcPjR2ur,4gF0aKdd26DsLMbDcLdJdc,99672,
2026-09-16,2026-09-16T10:41:07Z,medium_term,track,5,6rY5FAWxCdAGllYEOZMbjW,SLOW DANCING IN THE DARK,,3MZsBdqDrRTJihTHQrO6Dq,5mIImcsuqpiSXg8XvFr81I,209273,
2026-09-16,2026-09-16T10:41:07Z,medium_term,track,6,3J44gxX4AcRApFyympWPIB,Past Won't Leave My Bed,,3MZsBdqDrRTJihTHQrO6Dq,7MLyEn1CPizpS8bjZ7zzrT,166106,
2026-09-16,2026-09-16T10:41:07Z,medium_term,track,7,4UKjQODokAfEMaTgvTHbVX,Sila,,5mWQT8CLTa4mAQAJdFjHb1,6YqbrXnmuh8lxNEFeHNOcA,248413,
2026-09-16,2026-09-16T10:41:07Z,medium_term,track,8,1XTijOjVgekZjRXwgJ2VSE,Bhool,,6hIXwlI4wny3zYuB6cDBBk,4MIPkmbrYvZqLdzLwaQRF9,244800,
2026-09-16,2026-09-16T10:41:07Z,medium_term,track,9,3VJpl4jrFSqY3Y6mAzqfux,Har Baar,,6hIXwlI4wny3zYuB6cDBBk,1oRAxwfxb55WuW7KjSx5uw,250285,
2026-09-16,2026-09-16T10:41:07Z,medium_term,track,10,2TQve4B4jpyUqvxDHzNZAu,Kokuten (Sasuke's Epic Theme from Naruto),,6ibMMTrcvRnEjaxi432r6o,5fIIBXeO9GlqxfTWidHOUt,132751,
2026-09-16,2026-09-16T10:41:07Z,medium_term,track,11,3p4hRhMcb6ch8OLtATMaLw,Cry,,1QAJqy2dA3ihHBFIHRphZj,4uQ5kFmXQdCxz3WvM4UUzy,256799,
2026-09-16,2026-09-16T10:41:07Z,medium_term,track,12,1hlbywc8Jhl1FFqJxAMabE,Ishq,,05etL4pzWd6TSv1x5WrlG3,013jUXOfDFXnDMBetTdsiH,224842,
2026-09-16,2026-09-16T10:41:07Z,medium_term,track,13,5rK4GDNiHYC3NUPV3ME4J4,Has To Be,,4g3JG556dlxAQVKpqTbedB,3qK9D70gyPRhGGgNsvutpy,115744,
2026-09-16,2026-09-16T10:41:07Z,medium_term,track,14,65krtHkaYLPr0mEbjL61UP,Kiss of Life,,47zz7sob9NUcODy0BTDvKx,3uSWaQxJAdm5MWKQkQJNoK,251333,
2026-09-16,2026-09-16T10:41:07Z,medium_term,track,15,00WLowvlN5cjkYpQV6pjo4,Die For You,,3MZsBdqDrRTJihTHQrO6Dq,39VuC5rYQHAnR6xQwm1WDk,211666,
2026-09-16,2026-09-16T10:41:07Z,medium_term,track,16,0oUBuOO4g9P4lREqfqR5nq,A Man Without Love,,17XXKfRBMCWvLrqGoNkJXm,2zQM1HOK5OnDGF1SSWExnE,203133,
2026-09-16,2026-09-16T10:41:07Z,medium_term,track,17,3iy2QuCtCzpWnR6tia39AB,hate that i made you love me,,66CXWjxzNUsdJxJ2JdwvnR,2k4FmEtXR0WiDW0Ac2QArT,197949,
2026-09-16,2026-09-16T10:41:07Z,medium_term,track,18,4eFV1LfWlYCVJnPTuSo3db,LOVE YOU LESS,,3MZsBdqDrRTJihTHQrO6Dq,7MLyEn1CPizpS8bjZ7zzrT,201186,
2026-09-16,2026-09-16T10:41:07Z,medium_term,track,19,06E5KyqnDTueEbdT22FFvM,School Rooftop,,72y6MZHIPEyS64ACSCtIq6,3ZoCHr39oKNBUHTykhkMpx,167967,
2026-09-16,2026-09-16T10:41:07Z,medium_term,track,20,70YTBH8vOGJNMhy6186yFm,Heavenly,,1QAJqy2dA3ihHBFIHRphZj,4uQ5kFmXQdCxz3WvM4UUzy,286773,
2026-09-16,2026-09-16T10:41:07Z,medium_term,track,21,0FVuyC9RP5MACjp4lgU3qZ,I'm God,,5vSQUyT33qxr1xAX2Tkf3A,66eXLlqksAwNndmHaHWtCq,277710,
2026-09-16,2026-09-16T10:41:07Z,medium_term,track,22,0H9rWqCXi7gv6kDO3N98ZU,Khwaab,,05etL4pzWd6TSv1x5WrlG3,013jUXOfDFXnDMBetTdsiH,325806,
2026-09-16,2026-09-16T10:41:07Z,medium_term,track,23,0pUVeEgZuNyFzIMKp67RbS,Eyes Without A Face,,7lzordPuZEXxwt9aoVZYmG,2FZNWUmgRoP8uJZBaHJdfj,299240,
2026-09-16,2026-09-16T10:41:07Z,medium_term,track,24,0JIMT9gzLIIz0esKLyjbKf,Telephones,,0U7iI0Dk4Ojvi17nZboNO4,3Ull45eHLzGXtElhKHFJ7C,212432,
2026-09-16,2026-09-16T10:41:07Z,medium_term,track,25,7mrrszs7ZOPEsJhg0q8jvD,Tairay Naam,,6znPk9JRNmg6uyB6h8nJu3,6MXb1UT4rEqv1ZrUodbMUk,328421,
2026-09-16,2026-09-16T10:41:07Z,medium_term,track,26,2xql0pid3EUwW38AsywxhV,Reflections,,77SW9BnxLY8rJ0RciFqkHh,0ODLCdHBFVvKwJGeSfd1jy,244013,
2026-09-16,2026-09-16T10:41:07Z,medium_term,track,27,1GDJhAiO9tqjMuDWFad0IF,Woh,,6hIXwlI4wny3zYuB6cDBBk,2tbamcNG4xK0jKrd1lSzXX,237672,
2026-09-16,2026-09-16T10:41:07Z,medium_term,track,28,42D9aaKTLw47faFhRCQfHF,Blah Blah,,3MZsBdqDrRTJihTHQrO6Dq,5xiwCNC26RvgfwElNmIJoL,161653,
2026-09-16,2026-09-16T10:41:07Z,medium_term,track,29,030OypEGdW6Nvo1KDWa0Bt,Catch a Feeling,,2Glf84Z4MUxfquLMdTjd1G,2QquxK1oqBz5jrF6uBV0Zc,127000,
2026-09-16,2026-09-16T10:41:07Z,medium_term,track,30,0bxRSMz5WY1VuMmOhanE4b,Baptized In Fear,,1Xyo4u8uXC1ZmMpatF05PJ,6iyZdOoujtOwiThdAUI8TM,232176,
2026-09-16,2026-09-16T10:41:07Z,medium_term,track,31,7oNZfE9wnu7SP55LwNSiKG,Hum,,6hIXwlI4wny3zYuB6cDBBk,7idG3a5Nmotd02hA6ifD0f,275076,
2026-09-16,2026-09-16T10:41:07Z,medium_term,track,32,6CKoWCWAqEVWVjpeoJXyNH,Shape Of My Heart,,0Ty63ceoRnnJKVEYP0VQpk,5kV0KBXfELibs6qQJLmOtg,279226,
2026-09-16,2026-09-16T10:41:07Z,medium_term,track,33,1gVN2TuTQh2g9LE1wi6FTY,Girei,,2ElQWsoSpwUhYFFdFuHqse,5FLwqfngn0X753dUDkF9tt,130421,
2026-09-16,2026-09-16T10:41:07Z,medium_term,track,34,4BGfzLrK6lgvKDjKSU7wrN,Sajde,,05etL4pzWd6TSv1x5WrlG3,013jUXOfDFXnDMBetTdsiH,460833,
2026-09-16,2026-09-16T10:41:07Z,medium_term,track,35,7npPPrZEDmeHMk6mxvIeFa,My Jinji,,7BqRcZsHYYQeqMAOp7e532,24eFuwfHPWbuRMrMevqe0Q,400560,
2026-09-16,2026-09-16T10:41:07Z,medium_term,track,36,2hsaWsa0VNx1ug3uotwMvP,Saika,,4sakRwIaBDdtw8qZ8NNwsc,6D02yHQQhXyJ02mVYZxFlL,150525,
2026-09-16,2026-09-16T10:41:07Z,medium_term,track,37,5Z8Dj3LtbyCMiwE86rhg2f,Marea (we’ve lost dancing),,4oLeXFyACqeem2VImYeBFe,6o86bV7TAt5x4exc2qLDqC,285375,
2026-09-16,2026-09-16T10:41:07Z,medium_term,track,38,7JEzAlwHhCD2M1cYE6BeqJ,Loving Machine,,0Y6dVaC9DZtPNH4591M42W,4oL7pMxnb04uuRI7ReXmuh,227000,
2026-09-16,2026-09-16T10:41:07Z,medium_term,track,39,16zzrcKYGDkaGNeSjIMa6O,through - 2022 Remastered,,47mrO8UvhD1Qt6iAIy4fCO,6ZqKaHYpWb1TARqE3oUU2G,347636,
2026-09-16,2026-09-16T10:41:07Z,medium_term,track,40,6mHTwIXqZtuQUF1fEkrhFB,Tum,,6hIXwlI4wny3zYuB6cDBBk,4INFMJi3SwIEWixQjlMNig,258750,
2026-09-16,2026-09-16T10:41:07Z,medium_term,track,41,4Bsf8Pzli5MQv9zLF9KXqc,Unakkul Naane,,29aw5YCdIw2FEXYyAJZI8l,1MrwFWLghGgpbpJ0iekIhK,127850,
2026-09-16,2026-09-16T10:41:07Z,medium_term,track,42,7LvHieZe4yPYpDRF0OPCmk,Ekanto Golaap,,37LGjqM0je1KNrLRD3MZ47,16PdkicE350PBwzKQAHmkw,257661,
2026-09-16,2026-09-16T10:41:07Z,medium_term,track,43,0WiMJIxYYEex2AqhRqzV3u,For the First Time,,3Sz7ZnJQBIHsXLUSo0OQtM,0NEyPH2WTU7NAPxebB7z4g,182306,
2026-09-16,2026-09-16T10:41:07Z,medium_term,track,44,5hjhaH0vwtpftiLtF3veZp,Ophelia,,78rUTD7y6Cy67W1RVzYs7t,2pOEFqvfxp5uUQ8vQEmVA0,155093,
2026-09-16,2026-09-16T10:41:07Z,medium_term,track,45,1KIJclzEbNhSVw8tiHPWwE,Young,,0U7iI0Dk4Ojvi17nZboNO4,54lNPJ6xq2QXwG6jLEIf6C,189160,
2026-09-16,2026-09-16T10:41:07Z,medium_term,track,46,6JB0h4leDJ4Akabtu42Epd,Tere Pyar Main,,6znPk9JRNmg6uyB6h8nJu3,1lCyYMOz15QK4vhcUxHxEW,302706,
2026-09-16,2026-09-16T10:41:07Z,medium_term,track,47,2TUFKhKl4EZYAo3D9FXU5E,Pieces,,5oJvmyeWzyeahRtjup3Oys,3Ab4BR06hO8qx1NCZ1seog,195030,
2026-09-16,2026-09-16T10:41:07Z,medium_term,track,48,1Q68oodivzKjIDnPTXFy83,Memory Reboot,,4KRllJ2dEeoqvxOQLOgOsI,38leU2pvDRxNx2u59BENZb,209416,
2026-09-16,2026-09-16T10:41:07Z,medium_term,track,49,1i5oEx2vFczQ2sCY3c6Kn5,Love Hurts,,6fvN9GmMCVKb5LY0WsnjFP,5Zwyrn62m3Pyc0nvRa9CHF,233133,
2026-09-16,2026-09-16T10:41:07Z,medium_term,track,50,3AWDeHLc88XogCaCnZQLVI,Cry For Me,,1Xyo4u8uXC1ZmMpatF05PJ,3OxfaVgvTxUTy7276t7SPU,224136,
2026-09-16,2026-09-16T10:41:07Z,short_term,artist,1,1Xyo4u8uXC1ZmMpatF05PJ,The Weeknd,,,,,14673869
2026-09-16,2026-09-16T10:41:07Z,short_term,artist,2,6hIXwlI4wny3zYuB6cDBBk,Murtaza Qizilbash,,,,,
2026-09-16,2026-09-16T10:41:07Z,short_term,artist,3,1QAJqy2dA3ihHBFIHRphZj,Cigarettes After Sex,,,,,900123
2026-09-16,2026-09-16T10:41:07Z,short_term,artist,4,77SW9BnxLY8rJ0RciFqkHh,The Neighbourhood,,,,,171
2026-09-16,2026-09-16T10:41:07Z,short_term,artist,5,47zz7sob9NUcODy0BTDvKx,Sade,,,,,1451755
2026-09-16,2026-09-16T10:41:07Z,short_term,artist,6,3MZsBdqDrRTJihTHQrO6Dq,Joji,,,,,562912
2026-09-16,2026-09-16T10:41:07Z,short_term,artist,7,7Ln80lUS6He07XvHI8qqHH,Arctic Monkeys,,,,,4956340
2026-09-16,2026-09-16T10:41:07Z,short_term,artist,8,6znPk9JRNmg6uyB6h8nJu3,Kaavish,,,,,
2026-09-16,2026-09-16T10:41:07Z,short_term,artist,9,5INjqkS1o8h1imAzPqGZBb,Tame Impala,,,,,1134261
2026-09-16,2026-09-16T10:41:07Z,short_term,artist,10,5c7JjKTazKNQubk2GjgbJT,Arekta Rock Band,,,,,
2026-09-16,2026-09-16T10:41:07Z,short_term,artist,11,00FQb4jTyendYWaN8pK0wa,Lana Del Rey,,,,,5801333
2026-09-16,2026-09-16T10:41:07Z,short_term,artist,12,37LGjqM0je1KNrLRD3MZ47,Indalo,,,,,
2026-09-16,2026-09-16T10:41:07Z,short_term,artist,13,0xRXCcSX89eobfrshSVdyu,MEDUZA,,,,,
2026-09-16,2026-09-16T10:41:07Z,short_term,artist,14,2jku7tDXc6XoB6MO2hFuqg,Tory Lanez,,,,,764818
2026-09-16,2026-09-16T10:41:07Z,short_term,artist,15,05etL4pzWd6TSv1x5WrlG3,Faheem Abdullah,,,,,1526
2026-09-16,2026-09-16T10:41:07Z,short_term,artist,16,3Sz7ZnJQBIHsXLUSo0OQtM,Mac DeMarco,,,,,559366
2026-09-16,2026-09-16T10:41:07Z,short_term,artist,17,4gdMJYnopf2nEUcanAwstx,Anuv Jain,,,,,4263
2026-09-16,2026-09-16T10:41:07Z,short_term,artist,18,1wRPtKGflJrBx9BmLsSwlU,Pritam,,,,,71109
2026-09-16,2026-09-16T10:41:07Z,short_term,artist,19,7tYKF4w9nC0nq9CsPZTHyP,SZA,,,,,1328164
2026-09-16,2026-09-16T10:41:07Z,short_term,artist,20,0Y6dVaC9DZtPNH4591M42W,TV Girl,,,,,445012
2026-09-16,2026-09-16T10:41:07Z,short_term,artist,21,0wf0kncEWHLMGqYqXgZql8,Level Five,,,,,
2026-09-16,2026-09-16T10:41:07Z,short_term,artist,22,5mWQT8CLTa4mAQAJdFjHb1,Abdul Hannan,,,,,849
2026-09-16,2026-09-16T10:41:07Z,short_term,artist,23,0WBg7b6KiPmfh7lI5vbFKC,Meghdol,,,,,
2026-09-16,2026-09-16T10:41:07Z,short_term,artist,24,2YZyLoL8N0Wb9xBt1NhZWg,Kendrick Lamar,,,,,6167418
2026-09-16,2026-09-16T10:41:07Z,short_term,artist,25,2h93pZq0e7k5yf4dywlkpM,Frank Ocean,,,,,1260874
2026-09-16,2026-09-16T10:41:07Z,short_term,artist,26,5io6IfbYy6t9IBtzYdOwN9,Balam,,,,,
2026-09-16,2026-09-16T10:41:07Z,short_term,artist,27,1AbJ2cmwK400LSvdvBL5Jc,Strawberry Guy,,,,,51189
2026-09-16,2026-09-16T10:41:07Z,short_term,artist,28,66CXWjxzNUsdJxJ2JdwvnR,Ariana Grande,,,,,13420271
2026-09-16,2026-09-16T10:41:07Z,short_term,artist,29,6IRouO5mvvfcyxtPDKMYFN,Foreigner,,,,,242955
2026-09-16,2026-09-16T10:41:07Z,short_term,artist,30,700c9Qz2z6HZKTumeliKAw,LONOWN,,,,,9933
2026-09-16,2026-09-16T10:41:07Z,short_term,artist,31,0qjWYusrckF9BpkvWaoKRO,Cozy Coffee Shop,,,,,
2026-09-16,2026-09-16T10:41:07Z,short_term,artist,32,1fa0cOhromAZdq2xRA4vv8,Simply Red,,,,,928555
2026-09-16,2026-09-16T10:41:07Z,short_term,artist,33,1mYsTxnqsietFxj1OgoGbG,A.R. Rahman,,,,,6381
2026-09-16,2026-09-16T10:41:07Z,short_term,artist,34,2oSONSC9zQ4UonDKnLqksx,Atif Aslam,,,,,221118
2026-09-16,2026-09-16T10:41:07Z,short_term,artist,35,3mIj9lX2MWuHmhNCA7LSCW,The 1975,,,,,606647
2026-09-16,2026-09-16T10:41:07Z,short_term,artist,36,465OXuCU8YZNmVG1leLwQ9,Shashwat Sachdev,,,,,440
2026-09-16,2026-09-16T10:41:07Z,short_term,artist,37,4gzpq5DPGxSnKTe4SA8HAU,Coldplay,,,,,18381342
2026-09-16,2026-09-16T10:41:07Z,short_term,artist,38,6LEG9Ld1aLImEFEVHdWNSB,AP Dhillon,,,,,28528
2026-09-16,2026-09-16T10:41:07Z,short_term,artist,39,6XwwFnewNgWp81MYMK8zLq,Edward Maya,,,,,173241
2026-09-16,2026-09-16T10:41:07Z,short_term,artist,40,0SPHOEwCSzS2yrC6S24usM,Warm Blanket,,,,,
2026-09-16,2026-09-16T10:41:07Z,short_term,artist,41,3hWCBAZoHjCoAXPjejhCwr,Cozy Wood,,,,,
2026-09-16,2026-09-16T10:41:07Z,short_term,artist,42,703kRYCTy8bqt8iWhJrBX8,Chien Do,,,,,
2026-09-16,2026-09-16T10:41:07Z,short_term,artist,43,0eJZnvOfks7OleQxORVuF7,Cozy Room,,,,,
2026-09-16,2026-09-16T10:41:07Z,short_term,artist,44,2b9qemp1Y8NuEbY4RMYHY1,Jazzy Coffee,,,,,
2026-09-16,2026-09-16T10:41:07Z,short_term,artist,45,462hgoSSVau039BHOvX1sk,Cozy Bedroom,,,,,
2026-09-16,2026-09-16T10:41:07Z,short_term,artist,46,0U7iI0Dk4Ojvi17nZboNO4,Vacations,,,,,82714
2026-09-16,2026-09-16T10:41:07Z,short_term,track,1,0bxRSMz5WY1VuMmOhanE4b,Baptized In Fear,,1Xyo4u8uXC1ZmMpatF05PJ,6iyZdOoujtOwiThdAUI8TM,232176,
2026-09-16,2026-09-16T10:41:07Z,short_term,track,2,3VJpl4jrFSqY3Y6mAzqfux,Har Baar,,6hIXwlI4wny3zYuB6cDBBk,1oRAxwfxb55WuW7KjSx5uw,250285,
2026-09-16,2026-09-16T10:41:07Z,short_term,track,3,6CKoWCWAqEVWVjpeoJXyNH,Shape Of My Heart,,0Ty63ceoRnnJKVEYP0VQpk,5kV0KBXfELibs6qQJLmOtg,279226,
2026-09-16,2026-09-16T10:41:07Z,short_term,track,4,2TQve4B4jpyUqvxDHzNZAu,Kokuten (Sasuke's Epic Theme from Naruto),,6ibMMTrcvRnEjaxi432r6o,5fIIBXeO9GlqxfTWidHOUt,132751,
2026-09-16,2026-09-16T10:41:07Z,short_term,track,5,4UKjQODokAfEMaTgvTHbVX,Sila,,5mWQT8CLTa4mAQAJdFjHb1,6YqbrXnmuh8lxNEFeHNOcA,248413,
2026-09-16,2026-09-16T10:41:07Z,short_term,track,6,7LvHieZe4yPYpDRF0OPCmk,Ekanto Golaap,,37LGjqM0je1KNrLRD3MZ47,16PdkicE350PBwzKQAHmkw,257661,
2026-09-16,2026-09-16T10:41:07Z,short_term,track,7,1i5oEx2vFczQ2sCY3c6Kn5,Love Hurts,,6fvN9GmMCVKb5LY0WsnjFP,5Zwyrn62m3Pyc0nvRa9CHF,233133,
2026-09-16,2026-09-16T10:41:07Z,short_term,track,8,1uvyZBs4IZYRebHIB1747m,Purple Rain,,5a2EaR3hamoenG9rDuVn8j,2umoqwMrmjBBPeaqgYu6J9,521866,
2026-09-16,2026-09-16T10:41:07Z,short_term,track,9,1XTijOjVgekZjRXwgJ2VSE,Bhool,,6hIXwlI4wny3zYuB6cDBBk,4MIPkmbrYvZqLdzLwaQRF9,244800,
2026-09-16,2026-09-16T10:41:07Z,short_term,track,10,5hc71nKsUgtwQ3z52KEKQk,Somebody Else,,3mIj9lX2MWuHmhNCA7LSCW,1JFmNyVPdBF1ECvv4fhpW4,347520,
2026-09-16,2026-09-16T10:41:07Z,short_term,track,11,2v0AG62ZHtD3I4YmTb3WYM,Niagara Falls,,1Xyo4u8uXC1ZmMpatF05PJ,3OxfaVgvTxUTy7276t7SPU,277274,
2026-09-16,2026-09-16T10:41:07Z,short_term,track,12,40gvh6jP5qxMJuMmF9lG9A,Baby Came Home 2 / Valentines,,77SW9BnxLY8rJ0RciFqkHh,18iFxjZugvKhuNNMbLjZJF,390502,
2026-09-16,2026-09-16T10:41:07Z,short_term,track,13,0stJVUUSrbEwyFHOp2dRu0,Open Hearts,,1Xyo4u8uXC1ZmMpatF05PJ,6iyZdOoujtOwiThdAUI8TM,234923,
2026-09-16,2026-09-16T10:41:07Z,short_term,track,14,7oNZfE9wnu7SP55LwNSiKG,Hum,,6hIXwlI4wny3zYuB6cDBBk,7idG3a5Nmotd02hA6ifD0f,275076,
2026-09-16,2026-09-16T10:41:07Z,short_term,track,15,1uvn7eP1I7mIKGvpsqDcoW,bipolar,,2LbjW13j6rNtFgYcPjR2ur,5MOmkgxIJLtmoapI60uK6A,132418,
2026-09-16,2026-09-16T10:41:07Z,short_term,track,16,1GDJhAiO9tqjMuDWFad0IF,Woh,,6hIXwlI4wny3zYuB6cDBBk,2tbamcNG4xK0jKrd1lSzXX,237672,
2026-09-16,2026-09-16T10:41:07Z,short_term,track,17,2y8mkajKikV5S1PRCMQ5WL,KALYANI (with Shreya Ghoshal) - Remix,,5j2JTk8JqepIgv1zxYOuIi,7JIw6me0sSXfs4nGwNaTHw,269387,
2026-09-16,2026-09-16T10:41:07Z,short_term,track,18,6JB0h4leDJ4Akabtu42Epd,Tere Pyar Main,,6znPk9JRNmg6uyB6h8nJu3,1lCyYMOz15QK4vhcUxHxEW,302706,
2026-09-16,2026-09-16T10:41:07Z,short_term,track,19,65krtHkaYLPr0mEbjL61UP,Kiss of Life,,47zz7sob9NUcODy0BTDvKx,3uSWaQxJAdm5MWKQkQJNoK,251333,
2026-09-16,2026-09-16T10:41:07Z,short_term,track,20,70YTBH8vOGJNMhy6186yFm,Heavenly,,1QAJqy2dA3ihHBFIHRphZj,4uQ5kFmXQdCxz3WvM4UUzy,286773,
2026-09-16,2026-09-16T10:41:07Z,short_term,track,21,0ZGfGStyu8s02fzpmmOF2l,Pyaar Mein,,6hIXwlI4wny3zYuB6cDBBk,73LzbMdjxsCA3ItV7KtHYo,216000,
2026-09-16,2026-09-16T10:41:07Z,short_term,track,22,1FzbOPWCZiNxnLjAhY1jAR,In And Out Of Love,,0SfsnGyD8FpIN4U4WCkBZ5,07UKYOTXfIdPwnL7iO0lJB,181680,
2026-09-16,2026-09-16T10:41:07Z,short_term,track,23,6ux2llhjAuhSLggEaBoaLY,i think i'm addicted,,28ntgpEkMU9Zm7F3gLDMhZ,6Kx70JcyksQYEnP69i8Idj,158520,
2026-09-16,2026-09-16T10:41:07Z,short_term,track,24,0JIMT9gzLIIz0esKLyjbKf,Telephones,,0U7iI0Dk4Ojvi17nZboNO4,3Ull45eHLzGXtElhKHFJ7C,212432,
2026-09-16,2026-09-16T10:41:07Z,short_term,track,25,0WiMJIxYYEex2AqhRqzV3u,For the First Time,,3Sz7ZnJQBIHsXLUSo0OQtM,0NEyPH2WTU7NAPxebB7z4g,182306,
2026-09-16,2026-09-16T10:41:07Z,short_term,track,26,3jv9Mt5gKA8rwXoELAfKex,Beparwah,,6hIXwlI4wny3zYuB6cDBBk,2xMxW7Z8ij0xc41wExsXGE,193157,
2026-09-16,2026-09-16T10:41:07Z,short_term,track,27,1Snko28yJOihcRVXs9dAo9,Chamber Of Reflection,,3Sz7ZnJQBIHsXLUSo0OQtM,2r63qjVnXyfTc2eJRSptxS,231723,
2026-09-16,2026-09-16T10:41:07Z,short_term,track,28,6rY5FAWxCdAGllYEOZMbjW,SLOW DANCING IN THE DARK,,3MZsBdqDrRTJihTHQrO6Dq,5mIImcsuqpiSXg8XvFr81I,209273,
2026-09-16,2026-09-16T10:41:07Z,short_term,track,29,4Fv6wNYUixnYkj3Dgfrls8,Tumblr Girls (feat. Christoph Andersson),,02kJSzxNuaWGqwubyUba0Z,6wDc63NhKy2PyXdbhkRmrl,255680,
2026-09-16,2026-09-16T10:41:07Z,short_term,track,30,07SnvbvFJ1jUzpoBp9N4Cc,addiction - Slowed,,700c9Qz2z6HZKTumeliKAw,4JBvjA0JHPfG0RUWA3tIue,233480,
2026-09-16,2026-09-16T10:41:07Z,short_term,track,31,5LmvjYl6SZsea5QGdm4aN7,Nightdriver,,3qskfyIRwZtp6uIfj6OFcL,7EjeqIsIVy3DpV8LY5TJvE,276610,
2026-09-16,2026-09-16T10:41:07Z,short_term,track,32,6mHTwIXqZtuQUF1fEkrhFB,Tum,,6hIXwlI4wny3zYuB6cDBBk,4INFMJi3SwIEWixQjlMNig,258750,
2026-09-16,2026-09-16T10:41:07Z,short_term,track,33,2Y04ZSRKADiBdKHLaF1RtG,Abar Dekha Holey - Karagarer Version,,7fhlWsdi6oTTxj8d3uYIAn,1wMFZJbHN2DdTqos4EnDMw,366360,
2026-09-16,2026-09-16T10:41:07Z,short_term,track,34,3AWDeHLc88XogCaCnZQLVI,Cry For Me,,1Xyo4u8uXC1ZmMpatF05PJ,3OxfaVgvTxUTy7276t7SPU,224136,
2026-09-16,2026-09-16T10:41:07Z,short_term,track,35,1Hv1VTm8zeOeybub15mA2R,Smooth Operator - Single Version,,47zz7sob9NUcODy0BTDvKx,3uSWaQxJAdm5MWKQkQJNoK,258693,
2026-09-16,2026-09-16T10:41:07Z,short_term,track,36,4LxDdYU3x9tyDxy3CghqdC,Sunrise,,1fa0cOhromAZdq2xRA4vv8,7b9Yl2gyEMKlDY97pcBPGd,199040,
2026-09-16,2026-09-16T10:41:07Z,short_term,track,37,4oahRRZECfGud6eL7Lj7CO,Opening Night,,1Xyo4u8uXC1ZmMpatF05PJ,6iyZdOoujtOwiThdAUI8TM,96024,
2026-09-16,2026-09-16T10:41:07Z,short_term,track,38,4ppTAJUbNXELZcoUaL90wo,Try Me,,1Xyo4u8uXC1ZmMpatF05PJ,4qZBW3f2Q8y0k1A84d4iAO,221106,
2026-09-16,2026-09-16T10:41:07Z,short_term,track,39,0bOU1vG7BIgTRwqe1F44lR,Maya,,1zNTZaTb1hfkZCynCw6kUq,6hacmZUSczCdE8VJPRFZvq,244500,
2026-09-16,2026-09-16T10:41:07Z,short_term,track,40,5QO79kh1waicV47BqGRL3g,Save Your Tears,,1Xyo4u8uXC1ZmMpatF05PJ,4yP0hdKOZPNshxUOjY0cZj,215626,
2026-09-16,2026-09-16T10:41:07Z,short_term,track,41,00WLowvlN5cjkYpQV6pjo4,Die For You,,3MZsBdqDrRTJihTHQrO6Dq,39VuC5rYQHAnR6xQwm1WDk,211666,
2026-09-16,2026-09-16T10:41:07Z,short_term,track,42,1oAwsWBovWRIp7qLMGPIet,Apocalypse,,1QAJqy2dA3ihHBFIHRphZj,5chTLnnxlxQVAgEv6YbEBe,290146,
2026-09-16,2026-09-16T10:41:07Z,short_term,track,43,7bxaFZ1O3cHkgLKMsdC3xR,Loser,,5INjqkS1o8h1imAzPqGZBb,5WulAOx9ilWy1h8UGZ1gkI,223069,
2026-09-16,2026-09-16T10:41:07Z,short_term,track,44,1CyEFdvmN9PgMyrDLhKpzk,Things Change,,1kwRrQDCpXpVliMDntpxCt,4FpZTodkc6jTcjhO2j2sHr,272023,
2026-09-16,2026-09-16T10:41:07Z,short_term,track,45,1hlbywc8Jhl1FFqJxAMabE,Ishq,,05etL4pzWd6TSv1x5WrlG3,013jUXOfDFXnDMBetTdsiH,224842,
2026-09-16,2026-09-16T10:41:07Z,short_term,track,46,4QbFbIBN9ZgboChpjUzmjx,school crush,,59oBQlP5xoa5cfPkonNNnT,0eemBtq14edvA1bRCgJvo1,132382,
2026-09-16,2026-09-16T10:41:07Z,short_term,track,47,4cYllEeJVH7dWKwQxpbk42,The Abyss (feat. Lana Del Rey),,1Xyo4u8uXC1ZmMpatF05PJ,6iyZdOoujtOwiThdAUI8TM,282873,
2026-09-16,2026-09-16T10:41:07Z,short_term,track,48,6sKxXqDGkKROr3Z3Na32nv,Stereo Love (Radio Edit),,6XwwFnewNgWp81MYMK8zLq,1Xr0RdpL9S72ior2FCgH6y,184015,
2026-09-16,2026-09-16T10:41:07Z,short_term,track,49,7nzsY8vlnKdvGOEE0rjAXZ,Arabella,,7Ln80lUS6He07XvHI8qqHH,78bpIziExqiI9qztvNFlQu,207356,
2026-09-16,2026-09-16T10:41:07Z,short_term,track,50,5MCbGWnNLLjoHpbDO3BOgi,Gehra Hua,,465OXuCU8YZNmVG1leLwQ9,2e7HNQJ0BcMoqwsVDwDhK8,362400,
2026-09-17,2026-09-17T10:49:13Z,long_term,artist,1,1QAJqy2dA3ihHBFIHRphZj,Cigarettes After Sex,,,,,900123
2026-09-17,2026-09-17T10:49:13Z,long_term,artist,2,0dgJbQ0bKPyUXco8hEXN7X,Øneheart,,,,,28777
2026-09-17,2026-09-17T10:49:13Z,long_term,artist,3,1Xyo4u8uXC1ZmMpatF05PJ,The Weeknd,,,,,14673869
2026-09-17,2026-09-17T10:49:13Z,long_term,artist,4,3MZsBdqDrRTJihTHQrO6Dq,Joji,,,,,562912
2026-09-17,2026-09-17T10:49:13Z,long_term,artist,5,6hIXwlI4wny3zYuB6cDBBk,Murtaza Qizilbash,,,,,
2026-09-17,2026-09-17T10:49:13Z,long_term,artist,6,5y8tKLUfMvliMe8IKamR32,d4vd,,,,,142030
2026-09-17,2026-09-17T10:49:13Z,long_term,artist,7,7tYKF4w9nC0nq9CsPZTHyP,SZA,,,,,1328164
2026-09-17,2026-09-17T10:49:13Z,long_term,artist,8,6znPk9JRNmg6uyB6h8nJu3,Kaavish,,,,,
2026-09-17,2026-09-17T10:49:13Z,long_term,artist,9,1wRPtKGflJrBx9BmLsSwlU,Pritam,,,,,71109
2026-09-17,2026-09-17T10:49:13Z,long_term,artist,10,77SW9BnxLY8rJ0RciFqkHh,The Neighbourhood,,,,,171
2026-09-17,2026-09-17T10:49:13Z,long_term,artist,11,5INjqkS1o8h1imAzPqGZBb,Tame Impala,,,,,1134261
2026-09-17,2026-09-17T10:49:13Z,long_term,artist,12,78rUTD7y6Cy67W1RVzYs7t,PinkPantheress,,,,,237467
2026-09-17,2026-09-17T10:49:13Z,long_term,artist,13,47zz7sob9NUcODy0BTDvKx,Sade,,,,,1451755
2026-09-17,2026-09-17T10:49:13Z,long_term,artist,14,4gdMJYnopf2nEUcanAwstx,Anuv Jain,,,,,4263
2026-09-17,2026-09-17T10:49:13Z,long_term,artist,15,00FQb4jTyendYWaN8pK0wa,Lana Del Rey,,,,,5801333
2026-09-17,2026-09-17T10:49:13Z,long_term,artist,16,5mWQT8CLTa4mAQAJdFjHb1,Abdul Hannan,,,,,849
2026-09-17,2026-09-17T10:49:13Z,long_term,artist,17,2YZyLoL8N0Wb9xBt1NhZWg,Kendrick Lamar,,,,,6167418
2026-09-17,2026-09-17T10:49:13Z,long_term,artist,18,4gzpq5DPGxSnKTe4SA8HAU,Coldplay,,,,,18381342
2026-09-17,2026-09-17T10:49:13Z,long_term,artist,19,05etL4pzWd6TSv1x5WrlG3,Faheem Abdullah,,,,,1526
2026-09-17,2026-09-17T10:49:13Z,long_term,artist,20,7Ln80lUS6He07XvHI8qqHH,Arctic Monkeys,,,,,4956340
2026-09-17,2026-09-17T10:49:13Z,long_term,artist,21,6ft7JnxMyZhp7N52qzHymY,Vansire,,,,,8337
2026-09-17,2026-09-17T10:49:13Z,long_term,artist,22,0Y6dVaC9DZtPNH4591M42W,TV Girl,,,,,445012
2026-09-17,2026-09-17T10:49:13Z,long_term,artist,23,3Sz7ZnJQBIHsXLUSo0OQtM,Mac DeMarco,,,,,559366
2026-09-17,2026-09-17T10:49:13Z,long_term,artist,24,4KRllJ2dEeoqvxOQLOgOsI,VØJ,,,,,12053
2026-09-17,2026-09-17T10:49:13Z,long_term,artist,25,4MrQDA45Gd0llLrwFUzimG,Flawed Mangoes,,,,,14592
2026-09-17,2026-09-17T10:49:13Z,long_term,artist,26,06O23tLg0or676h8EEzH7W,Pastel Ghost,,,,,56417
2026-09-17,2026-09-17T10:49:13Z,long_term,artist,27,700c9Qz2z6HZKTumeliKAw,LONOWN,,,,,9933
2026-09-17,2026-09-17T10:49:13Z,long_term,artist,28,3zmfs9cQwzJl575W1ZYXeT,Men I Trust,,,,,75725
2026-09-17,2026-09-17T10:49:13Z,long_term,artist,29,2exebQUDoIoT0dXA8BcN1P,Home,,,,,9745
2026-09-17,2026-09-17T10:49:13Z,long_term,artist,30,2jku7tDXc6XoB6MO2hFuqg,Tory Lanez,,,,,764818
2026-09-17,2026-09-17T10:49:13Z,long_term,artist,31,6YJ4EgQzDfJnIHRbqIHAdD,Idealism,,,,,7202
2026-09-17,2026-09-17T10:49:13Z,long_term,artist,32,17XXKfRBMCWvLrqGoNkJXm,Engelbert Humperdinck,,,,,46537
2026-09-17,2026-09-17T10:49:13Z,long_term,artist,33,4RRmL81NhhouCKGo8I6GaU,ADTurnUp,,,,,3003
2026-09-17,2026-09-17T10:49:13Z,long_term,artist,34,0wf0kncEWHLMGqYqXgZql8,Level Five,,,,,
2026-09-17,2026-09-17T10:49:13Z,long_term,artist,35,1cGyguqPQY22oUd4fKglFS,pxlse.,,,,,134
2026-09-17,2026-09-17T10:49:13Z,long_term,artist,36,7gW0r5CkdEUMm42w9XpyZO,Laufey,,,,,245985
2026-09-17,2026-09-17T10:49:13Z,long_term,artist,37,5cj0lLjcoR7YOSnhnX0Po5,Doja Cat,,,,,38
2026-09-17,2026-09-17T10:49:13Z,long_term,artist,38,2sSGPbdZJkaSE2AbcGOACx,The Marías,,,,,147167
2026-09-17,2026-09-17T10:49:13Z,long_term,artist,39,3TVXtAsR1Inumwj472S9r4,Drake,,,,,24078532
2026-09-17,2026-09-17T10:49:13Z,long_term,artist,40,1mYsTxnqsietFxj1OgoGbG,A.R. Rahman,,,,,6381
2026-09-17,2026-09-17T10:49:13Z,long_term,artist,41,3DeHMjvYP73Pycy8va8RKY,Arnob,,,,,
2026-09-17,2026-09-17T10:49:13Z,long_term,artist,42,5K4W6rqBFWDnAN6FQUkS6x,Kanye West,,,,,4543215
2026-09-17,2026-09-17T10:49:13Z,long_term,artist,43,0klU31gyC6EZqKgLvVANCy,tomcbumpz,,,,,1078
2026-09-17,2026-09-17T10:49:13Z,long_term,artist,44,19ra5tSw0tWufvUp8GotLo,George Michael,,,,,1497406
2026-09-17,2026-09-17T10:49:13Z,long_term,artist,45,3iGhlvzpXc0UHBQ7klAItX,Mitraz,,,,,1419
2026-09-17,2026-09-17T10:49:13Z,long_term,artist,46,2h93pZq0e7k5yf4dywlkpM,Frank Ocean,,,,,1260874
2026-09-17,2026-09-17T10:49:13Z,long_term,artist,47,36QJpDe2go2KgaRleHCDTp,Led Zeppelin,,,,,5538981
2026-09-17,2026-09-17T10:49:13Z,long_term,artist,48,4yvcSjfu4PC0CYQyLy4wSq,Glass Animals,,,,,321997
2026-09-17,2026-09-17T10:49:13Z,long_term,artist,49,3yKoHgjtyenCOIRaD2Gghu,Cafe Music BGM channel,,,,,10759
2026-09-17,2026-09-17T10:49:13Z,long_term,artist,50,0Y5tJX1MQlPlqiwlOH1tJY,Travis Scott,,,,,3136799
2026-09-17,2026-09-17T10:49:13Z,long_term,track,1,2PpYJcgJN6PzozUv7rU669,stellar,,2LbjW13j6rNtFgYcPjR2ur,4gF0aKdd26DsLMbDcLdJdc,99672,
2026-09-17,2026-09-17T10:49:13Z,long_term,track,2,0X4YYZtZcvqNqYIpMd93IT,i was only temporary,,7pxIYxdkx2675ZGKSAPBAy,24tfAQTRqLfKw5bFjMhc4m,98621,
2026-09-17,2026-09-17T10:49:13Z,long_term,track,3,4xF4ZBGPZKxECeDFrqSAG4,snowfall,,0dgJbQ0bKPyUXco8hEXN7X,4NRsGHlWBTl4rdLcq8CKcH,124065,
2026-09-17,2026-09-17T10:49:13Z,long_term,track,4,28pUgp8Cifsnwrv5Mvltyz,nagashi,,6YJ4EgQzDfJnIHRbqIHAdD,5tfqUZ5RcSWcYn5mWYQ4PK,109948,
2026-09-17,2026-09-17T10:49:13Z,long_term,track,5,00RLNHc2jkEjUoCUlFgPVT,welcome and goodbye,,0qZyvjwZauLmrobrpJmvib,0hZJDoAmB6xVegy0o1eAZd,140643,
2026-09-17,2026-09-17T10:49:13Z,long_term,track,6,6JCkLyhLxufrb10cem9WA6,彩霞,,64mecceQewFCKwCK6JBW0o,1GoWJc6XFiHW1ewHcY1Xqm,134053,
2026-09-17,2026-09-17T10:49:13Z,long_term,track,7,1uvn7eP1I7mIKGvpsqDcoW,bipolar,,2LbjW13j6rNtFgYcPjR2ur,5MOmkgxIJLtmoapI60uK6A,132418,
2026-09-17,2026-09-17T10:49:13Z,long_term,track,8,2mlNgAeIBnL78ZriXgrRHz,Glimpse of Us,,3MZsBdqDrRTJihTHQrO6Dq,39VuC5rYQHAnR6xQwm1WDk,233453,
2026-09-17,2026-09-17T10:49:13Z,long_term,track,9,6rY5FAWxCdAGllYEOZMbjW,SLOW DANCING IN THE DARK,,3MZsBdqDrRTJihTHQrO6Dq,5mIImcsuqpiSXg8XvFr81I,209273,
2026-09-17,2026-09-17T10:49:13Z,long_term,track,10,1A7qPfbcyRVEdcZiwTFhZI,Memory Reboot,,4KRllJ2dEeoqvxOQLOgOsI,134MPeCAA7a1yRC1rRFQCx,209416,
2026-09-17,2026-09-17T10:49:13Z,long_term,track,11,1XTijOjVgekZjRXwgJ2VSE,Bhool,,6hIXwlI4wny3zYuB6cDBBk,4MIPkmbrYvZqLdzLwaQRF9,244800,
2026-09-17,2026-09-17T10:49:13Z,long_term,track,12,1oAwsWBovWRIp7qLMGPIet,Apocalypse,,1QAJqy2dA3ihHBFIHRphZj,5chTLnnxlxQVAgEv6YbEBe,290146,
2026-09-17,2026-09-17T10:49:13Z,long_term,track,13,7mDTvYD2ieE4Q28XFziMfJ,Cry,,1QAJqy2dA3ihHBFIHRphZj,63yRRBtLX8eqbOLD6f0y9U,256799,
2026-09-17,2026-09-17T10:49:13Z,long_term,track,14,4XTgFBxBHN6var1BzAgE1m,Jhol,,3scNK8e4mqnP6Rb8a3lwZY,7grtFo2pj5wwRTM7c6NI9y,265817,
2026-09-17,2026-09-17T10:49:13Z,long_term,track,15,0SCLsDJtC7DmOwks1tsszt,Romantic Homicide,,5y8tKLUfMvliMe8IKamR32,3rrrTOHiXGzuW4FP7t0O1A,132630,
2026-09-17,2026-09-17T10:49:13Z,long_term,track,16,7F2nEClWeQ3x5ycA5qtKOI,a million faces,,5pQD8yR8sjmxwgZfLnZzmT,49jPojLRuWp71LnK3Y3ClE,102068,
2026-09-17,2026-09-17T10:49:13Z,long_term,track,17,4sh8w9hWn04EWoCAeIRdQm,Freaks but Slowed Muffled Echo,,4LMTEaUZGbmDx1xcW08hmE,0bDhcvA7GKReXml1bVUSUa,176041,
2026-09-17,2026-09-17T10:49:13Z,long_term,track,18,37s1WRi8s1rZysbjvBGrEd,Divine Failure,,3IhhgswUBInj1W5gEz92T6,2Xz9bocL8qWYmMnS4jyzFY,151111,
2026-09-17,2026-09-17T10:49:13Z,long_term,track,19,5e0b9LgOfi3aJSKXFcOWRe,Beanie,,1EmdfupUQDpXOcb4Nj2mBH,3sgTZuoyovg4bR5iTgQoo3,132160,
2026-09-17,2026-09-17T10:49:13Z,long_term,track,20,3hB9lDLyAClYVZivMMl20N,Co2,,0tC995Rfn9k2l7nqgCZsV7,4WLh56ZjwINYBNhaxLvEhA,163653,
2026-09-17,2026-09-17T10:49:13Z,long_term,track,21,0JIMT9gzLIIz0esKLyjbKf,Telephones,,0U7iI0Dk4Ojvi17nZboNO4,3Ull45eHLzGXtElhKHFJ7C,212432,
2026-09-17,2026-09-17T10:49:13Z,long_term,track,22,69KUKhBqyGvtO1jtJwZEcv,Fainted,,3QZtwiUoyaXbl1JssMPIQ7,5TQu0bEFSLXXVqrGNIXyKM,249600,
2026-09-17,2026-09-17T10:49:13Z,long_term,track,23,3GUSidbQwd7xuvU6AQorRh,Keep on Loving You,,1QAJqy2dA3ihHBFIHRphZj,3gbJSNFlAe2CjqIjMOeMw1,233000,
2026-09-17,2026-09-17T10:49:13Z,long_term,track,24,5LrN7yUQAzvthd4QujgPFr,Here With Me,,5y8tKLUfMvliMe8IKamR32,3rrrTOHiXGzuW4FP7t0O1A,242484,
2026-09-17,2026-09-17T10:49:13Z,long_term,track,25,6RiiSy9GzSwiyDEJDiMuKe,Something About You,,3XxNRirzbjfLdDli06zMaB,0QB8JzlX70ame6G972aEF1,153312,
2026-09-17,2026-09-17T10:49:13Z,long_term,track,26,70tmdhbUPcVxIxCIpChscl,next to you,,0dgJbQ0bKPyUXco8hEXN7X,7dG0UKYNW0hOIr824ZvTYh,123750,
2026-09-17,2026-09-17T10:49:13Z,long_term,track,27,5E02BgqYNN9VzafXrYP6Np,Heavenly,,1QAJqy2dA3ihHBFIHRphZj,63yRRBtLX8eqbOLD6f0y9U,286773,
2026-09-17,2026-09-17T10:49:13Z,long_term,track,28,0DTSnA1bcVI5niJzoyBPyZ,Past Won't Leave My Bed,,3MZsBdqDrRTJihTHQrO6Dq,5JJpyK4SILx6UXJBiT1twN,166106,
2026-09-17,2026-09-17T10:49:13Z,long_term,track,29,2OrucC3HEPmZpkaQ05Nx0V,novocaine,,6hxcqtqpmf08pTDkffU5xx,1fm7CNqCCdnqOoxdb23VTs,195605,
2026-09-17,2026-09-17T10:49:13Z,long_term,track,30,2TQve4B4jpyUqvxDHzNZAu,Kokuten (Sasuke's Epic Theme from Naruto),,6ibMMTrcvRnEjaxi432r6o,5fIIBXeO9GlqxfTWidHOUt,132751,
2026-09-17,2026-09-17T10:49:13Z,long_term,track,31,0qPoQiQIhgyMaP7X78hxri,Akhiyaan Gulaab,,3iGhlvzpXc0UHBQ7klAItX,0KvWbswDD0ksvFayBl6gUz,171147,
2026-09-17,2026-09-17T10:49:13Z,long_term,track,32,0j3mqDTK4Z6lvrLzFCUUz6,Good Looking,,5GGJosGMs08YEmKTZJe1fL,78rO0EfpVs1RPfpxzF6kUz,214800,
2026-09-17,2026-09-17T10:49:13Z,long_term,track,33,5rK4GDNiHYC3NUPV3ME4J4,Has To Be,,4g3JG556dlxAQVKpqTbedB,3qK9D70gyPRhGGgNsvutpy,115744,
2026-09-17,2026-09-17T10:49:13Z,long_term,track,34,40iDbkPRNNpACrwoCuyRtk,Interlinked - Slowed,,4Bv8nfuBV3hv0yVXXgYozl,03HFE1r5ICujfATGcSkXCV,230000,
2026-09-17,2026-09-17T10:49:13Z,long_term,track,35,4UKjQODokAfEMaTgvTHbVX,Sila,,5mWQT8CLTa4mAQAJdFjHb1,6YqbrXnmuh8lxNEFeHNOcA,248413,
2026-09-17,2026-09-17T10:49:13Z,long_term,track,36,3hEfpBHxgieRLz4t3kLNEg,About You,,3mIj9lX2MWuHmhNCA7LSCW,0kvoCDiWdZ7eHPW7xvdg3z,326490,
2026-09-17,2026-09-17T10:49:13Z,long_term,track,37,6mHTwIXqZtuQUF1fEkrhFB,Tum,,6hIXwlI4wny3zYuB6cDBBk,4INFMJi3SwIEWixQjlMNig,258750,
2026-09-17,2026-09-17T10:49:13Z,long_term,track,38,6JB0h4leDJ4Akabtu42Epd,Tere Pyar Main,,6znPk9JRNmg6uyB6h8nJu3,1lCyYMOz15QK4vhcUxHxEW,302706,
2026-09-17,2026-09-17T10:49:13Z,long_term,track,39,75IQVo8hqI1iwVZyvkN2VT,Show Me How,,3zmfs9cQwzJl575W1ZYXeT,7mUYDBqNiddmKxuKrnBEKQ,215110,
2026-09-17,2026-09-17T10:49:13Z,long_term,track,40,3VJpl4jrFSqY3Y6mAzqfux,Har Baar,,6hIXwlI4wny3zYuB6cDBBk,1oRAxwfxb55WuW7KjSx5uw,250285,
2026-09-17,2026-09-17T10:49:13Z,long_term,track,41,3p4hRhMcb6ch8OLtATMaLw,Cry,,1QAJqy2dA3ihHBFIHRphZj,4uQ5kFmXQdCxz3WvM4UUzy,256799,
2026-09-17,2026-09-17T10:49:13Z,long_term,track,42,4t9vB7wIKWE5jIhjcztmmd,Iris,,06O23tLg0or676h8EEzH7W,3sy3jRg8KrsGYNAuHPQnqk,218384,
2026-09-17,2026-09-17T10:49:13Z,long_term,track,43,4ppTAJUbNXELZcoUaL90wo,Try Me,,1Xyo4u8uXC1ZmMpatF05PJ,4qZBW3f2Q8y0k1A84d4iAO,221106,
2026-09-17,2026-09-17T10:49:13Z,long_term,track,44,5TTGoX70AFrTvuEtqHK37S,No. 1 Party Anthem,,7Ln80lUS6He07XvHI8qqHH,78bpIziExqiI9qztvNFlQu,243131,
2026-09-17,2026-09-17T10:49:13Z,long_term,track,45,29KwH2LEjfWEtiC2jCrLVw,Amore mio aiutami - Main Theme,,2WPn0emjr8XPmMOT0bBcPe,5ekkoKz391PScKKZRCmgDF,234026,
2026-09-17,2026-09-17T10:49:13Z,long_term,track,46,6MRD4fDXBbqa0xodmaFk8Q,Everybody Wants To Rule The World - Sped Up Version,,4bthk9UfsYUYdcFyqxmSUU,1OCUxmIIq0Q1Mj3AFATzsI,183634,
2026-09-17,2026-09-17T10:49:13Z,long_term,track,47,4QzZVJc6qPTtTkPem7qZRo,The Lamp Is Low,,5PkDpzWMZR7Id1vldhF8Qk,2KZIJx4RtZ1seAa6pa6ugl,170790,
2026-09-17,2026-09-17T10:49:13Z,long_term,track,48,612zd3tyOwz52c7c67orZx,safe again,,5np27CiKTBMaIEPqTCrqBF,554ghCNlV34hilih8ujx3T,142237,
2026-09-17,2026-09-17T10:49:13Z,long_term,track,49,5ZP8LfM7TezqoxF9yp6VzX,Stop Waiting,,1QAJqy2dA3ihHBFIHRphZj,1altYQrIlTUBxLKPEkVxgh,362973,
2026-09-17,2026-09-17T10:49:13Z,long_term,track,50,1hlbywc8Jhl1FFqJxAMabE,Ishq,,05etL4pzWd6TSv1x5WrlG3,013jUXOfDFXnDMBetTdsiH,224842,
2026-09-17,2026-09-17T10:49:13Z,medium_term,artist,1,3MZsBdqDrRTJihTHQrO6Dq,Joji,,,,,562912
2026-09-17,2026-09-17T10:49:13Z,medium_term,artist,2,1Xyo4u8uXC1ZmMpatF05PJ,The Weeknd,,,,,14673869
2026-09-17,2026-09-17T10:49:13Z,medium_term,artist,3,6hIXwlI4wny3zYuB6cDBBk,Murtaza Qizilbash,,,,,
2026-09-17,2026-09-17T10:49:13Z,medium_term,artist,4,1QAJqy2dA3ihHBFIHRphZj,Cigarettes After Sex,,,,,900123
2026-09-17,2026-09-17T10:49:13Z,medium_term,artist,5,05etL4pzWd6TSv1x5WrlG3,Faheem Abdullah,,,,,1526
2026-09-17,2026-09-17T10:49:13Z,medium_term,artist,6,700c9Qz2z6HZKTumeliKAw,LONOWN,,,,,9933
2026-09-17,2026-09-17T10:49:13Z,medium_term,artist,7,47zz7sob9NUcODy0BTDvKx,Sade,,,,,1451755
2026-09-17,2026-09-17T10:49:13Z,medium_term,artist,8,5y8tKLUfMvliMe8IKamR32,d4vd,,,,,142030
2026-09-17,2026-09-17T10:49:13Z,medium_term,artist,9,6znPk9JRNmg6uyB6h8nJu3,Kaavish,,,,,
2026-09-17,2026-09-17T10:49:13Z,medium_term,artist,10,1cGyguqPQY22oUd4fKglFS,pxlse.,,,,,134
2026-09-17,2026-09-17T10:49:13Z,medium_term,artist,11,77SW9BnxLY8rJ0RciFqkHh,The Neighbourhood,,,,,171
2026-09-17,2026-09-17T10:49:13Z,medium_term,artist,12,3Sz7ZnJQBIHsXLUSo0OQtM,Mac DeMarco,,,,,559366
2026-09-17,2026-09-17T10:49:13Z,medium_term,artist,13,5INjqkS1o8h1imAzPqGZBb,Tame Impala,,,,,1134261
2026-09-17,2026-09-17T10:49:13Z,medium_term,artist,14,0klU31gyC6EZqKgLvVANCy,tomcbumpz,,,,,1078
2026-09-17,2026-09-17T10:49:13Z,medium_term,artist,15,5mWQT8CLTa4mAQAJdFjHb1,Abdul Hannan,,,,,849
2026-09-17,2026-09-17T10:49:13Z,medium_term,artist,16,7Ln80lUS6He07XvHI8qqHH,Arctic Monkeys,,,,,4956340
2026-09-17,2026-09-17T10:49:13Z,medium_term,artist,17,1wRPtKGflJrBx9BmLsSwlU,Pritam,,,,,71109
2026-09-17,2026-09-17T10:49:13Z,medium_term,artist,18,4Z8W4fKeB5YxbusRsdQVPb,Radiohead,,,,,508
2026-09-17,2026-09-17T10:49:13Z,medium_term,artist,19,0Y6dVaC9DZtPNH4591M42W,TV Girl,,,,,445012
2026-09-17,2026-09-17T10:49:13Z,medium_term,artist,20,5cj0lLjcoR7YOSnhnX0Po5,Doja Cat,,,,,38
2026-09-17,2026-09-17T10:49:13Z,medium_term,artist,21,2jku7tDXc6XoB6MO2hFuqg,Tory Lanez,,,,,764818
2026-09-17,2026-09-17T10:49:13Z,medium_term,artist,22,0wf0kncEWHLMGqYqXgZql8,Level Five,,,,,
2026-09-17,2026-09-17T10:49:13Z,medium_term,artist,23,4gdMJYnopf2nEUcanAwstx,Anuv Jain,,,,,4263
2026-09-17,2026-09-17T10:49:13Z,medium_term,artist,24,2h93pZq0e7k5yf4dywlkpM,Frank Ocean,,,,,1260874
2026-09-17,2026-09-17T10:49:13Z,medium_term,artist,25,60jYUgQzKAtnJoXKGk1GNn,Habib Wahid,,,,,
2026-09-17,2026-09-17T10:49:13Z,medium_term,artist,26,06eRdiCBgFUhiuFjei0eH2,Warfaze,,,,,
2026-09-17,2026-09-17T10:49:13Z,medium_term,artist,27,7tYKF4w9nC0nq9CsPZTHyP,SZA,,,,,1328164
2026-09-17,2026-09-17T10:49:13Z,medium_term,artist,28,17XXKfRBMCWvLrqGoNkJXm,Engelbert Humperdinck,,,,,46537
2026-09-17,2026-09-17T10:49:13Z,medium_term,artist,29,7lzordPuZEXxwt9aoVZYmG,Billy Idol,,,,,604998
2026-09-17,2026-09-17T10:49:13Z,medium_term,artist,30,3DeHMjvYP73Pycy8va8RKY,Arnob,,,,,
2026-09-17,2026-09-17T10:49:13Z,medium_term,artist,31,59oBQlP5xoa5cfPkonNNnT,Nafeesisboujee,,,,,6933
2026-09-17,2026-09-17T10:49:13Z,medium_term,artist,32,66CXWjxzNUsdJxJ2JdwvnR,Ariana Grande,,,,,13420271
2026-09-17,2026-09-17T10:49:13Z,medium_term,artist,33,5c7JjKTazKNQubk2GjgbJT,Arekta Rock Band,,,,,
2026-09-17,2026-09-17T10:49:13Z,medium_term,artist,34,78rUTD7y6Cy67W1RVzYs7t,PinkPantheress,,,,,237467
2026-09-17,2026-09-17T10:49:13Z,medium_term,artist,35,3mIj9lX2MWuHmhNCA7LSCW,The 1975,,,,,606647
2026-09-17,2026-09-17T10:49:13Z,medium_term,artist,36,2LbjW13j6rNtFgYcPjR2ur,.diedlonely,,,,,4224
2026-09-17,2026-09-17T10:49:13Z,medium_term,artist,37,00FQb4jTyendYWaN8pK0wa,Lana Del Rey,,,,,5801333
2026-09-17,2026-09-17T10:49:13Z,medium_term,artist,38,1AbJ2cmwK400LSvdvBL5Jc,Strawberry Guy,,,,,51189
2026-09-17,2026-09-17T10:49:13Z,medium_term,artist,39,4dpARuHxo51G3z768sgnrY,Adele,,,,,15467816
2026-09-17,2026-09-17T10:49:13Z,medium_term,artist,40,37LGjqM0je1KNrLRD3MZ47,Indalo,,,,,
2026-09-17,2026-09-17T10:49:13Z,medium_term,artist,41,0xRXCcSX89eobfrshSVdyu,MEDUZA,,,,,
2026-09-17,2026-09-17T10:49:13Z,medium_term,artist,42,2YZyLoL8N0Wb9xBt1NhZWg,Kendrick Lamar,,,,,6167418
2026-09-17,2026-09-17T10:49:13Z,medium_term,artist,43,5ThqNILsplOvwjj9kx0Hnt,Artcell,,,,,
2026-09-17,2026-09-17T10:49:13Z,medium_term,artist,44,3AA28KZvwAUcZuOKwyblJQ,Gorillaz,,,,,3014766
2026-09-17,2026-09-17T10:49:13Z,medium_term,artist,45,4yvcSjfu4PC0CYQyLy4wSq,Glass Animals,,,,,321997
2026-09-17,2026-09-17T10:49:13Z,medium_term,artist,46,0dgJbQ0bKPyUXco8hEXN7X,Øneheart,,,,,28777
2026-09-17,2026-09-17T10:49:13Z,medium_term,artist,47,2ElQWsoSpwUhYFFdFuHqse,Lorenzo Ferrara,,,,,
2026-09-17,2026-09-17T10:49:13Z,medium_term,artist,48,3ctnkEZGtVBTxS7IMin8nC,Instupendo,,,,,4624
2026-09-17,2026-09-17T10:49:13Z,medium_term,artist,49,3TVXtAsR1Inumwj472S9r4,Drake,,,,,24078532
2026-09-17,2026-09-17T10:49:13Z,medium_term,artist,50,4KRllJ2dEeoqvxOQLOgOsI,VØJ,,,,,12053
2026-09-17,2026-09-17T10:49:13Z,medium_term,track,1,0X4YYZtZcvqNqYIpMd93IT,i was only temporary,,7pxIYxdkx2675ZGKSAPBAy,24tfAQTRqLfKw5bFjMhc4m,98621,
2026-09-17,2026-09-17T10:49:13Z,medium_term,track,2,2mlNgAeIBnL78ZriXgrRHz,Glimpse of Us,,3MZsBdqDrRTJihTHQrO6Dq,39VuC5rYQHAnR6xQwm1WDk,233453,
2026-09-17,2026-09-17T10:49:13Z,medium_term,track,3,1uvn7eP1I7mIKGvpsqDcoW,bipolar,,2LbjW13j6rNtFgYcPjR2ur,5MOmkgxIJLtmoapI60uK6A,132418,
2026-09-17,2026-09-17T10:49:13Z,medium_term,track,4,2PpYJcgJN6PzozUv7rU669,stellar,,2LbjW13j6rNtFgYcPjR2ur,4gF0aKdd26DsLMbDcLdJdc,99672,
2026-09-17,2026-09-17T10:49:13Z,medium_term,track,5,6rY5FAWxCdAGllYEOZMbjW,SLOW DANCING IN THE DARK,,3MZsBdqDrRTJihTHQrO6Dq,5mIImcsuqpiSXg8XvFr81I,209273,
2026-09-17,2026-09-17T10:49:13Z,medium_term,track,6,3J44gxX4AcRApFyympWPIB,Past Won't Leave My Bed,,3MZsBdqDrRTJihTHQrO6Dq,7MLyEn1CPizpS8bjZ7zzrT,166106,
2026-09-17,2026-09-17T10:49:13Z,medium_term,track,7,4UKjQODokAfEMaTgvTHbVX,Sila,,5mWQT8CLTa4mAQAJdFjHb1,6YqbrXnmuh8lxNEFeHNOcA,248413,
2026-09-17,2026-09-17T10:49:13Z,medium_term,track,8,1XTijOjVgekZjRXwgJ2VSE,Bhool,,6hIXwlI4wny3zYuB6cDBBk,4MIPkmbrYvZqLdzLwaQRF9,244800,
2026-09-17,2026-09-17T10:49:13Z,medium_term,track,9,3VJpl4jrFSqY3Y6mAzqfux,Har Baar,,6hIXwlI4wny3zYuB6cDBBk,1oRAxwfxb55WuW7KjSx5uw,250285,
2026-09-17,2026-09-17T10:49:13Z,medium_term,track,10,2TQve4B4jpyUqvxDHzNZAu,Kokuten (Sasuke's Epic Theme from Naruto),,6ibMMTrcvRnEjaxi432r6o,5fIIBXeO9GlqxfTWidHOUt,132751,
2026-09-17,2026-09-17T10:49:13Z,medium_term,track,11,3p4hRhMcb6ch8OLtATMaLw,Cry,,1QAJqy2dA3ihHBFIHRphZj,4uQ5kFmXQdCxz3WvM4UUzy,256799,
2026-09-17,2026-09-17T10:49:13Z,medium_term,track,12,1hlbywc8Jhl1FFqJxAMabE,Ishq,,05etL4pzWd6TSv1x5WrlG3,013jUXOfDFXnDMBetTdsiH,224842,
2026-09-17,2026-09-17T10:49:13Z,medium_term,track,13,5rK4GDNiHYC3NUPV3ME4J4,Has To Be,,4g3JG556dlxAQVKpqTbedB,3qK9D70gyPRhGGgNsvutpy,115744,
2026-09-17,2026-09-17T10:49:13Z,medium_term,track,14,65krtHkaYLPr0mEbjL61UP,Kiss of Life,,47zz7sob9NUcODy0BTDvKx,3uSWaQxJAdm5MWKQkQJNoK,251333,
2026-09-17,2026-09-17T10:49:13Z,medium_term,track,15,00WLowvlN5cjkYpQV6pjo4,Die For You,,3MZsBdqDrRTJihTHQrO6Dq,39VuC5rYQHAnR6xQwm1WDk,211666,
2026-09-17,2026-09-17T10:49:13Z,medium_term,track,16,0oUBuOO4g9P4lREqfqR5nq,A Man Without Love,,17XXKfRBMCWvLrqGoNkJXm,2zQM1HOK5OnDGF1SSWExnE,203133,
2026-09-17,2026-09-17T10:49:13Z,medium_term,track,17,3iy2QuCtCzpWnR6tia39AB,hate that i made you love me,,66CXWjxzNUsdJxJ2JdwvnR,2k4FmEtXR0WiDW0Ac2QArT,197949,
2026-09-17,2026-09-17T10:49:13Z,medium_term,track,18,4eFV1LfWlYCVJnPTuSo3db,LOVE YOU LESS,,3MZsBdqDrRTJihTHQrO6Dq,7MLyEn1CPizpS8bjZ7zzrT,201186,
2026-09-17,2026-09-17T10:49:13Z,medium_term,track,19,06E5KyqnDTueEbdT22FFvM,School Rooftop,,72y6MZHIPEyS64ACSCtIq6,3ZoCHr39oKNBUHTykhkMpx,167967,
2026-09-17,2026-09-17T10:49:13Z,medium_term,track,20,70YTBH8vOGJNMhy6186yFm,Heavenly,,1QAJqy2dA3ihHBFIHRphZj,4uQ5kFmXQdCxz3WvM4UUzy,286773,
2026-09-17,2026-09-17T10:49:13Z,medium_term,track,21,0FVuyC9RP5MACjp4lgU3qZ,I'm God,,5vSQUyT33qxr1xAX2Tkf3A,66eXLlqksAwNndmHaHWtCq,277710,
2026-09-17,2026-09-17T10:49:13Z,medium_term,track,22,0H9rWqCXi7gv6kDO3N98ZU,Khwaab,,05etL4pzWd6TSv1x5WrlG3,013jUXOfDFXnDMBetTdsiH,325806,
2026-09-17,2026-09-17T10:49:13Z,medium_term,track,23,0pUVeEgZuNyFzIMKp67RbS,Eyes Without A Face,,7lzordPuZEXxwt9aoVZYmG,2FZNWUmgRoP8uJZBaHJdfj,299240,
2026-09-17,2026-09-17T10:49:13Z,medium_term,track,24,0JIMT9gzLIIz0esKLyjbKf,Telephones,,0U7iI0Dk4Ojvi17nZboNO4,3Ull45eHLzGXtElhKHFJ7C,212432,
2026-09-17,2026-09-17T10:49:13Z,medium_term,track,25,7mrrszs7ZOPEsJhg0q8jvD,Tairay Naam,,6znPk9JRNmg6uyB6h8nJu3,6MXb1UT4rEqv1ZrUodbMUk,328421,
2026-09-17,2026-09-17T10:49:13Z,medium_term,track,26,2xql0pid3EUwW38AsywxhV,Reflections,,77SW9BnxLY8rJ0RciFqkHh,0ODLCdHBFVvKwJGeSfd1jy,244013,
2026-09-17,2026-09-17T10:49:13Z,medium_term,track,27,1GDJhAiO9tqjMuDWFad0IF,Woh,,6hIXwlI4wny3zYuB6cDBBk,2tbamcNG4xK0jKrd1lSzXX,237672,
2026-09-17,2026-09-17T10:49:13Z,medium_term,track,28,42D9aaKTLw47faFhRCQfHF,Blah Blah,,3MZsBdqDrRTJihTHQrO6Dq,5xiwCNC26RvgfwElNmIJoL,161653,
2026-09-17,2026-09-17T10:49:13Z,medium_term,track,29,030OypEGdW6Nvo1KDWa0Bt,Catch a Feeling,,2Glf84Z4MUxfquLMdTjd1G,2QquxK1oqBz5jrF6uBV0Zc,127000,
2026-09-17,2026-09-17T10:49:13Z,medium_term,track,30,6CKoWCWAqEVWVjpeoJXyNH,Shape Of My Heart,,0Ty63ceoRnnJKVEYP0VQpk,5kV0KBXfELibs6qQJLmOtg,279226,
2026-09-17,2026-09-17T10:49:13Z,medium_term,track,31,0bxRSMz5WY1VuMmOhanE4b,Baptized In Fear,,1Xyo4u8uXC1ZmMpatF05PJ,6iyZdOoujtOwiThdAUI8TM,232176,
2026-09-17,2026-09-17T10:49:13Z,medium_term,track,32,7oNZfE9wnu7SP55LwNSiKG,Hum,,6hIXwlI4wny3zYuB6cDBBk,7idG3a5Nmotd02hA6ifD0f,275076,
2026-09-17,2026-09-17T10:49:13Z,medium_term,track,33,1gVN2TuTQh2g9LE1wi6FTY,Girei,,2ElQWsoSpwUhYFFdFuHqse,5FLwqfngn0X753dUDkF9tt,130421,
2026-09-17,2026-09-17T10:49:13Z,medium_term,track,34,7npPPrZEDmeHMk6mxvIeFa,My Jinji,,7BqRcZsHYYQeqMAOp7e532,24eFuwfHPWbuRMrMevqe0Q,400560,
2026-09-17,2026-09-17T10:49:13Z,medium_term,track,35,4BGfzLrK6lgvKDjKSU7wrN,Sajde,,05etL4pzWd6TSv1x5WrlG3,013jUXOfDFXnDMBetTdsiH,460833,
2026-09-17,2026-09-17T10:49:13Z,medium_term,track,36,5Z8Dj3LtbyCMiwE86rhg2f,Marea (we’ve lost dancing),,4oLeXFyACqeem2VImYeBFe,6o86bV7TAt5x4exc2qLDqC,285375,
2026-09-17,2026-09-17T10:49:13Z,medium_term,track,37,2hsaWsa0VNx1ug3uotwMvP,Saika,,4sakRwIaBDdtw8qZ8NNwsc,6D02yHQQhXyJ02mVYZxFlL,150525,
2026-09-17,2026-09-17T10:49:13Z,medium_term,track,38,7LvHieZe4yPYpDRF0OPCmk,Ekanto Golaap,,37LGjqM0je1KNrLRD3MZ47,16PdkicE350PBwzKQAHmkw,257661,
2026-09-17,2026-09-17T10:49:13Z,medium_term,track,39,7JEzAlwHhCD2M1cYE6BeqJ,Loving Machine,,0Y6dVaC9DZtPNH4591M42W,4oL7pMxnb04uuRI7ReXmuh,227000,
2026-09-17,2026-09-17T10:49:13Z,medium_term,track,40,16zzrcKYGDkaGNeSjIMa6O,through - 2022 Remastered,,47mrO8UvhD1Qt6iAIy4fCO,6ZqKaHYpWb1TARqE3oUU2G,347636,
2026-09-17,2026-09-17T10:49:13Z,medium_term,track,41,6mHTwIXqZtuQUF1fEkrhFB,Tum,,6hIXwlI4wny3zYuB6cDBBk,4INFMJi3SwIEWixQjlMNig,258750,
2026-09-17,2026-09-17T10:49:13Z,medium_term,track,42,4Bsf8Pzli5MQv9zLF9KXqc,Unakkul Naane,,29aw5YCdIw2FEXYyAJZI8l,1MrwFWLghGgpbpJ0iekIhK,127850,
2026-09-17,2026-09-17T10:49:13Z,medium_term,track,43,0WiMJIxYYEex2AqhRqzV3u,For the First Time,,3Sz7ZnJQBIHsXLUSo0OQtM,0NEyPH2WTU7NAPxebB7z4g,182306,
2026-09-17,2026-09-17T10:49:13Z,medium_term,track,44,5hjhaH0vwtpftiLtF3veZp,Ophelia,,78rUTD7y6Cy67W1RVzYs7t,2pOEFqvfxp5uUQ8vQEmVA0,155093,
2026-09-17,2026-09-17T10:49:13Z,medium_term,track,45,1KIJclzEbNhSVw8tiHPWwE,Young,,0U7iI0Dk4Ojvi17nZboNO4,54lNPJ6xq2QXwG6jLEIf6C,189160,
2026-09-17,2026-09-17T10:49:13Z,medium_term,track,46,6JB0h4leDJ4Akabtu42Epd,Tere Pyar Main,,6znPk9JRNmg6uyB6h8nJu3,1lCyYMOz15QK4vhcUxHxEW,302706,
2026-09-17,2026-09-17T10:49:13Z,medium_term,track,47,2TUFKhKl4EZYAo3D9FXU5E,Pieces,,5oJvmyeWzyeahRtjup3Oys,3Ab4BR06hO8qx1NCZ1seog,195030,
2026-09-17,2026-09-17T10:49:13Z,medium_term,track,48,1uvyZBs4IZYRebHIB1747m,Purple Rain,,5a2EaR3hamoenG9rDuVn8j,2umoqwMrmjBBPeaqgYu6J9,521866,
2026-09-17,2026-09-17T10:49:13Z,medium_term,track,49,3AWDeHLc88XogCaCnZQLVI,Cry For Me,,1Xyo4u8uXC1ZmMpatF05PJ,3OxfaVgvTxUTy7276t7SPU,224136,
2026-09-17,2026-09-17T10:49:13Z,medium_term,track,50,0luw44Of3IgnW2CHRnW2f7,resonance - midwest emo version,,1kgoGhvV1nEGVHFhY4VbcH,6g9DYxJ90dd6rlZD5q9z2c,219024,
2026-09-17,2026-09-17T10:49:13Z,short_term,artist,1,1Xyo4u8uXC1ZmMpatF05PJ,The Weeknd,,,,,14673869
2026-09-17,2026-09-17T10:49:13Z,short_term,artist,2,6hIXwlI4wny3zYuB6cDBBk,Murtaza Qizilbash,,,,,
2026-09-17,2026-09-17T10:49:13Z,short_term,artist,3,77SW9BnxLY8rJ0RciFqkHh,The Neighbourhood,,,,,171
2026-09-17,2026-09-17T10:49:13Z,short_term,artist,4,3MZsBdqDrRTJihTHQrO6Dq,Joji,,,,,562912
2026-09-17,2026-09-17T10:49:13Z,short_term,artist,5,1QAJqy2dA3ihHBFIHRphZj,Cigarettes After Sex,,,,,900123
2026-09-17,2026-09-17T10:49:13Z,short_term,artist,6,47zz7sob9NUcODy0BTDvKx,Sade,,,,,1451755
2026-09-17,2026-09-17T10:49:13Z,short_term,artist,7,6znPk9JRNmg6uyB6h8nJu3,Kaavish,,,,,
2026-09-17,2026-09-17T10:49:13Z,short_term,artist,8,5INjqkS1o8h1imAzPqGZBb,Tame Impala,,,,,1134261
2026-09-17,2026-09-17T10:49:13Z,short_term,artist,9,5mWQT8CLTa4mAQAJdFjHb1,Abdul Hannan,,,,,849
2026-09-17,2026-09-17T10:49:13Z,short_term,artist,10,1wRPtKGflJrBx9BmLsSwlU,Pritam,,,,,71109
2026-09-17,2026-09-17T10:49:13Z,short_term,artist,11,2h93pZq0e7k5yf4dywlkpM,Frank Ocean,,,,,1260874
2026-09-17,2026-09-17T10:49:13Z,short_term,artist,12,5c7JjKTazKNQubk2GjgbJT,Arekta Rock Band,,,,,
2026-09-17,2026-09-17T10:49:13Z,short_term,artist,13,37LGjqM0je1KNrLRD3MZ47,Indalo,,,,,
2026-09-17,2026-09-17T10:49:13Z,short_term,artist,14,00FQb4jTyendYWaN8pK0wa,Lana Del Rey,,,,,5801333
2026-09-17,2026-09-17T10:49:13Z,short_term,artist,15,0xRXCcSX89eobfrshSVdyu,MEDUZA,,,,,
2026-09-17,2026-09-17T10:49:13Z,short_term,artist,16,2jku7tDXc6XoB6MO2hFuqg,Tory Lanez,,,,,764818
2026-09-17,2026-09-17T10:49:13Z,short_term,artist,17,05etL4pzWd6TSv1x5WrlG3,Faheem Abdullah,,,,,1526
2026-09-17,2026-09-17T10:49:13Z,short_term,artist,18,4gdMJYnopf2nEUcanAwstx,Anuv Jain,,,,,4263
2026-09-17,2026-09-17T10:49:13Z,short_term,artist,19,3Sz7ZnJQBIHsXLUSo0OQtM,Mac DeMarco,,,,,559366
2026-09-17,2026-09-17T10:49:13Z,short_term,artist,20,7tYKF4w9nC0nq9CsPZTHyP,SZA,,,,,1328164
2026-09-17,2026-09-17T10:49:13Z,short_term,artist,21,0Y6dVaC9DZtPNH4591M42W,TV Girl,,,,,445012
2026-09-17,2026-09-17T10:49:13Z,short_term,artist,22,0wf0kncEWHLMGqYqXgZql8,Level Five,,,,,
2026-09-17,2026-09-17T10:49:13Z,short_term,artist,23,0WBg7b6KiPmfh7lI5vbFKC,Meghdol,,,,,
2026-09-17,2026-09-17T10:49:13Z,short_term,artist,24,2YZyLoL8N0Wb9xBt1NhZWg,Kendrick Lamar,,,,,6167418
2026-09-17,2026-09-17T10:49:13Z,short_term,artist,25,7Ln80lUS6He07XvHI8qqHH,Arctic Monkeys,,,,,4956340
2026-09-17,2026-09-17T10:49:13Z,short_term,artist,26,7fhlWsdi6oTTxj8d3uYIAn,Kaaktaal,,,,,
2026-09-17,2026-09-17T10:49:13Z,short_term,artist,27,5io6IfbYy6t9IBtzYdOwN9,Balam,,,,,
2026-09-17,2026-09-17T10:49:13Z,short_term,artist,28,1AbJ2cmwK400LSvdvBL5Jc,Strawberry Guy,,,,,51189
2026-09-17,2026-09-17T10:49:13Z,short_term,artist,29,66CXWjxzNUsdJxJ2JdwvnR,Ariana Grande,,,,,13420271
2026-09-17,2026-09-17T10:49:13Z,short_term,artist,30,6IRouO5mvvfcyxtPDKMYFN,Foreigner,,,,,242955
2026-09-17,2026-09-17T10:49:13Z,short_term,artist,31,6LEG9Ld1aLImEFEVHdWNSB,AP Dhillon,,,,,28528
2026-09-17,2026-09-17T10:49:13Z,short_term,artist,32,700c9Qz2z6HZKTumeliKAw,LONOWN,,,,,9933
2026-09-17,2026-09-17T10:49:13Z,short_term,artist,33,0dgJbQ0bKPyUXco8hEXN7X,Øneheart,,,,,28777
2026-09-17,2026-09-17T10:49:13Z,short_term,artist,34,0qjWYusrckF9BpkvWaoKRO,Cozy Coffee Shop,,,,,
2026-09-17,2026-09-17T10:49:13Z,short_term,artist,35,1fa0cOhromAZdq2xRA4vv8,Simply Red,,,,,928555
2026-09-17,2026-09-17T10:49:13Z,short_term,artist,36,1mYsTxnqsietFxj1OgoGbG,A.R. Rahman,,,,,6381
2026-09-17,2026-09-17T10:49:13Z,short_term,artist,37,2oSONSC9zQ4UonDKnLqksx,Atif Aslam,,,,,221118
2026-09-17,2026-09-17T10:49:13Z,short_term,artist,38,3DeHMjvYP73Pycy8va8RKY,Arnob,,,,,
2026-09-17,2026-09-17T10:49:13Z,short_term,artist,39,3mIj9lX2MWuHmhNCA7LSCW,The 1975,,,,,606647
2026-09-17,2026-09-17T10:49:13Z,short_term,artist,40,465OXuCU8YZNmVG1leLwQ9,Shashwat Sachdev,,,,,440
2026-09-17,2026-09-17T10:49:13Z,short_term,artist,41,4gzpq5DPGxSnKTe4SA8HAU,Coldplay,,,,,18381342
2026-09-17,2026-09-17T10:49:13Z,short_term,artist,42,6XwwFnewNgWp81MYMK8zLq,Edward Maya,,,,,173241
2026-09-17,2026-09-17T10:49:13Z,short_term,artist,43,7CajNmpbOovFoOoasH2HaY,Calvin Harris,,,,,12321788
2026-09-17,2026-09-17T10:49:13Z,short_term,artist,44,0SPHOEwCSzS2yrC6S24usM,Warm Blanket,,,,,
2026-09-17,2026-09-17T10:49:13Z,short_term,artist,45,3hWCBAZoHjCoAXPjejhCwr,Cozy Wood,,,,,
2026-09-17,2026-09-17T10:49:13Z,short_term,artist,46,703kRYCTy8bqt8iWhJrBX8,Chien Do,,,,,
2026-09-17,2026-09-17T10:49:13Z,short_term,artist,47,0eJZnvOfks7OleQxORVuF7,Cozy Room,,,,,
2026-09-17,2026-09-17T10:49:13Z,short_term,artist,48,2b9qemp1Y8NuEbY4RMYHY1,Jazzy Coffee,,,,,
2026-09-17,2026-09-17T10:49:13Z,short_term,artist,49,462hgoSSVau039BHOvX1sk,Cozy Bedroom,,,,,
2026-09-17,2026-09-17T10:49:13Z,short_term,artist,50,0U7iI0Dk4Ojvi17nZboNO4,Vacations,,,,,82714
2026-09-17,2026-09-17T10:49:13Z,short_term,track,1,0bxRSMz5WY1VuMmOhanE4b,Baptized In Fear,,1Xyo4u8uXC1ZmMpatF05PJ,6iyZdOoujtOwiThdAUI8TM,232176,
2026-09-17,2026-09-17T10:49:13Z,short_term,track,2,4UKjQODokAfEMaTgvTHbVX,Sila,,5mWQT8CLTa4mAQAJdFjHb1,6YqbrXnmuh8lxNEFeHNOcA,248413,
2026-09-17,2026-09-17T10:49:13Z,short_term,track,3,6CKoWCWAqEVWVjpeoJXyNH,Shape Of My Heart,,0Ty63ceoRnnJKVEYP0VQpk,5kV0KBXfELibs6qQJLmOtg,279226,
2026-09-17,2026-09-17T10:49:13Z,short_term,track,4,3VJpl4jrFSqY3Y6mAzqfux,Har Baar,,6hIXwlI4wny3zYuB6cDBBk,1oRAxwfxb55WuW7KjSx5uw,250285,
2026-09-17,2026-09-17T10:49:13Z,short_term,track,5,7LvHieZe4yPYpDRF0OPCmk,Ekanto Golaap,,37LGjqM0je1KNrLRD3MZ47,16PdkicE350PBwzKQAHmkw,257661,
2026-09-17,2026-09-17T10:49:13Z,short_term,track,6,1i5oEx2vFczQ2sCY3c6Kn5,Love Hurts,,6fvN9GmMCVKb5LY0WsnjFP,5Zwyrn62m3Pyc0nvRa9CHF,233133,
2026-09-17,2026-09-17T10:49:13Z,short_term,track,7,1uvyZBs4IZYRebHIB1747m,Purple Rain,,5a2EaR3hamoenG9rDuVn8j,2umoqwMrmjBBPeaqgYu6J9,521866,
2026-09-17,2026-09-17T10:49:13Z,short_term,track,8,1XTijOjVgekZjRXwgJ2VSE,Bhool,,6hIXwlI4wny3zYuB6cDBBk,4MIPkmbrYvZqLdzLwaQRF9,244800,
2026-09-17,2026-09-17T10:49:13Z,short_term,track,9,5hc71nKsUgtwQ3z52KEKQk,Somebody Else,,3mIj9lX2MWuHmhNCA7LSCW,1JFmNyVPdBF1ECvv4fhpW4,347520,
2026-09-17,2026-09-17T10:49:13Z,short_term,track,10,2TQve4B4jpyUqvxDHzNZAu,Kokuten (Sasuke's Epic Theme from Naruto),,6ibMMTrcvRnEjaxi432r6o,5fIIBXeO9GlqxfTWidHOUt,132751,
2026-09-17,2026-09-17T10:49:13Z,short_term,track,11,2v0AG62ZHtD3I4YmTb3WYM,Niagara Falls,,1Xyo4u8uXC1ZmMpatF05PJ,3OxfaVgvTxUTy7276t7SPU,277274,
2026-09-17,2026-09-17T10:49:13Z,short_term,track,12,1uvn7eP1I7mIKGvpsqDcoW,bipolar,,2LbjW13j6rNtFgYcPjR2ur,5MOmkgxIJLtmoapI60uK6A,132418,
2026-09-17,2026-09-17T10:49:13Z,short_term,track,13,40gvh6jP5qxMJuMmF9lG9A,Baby Came Home 2 / Valentines,,77SW9BnxLY8rJ0RciFqkHh,18iFxjZugvKhuNNMbLjZJF,390502,
2026-09-17,2026-09-17T10:49:13Z,short_term,track,14,7oNZfE9wnu7SP55LwNSiKG,Hum,,6hIXwlI4wny3zYuB6cDBBk,7idG3a5Nmotd02hA6ifD0f,275076,
2026-09-17,2026-09-17T10:49:13Z,short_term,track,15,0stJVUUSrbEwyFHOp2dRu0,Open Hearts,,1Xyo4u8uXC1ZmMpatF05PJ,6iyZdOoujtOwiThdAUI8TM,234923,
2026-09-17,2026-09-17T10:49:13Z,short_term,track,16,1GDJhAiO9tqjMuDWFad0IF,Woh,,6hIXwlI4wny3zYuB6cDBBk,2tbamcNG4xK0jKrd1lSzXX,237672,
2026-09-17,2026-09-17T10:49:13Z,short_term,track,17,2Y04ZSRKADiBdKHLaF1RtG,Abar Dekha Holey - Karagarer Version,,7fhlWsdi6oTTxj8d3uYIAn,1wMFZJbHN2DdTqos4EnDMw,366360,
2026-09-17,2026-09-17T10:49:13Z,short_term,track,18,70YTBH8vOGJNMhy6186yFm,Heavenly,,1QAJqy2dA3ihHBFIHRphZj,4uQ5kFmXQdCxz3WvM4UUzy,286773,
2026-09-17,2026-09-17T10:49:13Z,short_term,track,19,2y8mkajKikV5S1PRCMQ5WL,KALYANI (with Shreya Ghoshal) - Remix,,5j2JTk8JqepIgv1zxYOuIi,7JIw6me0sSXfs4nGwNaTHw,269387,
2026-09-17,2026-09-17T10:49:13Z,short_term,track,20,6JB0h4leDJ4Akabtu42Epd,Tere Pyar Main,,6znPk9JRNmg6uyB6h8nJu3,1lCyYMOz15QK4vhcUxHxEW,302706,
2026-09-17,2026-09-17T10:49:13Z,short_term,track,21,65krtHkaYLPr0mEbjL61UP,Kiss of Life,,47zz7sob9NUcODy0BTDvKx,3uSWaQxJAdm5MWKQkQJNoK,251333,
2026-09-17,2026-09-17T10:49:13Z,short_term,track,22,1Snko28yJOihcRVXs9dAo9,Chamber Of Reflection,,3Sz7ZnJQBIHsXLUSo0OQtM,2r63qjVnXyfTc2eJRSptxS,231723,
2026-09-17,2026-09-17T10:49:13Z,short_term,track,23,6ux2llhjAuhSLggEaBoaLY,i think i'm addicted,,28ntgpEkMU9Zm7F3gLDMhZ,6Kx70JcyksQYEnP69i8Idj,158520,
2026-09-17,2026-09-17T10:49:13Z,short_term,track,24,0ZGfGStyu8s02fzpmmOF2l,Pyaar Mein,,6hIXwlI4wny3zYuB6cDBBk,73LzbMdjxsCA3ItV7KtHYo,216000,
2026-09-17,2026-09-17T10:49:13Z,short_term,track,25,1FzbOPWCZiNxnLjAhY1jAR,In And Out Of Love,,0SfsnGyD8FpIN4U4WCkBZ5,07UKYOTXfIdPwnL7iO0lJB,181680,
2026-09-17,2026-09-17T10:49:13Z,short_term,track,26,6rY5FAWxCdAGllYEOZMbjW,SLOW DANCING IN THE DARK,,3MZsBdqDrRTJihTHQrO6Dq,5mIImcsuqpiSXg8XvFr81I,209273,
2026-09-17,2026-09-17T10:49:13Z,short_term,track,27,0WiMJIxYYEex2AqhRqzV3u,For the First Time,,3Sz7ZnJQBIHsXLUSo0OQtM,0NEyPH2WTU7NAPxebB7z4g,182306,
2026-09-17,2026-09-17T10:49:13Z,short_term,track,28,0JIMT9gzLIIz0esKLyjbKf,Telephones,,0U7iI0Dk4Ojvi17nZboNO4,3Ull45eHLzGXtElhKHFJ7C,212432,
2026-09-17,2026-09-17T10:49:13Z,short_term,track,29,2PpYJcgJN6PzozUv7rU669,stellar,,2LbjW13j6rNtFgYcPjR2ur,4gF0aKdd26DsLMbDcLdJdc,99672,
2026-09-17,2026-09-17T10:49:13Z,short_term,track,30,3jv9Mt5gKA8rwXoELAfKex,Beparwah,,6hIXwlI4wny3zYuB6cDBBk,2xMxW7Z8ij0xc41wExsXGE,193157,
2026-09-17,2026-09-17T10:49:13Z,short_term,track,31,3AWDeHLc88XogCaCnZQLVI,Cry For Me,,1Xyo4u8uXC1ZmMpatF05PJ,3OxfaVgvTxUTy7276t7SPU,224136,
2026-09-17,2026-09-17T10:49:13Z,short_term,track,32,4Fv6wNYUixnYkj3Dgfrls8,Tumblr Girls (feat. Christoph Andersson),,02kJSzxNuaWGqwubyUba0Z,6wDc63NhKy2PyXdbhkRmrl,255680,
2026-09-17,2026-09-17T10:49:13Z,short_term,track,33,07SnvbvFJ1jUzpoBp9N4Cc,addiction - Slowed,,700c9Qz2z6HZKTumeliKAw,4JBvjA0JHPfG0RUWA3tIue,233480,
2026-09-17,2026-09-17T10:49:13Z,short_term,track,34,5LmvjYl6SZsea5QGdm4aN7,Nightdriver,,3qskfyIRwZtp6uIfj6OFcL,7EjeqIsIVy3DpV8LY5TJvE,276610,
2026-09-17,2026-09-17T10:49:13Z,short_term,track,35,6sKxXqDGkKROr3Z3Na32nv,Stereo Love (Radio Edit),,6XwwFnewNgWp81MYMK8zLq,1Xr0RdpL9S72ior2FCgH6y,184015,
2026-09-17,2026-09-17T10:49:13Z,short_term,track,36,6mHTwIXqZtuQUF1fEkrhFB,Tum,,6hIXwlI4wny3zYuB6cDBBk,4INFMJi3SwIEWixQjlMNig,258750,
2026-09-17,2026-09-17T10:49:13Z,short_term,track,37,5rK4GDNiHYC3NUPV3ME4J4,Has To Be,,4g3JG556dlxAQVKpqTbedB,3qK9D70gyPRhGGgNsvutpy,115744,
2026-09-17,2026-09-17T10:49:13Z,short_term,track,38,4LxDdYU3x9tyDxy3CghqdC,Sunrise,,1fa0cOhromAZdq2xRA4vv8,7b9Yl2gyEMKlDY97pcBPGd,199040,
2026-09-17,2026-09-17T10:49:13Z,short_term,track,39,4cYllEeJVH7dWKwQxpbk42,The Abyss (feat. Lana Del Rey),,1Xyo4u8uXC1ZmMpatF05PJ,6iyZdOoujtOwiThdAUI8TM,282873,
2026-09-17,2026-09-17T10:49:13Z,short_term,track,40,4oahRRZECfGud6eL7Lj7CO,Opening Night,,1Xyo4u8uXC1ZmMpatF05PJ,6iyZdOoujtOwiThdAUI8TM,96024,
2026-09-17,2026-09-17T10:49:13Z,short_term,track,41,4ppTAJUbNXELZcoUaL90wo,Try Me,,1Xyo4u8uXC1ZmMpatF05PJ,4qZBW3f2Q8y0k1A84d4iAO,221106,
2026-09-17,2026-09-17T10:49:13Z,short_term,track,42,0bOU1vG7BIgTRwqe1F44lR,Maya,,1zNTZaTb1hfkZCynCw6kUq,6hacmZUSczCdE8VJPRFZvq,244500,
2026-09-17,2026-09-17T10:49:13Z,short_term,track,43,5QO79kh1waicV47BqGRL3g,Save Your Tears,,1Xyo4u8uXC1ZmMpatF05PJ,4yP0hdKOZPNshxUOjY0cZj,215626,
2026-09-17,2026-09-17T10:49:13Z,short_term,track,44,00WLowvlN5cjkYpQV6pjo4,Die For You,,3MZsBdqDrRTJihTHQrO6Dq,39VuC5rYQHAnR6xQwm1WDk,211666,
2026-09-17,2026-09-17T10:49:13Z,short_term,track,45,1oAwsWBovWRIp7qLMGPIet,Apocalypse,,1QAJqy2dA3ihHBFIHRphZj,5chTLnnxlxQVAgEv6YbEBe,290146,
2026-09-17,2026-09-17T10:49:13Z,short_term,track,46,7bxaFZ1O3cHkgLKMsdC3xR,Loser,,5INjqkS1o8h1imAzPqGZBb,5WulAOx9ilWy1h8UGZ1gkI,223069,
2026-09-17,2026-09-17T10:49:13Z,short_term,track,47,1CyEFdvmN9PgMyrDLhKpzk,Things Change,,1kwRrQDCpXpVliMDntpxCt,4FpZTodkc6jTcjhO2j2sHr,272023,
2026-09-17,2026-09-17T10:49:13Z,short_term,track,48,1eyzqe2QqGZUmfcPZtrIyt,Midnight City,,63MQldklfxkjYDoUE4Tppz,6R0ynY7RF20ofs9GJR5TXR,241440,
2026-09-17,2026-09-17T10:49:13Z,short_term,track,49,1hlbywc8Jhl1FFqJxAMabE,Ishq,,05etL4pzWd6TSv1x5WrlG3,013jUXOfDFXnDMBetTdsiH,224842,
2026-09-17,2026-09-17T10:49:13Z,short_term,track,50,3iy2QuCtCzpWnR6tia39AB,hate that i made you love me,,66CXWjxzNUsdJxJ2JdwvnR,2k4FmEtXR0WiDW0Ac2QArT,197949,
2026-09-18,2026-09-18T10:24:42Z,long_term,artist,1,1QAJqy2dA3ihHBFIHRphZj,Cigarettes After Sex,,,,,900123
2026-09-18,2026-09-18T10:24:42Z,long_term,artist,2,0dgJbQ0bKPyUXco8hEXN7X,Øneheart,,,,,28777
2026-09-18,2026-09-18T10:24:42Z,long_term,artist,3,1Xyo4u8uXC1ZmMpatF05PJ,The Weeknd,,,,,14673869
2026-09-18,2026-09-18T10:24:42Z,long_term,artist,4,3MZsBdqDrRTJihTHQrO6Dq,Joji,,,,,562912
2026-09-18,2026-09-18T10:24:42Z,long_term,artist,5,6hIXwlI4wny3zYuB6cDBBk,Murtaza Qizilbash,,,,,
2026-09-18,2026-09-18T10:24:42Z,long_term,artist,6,5y8tKLUfMvliMe8IKamR32,d4vd,,,,,142030
2026-09-18,2026-09-18T10:24:42Z,long_term,artist,7,7tYKF4w9nC0nq9CsPZTHyP,SZA,,,,,1328164
2026-09-18,2026-09-18T10:24:42Z,long_term,artist,8,6znPk9JRNmg6uyB6h8nJu3,Kaavish,,,,,
2026-09-18,2026-09-18T10:24:42Z,long_term,artist,9,1wRPtKGflJrBx9BmLsSwlU,Pritam,,,,,71109
2026-09-18,2026-09-18T10:24:42Z,long_term,artist,10,5INjqkS1o8h1imAzPqGZBb,Tame Impala,,,,,1134261
2026-09-18,2026-09-18T10:24:42Z,long_term,artist,11,78rUTD7y6Cy67W1RVzYs7t,PinkPantheress,,,,,237467
2026-09-18,2026-09-18T10:24:42Z,long_term,artist,12,77SW9BnxLY8rJ0RciFqkHh,The Neighbourhood,,,,,171
2026-09-18,2026-09-18T10:24:42Z,long_term,artist,13,47zz7sob9NUcODy0BTDvKx,Sade,,,,,1451755
2026-09-18,2026-09-18T10:24:42Z,long_term,artist,14,4gdMJYnopf2nEUcanAwstx,Anuv Jain,,,,,4263
2026-09-18,2026-09-18T10:24:42Z,long_term,artist,15,00FQb4jTyendYWaN8pK0wa,Lana Del Rey,,,,,5801333
2026-09-18,2026-09-18T10:24:42Z,long_term,artist,16,5mWQT8CLTa4mAQAJdFjHb1,Abdul Hannan,,,,,849
2026-09-18,2026-09-18T10:24:42Z,long_term,artist,17,2YZyLoL8N0Wb9xBt1NhZWg,Kendrick Lamar,,,,,6167418
2026-09-18,2026-09-18T10:24:42Z,long_term,artist,18,4gzpq5DPGxSnKTe4SA8HAU,Coldplay,,,,,18381342
2026-09-18,2026-09-18T10:24:42Z,long_term,artist,19,05etL4pzWd6TSv1x5WrlG3,Faheem Abdullah,,,,,1526
2026-09-18,2026-09-18T10:24:42Z,long_term,artist,20,7Ln80lUS6He07XvHI8qqHH,Arctic Monkeys,,,,,4956340
2026-09-18,2026-09-18T10:24:42Z,long_term,artist,21,6ft7JnxMyZhp7N52qzHymY,Vansire,,,,,8337
2026-09-18,2026-09-18T10:24:42Z,long_term,artist,22,0Y6dVaC9DZtPNH4591M42W,TV Girl,,,,,445012
2026-09-18,2026-09-18T10:24:42Z,long_term,artist,23,3Sz7ZnJQBIHsXLUSo0OQtM,Mac DeMarco,,,,,559366
2026-09-18,2026-09-18T10:24:42Z,long_term,artist,24,4KRllJ2dEeoqvxOQLOgOsI,VØJ,,,,,12053
2026-09-18,2026-09-18T10:24:42Z,long_term,artist,25,4MrQDA45Gd0llLrwFUzimG,Flawed Mangoes,,,,,14592
2026-09-18,2026-09-18T10:24:42Z,long_term,artist,26,06O23tLg0or676h8EEzH7W,Pastel Ghost,,,,,56417
2026-09-18,2026-09-18T10:24:42Z,long_term,artist,27,700c9Qz2z6HZKTumeliKAw,LONOWN,,,,,9933
2026-09-18,2026-09-18T10:24:42Z,long_term,artist,28,3zmfs9cQwzJl575W1ZYXeT,Men I Trust,,,,,75725
2026-09-18,2026-09-18T10:24:42Z,long_term,artist,29,2exebQUDoIoT0dXA8BcN1P,Home,,,,,9745
2026-09-18,2026-09-18T10:24:42Z,long_term,artist,30,2jku7tDXc6XoB6MO2hFuqg,Tory Lanez,,,,,764818
2026-09-18,2026-09-18T10:24:42Z,long_term,artist,31,6YJ4EgQzDfJnIHRbqIHAdD,Idealism,,,,,7202
2026-09-18,2026-09-18T10:24:42Z,long_term,artist,32,0wf0kncEWHLMGqYqXgZql8,Level Five,,,,,
2026-09-18,2026-09-18T10:24:42Z,long_term,artist,33,17XXKfRBMCWvLrqGoNkJXm,Engelbert Humperdinck,,,,,46537
2026-09-18,2026-09-18T10:24:42Z,long_term,artist,34,4RRmL81NhhouCKGo8I6GaU,ADTurnUp,,,,,3003
2026-09-18,2026-09-18T10:24:42Z,long_term,artist,35,1cGyguqPQY22oUd4fKglFS,pxlse.,,,,,134
2026-09-18,2026-09-18T10:24:42Z,long_term,artist,36,7gW0r5CkdEUMm42w9XpyZO,Laufey,,,,,245985
2026-09-18,2026-09-18T10:24:42Z,long_term,artist,37,5cj0lLjcoR7YOSnhnX0Po5,Doja Cat,,,,,38
2026-09-18,2026-09-18T10:24:42Z,long_term,artist,38,2sSGPbdZJkaSE2AbcGOACx,The Marías,,,,,147167
2026-09-18,2026-09-18T10:24:42Z,long_term,artist,39,3TVXtAsR1Inumwj472S9r4,Drake,,,,,24078532
2026-09-18,2026-09-18T10:24:42Z,long_term,artist,40,1mYsTxnqsietFxj1OgoGbG,A.R. Rahman,,,,,6381
2026-09-18,2026-09-18T10:24:42Z,long_term,artist,41,3DeHMjvYP73Pycy8va8RKY,Arnob,,,,,
2026-09-18,2026-09-18T10:24:42Z,long_term,artist,42,5K4W6rqBFWDnAN6FQUkS6x,Kanye West,,,,,4543215
2026-09-18,2026-09-18T10:24:42Z,long_term,artist,43,0klU31gyC6EZqKgLvVANCy,tomcbumpz,,,,,1078
2026-09-18,2026-09-18T10:24:42Z,long_term,artist,44,19ra5tSw0tWufvUp8GotLo,George Michael,,,,,1497406
2026-09-18,2026-09-18T10:24:42Z,long_term,artist,45,3iGhlvzpXc0UHBQ7klAItX,Mitraz,,,,,1419
2026-09-18,2026-09-18T10:24:42Z,long_term,artist,46,2h93pZq0e7k5yf4dywlkpM,Frank Ocean,,,,,1260874
2026-09-18,2026-09-18T10:24:42Z,long_term,artist,47,36QJpDe2go2KgaRleHCDTp,Led Zeppelin,,,,,5538981
2026-09-18,2026-09-18T10:24:42Z,long_term,artist,48,0hEurMDQu99nJRq8pTxO14,John Mayer,,,,,1037775
2026-09-18,2026-09-18T10:24:42Z,long_term,artist,49,4yvcSjfu4PC0CYQyLy4wSq,Glass Animals,,,,,321997
2026-09-18,2026-09-18T10:24:42Z,long_term,artist,50,3yKoHgjtyenCOIRaD2Gghu,Cafe Music BGM channel,,,,,10759
2026-09-18,2026-09-18T10:24:42Z,long_term,track,1,2PpYJcgJN6PzozUv7rU669,stellar,,2LbjW13j6rNtFgYcPjR2ur,4gF0aKdd26DsLMbDcLdJdc,99672,
2026-09-18,2026-09-18T10:24:42Z,long_term,track,2,0X4YYZtZcvqNqYIpMd93IT,i was only temporary,,7pxIYxdkx2675ZGKSAPBAy,24tfAQTRqLfKw5bFjMhc4m,98621,
2026-09-18,2026-09-18T10:24:42Z,long_term,track,3,4xF4ZBGPZKxECeDFrqSAG4,snowfall,,0dgJbQ0bKPyUXco8hEXN7X,4NRsGHlWBTl4rdLcq8CKcH,124065,
2026-09-18,2026-09-18T10:24:42Z,long_term,track,4,28pUgp8Cifsnwrv5Mvltyz,nagashi,,6YJ4EgQzDfJnIHRbqIHAdD,5tfqUZ5RcSWcYn5mWYQ4PK,109948,
2026-09-18,2026-09-18T10:24:42Z,long_term,track,5,00RLNHc2jkEjUoCUlFgPVT,welcome and goodbye,,0qZyvjwZauLmrobrpJmvib,0hZJDoAmB6xVegy0o1eAZd,140643,
2026-09-18,2026-09-18T10:24:42Z,long_term,track,6,6JCkLyhLxufrb10cem9WA6,彩霞,,64mecceQewFCKwCK6JBW0o,1GoWJc6XFiHW1ewHcY1Xqm,134053,
2026-09-18,2026-09-18T10:24:42Z,long_term,track,7,1uvn7eP1I7mIKGvpsqDcoW,bipolar,,2LbjW13j6rNtFgYcPjR2ur,5MOmkgxIJLtmoapI60uK6A,132418,
2026-09-18,2026-09-18T10:24:42Z,long_term,track,8,2mlNgAeIBnL78ZriXgrRHz,Glimpse of Us,,3MZsBdqDrRTJihTHQrO6Dq,39VuC5rYQHAnR6xQwm1WDk,233453,
2026-09-18,2026-09-18T10:24:42Z,long_term,track,9,6rY5FAWxCdAGllYEOZMbjW,SLOW DANCING IN THE DARK,,3MZsBdqDrRTJihTHQrO6Dq,5mIImcsuqpiSXg8XvFr81I,209273,
2026-09-18,2026-09-18T10:24:42Z,long_term,track,10,1A7qPfbcyRVEdcZiwTFhZI,Memory Reboot,,4KRllJ2dEeoqvxOQLOgOsI,134MPeCAA7a1yRC1rRFQCx,209416,
2026-09-18,2026-09-18T10:24:42Z,long_term,track,11,1XTijOjVgekZjRXwgJ2VSE,Bhool,,6hIXwlI4wny3zYuB6cDBBk,4MIPkmbrYvZqLdzLwaQRF9,244800,
2026-09-18,2026-09-18T10:24:42Z,long_term,track,12,1oAwsWBovWRIp7qLMGPIet,Apocalypse,,1QAJqy2dA3ihHBFIHRphZj,5chTLnnxlxQVAgEv6YbEBe,290146,
2026-09-18,2026-09-18T10:24:42Z,long_term,track,13,7mDTvYD2ieE4Q28XFziMfJ,Cry,,1QAJqy2dA3ihHBFIHRphZj,63yRRBtLX8eqbOLD6f0y9U,256799,
2026-09-18,2026-09-18T10:24:42Z,long_term,track,14,4XTgFBxBHN6var1BzAgE1m,Jhol,,3scNK8e4mqnP6Rb8a3lwZY,7grtFo2pj5wwRTM7c6NI9y,265817,
2026-09-18,2026-09-18T10:24:42Z,long_term,track,15,0SCLsDJtC7DmOwks1tsszt,Romantic Homicide,,5y8tKLUfMvliMe8IKamR32,3rrrTOHiXGzuW4FP7t0O1A,132630,
2026-09-18,2026-09-18T10:24:42Z,long_term,track,16,7F2nEClWeQ3x5ycA5qtKOI,a million faces,,5pQD8yR8sjmxwgZfLnZzmT,49jPojLRuWp71LnK3Y3ClE,102068,
2026-09-18,2026-09-18T10:24:42Z,long_term,track,17,37s1WRi8s1rZysbjvBGrEd,Divine Failure,,3IhhgswUBInj1W5gEz92T6,2Xz9bocL8qWYmMnS4jyzFY,151111,
2026-09-18,2026-09-18T10:24:42Z,long_term,track,18,4sh8w9hWn04EWoCAeIRdQm,Freaks but Slowed Muffled Echo,,4LMTEaUZGbmDx1xcW08hmE,0bDhcvA7GKReXml1bVUSUa,176041,
2026-09-18,2026-09-18T10:24:42Z,long_term,track,19,5e0b9LgOfi3aJSKXFcOWRe,Beanie,,1EmdfupUQDpXOcb4Nj2mBH,3sgTZuoyovg4bR5iTgQoo3,132160,
2026-09-18,2026-09-18T10:24:42Z,long_term,track,20,3hB9lDLyAClYVZivMMl20N,Co2,,0tC995Rfn9k2l7nqgCZsV7,4WLh56ZjwINYBNhaxLvEhA,163653,
2026-09-18,2026-09-18T10:24:42Z,long_term,track,21,0JIMT9gzLIIz0esKLyjbKf,Telephones,,0U7iI0Dk4Ojvi17nZboNO4,3Ull45eHLzGXtElhKHFJ7C,212432,
2026-09-18,2026-09-18T10:24:42Z,long_term,track,22,69KUKhBqyGvtO1jtJwZEcv,Fainted,,3QZtwiUoyaXbl1JssMPIQ7,5TQu0bEFSLXXVqrGNIXyKM,249600,
2026-09-18,2026-09-18T10:24:42Z,long_term,track,23,3GUSidbQwd7xuvU6AQorRh,Keep on Loving You,,1QAJqy2dA3ihHBFIHRphZj,3gbJSNFlAe2CjqIjMOeMw1,233000,
2026-09-18,2026-09-18T10:24:42Z,long_term,track,24,5LrN7yUQAzvthd4QujgPFr,Here With Me,,5y8tKLUfMvliMe8IKamR32,3rrrTOHiXGzuW4FP7t0O1A,242484,
2026-09-18,2026-09-18T10:24:42Z,long_term,track,25,6RiiSy9GzSwiyDEJDiMuKe,Something About You,,3XxNRirzbjfLdDli06zMaB,0QB8JzlX70ame6G972aEF1,153312,
2026-09-18,2026-09-18T10:24:42Z,long_term,track,26,70tmdhbUPcVxIxCIpChscl,next to you,,0dgJbQ0bKPyUXco8hEXN7X,7dG0UKYNW0hOIr824ZvTYh,123750,
2026-09-18,2026-09-18T10:24:42Z,long_term,track,27,5E02BgqYNN9VzafXrYP6Np,Heavenly,,1QAJqy2dA3ihHBFIHRphZj,63yRRBtLX8eqbOLD6f0y9U,286773,
2026-09-18,2026-09-18T10:24:42Z,long_term,track,28,0DTSnA1bcVI5niJzoyBPyZ,Past Won't Leave My Bed,,3MZsBdqDrRTJihTHQrO6Dq,5JJpyK4SILx6UXJBiT1twN,166106,
2026-09-18,2026-09-18T10:24:42Z,long_term,track,29,2OrucC3HEPmZpkaQ05Nx0V,novocaine,,6hxcqtqpmf08pTDkffU5xx,1fm7CNqCCdnqOoxdb23VTs,195605,
2026-09-18,2026-09-18T10:24:42Z,long_term,track,30,2TQve4B4jpyUqvxDHzNZAu,Kokuten (Sasuke's Epic Theme from Naruto),,6ibMMTrcvRnEjaxi432r6o,5fIIBXeO9GlqxfTWidHOUt,132751,
2026-09-18,2026-09-18T10:24:42Z,long_term,track,31,0qPoQiQIhgyMaP7X78hxri,Akhiyaan Gulaab,,3iGhlvzpXc0UHBQ7klAItX,0KvWbswDD0ksvFayBl6gUz,171147,
2026-09-18,2026-09-18T10:24:42Z,long_term,track,32,5rK4GDNiHYC3NUPV3ME4J4,Has To Be,,4g3JG556dlxAQVKpqTbedB,3qK9D70gyPRhGGgNsvutpy,115744,
2026-09-18,2026-09-18T10:24:42Z,long_term,track,33,4UKjQODokAfEMaTgvTHbVX,Sila,,5mWQT8CLTa4mAQAJdFjHb1,6YqbrXnmuh8lxNEFeHNOcA,248413,
2026-09-18,2026-09-18T10:24:42Z,long_term,track,34,0j3mqDTK4Z6lvrLzFCUUz6,Good Looking,,5GGJosGMs08YEmKTZJe1fL,78rO0EfpVs1RPfpxzF6kUz,214800,
2026-09-18,2026-09-18T10:24:42Z,long_term,track,35,40iDbkPRNNpACrwoCuyRtk,Interlinked - Slowed,,4Bv8nfuBV3hv0yVXXgYozl,03HFE1r5ICujfATGcSkXCV,230000,
2026-09-18,2026-09-18T10:24:42Z,long_term,track,36,3hEfpBHxgieRLz4t3kLNEg,About You,,3mIj9lX2MWuHmhNCA7LSCW,0kvoCDiWdZ7eHPW7xvdg3z,326490,
2026-09-18,2026-09-18T10:24:42Z,long_term,track,37,6mHTwIXqZtuQUF1fEkrhFB,Tum,,6hIXwlI4wny3zYuB6cDBBk,4INFMJi3SwIEWixQjlMNig,258750,
2026-09-18,2026-09-18T10:24:42Z,long_term,track,38,6JB0h4leDJ4Akabtu42Epd,Tere Pyar Main,,6znPk9JRNmg6uyB6h8nJu3,1lCyYMOz15QK4vhcUxHxEW,302706,
2026-09-18,2026-09-18T10:24:42Z,long_term,track,39,3VJpl4jrFSqY3Y6mAzqfux,Har Baar,,6hIXwlI4wny3zYuB6cDBBk,1oRAxwfxb55WuW7KjSx5uw,250285,
2026-09-18,2026-09-18T10:24:42Z,long_term,track,40,75IQVo8hqI1iwVZyvkN2VT,Show Me How,,3zmfs9cQwzJl575W1ZYXeT,7mUYDBqNiddmKxuKrnBEKQ,215110,
2026-09-18,2026-09-18T10:24:42Z,long_term,track,41,3p4hRhMcb6ch8OLtATMaLw,Cry,,1QAJqy2dA3ihHBFIHRphZj,4uQ5kFmXQdCxz3WvM4UUzy,256799,
2026-09-18,2026-09-18T10:24:42Z,long_term,track,42,4t9vB7wIKWE5jIhjcztmmd,Iris,,06O23tLg0or676h8EEzH7W,3sy3jRg8KrsGYNAuHPQnqk,218384,
2026-09-18,2026-09-18T10:24:42Z,long_term,track,43,4ppTAJUbNXELZcoUaL90wo,Try Me,,1Xyo4u8uXC1ZmMpatF05PJ,4qZBW3f2Q8y0k1A84d4iAO,221106,
2026-09-18,2026-09-18T10:24:42Z,long_term,track,44,5TTGoX70AFrTvuEtqHK37S,No. 1 Party Anthem,,7Ln80lUS6He07XvHI8qqHH,78bpIziExqiI9qztvNFlQu,243131,
2026-09-18,2026-09-18T10:24:42Z,long_term,track,45,29KwH2LEjfWEtiC2jCrLVw,Amore mio aiutami - Main Theme,,2WPn0emjr8XPmMOT0bBcPe,5ekkoKz391PScKKZRCmgDF,234026,
2026-09-18,2026-09-18T10:24:42Z,long_term,track,46,6MRD4fDXBbqa0xodmaFk8Q,Everybody Wants To Rule The World - Sped Up Version,,4bthk9UfsYUYdcFyqxmSUU,1OCUxmIIq0Q1Mj3AFATzsI,183634,
2026-09-18,2026-09-18T10:24:42Z,long_term,track,47,4QzZVJc6qPTtTkPem7qZRo,The Lamp Is Low,,5PkDpzWMZR7Id1vldhF8Qk,2KZIJx4RtZ1seAa6pa6ugl,170790,
2026-09-18,2026-09-18T10:24:42Z,long_term,track,48,612zd3tyOwz52c7c67orZx,safe again,,5np27CiKTBMaIEPqTCrqBF,554ghCNlV34hilih8ujx3T,142237,
2026-09-18,2026-09-18T10:24:42Z,long_term,track,49,5ZP8LfM7TezqoxF9yp6VzX,Stop Waiting,,1QAJqy2dA3ihHBFIHRphZj,1altYQrIlTUBxLKPEkVxgh,362973,
2026-09-18,2026-09-18T10:24:42Z,long_term,track,50,1hlbywc8Jhl1FFqJxAMabE,Ishq,,05etL4pzWd6TSv1x5WrlG3,013jUXOfDFXnDMBetTdsiH,224842,
2026-09-18,2026-09-18T10:24:42Z,medium_term,artist,1,3MZsBdqDrRTJihTHQrO6Dq,Joji,,,,,562912
2026-09-18,2026-09-18T10:24:42Z,medium_term,artist,2,6hIXwlI4wny3zYuB6cDBBk,Murtaza Qizilbash,,,,,
2026-09-18,2026-09-18T10:24:42Z,medium_term,artist,3,1Xyo4u8uXC1ZmMpatF05PJ,The Weeknd,,,,,14673869
2026-09-18,2026-09-18T10:24:42Z,medium_term,artist,4,1QAJqy2dA3ihHBFIHRphZj,Cigarettes After Sex,,,,,900123
2026-09-18,2026-09-18T10:24:42Z,medium_term,artist,5,05etL4pzWd6TSv1x5WrlG3,Faheem Abdullah,,,,,1526
2026-09-18,2026-09-18T10:24:42Z,medium_term,artist,6,700c9Qz2z6HZKTumeliKAw,LONOWN,,,,,9933
2026-09-18,2026-09-18T10:24:42Z,medium_term,artist,7,47zz7sob9NUcODy0BTDvKx,Sade,,,,,1451755
2026-09-18,2026-09-18T10:24:42Z,medium_term,artist,8,6znPk9JRNmg6uyB6h8nJu3,Kaavish,,,,,
2026-09-18,2026-09-18T10:24:42Z,medium_term,artist,9,1cGyguqPQY22oUd4fKglFS,pxlse.,,,,,134
2026-09-18,2026-09-18T10:24:42Z,medium_term,artist,10,77SW9BnxLY8rJ0RciFqkHh,The Neighbourhood,,,,,171
2026-09-18,2026-09-18T10:24:42Z,medium_term,artist,11,3Sz7ZnJQBIHsXLUSo0OQtM,Mac DeMarco,,,,,559366
2026-09-18,2026-09-18T10:24:42Z,medium_term,artist,12,5INjqkS1o8h1imAzPqGZBb,Tame Impala,,,,,1134261
2026-09-18,2026-09-18T10:24:42Z,medium_term,artist,13,5y8tKLUfMvliMe8IKamR32,d4vd,,,,,142030
2026-09-18,2026-09-18T10:24:42Z,medium_term,artist,14,0klU31gyC6EZqKgLvVANCy,tomcbumpz,,,,,1078
2026-09-18,2026-09-18T10:24:42Z,medium_term,artist,15,7Ln80lUS6He07XvHI8qqHH,Arctic Monkeys,,,,,4956340
2026-09-18,2026-09-18T10:24:42Z,medium_term,artist,16,5mWQT8CLTa4mAQAJdFjHb1,Abdul Hannan,,,,,849
2026-09-18,2026-09-18T10:24:42Z,medium_term,artist,17,1wRPtKGflJrBx9BmLsSwlU,Pritam,,,,,71109
2026-09-18,2026-09-18T10:24:42Z,medium_term,artist,18,4Z8W4fKeB5YxbusRsdQVPb,Radiohead,,,,,508
2026-09-18,2026-09-18T10:24:42Z,medium_term,artist,19,0wf0kncEWHLMGqYqXgZql8,Level Five,,,,,
2026-09-18,2026-09-18T10:24:42Z,medium_term,artist,20,0Y6dVaC9DZtPNH4591M42W,TV Girl,,,,,445012
2026-09-18,2026-09-18T10:24:42Z,medium_term,artist,21,5cj0lLjcoR7YOSnhnX0Po5,Doja Cat,,,,,38
2026-09-18,2026-09-18T10:24:42Z,medium_term,artist,22,2jku7tDXc6XoB6MO2hFuqg,Tory Lanez,,,,,764818
2026-09-18,2026-09-18T10:24:42Z,medium_term,artist,23,4gdMJYnopf2nEUcanAwstx,Anuv Jain,,,,,4263
2026-09-18,2026-09-18T10:24:42Z,medium_term,artist,24,2h93pZq0e7k5yf4dywlkpM,Frank Ocean,,,,,1260874
2026-09-18,2026-09-18T10:24:42Z,medium_term,artist,25,60jYUgQzKAtnJoXKGk1GNn,Habib Wahid,,,,,
2026-09-18,2026-09-18T10:24:42Z,medium_term,artist,26,06eRdiCBgFUhiuFjei0eH2,Warfaze,,,,,
2026-09-18,2026-09-18T10:24:42Z,medium_term,artist,27,7tYKF4w9nC0nq9CsPZTHyP,SZA,,,,,1328164
2026-09-18,2026-09-18T10:24:42Z,medium_term,artist,28,17XXKfRBMCWvLrqGoNkJXm,Engelbert Humperdinck,,,,,46537
2026-09-18,2026-09-18T10:24:42Z,medium_term,artist,29,7lzordPuZEXxwt9aoVZYmG,Billy Idol,,,,,604998
2026-09-18,2026-09-18T10:24:42Z,medium_term,artist,30,3DeHMjvYP73Pycy8va8RKY,Arnob,,,,,
2026-09-18,2026-09-18T10:24:42Z,medium_term,artist,31,59oBQlP5xoa5cfPkonNNnT,Nafeesisboujee,,,,,6933
2026-09-18,2026-09-18T10:24:42Z,medium_term,artist,32,37LGjqM0je1KNrLRD3MZ47,Indalo,,,,,
2026-09-18,2026-09-18T10:24:42Z,medium_term,artist,33,66CXWjxzNUsdJxJ2JdwvnR,Ariana Grande,,,,,13420271
2026-09-18,2026-09-18T10:24:42Z,medium_term,artist,34,5c7JjKTazKNQubk2GjgbJT,Arekta Rock Band,,,,,
2026-09-18,2026-09-18T10:24:42Z,medium_term,artist,35,78rUTD7y6Cy67W1RVzYs7t,PinkPantheress,,,,,237467
2026-09-18,2026-09-18T10:24:42Z,medium_term,artist,36,3mIj9lX2MWuHmhNCA7LSCW,The 1975,,,,,606647
2026-09-18,2026-09-18T10:24:42Z,medium_term,artist,37,00FQb4jTyendYWaN8pK0wa,Lana Del Rey,,,,,5801333
2026-09-18,2026-09-18T10:24:42Z,medium_term,artist,38,1AbJ2cmwK400LSvdvBL5Jc,Strawberry Guy,,,,,51189
2026-09-18,2026-09-18T10:24:42Z,medium_term,artist,39,4dpARuHxo51G3z768sgnrY,Adele,,,,,15467816
2026-09-18,2026-09-18T10:24:42Z,medium_term,artist,40,0xRXCcSX89eobfrshSVdyu,MEDUZA,,,,,
2026-09-18,2026-09-18T10:24:42Z,medium_term,artist,41,2YZyLoL8N0Wb9xBt1NhZWg,Kendrick Lamar,,,,,6167418
2026-09-18,2026-09-18T10:24:42Z,medium_term,artist,42,5ThqNILsplOvwjj9kx0Hnt,Artcell,,,,,
2026-09-18,2026-09-18T10:24:42Z,medium_term,artist,43,2LbjW13j6rNtFgYcPjR2ur,.diedlonely,,,,,4224
2026-09-18,2026-09-18T10:24:42Z,medium_term,artist,44,3AA28KZvwAUcZuOKwyblJQ,Gorillaz,,,,,3014766
2026-09-18,2026-09-18T10:24:42Z,medium_term,artist,45,4yvcSjfu4PC0CYQyLy4wSq,Glass Animals,,,,,321997
2026-09-18,2026-09-18T10:24:42Z,medium_term,artist,46,0dgJbQ0bKPyUXco8hEXN7X,Øneheart,,,,,28777
2026-09-18,2026-09-18T10:24:42Z,medium_term,artist,47,2ElQWsoSpwUhYFFdFuHqse,Lorenzo Ferrara,,,,,
2026-09-18,2026-09-18T10:24:42Z,medium_term,artist,48,3ctnkEZGtVBTxS7IMin8nC,Instupendo,,,,,4624
2026-09-18,2026-09-18T10:24:42Z,medium_term,artist,49,7fhlWsdi6oTTxj8d3uYIAn,Kaaktaal,,,,,
2026-09-18,2026-09-18T10:24:42Z,medium_term,artist,50,3TVXtAsR1Inumwj472S9r4,Drake,,,,,24078532
2026-09-18,2026-09-18T10:24:42Z,medium_term,track,1,0X4YYZtZcvqNqYIpMd93IT,i was only temporary,,7pxIYxdkx2675ZGKSAPBAy,24tfAQTRqLfKw5bFjMhc4m,98621,
2026-09-18,2026-09-18T10:24:42Z,medium_term,track,2,2mlNgAeIBnL78ZriXgrRHz,Glimpse of Us,,3MZsBdqDrRTJihTHQrO6Dq,39VuC5rYQHAnR6xQwm1WDk,233453,
2026-09-18,2026-09-18T10:24:42Z,medium_term,track,3,1uvn7eP1I7mIKGvpsqDcoW,bipolar,,2LbjW13j6rNtFgYcPjR2ur,5MOmkgxIJLtmoapI60uK6A,132418,
2026-09-18,2026-09-18T10:24:42Z,medium_term,track,4,2PpYJcgJN6PzozUv7rU669,stellar,,2LbjW13j6rNtFgYcPjR2ur,4gF0aKdd26DsLMbDcLdJdc,99672,
2026-09-18,2026-09-18T10:24:42Z,medium_term,track,5,6rY5FAWxCdAGllYEOZMbjW,SLOW DANCING IN THE DARK,,3MZsBdqDrRTJihTHQrO6Dq,5mIImcsuqpiSXg8XvFr81I,209273,
2026-09-18,2026-09-18T10:24:42Z,medium_term,track,6,3J44gxX4AcRApFyympWPIB,Past Won't Leave My Bed,,3MZsBdqDrRTJihTHQrO6Dq,7MLyEn1CPizpS8bjZ7zzrT,166106,
2026-09-18,2026-09-18T10:24:42Z,medium_term,track,7,4UKjQODokAfEMaTgvTHbVX,Sila,,5mWQT8CLTa4mAQAJdFjHb1,6YqbrXnmuh8lxNEFeHNOcA,248413,
2026-09-18,2026-09-18T10:24:42Z,medium_term,track,8,1XTijOjVgekZjRXwgJ2VSE,Bhool,,6hIXwlI4wny3zYuB6cDBBk,4MIPkmbrYvZqLdzLwaQRF9,244800,
2026-09-18,2026-09-18T10:24:42Z,medium_term,track,9,3VJpl4jrFSqY3Y6mAzqfux,Har Baar,,6hIXwlI4wny3zYuB6cDBBk,1oRAxwfxb55WuW7KjSx5uw,250285,
2026-09-18,2026-09-18T10:24:42Z,medium_term,track,10,2TQve4B4jpyUqvxDHzNZAu,Kokuten (Sasuke's Epic Theme from Naruto),,6ibMMTrcvRnEjaxi432r6o,5fIIBXeO9GlqxfTWidHOUt,132751,
2026-09-18,2026-09-18T10:24:42Z,medium_term,track,11,3p4hRhMcb6ch8OLtATMaLw,Cry,,1QAJqy2dA3ihHBFIHRphZj,4uQ5kFmXQdCxz3WvM4UUzy,256799,
2026-09-18,2026-09-18T10:24:42Z,medium_term,track,12,1hlbywc8Jhl1FFqJxAMabE,Ishq,,05etL4pzWd6TSv1x5WrlG3,013jUXOfDFXnDMBetTdsiH,224842,
2026-09-18,2026-09-18T10:24:42Z,medium_term,track,13,5rK4GDNiHYC3NUPV3ME4J4,Has To Be,,4g3JG556dlxAQVKpqTbedB,3qK9D70gyPRhGGgNsvutpy,115744,
2026-09-18,2026-09-18T10:24:42Z,medium_term,track,14,65krtHkaYLPr0mEbjL61UP,Kiss of Life,,47zz7sob9NUcODy0BTDvKx,3uSWaQxJAdm5MWKQkQJNoK,251333,
2026-09-18,2026-09-18T10:24:42Z,medium_term,track,15,0oUBuOO4g9P4lREqfqR5nq,A Man Without Love,,17XXKfRBMCWvLrqGoNkJXm,2zQM1HOK5OnDGF1SSWExnE,203133,
2026-09-18,2026-09-18T10:24:42Z,medium_term,track,16,3iy2QuCtCzpWnR6tia39AB,hate that i made you love me,,66CXWjxzNUsdJxJ2JdwvnR,2k4FmEtXR0WiDW0Ac2QArT,197949,
2026-09-18,2026-09-18T10:24:42Z,medium_term,track,17,4eFV1LfWlYCVJnPTuSo3db,LOVE YOU LESS,,3MZsBdqDrRTJihTHQrO6Dq,7MLyEn1CPizpS8bjZ7zzrT,201186,
2026-09-18,2026-09-18T10:24:42Z,medium_term,track,18,06E5KyqnDTueEbdT22FFvM,School Rooftop,,72y6MZHIPEyS64ACSCtIq6,3ZoCHr39oKNBUHTykhkMpx,167967,
2026-09-18,2026-09-18T10:24:42Z,medium_term,track,19,00WLowvlN5cjkYpQV6pjo4,Die For You,,3MZsBdqDrRTJihTHQrO6Dq,39VuC5rYQHAnR6xQwm1WDk,211666,
2026-09-18,2026-09-18T10:24:42Z,medium_term,track,20,0FVuyC9RP5MACjp4lgU3qZ,I'm God,,5vSQUyT33qxr1xAX2Tkf3A,66eXLlqksAwNndmHaHWtCq,277710,
2026-09-18,2026-09-18T10:24:42Z,medium_term,track,21,0H9rWqCXi7gv6kDO3N98ZU,Khwaab,,05etL4pzWd6TSv1x5WrlG3,013jUXOfDFXnDMBetTdsiH,325806,
2026-09-18,2026-09-18T10:24:42Z,medium_term,track,22,0pUVeEgZuNyFzIMKp67RbS,Eyes Without A Face,,7lzordPuZEXxwt9aoVZYmG,2FZNWUmgRoP8uJZBaHJdfj,299240,
2026-09-18,2026-09-18T10:24:42Z,medium_term,track,23,0JIMT9gzLIIz0esKLyjbKf,Telephones,,0U7iI0Dk4Ojvi17nZboNO4,3Ull45eHLzGXtElhKHFJ7C,212432,
2026-09-18,2026-09-18T10:24:42Z,medium_term,track,24,70YTBH8vOGJNMhy6186yFm,Heavenly,,1QAJqy2dA3ihHBFIHRphZj,4uQ5kFmXQdCxz3WvM4UUzy,286773,
2026-09-18,2026-09-18T10:24:42Z,medium_term,track,25,7mrrszs7ZOPEsJhg0q8jvD,Tairay Naam,,6znPk9JRNmg6uyB6h8nJu3,6MXb1UT4rEqv1ZrUodbMUk,328421,
2026-09-18,2026-09-18T10:24:42Z,medium_term,track,26,2xql0pid3EUwW38AsywxhV,Reflections,,77SW9BnxLY8rJ0RciFqkHh,0ODLCdHBFVvKwJGeSfd1jy,244013,
2026-09-18,2026-09-18T10:24:42Z,medium_term,track,27,1GDJhAiO9tqjMuDWFad0IF,Woh,,6hIXwlI4wny3zYuB6cDBBk,2tbamcNG4xK0jKrd1lSzXX,237672,
2026-09-18,2026-09-18T10:24:42Z,medium_term,track,28,42D9aaKTLw47faFhRCQfHF,Blah Blah,,3MZsBdqDrRTJihTHQrO6Dq,5xiwCNC26RvgfwElNmIJoL,161653,
2026-09-18,2026-09-18T10:24:42Z,medium_term,track,29,7oNZfE9wnu7SP55LwNSiKG,Hum,,6hIXwlI4wny3zYuB6cDBBk,7idG3a5Nmotd02hA6ifD0f,275076,
2026-09-18,2026-09-18T10:24:42Z,medium_term,track,30,6CKoWCWAqEVWVjpeoJXyNH,Shape Of My Heart,,0Ty63ceoRnnJKVEYP0VQpk,5kV0KBXfELibs6qQJLmOtg,279226,
2026-09-18,2026-09-18T10:24:42Z,medium_term,track,31,0bxRSMz5WY1VuMmOhanE4b,Baptized In Fear,,1Xyo4u8uXC1ZmMpatF05PJ,6iyZdOoujtOwiThdAUI8TM,232176,
2026-09-18,2026-09-18T10:24:42Z,medium_term,track,32,1gVN2TuTQh2g9LE1wi6FTY,Girei,,2ElQWsoSpwUhYFFdFuHqse,5FLwqfngn0X753dUDkF9tt,130421,
2026-09-18,2026-09-18T10:24:42Z,medium_term,track,33,030OypEGdW6Nvo1KDWa0Bt,Catch a Feeling,,2Glf84Z4MUxfquLMdTjd1G,2QquxK1oqBz5jrF6uBV0Zc,127000,
2026-09-18,2026-09-18T10:24:42Z,medium_term,track,34,7npPPrZEDmeHMk6mxvIeFa,My Jinji,,7BqRcZsHYYQeqMAOp7e532,24eFuwfHPWbuRMrMevqe0Q,400560,
2026-09-18,2026-09-18T10:24:42Z,medium_term,track,35,4BGfzLrK6lgvKDjKSU7wrN,Sajde,,05etL4pzWd6TSv1x5WrlG3,013jUXOfDFXnDMBetTdsiH,460833,
2026-09-18,2026-09-18T10:24:42Z,medium_term,track,36,5Z8Dj3LtbyCMiwE86rhg2f,Marea (we’ve lost dancing),,4oLeXFyACqeem2VImYeBFe,6o86bV7TAt5x4exc2qLDqC,285375,
2026-09-18,2026-09-18T10:24:42Z,medium_term,track,37,2hsaWsa0VNx1ug3uotwMvP,Saika,,4sakRwIaBDdtw8qZ8NNwsc,6D02yHQQhXyJ02mVYZxFlL,150525,
2026-09-18,2026-09-18T10:24:42Z,medium_term,track,38,7LvHieZe4yPYpDRF0OPCmk,Ekanto Golaap,,37LGjqM0je1KNrLRD3MZ47,16PdkicE350PBwzKQAHmkw,257661,
2026-09-18,2026-09-18T10:24:42Z,medium_term,track,39,7JEzAlwHhCD2M1cYE6BeqJ,Loving Machine,,0Y6dVaC9DZtPNH4591M42W,4oL7pMxnb04uuRI7ReXmuh,227000,
2026-09-18,2026-09-18T10:24:42Z,medium_term,track,40,16zzrcKYGDkaGNeSjIMa6O,through - 2022 Remastered,,47mrO8UvhD1Qt6iAIy4fCO,6ZqKaHYpWb1TARqE3oUU2G,347636,
2026-09-18,2026-09-18T10:24:42Z,medium_term,track,41,6mHTwIXqZtuQUF1fEkrhFB,Tum,,6hIXwlI4wny3zYuB6cDBBk,4INFMJi3SwIEWixQjlMNig,258750,
2026-09-18,2026-09-18T10:24:42Z,medium_term,track,42,4Bsf8Pzli5MQv9zLF9KXqc,Unakkul Naane,,29aw5YCdIw2FEXYyAJZI8l,1MrwFWLghGgpbpJ0iekIhK,127850,
2026-09-18,2026-09-18T10:24:42Z,medium_term,track,43,0WiMJIxYYEex2AqhRqzV3u,For the First Time,,3Sz7ZnJQBIHsXLUSo0OQtM,0NEyPH2WTU7NAPxebB7z4g,182306,
2026-09-18,2026-09-18T10:24:42Z,medium_term,track,44,5hjhaH0vwtpftiLtF3veZp,Ophelia,,78rUTD7y6Cy67W1RVzYs7t,2pOEFqvfxp5uUQ8vQEmVA0,155093,
2026-09-18,2026-09-18T10:24:42Z,medium_term,track,45,1KIJclzEbNhSVw8tiHPWwE,Young,,0U7iI0Dk4Ojvi17nZboNO4,54lNPJ6xq2QXwG6jLEIf6C,189160,
2026-09-18,2026-09-18T10:24:42Z,medium_term,track,46,6JB0h4leDJ4Akabtu42Epd,Tere Pyar Main,,6znPk9JRNmg6uyB6h8nJu3,1lCyYMOz15QK4vhcUxHxEW,302706,
2026-09-18,2026-09-18T10:24:42Z,medium_term,track,47,2TUFKhKl4EZYAo3D9FXU5E,Pieces,,5oJvmyeWzyeahRtjup3Oys,3Ab4BR06hO8qx1NCZ1seog,195030,
2026-09-18,2026-09-18T10:24:42Z,medium_term,track,48,5hc71nKsUgtwQ3z52KEKQk,Somebody Else,,3mIj9lX2MWuHmhNCA7LSCW,1JFmNyVPdBF1ECvv4fhpW4,347520,
2026-09-18,2026-09-18T10:24:42Z,medium_term,track,49,1uvyZBs4IZYRebHIB1747m,Purple Rain,,5a2EaR3hamoenG9rDuVn8j,2umoqwMrmjBBPeaqgYu6J9,521866,
2026-09-18,2026-09-18T10:24:42Z,medium_term,track,50,3AWDeHLc88XogCaCnZQLVI,Cry For Me,,1Xyo4u8uXC1ZmMpatF05PJ,3OxfaVgvTxUTy7276t7SPU,224136,
2026-09-18,2026-09-18T10:24:42Z,short_term,artist,1,1Xyo4u8uXC1ZmMpatF05PJ,The Weeknd,,,,,14673869
2026-09-18,2026-09-18T10:24:42Z,short_term,artist,2,6hIXwlI4wny3zYuB6cDBBk,Murtaza Qizilbash,,,,,
2026-09-18,2026-09-18T10:24:42Z,short_term,artist,3,77SW9BnxLY8rJ0RciFqkHh,The Neighbourhood,,,,,171
2026-09-18,2026-09-18T10:24:42Z,short_term,artist,4,3MZsBdqDrRTJihTHQrO6Dq,Joji,,,,,562912
2026-09-18,2026-09-18T10:24:42Z,short_term,artist,5,1QAJqy2dA3ihHBFIHRphZj,Cigarettes After Sex,,,,,900123
2026-09-18,2026-09-18T10:24:42Z,short_term,artist,6,47zz7sob9NUcODy0BTDvKx,Sade,,,,,1451755
2026-09-18,2026-09-18T10:24:42Z,short_term,artist,7,6znPk9JRNmg6uyB6h8nJu3,Kaavish,,,,,
2026-09-18,2026-09-18T10:24:42Z,short_term,artist,8,5INjqkS1o8h1imAzPqGZBb,Tame Impala,,,,,1134261
2026-09-18,2026-09-18T10:24:42Z,short_term,artist,9,5mWQT8CLTa4mAQAJdFjHb1,Abdul Hannan,,,,,849
2026-09-18,2026-09-18T10:24:42Z,short_term,artist,10,37LGjqM0je1KNrLRD3MZ47,Indalo,,,,,
2026-09-18,2026-09-18T10:24:42Z,short_term,artist,11,0hEurMDQu99nJRq8pTxO14,John Mayer,,,,,1037775
2026-09-18,2026-09-18T10:24:42Z,short_term,artist,12,1wRPtKGflJrBx9BmLsSwlU,Pritam,,,,,71109
2026-09-18,2026-09-18T10:24:42Z,short_term,artist,13,2h93pZq0e7k5yf4dywlkpM,Frank Ocean,,,,,1260874
2026-09-18,2026-09-18T10:24:42Z,short_term,artist,14,5c7JjKTazKNQubk2GjgbJT,Arekta Rock Band,,,,,
2026-09-18,2026-09-18T10:24:42Z,short_term,artist,15,00FQb4jTyendYWaN8pK0wa,Lana Del Rey,,,,,5801333
2026-09-18,2026-09-18T10:24:42Z,short_term,artist,16,0xRXCcSX89eobfrshSVdyu,MEDUZA,,,,,
2026-09-18,2026-09-18T10:24:42Z,short_term,artist,17,2jku7tDXc6XoB6MO2hFuqg,Tory Lanez,,,,,764818
2026-09-18,2026-09-18T10:24:42Z,short_term,artist,18,05etL4pzWd6TSv1x5WrlG3,Faheem Abdullah,,,,,1526
2026-09-18,2026-09-18T10:24:42Z,short_term,artist,19,4gdMJYnopf2nEUcanAwstx,Anuv Jain,,,,,4263
2026-09-18,2026-09-18T10:24:42Z,short_term,artist,20,3Sz7ZnJQBIHsXLUSo0OQtM,Mac DeMarco,,,,,559366
2026-09-18,2026-09-18T10:24:42Z,short_term,artist,21,7tYKF4w9nC0nq9CsPZTHyP,SZA,,,,,1328164
2026-09-18,2026-09-18T10:24:42Z,short_term,artist,22,0Y6dVaC9DZtPNH4591M42W,TV Girl,,,,,445012
2026-09-18,2026-09-18T10:24:42Z,short_term,artist,23,0WBg7b6KiPmfh7lI5vbFKC,Meghdol,,,,,
2026-09-18,2026-09-18T10:24:42Z,short_term,artist,24,2YZyLoL8N0Wb9xBt1NhZWg,Kendrick Lamar,,,,,6167418
2026-09-18,2026-09-18T10:24:42Z,short_term,artist,25,0wf0kncEWHLMGqYqXgZql8,Level Five,,,,,
2026-09-18,2026-09-18T10:24:42Z,short_term,artist,26,7Ln80lUS6He07XvHI8qqHH,Arctic Monkeys,,,,,4956340
2026-09-18,2026-09-18T10:24:42Z,short_term,artist,27,7fhlWsdi6oTTxj8d3uYIAn,Kaaktaal,,,,,
2026-09-18,2026-09-18T10:24:42Z,short_term,artist,28,5io6IfbYy6t9IBtzYdOwN9,Balam,,,,,
2026-09-18,2026-09-18T10:24:42Z,short_term,artist,29,1AbJ2cmwK400LSvdvBL5Jc,Strawberry Guy,,,,,51189
2026-09-18,2026-09-18T10:24:42Z,short_term,artist,30,66CXWjxzNUsdJxJ2JdwvnR,Ariana Grande,,,,,13420271
2026-09-18,2026-09-18T10:24:42Z,short_term,artist,31,6IRouO5mvvfcyxtPDKMYFN,Foreigner,,,,,242955
2026-09-18,2026-09-18T10:24:42Z,short_term,artist,32,6LEG9Ld1aLImEFEVHdWNSB,AP Dhillon,,,,,28528
2026-09-18,2026-09-18T10:24:42Z,short_term,artist,33,700c9Qz2z6HZKTumeliKAw,LONOWN,,,,,9933
2026-09-18,2026-09-18T10:24:42Z,short_term,artist,34,0dgJbQ0bKPyUXco8hEXN7X,Øneheart,,,,,28777
2026-09-18,2026-09-18T10:24:42Z,short_term,artist,35,0qjWYusrckF9BpkvWaoKRO,Cozy Coffee Shop,,,,,
2026-09-18,2026-09-18T10:24:42Z,short_term,artist,36,1fa0cOhromAZdq2xRA4vv8,Simply Red,,,,,928555
2026-09-18,2026-09-18T10:24:42Z,short_term,artist,37,1mYsTxnqsietFxj1OgoGbG,A.R. Rahman,,,,,6381
2026-09-18,2026-09-18T10:24:42Z,short_term,artist,38,2oSONSC9zQ4UonDKnLqksx,Atif Aslam,,,,,221118
2026-09-18,2026-09-18T10:24:42Z,short_term,artist,39,3DeHMjvYP73Pycy8va8RKY,Arnob,,,,,
2026-09-18,2026-09-18T10:24:42Z,short_term,artist,40,3mIj9lX2MWuHmhNCA7LSCW,The 1975,,,,,606647
2026-09-18,2026-09-18T10:24:42Z,short_term,artist,41,465OXuCU8YZNmVG1leLwQ9,Shashwat Sachdev,,,,,440
2026-09-18,2026-09-18T10:24:42Z,short_term,artist,42,4gzpq5DPGxSnKTe4SA8HAU,Coldplay,,,,,18381342
2026-09-18,2026-09-18T10:24:42Z,short_term,artist,43,6XwwFnewNgWp81MYMK8zLq,Edward Maya,,,,,173241
2026-09-18,2026-09-18T10:24:42Z,short_term,artist,44,7CajNmpbOovFoOoasH2HaY,Calvin Harris,,,,,12321788
2026-09-18,2026-09-18T10:24:42Z,short_term,artist,45,0SPHOEwCSzS2yrC6S24usM,Warm Blanket,,,,,
2026-09-18,2026-09-18T10:24:42Z,short_term,artist,46,3hWCBAZoHjCoAXPjejhCwr,Cozy Wood,,,,,
2026-09-18,2026-09-18T10:24:42Z,short_term,artist,47,703kRYCTy8bqt8iWhJrBX8,Chien Do,,,,,
2026-09-18,2026-09-18T10:24:42Z,short_term,artist,48,0eJZnvOfks7OleQxORVuF7,Cozy Room,,,,,
2026-09-18,2026-09-18T10:24:42Z,short_term,artist,49,2b9qemp1Y8NuEbY4RMYHY1,Jazzy Coffee,,,,,
2026-09-18,2026-09-18T10:24:42Z,short_term,artist,50,462hgoSSVau039BHOvX1sk,Cozy Bedroom,,,,,
2026-09-18,2026-09-18T10:24:42Z,short_term,track,1,0bxRSMz5WY1VuMmOhanE4b,Baptized In Fear,,1Xyo4u8uXC1ZmMpatF05PJ,6iyZdOoujtOwiThdAUI8TM,232176,
2026-09-18,2026-09-18T10:24:42Z,short_term,track,2,7LvHieZe4yPYpDRF0OPCmk,Ekanto Golaap,,37LGjqM0je1KNrLRD3MZ47,16PdkicE350PBwzKQAHmkw,257661,
2026-09-18,2026-09-18T10:24:42Z,short_term,track,3,4UKjQODokAfEMaTgvTHbVX,Sila,,5mWQT8CLTa4mAQAJdFjHb1,6YqbrXnmuh8lxNEFeHNOcA,248413,
2026-09-18,2026-09-18T10:24:42Z,short_term,track,4,6CKoWCWAqEVWVjpeoJXyNH,Shape Of My Heart,,0Ty63ceoRnnJKVEYP0VQpk,5kV0KBXfELibs6qQJLmOtg,279226,
2026-09-18,2026-09-18T10:24:42Z,short_term,track,5,3VJpl4jrFSqY3Y6mAzqfux,Har Baar,,6hIXwlI4wny3zYuB6cDBBk,1oRAxwfxb55WuW7KjSx5uw,250285,
2026-09-18,2026-09-18T10:24:42Z,short_term,track,6,1i5oEx2vFczQ2sCY3c6Kn5,Love Hurts,,6fvN9GmMCVKb5LY0WsnjFP,5Zwyrn62m3Pyc0nvRa9CHF,233133,
2026-09-18,2026-09-18T10:24:42Z,short_term,track,7,5hc71nKsUgtwQ3z52KEKQk,Somebody Else,,3mIj9lX2MWuHmhNCA7LSCW,1JFmNyVPdBF1ECvv4fhpW4,347520,
2026-09-18,2026-09-18T10:24:42Z,short_term,track,8,1uvyZBs4IZYRebHIB1747m,Purple Rain,,5a2EaR3hamoenG9rDuVn8j,2umoqwMrmjBBPeaqgYu6J9,521866,
2026-09-18,2026-09-18T10:24:42Z,short_term,track,9,1XTijOjVgekZjRXwgJ2VSE,Bhool,,6hIXwlI4wny3zYuB6cDBBk,4MIPkmbrYvZqLdzLwaQRF9,244800,
2026-09-18,2026-09-18T10:24:42Z,short_term,track,10,2TQve4B4jpyUqvxDHzNZAu,Kokuten (Sasuke's Epic Theme from Naruto),,6ibMMTrcvRnEjaxi432r6o,5fIIBXeO9GlqxfTWidHOUt,132751,
2026-09-18,2026-09-18T10:24:42Z,short_term,track,11,2v0AG62ZHtD3I4YmTb3WYM,Niagara Falls,,1Xyo4u8uXC1ZmMpatF05PJ,3OxfaVgvTxUTy7276t7SPU,277274,
2026-09-18,2026-09-18T10:24:42Z,short_term,track,12,7oNZfE9wnu7SP55LwNSiKG,Hum,,6hIXwlI4wny3zYuB6cDBBk,7idG3a5Nmotd02hA6ifD0f,275076,
2026-09-18,2026-09-18T10:24:42Z,short_term,track,13,1uvn7eP1I7mIKGvpsqDcoW,bipolar,,2LbjW13j6rNtFgYcPjR2ur,5MOmkgxIJLtmoapI60uK6A,132418,
2026-09-18,2026-09-18T10:24:42Z,short_term,track,14,1GDJhAiO9tqjMuDWFad0IF,Woh,,6hIXwlI4wny3zYuB6cDBBk,2tbamcNG4xK0jKrd1lSzXX,237672,
2026-09-18,2026-09-18T10:24:42Z,short_term,track,15,0stJVUUSrbEwyFHOp2dRu0,Open Hearts,,1Xyo4u8uXC1ZmMpatF05PJ,6iyZdOoujtOwiThdAUI8TM,234923,
2026-09-18,2026-09-18T10:24:42Z,short_term,track,16,40gvh6jP5qxMJuMmF9lG9A,Baby Came Home 2 / Valentines,,77SW9BnxLY8rJ0RciFqkHh,18iFxjZugvKhuNNMbLjZJF,390502,
2026-09-18,2026-09-18T10:24:42Z,short_term,track,17,2Y04ZSRKADiBdKHLaF1RtG,Abar Dekha Holey - Karagarer Version,,7fhlWsdi6oTTxj8d3uYIAn,1wMFZJbHN2DdTqos4EnDMw,366360,
2026-09-18,2026-09-18T10:24:42Z,short_term,track,18,70YTBH8vOGJNMhy6186yFm,Heavenly,,1QAJqy2dA3ihHBFIHRphZj,4uQ5kFmXQdCxz3WvM4UUzy,286773,
2026-09-18,2026-09-18T10:24:42Z,short_term,track,19,2y8mkajKikV5S1PRCMQ5WL,KALYANI (with Shreya Ghoshal) - Remix,,5j2JTk8JqepIgv1zxYOuIi,7JIw6me0sSXfs4nGwNaTHw,269387,
2026-09-18,2026-09-18T10:24:42Z,short_term,track,20,6JB0h4leDJ4Akabtu42Epd,Tere Pyar Main,,6znPk9JRNmg6uyB6h8nJu3,1lCyYMOz15QK4vhcUxHxEW,302706,
2026-09-18,2026-09-18T10:24:42Z,short_term,track,21,65krtHkaYLPr0mEbjL61UP,Kiss of Life,,47zz7sob9NUcODy0BTDvKx,3uSWaQxJAdm5MWKQkQJNoK,251333,
2026-09-18,2026-09-18T10:24:42Z,short_term,track,22,0ZGfGStyu8s02fzpmmOF2l,Pyaar Mein,,6hIXwlI4wny3zYuB6cDBBk,73LzbMdjxsCA3ItV7KtHYo,216000,
2026-09-18,2026-09-18T10:24:42Z,short_term,track,23,1Snko28yJOihcRVXs9dAo9,Chamber Of Reflection,,3Sz7ZnJQBIHsXLUSo0OQtM,2r63qjVnXyfTc2eJRSptxS,231723,
2026-09-18,2026-09-18T10:24:42Z,short_term,track,24,6ux2llhjAuhSLggEaBoaLY,i think i'm addicted,,28ntgpEkMU9Zm7F3gLDMhZ,6Kx70JcyksQYEnP69i8Idj,158520,
2026-09-18,2026-09-18T10:24:42Z,short_term,track,25,1FzbOPWCZiNxnLjAhY1jAR,In And Out Of Love,,0SfsnGyD8FpIN4U4WCkBZ5,07UKYOTXfIdPwnL7iO0lJB,181680,
2026-09-18,2026-09-18T10:24:42Z,short_term,track,26,0JIMT9gzLIIz0esKLyjbKf,Telephones,,0U7iI0Dk4Ojvi17nZboNO4,3Ull45eHLzGXtElhKHFJ7C,212432,
2026-09-18,2026-09-18T10:24:42Z,short_term,track,27,3jv9Mt5gKA8rwXoELAfKex,Beparwah,,6hIXwlI4wny3zYuB6cDBBk,2xMxW7Z8ij0xc41wExsXGE,193157,
2026-09-18,2026-09-18T10:24:42Z,short_term,track,28,2PpYJcgJN6PzozUv7rU669,stellar,,2LbjW13j6rNtFgYcPjR2ur,4gF0aKdd26DsLMbDcLdJdc,99672,
2026-09-18,2026-09-18T10:24:42Z,short_term,track,29,0WiMJIxYYEex2AqhRqzV3u,For the First Time,,3Sz7ZnJQBIHsXLUSo0OQtM,0NEyPH2WTU7NAPxebB7z4g,182306,
2026-09-18,2026-09-18T10:24:42Z,short_term,track,30,3AWDeHLc88XogCaCnZQLVI,Cry For Me,,1Xyo4u8uXC1ZmMpatF05PJ,3OxfaVgvTxUTy7276t7SPU,224136,
2026-09-18,2026-09-18T10:24:42Z,short_term,track,31,6rY5FAWxCdAGllYEOZMbjW,SLOW DANCING IN THE DARK,,3MZsBdqDrRTJihTHQrO6Dq,5mIImcsuqpiSXg8XvFr81I,209273,
2026-09-18,2026-09-18T10:24:42Z,short_term,track,32,4Fv6wNYUixnYkj3Dgfrls8,Tumblr Girls (feat. Christoph Andersson),,02kJSzxNuaWGqwubyUba0Z,6wDc63NhKy2PyXdbhkRmrl,255680,
2026-09-18,2026-09-18T10:24:42Z,short_term,track,33,5LmvjYl6SZsea5QGdm4aN7,Nightdriver,,3qskfyIRwZtp6uIfj6OFcL,7EjeqIsIVy3DpV8LY5TJvE,276610,
2026-09-18,2026-09-18T10:24:42Z,short_term,track,34,07SnvbvFJ1jUzpoBp9N4Cc,addiction - Slowed,,700c9Qz2z6HZKTumeliKAw,4JBvjA0JHPfG0RUWA3tIue,233480,
2026-09-18,2026-09-18T10:24:42Z,short_term,track,35,6sKxXqDGkKROr3Z3Na32nv,Stereo Love (Radio Edit),,6XwwFnewNgWp81MYMK8zLq,1Xr0RdpL9S72ior2FCgH6y,184015,
2026-09-18,2026-09-18T10:24:42Z,short_term,track,36,6mHTwIXqZtuQUF1fEkrhFB,Tum,,6hIXwlI4wny3zYuB6cDBBk,4INFMJi3SwIEWixQjlMNig,258750,
2026-09-18,2026-09-18T10:24:42Z,short_term,track,37,0bOU1vG7BIgTRwqe1F44lR,Maya,,1zNTZaTb1hfkZCynCw6kUq,6hacmZUSczCdE8VJPRFZvq,244500,
2026-09-18,2026-09-18T10:24:42Z,short_term,track,38,5rK4GDNiHYC3NUPV3ME4J4,Has To Be,,4g3JG556dlxAQVKpqTbedB,3qK9D70gyPRhGGgNsvutpy,115744,
2026-09-18,2026-09-18T10:24:42Z,short_term,track,39,4LxDdYU3x9tyDxy3CghqdC,Sunrise,,1fa0cOhromAZdq2xRA4vv8,7b9Yl2gyEMKlDY97pcBPGd,199040,
2026-09-18,2026-09-18T10:24:42Z,short_term,track,40,0xIuPDzJSnJywALez8dwKR,With You,,6LEG9Ld1aLImEFEVHdWNSB,30eM1PJ8qLZJeEykhcje0j,154554,
2026-09-18,2026-09-18T10:24:42Z,short_term,track,41,4cYllEeJVH7dWKwQxpbk42,The Abyss (feat. Lana Del Rey),,1Xyo4u8uXC1ZmMpatF05PJ,6iyZdOoujtOwiThdAUI8TM,282873,
2026-09-18,2026-09-18T10:24:42Z,short_term,track,42,4oahRRZECfGud6eL7Lj7CO,Opening Night,,1Xyo4u8uXC1ZmMpatF05PJ,6iyZdOoujtOwiThdAUI8TM,96024,
2026-09-18,2026-09-18T10:24:42Z,short_term,track,43,4ppTAJUbNXELZcoUaL90wo,Try Me,,1Xyo4u8uXC1ZmMpatF05PJ,4qZBW3f2Q8y0k1A84d4iAO,221106,
2026-09-18,2026-09-18T10:24:42Z,short_term,track,44,5QO79kh1waicV47BqGRL3g,Save Your Tears,,1Xyo4u8uXC1ZmMpatF05PJ,4yP0hdKOZPNshxUOjY0cZj,215626,
2026-09-18,2026-09-18T10:24:42Z,short_term,track,45,00WLowvlN5cjkYpQV6pjo4,Die For You,,3MZsBdqDrRTJihTHQrO6Dq,39VuC5rYQHAnR6xQwm1WDk,211666,
2026-09-18,2026-09-18T10:24:42Z,short_term,track,46,7CL1T9G9yTPz0LtVMBUHbm,Saya Figan,,6hIXwlI4wny3zYuB6cDBBk,5WxuNDljcrekADP47zKFy2,283500,
2026-09-18,2026-09-18T10:24:42Z,short_term,track,47,1oAwsWBovWRIp7qLMGPIet,Apocalypse,,1QAJqy2dA3ihHBFIHRphZj,5chTLnnxlxQVAgEv6YbEBe,290146,
2026-09-18,2026-09-18T10:24:42Z,short_term,track,48,4YWKbpls9OcdXAsTRd7ERR,Naam Chilo Na,,3DeHMjvYP73Pycy8va8RKY,7s3LFL8muKHc6PEhZfhOhh,237479,
2026-09-18,2026-09-18T10:24:42Z,short_term,track,49,7bxaFZ1O3cHkgLKMsdC3xR,Loser,,5INjqkS1o8h1imAzPqGZBb,5WulAOx9ilWy1h8UGZ1gkI,223069,
2026-09-18,2026-09-18T10:24:42Z,short_term,track,50,1CyEFdvmN9PgMyrDLhKpzk,Things Change,,1kwRrQDCpXpVliMDntpxCt,4FpZTodkc6jTcjhO2j2sHr,272023,
2026-09-19,2026-09-19T10:09:03Z,long_term,artist,1,1QAJqy2dA3ihHBFIHRphZj,Cigarettes After Sex,,,,,900123
2026-09-19,2026-09-19T10:09:03Z,long_term,artist,2,0dgJbQ0bKPyUXco8hEXN7X,Øneheart,,,,,28777
2026-09-19,2026-09-19T10:09:03Z,long_term,artist,3,1Xyo4u8uXC1ZmMpatF05PJ,The Weeknd,,,,,14673869
2026-09-19,2026-09-19T10:09:03Z,long_term,artist,4,3MZsBdqDrRTJihTHQrO6Dq,Joji,,,,,562912
2026-09-19,2026-09-19T10:09:03Z,long_term,artist,5,6hIXwlI4wny3zYuB6cDBBk,Murtaza Qizilbash,,,,,
2026-09-19,2026-09-19T10:09:03Z,long_term,artist,6,5y8tKLUfMvliMe8IKamR32,d4vd,,,,,142030
2026-09-19,2026-09-19T10:09:03Z,long_term,artist,7,7tYKF4w9nC0nq9CsPZTHyP,SZA,,,,,1328164
2026-09-19,2026-09-19T10:09:03Z,long_term,artist,8,6znPk9JRNmg6uyB6h8nJu3,Kaavish,,,,,
2026-09-19,2026-09-19T10:09:03Z,long_term,artist,9,1wRPtKGflJrBx9BmLsSwlU,Pritam,,,,,71109
2026-09-19,2026-09-19T10:09:03Z,long_term,artist,10,5INjqkS1o8h1imAzPqGZBb,Tame Impala,,,,,1134261
2026-09-19,2026-09-19T10:09:03Z,long_term,artist,11,78rUTD7y6Cy67W1RVzYs7t,PinkPantheress,,,,,237467
2026-09-19,2026-09-19T10:09:03Z,long_term,artist,12,77SW9BnxLY8rJ0RciFqkHh,The Neighbourhood,,,,,171
2026-09-19,2026-09-19T10:09:03Z,long_term,artist,13,47zz7sob9NUcODy0BTDvKx,Sade,,,,,1451755
2026-09-19,2026-09-19T10:09:03Z,long_term,artist,14,4gdMJYnopf2nEUcanAwstx,Anuv Jain,,,,,4263
2026-09-19,2026-09-19T10:09:03Z,long_term,artist,15,00FQb4jTyendYWaN8pK0wa,Lana Del Rey,,,,,5801333
2026-09-19,2026-09-19T10:09:03Z,long_term,artist,16,5mWQT8CLTa4mAQAJdFjHb1,Abdul Hannan,,,,,849
2026-09-19,2026-09-19T10:09:03Z,long_term,artist,17,2YZyLoL8N0Wb9xBt1NhZWg,Kendrick Lamar,,,,,6167418
2026-09-19,2026-09-19T10:09:03Z,long_term,artist,18,4gzpq5DPGxSnKTe4SA8HAU,Coldplay,,,,,18381342
2026-09-19,2026-09-19T10:09:03Z,long_term,artist,19,05etL4pzWd6TSv1x5WrlG3,Faheem Abdullah,,,,,1526
2026-09-19,2026-09-19T10:09:03Z,long_term,artist,20,7Ln80lUS6He07XvHI8qqHH,Arctic Monkeys,,,,,4956340
2026-09-19,2026-09-19T10:09:03Z,long_term,artist,21,6ft7JnxMyZhp7N52qzHymY,Vansire,,,,,8337
2026-09-19,2026-09-19T10:09:03Z,long_term,artist,22,0Y6dVaC9DZtPNH4591M42W,TV Girl,,,,,445012
2026-09-19,2026-09-19T10:09:03Z,long_term,artist,23,3Sz7ZnJQBIHsXLUSo0OQtM,Mac DeMarco,,,,,559366
2026-09-19,2026-09-19T10:09:03Z,long_term,artist,24,4KRllJ2dEeoqvxOQLOgOsI,VØJ,,,,,12053
2026-09-19,2026-09-19T10:09:03Z,long_term,artist,25,4MrQDA45Gd0llLrwFUzimG,Flawed Mangoes,,,,,14592
2026-09-19,2026-09-19T10:09:03Z,long_term,artist,26,06O23tLg0or676h8EEzH7W,Pastel Ghost,,,,,56417
2026-09-19,2026-09-19T10:09:03Z,long_term,artist,27,700c9Qz2z6HZKTumeliKAw,LONOWN,,,,,9933
2026-09-19,2026-09-19T10:09:03Z,long_term,artist,28,3zmfs9cQwzJl575W1ZYXeT,Men I Trust,,,,,75725
2026-09-19,2026-09-19T10:09:03Z,long_term,artist,29,2exebQUDoIoT0dXA8BcN1P,Home,,,,,9745
2026-09-19,2026-09-19T10:09:03Z,long_term,artist,30,2jku7tDXc6XoB6MO2hFuqg,Tory Lanez,,,,,764818
2026-09-19,2026-09-19T10:09:03Z,long_term,artist,31,6YJ4EgQzDfJnIHRbqIHAdD,Idealism,,,,,7202
2026-09-19,2026-09-19T10:09:03Z,long_term,artist,32,0wf0kncEWHLMGqYqXgZql8,Level Five,,,,,
2026-09-19,2026-09-19T10:09:03Z,long_term,artist,33,17XXKfRBMCWvLrqGoNkJXm,Engelbert Humperdinck,,,,,46537
2026-09-19,2026-09-19T10:09:03Z,long_term,artist,34,4RRmL81NhhouCKGo8I6GaU,ADTurnUp,,,,,3003
2026-09-19,2026-09-19T10:09:03Z,long_term,artist,35,1cGyguqPQY22oUd4fKglFS,pxlse.,,,,,134
2026-09-19,2026-09-19T10:09:03Z,long_term,artist,36,7gW0r5CkdEUMm42w9XpyZO,Laufey,,,,,245985
2026-09-19,2026-09-19T10:09:03Z,long_term,artist,37,5cj0lLjcoR7YOSnhnX0Po5,Doja Cat,,,,,38
2026-09-19,2026-09-19T10:09:03Z,long_term,artist,38,2sSGPbdZJkaSE2AbcGOACx,The Marías,,,,,147167
2026-09-19,2026-09-19T10:09:03Z,long_term,artist,39,3TVXtAsR1Inumwj472S9r4,Drake,,,,,24078532
2026-09-19,2026-09-19T10:09:03Z,long_term,artist,40,1mYsTxnqsietFxj1OgoGbG,A.R. Rahman,,,,,6381
2026-09-19,2026-09-19T10:09:03Z,long_term,artist,41,3DeHMjvYP73Pycy8va8RKY,Arnob,,,,,
2026-09-19,2026-09-19T10:09:03Z,long_term,artist,42,5K4W6rqBFWDnAN6FQUkS6x,Kanye West,,,,,4543215
2026-09-19,2026-09-19T10:09:03Z,long_term,artist,43,0klU31gyC6EZqKgLvVANCy,tomcbumpz,,,,,1078
2026-09-19,2026-09-19T10:09:03Z,long_term,artist,44,19ra5tSw0tWufvUp8GotLo,George Michael,,,,,1497406
2026-09-19,2026-09-19T10:09:03Z,long_term,artist,45,3iGhlvzpXc0UHBQ7klAItX,Mitraz,,,,,1419
2026-09-19,2026-09-19T10:09:03Z,long_term,artist,46,2h93pZq0e7k5yf4dywlkpM,Frank Ocean,,,,,1260874
2026-09-19,2026-09-19T10:09:03Z,long_term,artist,47,36QJpDe2go2KgaRleHCDTp,Led Zeppelin,,,,,5538981
2026-09-19,2026-09-19T10:09:03Z,long_term,artist,48,0hEurMDQu99nJRq8pTxO14,John Mayer,,,,,1037775
2026-09-19,2026-09-19T10:09:03Z,long_term,artist,49,4yvcSjfu4PC0CYQyLy4wSq,Glass Animals,,,,,321997
2026-09-19,2026-09-19T10:09:03Z,long_term,artist,50,3yKoHgjtyenCOIRaD2Gghu,Cafe Music BGM channel,,,,,10759
2026-09-19,2026-09-19T10:09:03Z,long_term,track,1,2PpYJcgJN6PzozUv7rU669,stellar,,2LbjW13j6rNtFgYcPjR2ur,4gF0aKdd26DsLMbDcLdJdc,99672,
2026-09-19,2026-09-19T10:09:03Z,long_term,track,2,0X4YYZtZcvqNqYIpMd93IT,i was only temporary,,7pxIYxdkx2675ZGKSAPBAy,24tfAQTRqLfKw5bFjMhc4m,98621,
2026-09-19,2026-09-19T10:09:03Z,long_term,track,3,4xF4ZBGPZKxECeDFrqSAG4,snowfall,,0dgJbQ0bKPyUXco8hEXN7X,4NRsGHlWBTl4rdLcq8CKcH,124065,
2026-09-19,2026-09-19T10:09:03Z,long_term,track,4,28pUgp8Cifsnwrv5Mvltyz,nagashi,,6YJ4EgQzDfJnIHRbqIHAdD,5tfqUZ5RcSWcYn5mWYQ4PK,109948,
2026-09-19,2026-09-19T10:09:03Z,long_term,track,5,00RLNHc2jkEjUoCUlFgPVT,welcome and goodbye,,0qZyvjwZauLmrobrpJmvib,0hZJDoAmB6xVegy0o1eAZd,140643,
2026-09-19,2026-09-19T10:09:03Z,long_term,track,6,6JCkLyhLxufrb10cem9WA6,彩霞,,64mecceQewFCKwCK6JBW0o,1GoWJc6XFiHW1ewHcY1Xqm,134053,
2026-09-19,2026-09-19T10:09:03Z,long_term,track,7,1uvn7eP1I7mIKGvpsqDcoW,bipolar,,2LbjW13j6rNtFgYcPjR2ur,5MOmkgxIJLtmoapI60uK6A,132418,
2026-09-19,2026-09-19T10:09:03Z,long_term,track,8,2mlNgAeIBnL78ZriXgrRHz,Glimpse of Us,,3MZsBdqDrRTJihTHQrO6Dq,39VuC5rYQHAnR6xQwm1WDk,233453,
2026-09-19,2026-09-19T10:09:03Z,long_term,track,9,6rY5FAWxCdAGllYEOZMbjW,SLOW DANCING IN THE DARK,,3MZsBdqDrRTJihTHQrO6Dq,5mIImcsuqpiSXg8XvFr81I,209273,
2026-09-19,2026-09-19T10:09:03Z,long_term,track,10,1A7qPfbcyRVEdcZiwTFhZI,Memory Reboot,,4KRllJ2dEeoqvxOQLOgOsI,134MPeCAA7a1yRC1rRFQCx,209416,
2026-09-19,2026-09-19T10:09:03Z,long_term,track,11,1XTijOjVgekZjRXwgJ2VSE,Bhool,,6hIXwlI4wny3zYuB6cDBBk,4MIPkmbrYvZqLdzLwaQRF9,244800,
2026-09-19,2026-09-19T10:09:03Z,long_term,track,12,1oAwsWBovWRIp7qLMGPIet,Apocalypse,,1QAJqy2dA3ihHBFIHRphZj,5chTLnnxlxQVAgEv6YbEBe,290146,
2026-09-19,2026-09-19T10:09:03Z,long_term,track,13,7mDTvYD2ieE4Q28XFziMfJ,Cry,,1QAJqy2dA3ihHBFIHRphZj,63yRRBtLX8eqbOLD6f0y9U,256799,
2026-09-19,2026-09-19T10:09:03Z,long_term,track,14,4XTgFBxBHN6var1BzAgE1m,Jhol,,3scNK8e4mqnP6Rb8a3lwZY,7grtFo2pj5wwRTM7c6NI9y,265817,
2026-09-19,2026-09-19T10:09:03Z,long_term,track,15,0SCLsDJtC7DmOwks1tsszt,Romantic Homicide,,5y8tKLUfMvliMe8IKamR32,3rrrTOHiXGzuW4FP7t0O1A,132630,
2026-09-19,2026-09-19T10:09:03Z,long_term,track,16,7F2nEClWeQ3x5ycA5qtKOI,a million faces,,5pQD8yR8sjmxwgZfLnZzmT,49jPojLRuWp71LnK3Y3ClE,102068,
2026-09-19,2026-09-19T10:09:03Z,long_term,track,17,37s1WRi8s1rZysbjvBGrEd,Divine Failure,,3IhhgswUBInj1W5gEz92T6,2Xz9bocL8qWYmMnS4jyzFY,151111,
2026-09-19,2026-09-19T10:09:03Z,long_term,track,18,4sh8w9hWn04EWoCAeIRdQm,Freaks but Slowed Muffled Echo,,4LMTEaUZGbmDx1xcW08hmE,0bDhcvA7GKReXml1bVUSUa,176041,
2026-09-19,2026-09-19T10:09:03Z,long_term,track,19,5e0b9LgOfi3aJSKXFcOWRe,Beanie,,1EmdfupUQDpXOcb4Nj2mBH,3sgTZuoyovg4bR5iTgQoo3,132160,
2026-09-19,2026-09-19T10:09:03Z,long_term,track,20,3hB9lDLyAClYVZivMMl20N,Co2,,0tC995Rfn9k2l7nqgCZsV7,4WLh56ZjwINYBNhaxLvEhA,163653,
2026-09-19,2026-09-19T10:09:03Z,long_term,track,21,0JIMT9gzLIIz0esKLyjbKf,Telephones,,0U7iI0Dk4Ojvi17nZboNO4,3Ull45eHLzGXtElhKHFJ7C,212432,
2026-09-19,2026-09-19T10:09:03Z,long_term,track,22,69KUKhBqyGvtO1jtJwZEcv,Fainted,,3QZtwiUoyaXbl1JssMPIQ7,5TQu0bEFSLXXVqrGNIXyKM,249600,
2026-09-19,2026-09-19T10:09:03Z,long_term,track,23,3GUSidbQwd7xuvU6AQorRh,Keep on Loving You,,1QAJqy2dA3ihHBFIHRphZj,3gbJSNFlAe2CjqIjMOeMw1,233000,
2026-09-19,2026-09-19T10:09:03Z,long_term,track,24,5LrN7yUQAzvthd4QujgPFr,Here With Me,,5y8tKLUfMvliMe8IKamR32,3rrrTOHiXGzuW4FP7t0O1A,242484,
2026-09-19,2026-09-19T10:09:03Z,long_term,track,25,6RiiSy9GzSwiyDEJDiMuKe,Something About You,,3XxNRirzbjfLdDli06zMaB,0QB8JzlX70ame6G972aEF1,153312,
2026-09-19,2026-09-19T10:09:03Z,long_term,track,26,70tmdhbUPcVxIxCIpChscl,next to you,,0dgJbQ0bKPyUXco8hEXN7X,7dG0UKYNW0hOIr824ZvTYh,123750,
2026-09-19,2026-09-19T10:09:03Z,long_term,track,27,5E02BgqYNN9VzafXrYP6Np,Heavenly,,1QAJqy2dA3ihHBFIHRphZj,63yRRBtLX8eqbOLD6f0y9U,286773,
2026-09-19,2026-09-19T10:09:03Z,long_term,track,28,0DTSnA1bcVI5niJzoyBPyZ,Past Won't Leave My Bed,,3MZsBdqDrRTJihTHQrO6Dq,5JJpyK4SILx6UXJBiT1twN,166106,
2026-09-19,2026-09-19T10:09:03Z,long_term,track,29,2OrucC3HEPmZpkaQ05Nx0V,novocaine,,6hxcqtqpmf08pTDkffU5xx,1fm7CNqCCdnqOoxdb23VTs,195605,
2026-09-19,2026-09-19T10:09:03Z,long_term,track,30,2TQve4B4jpyUqvxDHzNZAu,Kokuten (Sasuke's Epic Theme from Naruto),,6ibMMTrcvRnEjaxi432r6o,5fIIBXeO9GlqxfTWidHOUt,132751,
2026-09-19,2026-09-19T10:09:03Z,long_term,track,31,0qPoQiQIhgyMaP7X78hxri,Akhiyaan Gulaab,,3iGhlvzpXc0UHBQ7klAItX,0KvWbswDD0ksvFayBl6gUz,171147,
2026-09-19,2026-09-19T10:09:03Z,long_term,track,32,5rK4GDNiHYC3NUPV3ME4J4,Has To Be,,4g3JG556dlxAQVKpqTbedB,3qK9D70gyPRhGGgNsvutpy,115744,
2026-09-19,2026-09-19T10:09:03Z,long_term,track,33,4UKjQODokAfEMaTgvTHbVX,Sila,,5mWQT8CLTa4mAQAJdFjHb1,6YqbrXnmuh8lxNEFeHNOcA,248413,
2026-09-19,2026-09-19T10:09:03Z,long_term,track,34,0j3mqDTK4Z6lvrLzFCUUz6,Good Looking,,5GGJosGMs08YEmKTZJe1fL,78rO0EfpVs1RPfpxzF6kUz,214800,
2026-09-19,2026-09-19T10:09:03Z,long_term,track,35,40iDbkPRNNpACrwoCuyRtk,Interlinked - Slowed,,4Bv8nfuBV3hv0yVXXgYozl,03HFE1r5ICujfATGcSkXCV,230000,
2026-09-19,2026-09-19T10:09:03Z,long_term,track,36,3hEfpBHxgieRLz4t3kLNEg,About You,,3mIj9lX2MWuHmhNCA7LSCW,0kvoCDiWdZ7eHPW7xvdg3z,326490,
2026-09-19,2026-09-19T10:09:03Z,long_term,track,37,6mHTwIXqZtuQUF1fEkrhFB,Tum,,6hIXwlI4wny3zYuB6cDBBk,4INFMJi3SwIEWixQjlMNig,258750,
2026-09-19,2026-09-19T10:09:03Z,long_term,track,38,6JB0h4leDJ4Akabtu42Epd,Tere Pyar Main,,6znPk9JRNmg6uyB6h8nJu3,1lCyYMOz15QK4vhcUxHxEW,302706,
2026-09-19,2026-09-19T10:09:03Z,long_term,track,39,3VJpl4jrFSqY3Y6mAzqfux,Har Baar,,6hIXwlI4wny3zYuB6cDBBk,1oRAxwfxb55WuW7KjSx5uw,250285,
2026-09-19,2026-09-19T10:09:03Z,long_term,track,40,75IQVo8hqI1iwVZyvkN2VT,Show Me How,,3zmfs9cQwzJl575W1ZYXeT,7mUYDBqNiddmKxuKrnBEKQ,215110,
2026-09-19,2026-09-19T10:09:03Z,long_term,track,41,3p4hRhMcb6ch8OLtATMaLw,Cry,,1QAJqy2dA3ihHBFIHRphZj,4uQ5kFmXQdCxz3WvM4UUzy,256799,
2026-09-19,2026-09-19T10:09:03Z,long_term,track,42,4t9vB7wIKWE5jIhjcztmmd,Iris,,06O23tLg0or676h8EEzH7W,3sy3jRg8KrsGYNAuHPQnqk,218384,
2026-09-19,2026-09-19T10:09:03Z,long_term,track,43,4ppTAJUbNXELZcoUaL90wo,Try Me,,1Xyo4u8uXC1ZmMpatF05PJ,4qZBW3f2Q8y0k1A84d4iAO,221106,
2026-09-19,2026-09-19T10:09:03Z,long_term,track,44,5TTGoX70AFrTvuEtqHK37S,No. 1 Party Anthem,,7Ln80lUS6He07XvHI8qqHH,78bpIziExqiI9qztvNFlQu,243131,
2026-09-19,2026-09-19T10:09:03Z,long_term,track,45,29KwH2LEjfWEtiC2jCrLVw,Amore mio aiutami - Main Theme,,2WPn0emjr8XPmMOT0bBcPe,5ekkoKz391PScKKZRCmgDF,234026,
2026-09-19,2026-09-19T10:09:03Z,long_term,track,46,6MRD4fDXBbqa0xodmaFk8Q,Everybody Wants To Rule The World - Sped Up Version,,4bthk9UfsYUYdcFyqxmSUU,1OCUxmIIq0Q1Mj3AFATzsI,183634,
2026-09-19,2026-09-19T10:09:03Z,long_term,track,47,4QzZVJc6qPTtTkPem7qZRo,The Lamp Is Low,,5PkDpzWMZR7Id1vldhF8Qk,2KZIJx4RtZ1seAa6pa6ugl,170790,
2026-09-19,2026-09-19T10:09:03Z,long_term,track,48,612zd3tyOwz52c7c67orZx,safe again,,5np27CiKTBMaIEPqTCrqBF,554ghCNlV34hilih8ujx3T,142237,
2026-09-19,2026-09-19T10:09:03Z,long_term,track,49,5ZP8LfM7TezqoxF9yp6VzX,Stop Waiting,,1QAJqy2dA3ihHBFIHRphZj,1altYQrIlTUBxLKPEkVxgh,362973,
2026-09-19,2026-09-19T10:09:03Z,long_term,track,50,1hlbywc8Jhl1FFqJxAMabE,Ishq,,05etL4pzWd6TSv1x5WrlG3,013jUXOfDFXnDMBetTdsiH,224842,
2026-09-19,2026-09-19T10:09:03Z,medium_term,artist,1,3MZsBdqDrRTJihTHQrO6Dq,Joji,,,,,562912
2026-09-19,2026-09-19T10:09:03Z,medium_term,artist,2,6hIXwlI4wny3zYuB6cDBBk,Murtaza Qizilbash,,,,,
2026-09-19,2026-09-19T10:09:03Z,medium_term,artist,3,1Xyo4u8uXC1ZmMpatF05PJ,The Weeknd,,,,,14673869
2026-09-19,2026-09-19T10:09:03Z,medium_term,artist,4,1QAJqy2dA3ihHBFIHRphZj,Cigarettes After Sex,,,,,900123
2026-09-19,2026-09-19T10:09:03Z,medium_term,artist,5,05etL4pzWd6TSv1x5WrlG3,Faheem Abdullah,,,,,1526
2026-09-19,2026-09-19T10:09:03Z,medium_term,artist,6,700c9Qz2z6HZKTumeliKAw,LONOWN,,,,,9933
2026-09-19,2026-09-19T10:09:03Z,medium_term,artist,7,47zz7sob9NUcODy0BTDvKx,Sade,,,,,1451755
2026-09-19,2026-09-19T10:09:03Z,medium_term,artist,8,6znPk9JRNmg6uyB6h8nJu3,Kaavish,,,,,
2026-09-19,2026-09-19T10:09:03Z,medium_term,artist,9,1cGyguqPQY22oUd4fKglFS,pxlse.,,,,,134
2026-09-19,2026-09-19T10:09:03Z,medium_term,artist,10,77SW9BnxLY8rJ0RciFqkHh,The Neighbourhood,,,,,171
2026-09-19,2026-09-19T10:09:03Z,medium_term,artist,11,3Sz7ZnJQBIHsXLUSo0OQtM,Mac DeMarco,,,,,559366
2026-09-19,2026-09-19T10:09:03Z,medium_term,artist,12,5INjqkS1o8h1imAzPqGZBb,Tame Impala,,,,,1134261
2026-09-19,2026-09-19T10:09:03Z,medium_term,artist,13,5y8tKLUfMvliMe8IKamR32,d4vd,,,,,142030
2026-09-19,2026-09-19T10:09:03Z,medium_term,artist,14,0klU31gyC6EZqKgLvVANCy,tomcbumpz,,,,,1078
2026-09-19,2026-09-19T10:09:03Z,medium_term,artist,15,7Ln80lUS6He07XvHI8qqHH,Arctic Monkeys,,,,,4956340
2026-09-19,2026-09-19T10:09:03Z,medium_term,artist,16,5mWQT8CLTa4mAQAJdFjHb1,Abdul Hannan,,,,,849
2026-09-19,2026-09-19T10:09:03Z,medium_term,artist,17,1wRPtKGflJrBx9BmLsSwlU,Pritam,,,,,71109
2026-09-19,2026-09-19T10:09:03Z,medium_term,artist,18,0wf0kncEWHLMGqYqXgZql8,Level Five,,,,,
2026-09-19,2026-09-19T10:09:03Z,medium_term,artist,19,4Z8W4fKeB5YxbusRsdQVPb,Radiohead,,,,,508
2026-09-19,2026-09-19T10:09:03Z,medium_term,artist,20,0Y6dVaC9DZtPNH4591M42W,TV Girl,,,,,445012
2026-09-19,2026-09-19T10:09:03Z,medium_term,artist,21,5cj0lLjcoR7YOSnhnX0Po5,Doja Cat,,,,,38
2026-09-19,2026-09-19T10:09:03Z,medium_term,artist,22,2jku7tDXc6XoB6MO2hFuqg,Tory Lanez,,,,,764818
2026-09-19,2026-09-19T10:09:03Z,medium_term,artist,23,4gdMJYnopf2nEUcanAwstx,Anuv Jain,,,,,4263
2026-09-19,2026-09-19T10:09:03Z,medium_term,artist,24,2h93pZq0e7k5yf4dywlkpM,Frank Ocean,,,,,1260874
2026-09-19,2026-09-19T10:09:03Z,medium_term,artist,25,60jYUgQzKAtnJoXKGk1GNn,Habib Wahid,,,,,
2026-09-19,2026-09-19T10:09:03Z,medium_term,artist,26,06eRdiCBgFUhiuFjei0eH2,Warfaze,,,,,
2026-09-19,2026-09-19T10:09:03Z,medium_term,artist,27,7tYKF4w9nC0nq9CsPZTHyP,SZA,,,,,1328164
2026-09-19,2026-09-19T10:09:03Z,medium_term,artist,28,17XXKfRBMCWvLrqGoNkJXm,Engelbert Humperdinck,,,,,46537
2026-09-19,2026-09-19T10:09:03Z,medium_term,artist,29,37LGjqM0je1KNrLRD3MZ47,Indalo,,,,,
2026-09-19,2026-09-19T10:09:03Z,medium_term,artist,30,7lzordPuZEXxwt9aoVZYmG,Billy Idol,,,,,604998
2026-09-19,2026-09-19T10:09:03Z,medium_term,artist,31,3DeHMjvYP73Pycy8va8RKY,Arnob,,,,,
2026-09-19,2026-09-19T10:09:03Z,medium_term,artist,32,59oBQlP5xoa5cfPkonNNnT,Nafeesisboujee,,,,,6933
2026-09-19,2026-09-19T10:09:03Z,medium_term,artist,33,0hEurMDQu99nJRq8pTxO14,John Mayer,,,,,1037775
2026-09-19,2026-09-19T10:09:03Z,medium_term,artist,34,66CXWjxzNUsdJxJ2JdwvnR,Ariana Grande,,,,,13420271
2026-09-19,2026-09-19T10:09:03Z,medium_term,artist,35,5c7JjKTazKNQubk2GjgbJT,Arekta Rock Band,,,,,
2026-09-19,2026-09-19T10:09:03Z,medium_term,artist,36,78rUTD7y6Cy67W1RVzYs7t,PinkPantheress,,,,,237467
2026-09-19,2026-09-19T10:09:03Z,medium_term,artist,37,3mIj9lX2MWuHmhNCA7LSCW,The 1975,,,,,606647
2026-09-19,2026-09-19T10:09:03Z,medium_term,artist,38,00FQb4jTyendYWaN8pK0wa,Lana Del Rey,,,,,5801333
2026-09-19,2026-09-19T10:09:03Z,medium_term,artist,39,1AbJ2cmwK400LSvdvBL5Jc,Strawberry Guy,,,,,51189
2026-09-19,2026-09-19T10:09:03Z,medium_term,artist,40,4dpARuHxo51G3z768sgnrY,Adele,,,,,15467816
2026-09-19,2026-09-19T10:09:03Z,medium_term,artist,41,0xRXCcSX89eobfrshSVdyu,MEDUZA,,,,,
2026-09-19,2026-09-19T10:09:03Z,medium_term,artist,42,2YZyLoL8N0Wb9xBt1NhZWg,Kendrick Lamar,,,,,6167418
2026-09-19,2026-09-19T10:09:03Z,medium_term,artist,43,5ThqNILsplOvwjj9kx0Hnt,Artcell,,,,,
2026-09-19,2026-09-19T10:09:03Z,medium_term,artist,44,2LbjW13j6rNtFgYcPjR2ur,.diedlonely,,,,,4224
2026-09-19,2026-09-19T10:09:03Z,medium_term,artist,45,3AA28KZvwAUcZuOKwyblJQ,Gorillaz,,,,,3014766
2026-09-19,2026-09-19T10:09:03Z,medium_term,artist,46,4yvcSjfu4PC0CYQyLy4wSq,Glass Animals,,,,,321997
2026-09-19,2026-09-19T10:09:03Z,medium_term,artist,47,0dgJbQ0bKPyUXco8hEXN7X,Øneheart,,,,,28777
2026-09-19,2026-09-19T10:09:03Z,medium_term,artist,48,2ElQWsoSpwUhYFFdFuHqse,Lorenzo Ferrara,,,,,
2026-09-19,2026-09-19T10:09:03Z,medium_term,artist,49,3ctnkEZGtVBTxS7IMin8nC,Instupendo,,,,,4624
2026-09-19,2026-09-19T10:09:03Z,medium_term,artist,50,7fhlWsdi6oTTxj8d3uYIAn,Kaaktaal,,,,,
2026-09-19,2026-09-19T10:09:03Z,medium_term,track,1,0X4YYZtZcvqNqYIpMd93IT,i was only temporary,,7pxIYxdkx2675ZGKSAPBAy,24tfAQTRqLfKw5bFjMhc4m,98621,
2026-09-19,2026-09-19T10:09:03Z,medium_term,track,2,2mlNgAeIBnL78ZriXgrRHz,Glimpse of Us,,3MZsBdqDrRTJihTHQrO6Dq,39VuC5rYQHAnR6xQwm1WDk,233453,
2026-09-19,2026-09-19T10:09:03Z,medium_term,track,3,1uvn7eP1I7mIKGvpsqDcoW,bipolar,,2LbjW13j6rNtFgYcPjR2ur,5MOmkgxIJLtmoapI60uK6A,132418,
2026-09-19,2026-09-19T10:09:03Z,medium_term,track,4,2PpYJcgJN6PzozUv7rU669,stellar,,2LbjW13j6rNtFgYcPjR2ur,4gF0aKdd26DsLMbDcLdJdc,99672,
2026-09-19,2026-09-19T10:09:03Z,medium_term,track,5,6rY5FAWxCdAGllYEOZMbjW,SLOW DANCING IN THE DARK,,3MZsBdqDrRTJihTHQrO6Dq,5mIImcsuqpiSXg8XvFr81I,209273,
2026-09-19,2026-09-19T10:09:03Z,medium_term,track,6,3J44gxX4AcRApFyympWPIB,Past Won't Leave My Bed,,3MZsBdqDrRTJihTHQrO6Dq,7MLyEn1CPizpS8bjZ7zzrT,166106,
2026-09-19,2026-09-19T10:09:03Z,medium_term,track,7,4UKjQODokAfEMaTgvTHbVX,Sila,,5mWQT8CLTa4mAQAJdFjHb1,6YqbrXnmuh8lxNEFeHNOcA,248413,
2026-09-19,2026-09-19T10:09:03Z,medium_term,track,8,1XTijOjVgekZjRXwgJ2VSE,Bhool,,6hIXwlI4wny3zYuB6cDBBk,4MIPkmbrYvZqLdzLwaQRF9,244800,
2026-09-19,2026-09-19T10:09:03Z,medium_term,track,9,3VJpl4jrFSqY3Y6mAzqfux,Har Baar,,6hIXwlI4wny3zYuB6cDBBk,1oRAxwfxb55WuW7KjSx5uw,250285,
2026-09-19,2026-09-19T10:09:03Z,medium_term,track,10,2TQve4B4jpyUqvxDHzNZAu,Kokuten (Sasuke's Epic Theme from Naruto),,6ibMMTrcvRnEjaxi432r6o,5fIIBXeO9GlqxfTWidHOUt,132751,
2026-09-19,2026-09-19T10:09:03Z,medium_term,track,11,3p4hRhMcb6ch8OLtATMaLw,Cry,,1QAJqy2dA3ihHBFIHRphZj,4uQ5kFmXQdCxz3WvM4UUzy,256799,
2026-09-19,2026-09-19T10:09:03Z,medium_term,track,12,1hlbywc8Jhl1FFqJxAMabE,Ishq,,05etL4pzWd6TSv1x5WrlG3,013jUXOfDFXnDMBetTdsiH,224842,
2026-09-19,2026-09-19T10:09:03Z,medium_term,track,13,5rK4GDNiHYC3NUPV3ME4J4,Has To Be,,4g3JG556dlxAQVKpqTbedB,3qK9D70gyPRhGGgNsvutpy,115744,
2026-09-19,2026-09-19T10:09:03Z,medium_term,track,14,65krtHkaYLPr0mEbjL61UP,Kiss of Life,,47zz7sob9NUcODy0BTDvKx,3uSWaQxJAdm5MWKQkQJNoK,251333,
2026-09-19,2026-09-19T10:09:03Z,medium_term,track,15,0oUBuOO4g9P4lREqfqR5nq,A Man Without Love,,17XXKfRBMCWvLrqGoNkJXm,2zQM1HOK5OnDGF1SSWExnE,203133,
2026-09-19,2026-09-19T10:09:03Z,medium_term,track,16,3iy2QuCtCzpWnR6tia39AB,hate that i made you love me,,66CXWjxzNUsdJxJ2JdwvnR,2k4FmEtXR0WiDW0Ac2QArT,197949,
2026-09-19,2026-09-19T10:09:03Z,medium_term,track,17,4eFV1LfWlYCVJnPTuSo3db,LOVE YOU LESS,,3MZsBdqDrRTJihTHQrO6Dq,7MLyEn1CPizpS8bjZ7zzrT,201186,
2026-09-19,2026-09-19T10:09:03Z,medium_term,track,18,06E5KyqnDTueEbdT22FFvM,School Rooftop,,72y6MZHIPEyS64ACSCtIq6,3ZoCHr39oKNBUHTykhkMpx,167967,
2026-09-19,2026-09-19T10:09:03Z,medium_term,track,19,00WLowvlN5cjkYpQV6pjo4,Die For You,,3MZsBdqDrRTJihTHQrO6Dq,39VuC5rYQHAnR6xQwm1WDk,211666,
2026-09-19,2026-09-19T10:09:03Z,medium_term,track,20,0FVuyC9RP5MACjp4lgU3qZ,I'm God,,5vSQUyT33qxr1xAX2Tkf3A,66eXLlqksAwNndmHaHWtCq,277710,
2026-09-19,2026-09-19T10:09:03Z,medium_term,track,21,0H9rWqCXi7gv6kDO3N98ZU,Khwaab,,05etL4pzWd6TSv1x5WrlG3,013jUXOfDFXnDMBetTdsiH,325806,
2026-09-19,2026-09-19T10:09:03Z,medium_term,track,22,0pUVeEgZuNyFzIMKp67RbS,Eyes Without A Face,,7lzordPuZEXxwt9aoVZYmG,2FZNWUmgRoP8uJZBaHJdfj,299240,
2026-09-19,2026-09-19T10:09:03Z,medium_term,track,23,0JIMT9gzLIIz0esKLyjbKf,Telephones,,0U7iI0Dk4Ojvi17nZboNO4,3Ull45eHLzGXtElhKHFJ7C,212432,
2026-09-19,2026-09-19T10:09:03Z,medium_term,track,24,70YTBH8vOGJNMhy6186yFm,Heavenly,,1QAJqy2dA3ihHBFIHRphZj,4uQ5kFmXQdCxz3WvM4UUzy,286773,
2026-09-19,2026-09-19T10:09:03Z,medium_term,track,25,7mrrszs7ZOPEsJhg0q8jvD,Tairay Naam,,6znPk9JRNmg6uyB6h8nJu3,6MXb1UT4rEqv1ZrUodbMUk,328421,
2026-09-19,2026-09-19T10:09:03Z,medium_term,track,26,2xql0pid3EUwW38AsywxhV,Reflections,,77SW9BnxLY8rJ0RciFqkHh,0ODLCdHBFVvKwJGeSfd1jy,244013,
2026-09-19,2026-09-19T10:09:03Z,medium_term,track,27,1GDJhAiO9tqjMuDWFad0IF,Woh,,6hIXwlI4wny3zYuB6cDBBk,2tbamcNG4xK0jKrd1lSzXX,237672,
2026-09-19,2026-09-19T10:09:03Z,medium_term,track,28,42D9aaKTLw47faFhRCQfHF,Blah Blah,,3MZsBdqDrRTJihTHQrO6Dq,5xiwCNC26RvgfwElNmIJoL,161653,
2026-09-19,2026-09-19T10:09:03Z,medium_term,track,29,6CKoWCWAqEVWVjpeoJXyNH,Shape Of My Heart,,0Ty63ceoRnnJKVEYP0VQpk,5kV0KBXfELibs6qQJLmOtg,279226,
2026-09-19,2026-09-19T10:09:03Z,medium_term,track,30,7LvHieZe4yPYpDRF0OPCmk,Ekanto Golaap,,37LGjqM0je1KNrLRD3MZ47,16PdkicE350PBwzKQAHmkw,257661,
2026-09-19,2026-09-19T10:09:03Z,medium_term,track,31,7oNZfE9wnu7SP55LwNSiKG,Hum,,6hIXwlI4wny3zYuB6cDBBk,7idG3a5Nmotd02hA6ifD0f,275076,
2026-09-19,2026-09-19T10:09:03Z,medium_term,track,32,0bxRSMz5WY1VuMmOhanE4b,Baptized In Fear,,1Xyo4u8uXC1ZmMpatF05PJ,6iyZdOoujtOwiThdAUI8TM,232176,
2026-09-19,2026-09-19T10:09:03Z,medium_term,track,33,1gVN2TuTQh2g9LE1wi6FTY,Girei,,2ElQWsoSpwUhYFFdFuHqse,5FLwqfngn0X753dUDkF9tt,130421,
2026-09-19,2026-09-19T10:09:03Z,medium_term,track,34,030OypEGdW6Nvo1KDWa0Bt,Catch a Feeling,,2Glf84Z4MUxfquLMdTjd1G,2QquxK1oqBz5jrF6uBV0Zc,127000,
2026-09-19,2026-09-19T10:09:03Z,medium_term,track,35,7npPPrZEDmeHMk6mxvIeFa,My Jinji,,7BqRcZsHYYQeqMAOp7e532,24eFuwfHPWbuRMrMevqe0Q,400560,
2026-09-19,2026-09-19T10:09:03Z,medium_term,track,36,4BGfzLrK6lgvKDjKSU7wrN,Sajde,,05etL4pzWd6TSv1x5WrlG3,013jUXOfDFXnDMBetTdsiH,460833,
2026-09-19,2026-09-19T10:09:03Z,medium_term,track,37,5Z8Dj3LtbyCMiwE86rhg2f,Marea (we’ve lost dancing),,4oLeXFyACqeem2VImYeBFe,6o86bV7TAt5x4exc2qLDqC,285375,
2026-09-19,2026-09-19T10:09:03Z,medium_term,track,38,2hsaWsa0VNx1ug3uotwMvP,Saika,,4sakRwIaBDdtw8qZ8NNwsc,6D02yHQQhXyJ02mVYZxFlL,150525,
2026-09-19,2026-09-19T10:09:03Z,medium_term,track,39,7JEzAlwHhCD2M1cYE6BeqJ,Loving Machine,,0Y6dVaC9DZtPNH4591M42W,4oL7pMxnb04uuRI7ReXmuh,227000,
2026-09-19,2026-09-19T10:09:03Z,medium_term,track,40,16zzrcKYGDkaGNeSjIMa6O,through - 2022 Remastered,,47mrO8UvhD1Qt6iAIy4fCO,6ZqKaHYpWb1TARqE3oUU2G,347636,
2026-09-19,2026-09-19T10:09:03Z,medium_term,track,41,6mHTwIXqZtuQUF1fEkrhFB,Tum,,6hIXwlI4wny3zYuB6cDBBk,4INFMJi3SwIEWixQjlMNig,258750,
2026-09-19,2026-09-19T10:09:03Z,medium_term,track,42,4Bsf8Pzli5MQv9zLF9KXqc,Unakkul Naane,,29aw5YCdIw2FEXYyAJZI8l,1MrwFWLghGgpbpJ0iekIhK,127850,
2026-09-19,2026-09-19T10:09:03Z,medium_term,track,43,0WiMJIxYYEex2AqhRqzV3u,For the First Time,,3Sz7ZnJQBIHsXLUSo0OQtM,0NEyPH2WTU7NAPxebB7z4g,182306,
2026-09-19,2026-09-19T10:09:03Z,medium_term,track,44,5hjhaH0vwtpftiLtF3veZp,Ophelia,,78rUTD7y6Cy67W1RVzYs7t,2pOEFqvfxp5uUQ8vQEmVA0,155093,
2026-09-19,2026-09-19T10:09:03Z,medium_term,track,45,1KIJclzEbNhSVw8tiHPWwE,Young,,0U7iI0Dk4Ojvi17nZboNO4,54lNPJ6xq2QXwG6jLEIf6C,189160,
2026-09-19,2026-09-19T10:09:03Z,medium_term,track,46,6JB0h4leDJ4Akabtu42Epd,Tere Pyar Main,,6znPk9JRNmg6uyB6h8nJu3,1lCyYMOz15QK4vhcUxHxEW,302706,
2026-09-19,2026-09-19T10:09:03Z,medium_term,track,47,2TUFKhKl4EZYAo3D9FXU5E,Pieces,,5oJvmyeWzyeahRtjup3Oys,3Ab4BR06hO8qx1NCZ1seog,195030,
2026-09-19,2026-09-19T10:09:03Z,medium_term,track,48,5hc71nKsUgtwQ3z52KEKQk,Somebody Else,,3mIj9lX2MWuHmhNCA7LSCW,1JFmNyVPdBF1ECvv4fhpW4,347520,
2026-09-19,2026-09-19T10:09:03Z,medium_term,track,49,1uvyZBs4IZYRebHIB1747m,Purple Rain,,5a2EaR3hamoenG9rDuVn8j,2umoqwMrmjBBPeaqgYu6J9,521866,
2026-09-19,2026-09-19T10:09:03Z,medium_term,track,50,3AWDeHLc88XogCaCnZQLVI,Cry For Me,,1Xyo4u8uXC1ZmMpatF05PJ,3OxfaVgvTxUTy7276t7SPU,224136,
2026-09-19,2026-09-19T10:09:03Z,short_term,artist,1,1Xyo4u8uXC1ZmMpatF05PJ,The Weeknd,,,,,14673869
2026-09-19,2026-09-19T10:09:03Z,short_term,artist,2,6hIXwlI4wny3zYuB6cDBBk,Murtaza Qizilbash,,,,,
2026-09-19,2026-09-19T10:09:03Z,short_term,artist,3,77SW9BnxLY8rJ0RciFqkHh,The Neighbourhood,,,,,171
2026-09-19,2026-09-19T10:09:03Z,short_term,artist,4,3MZsBdqDrRTJihTHQrO6Dq,Joji,,,,,562912
2026-09-19,2026-09-19T10:09:03Z,short_term,artist,5,47zz7sob9NUcODy0BTDvKx,Sade,,,,,1451755
2026-09-19,2026-09-19T10:09:03Z,short_term,artist,6,1QAJqy2dA3ihHBFIHRphZj,Cigarettes After Sex,,,,,900123
2026-09-19,2026-09-19T10:09:03Z,short_term,artist,7,1wRPtKGflJrBx9BmLsSwlU,Pritam,,,,,71109
2026-09-19,2026-09-19T10:09:03Z,short_term,artist,8,6znPk9JRNmg6uyB6h8nJu3,Kaavish,,,,,
2026-09-19,2026-09-19T10:09:03Z,short_term,artist,9,0hEurMDQu99nJRq8pTxO14,John Mayer,,,,,1037775
2026-09-19,2026-09-19T10:09:03Z,short_term,artist,10,5INjqkS1o8h1imAzPqGZBb,Tame Impala,,,,,1134261
2026-09-19,2026-09-19T10:09:03Z,short_term,artist,11,5mWQT8CLTa4mAQAJdFjHb1,Abdul Hannan,,,,,849
2026-09-19,2026-09-19T10:09:03Z,short_term,artist,12,37LGjqM0je1KNrLRD3MZ47,Indalo,,,,,
2026-09-19,2026-09-19T10:09:03Z,short_term,artist,13,2h93pZq0e7k5yf4dywlkpM,Frank Ocean,,,,,1260874
2026-09-19,2026-09-19T10:09:03Z,short_term,artist,14,5c7JjKTazKNQubk2GjgbJT,Arekta Rock Band,,,,,
2026-09-19,2026-09-19T10:09:03Z,short_term,artist,15,00FQb4jTyendYWaN8pK0wa,Lana Del Rey,,,,,5801333
2026-09-19,2026-09-19T10:09:03Z,short_term,artist,16,0xRXCcSX89eobfrshSVdyu,MEDUZA,,,,,
2026-09-19,2026-09-19T10:09:03Z,short_term,artist,17,2jku7tDXc6XoB6MO2hFuqg,Tory Lanez,,,,,764818
2026-09-19,2026-09-19T10:09:03Z,short_term,artist,18,05etL4pzWd6TSv1x5WrlG3,Faheem Abdullah,,,,,1526
2026-09-19,2026-09-19T10:09:03Z,short_term,artist,19,4gdMJYnopf2nEUcanAwstx,Anuv Jain,,,,,4263
2026-09-19,2026-09-19T10:09:03Z,short_term,artist,20,3Sz7ZnJQBIHsXLUSo0OQtM,Mac DeMarco,,,,,559366
2026-09-19,2026-09-19T10:09:03Z,short_term,artist,21,7tYKF4w9nC0nq9CsPZTHyP,SZA,,,,,1328164
2026-09-19,2026-09-19T10:09:03Z,short_term,artist,22,0Y6dVaC9DZtPNH4591M42W,TV Girl,,,,,445012
2026-09-19,2026-09-19T10:09:03Z,short_term,artist,23,0WBg7b6KiPmfh7lI5vbFKC,Meghdol,,,,,
2026-09-19,2026-09-19T10:09:03Z,short_term,artist,24,2YZyLoL8N0Wb9xBt1NhZWg,Kendrick Lamar,,,,,6167418
2026-09-19,2026-09-19T10:09:03Z,short_term,artist,25,0wf0kncEWHLMGqYqXgZql8,Level Five,,,,,
2026-09-19,2026-09-19T10:09:03Z,short_term,artist,26,7Ln80lUS6He07XvHI8qqHH,Arctic Monkeys,,,,,4956340
2026-09-19,2026-09-19T10:09:03Z,short_term,artist,27,7fhlWsdi6oTTxj8d3uYIAn,Kaaktaal,,,,,
2026-09-19,2026-09-19T10:09:03Z,short_term,artist,28,5io6IfbYy6t9IBtzYdOwN9,Balam,,,,,
2026-09-19,2026-09-19T10:09:03Z,short_term,artist,29,1AbJ2cmwK400LSvdvBL5Jc,Strawberry Guy,,,,,51189
2026-09-19,2026-09-19T10:09:03Z,short_term,artist,30,66CXWjxzNUsdJxJ2JdwvnR,Ariana Grande,,,,,13420271
2026-09-19,2026-09-19T10:09:03Z,short_term,artist,31,6IRouO5mvvfcyxtPDKMYFN,Foreigner,,,,,242955
2026-09-19,2026-09-19T10:09:03Z,short_term,artist,32,6LEG9Ld1aLImEFEVHdWNSB,AP Dhillon,,,,,28528
2026-09-19,2026-09-19T10:09:03Z,short_term,artist,33,700c9Qz2z6HZKTumeliKAw,LONOWN,,,,,9933
2026-09-19,2026-09-19T10:09:03Z,short_term,artist,34,0dgJbQ0bKPyUXco8hEXN7X,Øneheart,,,,,28777
2026-09-19,2026-09-19T10:09:03Z,short_term,artist,35,0qjWYusrckF9BpkvWaoKRO,Cozy Coffee Shop,,,,,
2026-09-19,2026-09-19T10:09:03Z,short_term,artist,36,1fa0cOhromAZdq2xRA4vv8,Simply Red,,,,,928555
2026-09-19,2026-09-19T10:09:03Z,short_term,artist,37,1mYsTxnqsietFxj1OgoGbG,A.R. Rahman,,,,,6381
2026-09-19,2026-09-19T10:09:03Z,short_term,artist,38,2oSONSC9zQ4UonDKnLqksx,Atif Aslam,,,,,221118
2026-09-19,2026-09-19T10:09:03Z,short_term,artist,39,3DeHMjvYP73Pycy8va8RKY,Arnob,,,,,
2026-09-19,2026-09-19T10:09:03Z,short_term,artist,40,3mIj9lX2MWuHmhNCA7LSCW,The 1975,,,,,606647
2026-09-19,2026-09-19T10:09:03Z,short_term,artist,41,465OXuCU8YZNmVG1leLwQ9,Shashwat Sachdev,,,,,440
2026-09-19,2026-09-19T10:09:03Z,short_term,artist,42,4gzpq5DPGxSnKTe4SA8HAU,Coldplay,,,,,18381342
2026-09-19,2026-09-19T10:09:03Z,short_term,artist,43,6XwwFnewNgWp81MYMK8zLq,Edward Maya,,,,,173241
2026-09-19,2026-09-19T10:09:03Z,short_term,artist,44,7CajNmpbOovFoOoasH2HaY,Calvin Harris,,,,,12321788
2026-09-19,2026-09-19T10:09:03Z,short_term,artist,45,0SPHOEwCSzS2yrC6S24usM,Warm Blanket,,,,,
2026-09-19,2026-09-19T10:09:03Z,short_term,artist,46,3hWCBAZoHjCoAXPjejhCwr,Cozy Wood,,,,,
2026-09-19,2026-09-19T10:09:03Z,short_term,artist,47,703kRYCTy8bqt8iWhJrBX8,Chien Do,,,,,
2026-09-19,2026-09-19T10:09:03Z,short_term,artist,48,0eJZnvOfks7OleQxORVuF7,Cozy Room,,,,,
2026-09-19,2026-09-19T10:09:03Z,short_term,artist,49,2b9qemp1Y8NuEbY4RMYHY1,Jazzy Coffee,,,,,
2026-09-19,2026-09-19T10:09:03Z,short_term,artist,50,462hgoSSVau039BHOvX1sk,Cozy Bedroom,,,,,
2026-09-19,2026-09-19T10:09:03Z,short_term,track,1,0bxRSMz5WY1VuMmOhanE4b,Baptized In Fear,,1Xyo4u8uXC1ZmMpatF05PJ,6iyZdOoujtOwiThdAUI8TM,232176,
2026-09-19,2026-09-19T10:09:03Z,short_term,track,2,7LvHieZe4yPYpDRF0OPCmk,Ekanto Golaap,,37LGjqM0je1KNrLRD3MZ47,16PdkicE350PBwzKQAHmkw,257661,
2026-09-19,2026-09-19T10:09:03Z,short_term,track,3,6CKoWCWAqEVWVjpeoJXyNH,Shape Of My Heart,,0Ty63ceoRnnJKVEYP0VQpk,5kV0KBXfELibs6qQJLmOtg,279226,
2026-09-19,2026-09-19T10:09:03Z,short_term,track,4,4UKjQODokAfEMaTgvTHbVX,Sila,,5mWQT8CLTa4mAQAJdFjHb1,6YqbrXnmuh8lxNEFeHNOcA,248413,
2026-09-19,2026-09-19T10:09:03Z,short_term,track,5,3VJpl4jrFSqY3Y6mAzqfux,Har Baar,,6hIXwlI4wny3zYuB6cDBBk,1oRAxwfxb55WuW7KjSx5uw,250285,
2026-09-19,2026-09-19T10:09:03Z,short_term,track,6,1i5oEx2vFczQ2sCY3c6Kn5,Love Hurts,,6fvN9GmMCVKb5LY0WsnjFP,5Zwyrn62m3Pyc0nvRa9CHF,233133,
2026-09-19,2026-09-19T10:09:03Z,short_term,track,7,5hc71nKsUgtwQ3z52KEKQk,Somebody Else,,3mIj9lX2MWuHmhNCA7LSCW,1JFmNyVPdBF1ECvv4fhpW4,347520,
2026-09-19,2026-09-19T10:09:03Z,short_term,track,8,1uvyZBs4IZYRebHIB1747m,Purple Rain,,5a2EaR3hamoenG9rDuVn8j,2umoqwMrmjBBPeaqgYu6J9,521866,
2026-09-19,2026-09-19T10:09:03Z,short_term,track,9,1XTijOjVgekZjRXwgJ2VSE,Bhool,,6hIXwlI4wny3zYuB6cDBBk,4MIPkmbrYvZqLdzLwaQRF9,244800,
2026-09-19,2026-09-19T10:09:03Z,short_term,track,10,2TQve4B4jpyUqvxDHzNZAu,Kokuten (Sasuke's Epic Theme from Naruto),,6ibMMTrcvRnEjaxi432r6o,5fIIBXeO9GlqxfTWidHOUt,132751,
2026-09-19,2026-09-19T10:09:03Z,short_term,track,11,2v0AG62ZHtD3I4YmTb3WYM,Niagara Falls,,1Xyo4u8uXC1ZmMpatF05PJ,3OxfaVgvTxUTy7276t7SPU,277274,
2026-09-19,2026-09-19T10:09:03Z,short_term,track,12,7oNZfE9wnu7SP55LwNSiKG,Hum,,6hIXwlI4wny3zYuB6cDBBk,7idG3a5Nmotd02hA6ifD0f,275076,
2026-09-19,2026-09-19T10:09:03Z,short_term,track,13,40gvh6jP5qxMJuMmF9lG9A,Baby Came Home 2 / Valentines,,77SW9BnxLY8rJ0RciFqkHh,18iFxjZugvKhuNNMbLjZJF,390502,
2026-09-19,2026-09-19T10:09:03Z,short_term,track,14,1uvn7eP1I7mIKGvpsqDcoW,bipolar,,2LbjW13j6rNtFgYcPjR2ur,5MOmkgxIJLtmoapI60uK6A,132418,
2026-09-19,2026-09-19T10:09:03Z,short_term,track,15,0stJVUUSrbEwyFHOp2dRu0,Open Hearts,,1Xyo4u8uXC1ZmMpatF05PJ,6iyZdOoujtOwiThdAUI8TM,234923,
2026-09-19,2026-09-19T10:09:03Z,short_term,track,16,1GDJhAiO9tqjMuDWFad0IF,Woh,,6hIXwlI4wny3zYuB6cDBBk,2tbamcNG4xK0jKrd1lSzXX,237672,
2026-09-19,2026-09-19T10:09:03Z,short_term,track,17,2Y04ZSRKADiBdKHLaF1RtG,Abar Dekha Holey - Karagarer Version,,7fhlWsdi6oTTxj8d3uYIAn,1wMFZJbHN2DdTqos4EnDMw,366360,
2026-09-19,2026-09-19T10:09:03Z,short_term,track,18,1Snko28yJOihcRVXs9dAo9,Chamber Of Reflection,,3Sz7ZnJQBIHsXLUSo0OQtM,2r63qjVnXyfTc2eJRSptxS,231723,
2026-09-19,2026-09-19T10:09:03Z,short_term,track,19,2y8mkajKikV5S1PRCMQ5WL,KALYANI (with Shreya Ghoshal) - Remix,,5j2JTk8JqepIgv1zxYOuIi,7JIw6me0sSXfs4nGwNaTHw,269387,
2026-09-19,2026-09-19T10:09:03Z,short_term,track,20,6JB0h4leDJ4Akabtu42Epd,Tere Pyar Main,,6znPk9JRNmg6uyB6h8nJu3,1lCyYMOz15QK4vhcUxHxEW,302706,
2026-09-19,2026-09-19T10:09:03Z,short_term,track,21,65krtHkaYLPr0mEbjL61UP,Kiss of Life,,47zz7sob9NUcODy0BTDvKx,3uSWaQxJAdm5MWKQkQJNoK,251333,
2026-09-19,2026-09-19T10:09:03Z,short_term,track,22,70YTBH8vOGJNMhy6186yFm,Heavenly,,1QAJqy2dA3ihHBFIHRphZj,4uQ5kFmXQdCxz3WvM4UUzy,286773,
2026-09-19,2026-09-19T10:09:03Z,short_term,track,23,6rY5FAWxCdAGllYEOZMbjW,SLOW DANCING IN THE DARK,,3MZsBdqDrRTJihTHQrO6Dq,5mIImcsuqpiSXg8XvFr81I,209273,
2026-09-19,2026-09-19T10:09:03Z,short_term,track,24,6ux2llhjAuhSLggEaBoaLY,i think i'm addicted,,28ntgpEkMU9Zm7F3gLDMhZ,6Kx70JcyksQYEnP69i8Idj,158520,
2026-09-19,2026-09-19T10:09:03Z,short_term,track,25,0ZGfGStyu8s02fzpmmOF2l,Pyaar Mein,,6hIXwlI4wny3zYuB6cDBBk,73LzbMdjxsCA3ItV7KtHYo,216000,
2026-09-19,2026-09-19T10:09:03Z,short_term,track,26,1FzbOPWCZiNxnLjAhY1jAR,In And Out Of Love,,0SfsnGyD8FpIN4U4WCkBZ5,07UKYOTXfIdPwnL7iO0lJB,181680,
2026-09-19,2026-09-19T10:09:03Z,short_term,track,27,0JIMT9gzLIIz0esKLyjbKf,Telephones,,0U7iI0Dk4Ojvi17nZboNO4,3Ull45eHLzGXtElhKHFJ7C,212432,
2026-09-19,2026-09-19T10:09:03Z,short_term,track,28,0WiMJIxYYEex2AqhRqzV3u,For the First Time,,3Sz7ZnJQBIHsXLUSo0OQtM,0NEyPH2WTU7NAPxebB7z4g,182306,
2026-09-19,2026-09-19T10:09:03Z,short_term,track,29,2PpYJcgJN6PzozUv7rU669,stellar,,2LbjW13j6rNtFgYcPjR2ur,4gF0aKdd26DsLMbDcLdJdc,99672,
2026-09-19,2026-09-19T10:09:03Z,short_term,track,30,3jv9Mt5gKA8rwXoELAfKex,Beparwah,,6hIXwlI4wny3zYuB6cDBBk,2xMxW7Z8ij0xc41wExsXGE,193157,
2026-09-19,2026-09-19T10:09:03Z,short_term,track,31,3AWDeHLc88XogCaCnZQLVI,Cry For Me,,1Xyo4u8uXC1ZmMpatF05PJ,3OxfaVgvTxUTy7276t7SPU,224136,
2026-09-19,2026-09-19T10:09:03Z,short_term,track,32,4Fv6wNYUixnYkj3Dgfrls8,Tumblr Girls (feat. Christoph Andersson),,02kJSzxNuaWGqwubyUba0Z,6wDc63NhKy2PyXdbhkRmrl,255680,
2026-09-19,2026-09-19T10:09:03Z,short_term,track,33,5LmvjYl6SZsea5QGdm4aN7,Nightdriver,,3qskfyIRwZtp6uIfj6OFcL,7EjeqIsIVy3DpV8LY5TJvE,276610,
2026-09-19,2026-09-19T10:09:03Z,short_term,track,34,07SnvbvFJ1jUzpoBp9N4Cc,addiction - Slowed,,700c9Qz2z6HZKTumeliKAw,4JBvjA0JHPfG0RUWA3tIue,233480,
2026-09-19,2026-09-19T10:09:03Z,short_term,track,35,6sKxXqDGkKROr3Z3Na32nv,Stereo Love (Radio Edit),,6XwwFnewNgWp81MYMK8zLq,1Xr0RdpL9S72ior2FCgH6y,184015,
2026-09-19,2026-09-19T10:09:03Z,short_term,track,36,6mHTwIXqZtuQUF1fEkrhFB,Tum,,6hIXwlI4wny3zYuB6cDBBk,4INFMJi3SwIEWixQjlMNig,258750,
2026-09-19,2026-09-19T10:09:03Z,short_term,track,37,5rK4GDNiHYC3NUPV3ME4J4,Has To Be,,4g3JG556dlxAQVKpqTbedB,3qK9D70gyPRhGGgNsvutpy,115744,
2026-09-19,2026-09-19T10:09:03Z,short_term,track,38,4LxDdYU3x9tyDxy3CghqdC,Sunrise,,1fa0cOhromAZdq2xRA4vv8,7b9Yl2gyEMKlDY97pcBPGd,199040,
2026-09-19,2026-09-19T10:09:03Z,short_term,track,39,0xIuPDzJSnJywALez8dwKR,With You,,6LEG9Ld1aLImEFEVHdWNSB,30eM1PJ8qLZJeEykhcje0j,154554,
2026-09-19,2026-09-19T10:09:03Z,short_term,track,40,4cYllEeJVH7dWKwQxpbk42,The Abyss (feat. Lana Del Rey),,1Xyo4u8uXC1ZmMpatF05PJ,6iyZdOoujtOwiThdAUI8TM,282873,
2026-09-19,2026-09-19T10:09:03Z,short_term,track,41,4oahRRZECfGud6eL7Lj7CO,Opening Night,,1Xyo4u8uXC1ZmMpatF05PJ,6iyZdOoujtOwiThdAUI8TM,96024,
2026-09-19,2026-09-19T10:09:03Z,short_term,track,42,4ppTAJUbNXELZcoUaL90wo,Try Me,,1Xyo4u8uXC1ZmMpatF05PJ,4qZBW3f2Q8y0k1A84d4iAO,221106,
2026-09-19,2026-09-19T10:09:03Z,short_term,track,43,0bOU1vG7BIgTRwqe1F44lR,Maya,,1zNTZaTb1hfkZCynCw6kUq,6hacmZUSczCdE8VJPRFZvq,244500,
2026-09-19,2026-09-19T10:09:03Z,short_term,track,44,5QO79kh1waicV47BqGRL3g,Save Your Tears,,1Xyo4u8uXC1ZmMpatF05PJ,4yP0hdKOZPNshxUOjY0cZj,215626,
2026-09-19,2026-09-19T10:09:03Z,short_term,track,45,00WLowvlN5cjkYpQV6pjo4,Die For You,,3MZsBdqDrRTJihTHQrO6Dq,39VuC5rYQHAnR6xQwm1WDk,211666,
2026-09-19,2026-09-19T10:09:03Z,short_term,track,46,7CL1T9G9yTPz0LtVMBUHbm,Saya Figan,,6hIXwlI4wny3zYuB6cDBBk,5WxuNDljcrekADP47zKFy2,283500,
2026-09-19,2026-09-19T10:09:03Z,short_term,track,47,4YWKbpls9OcdXAsTRd7ERR,Naam Chilo Na,,3DeHMjvYP73Pycy8va8RKY,7s3LFL8muKHc6PEhZfhOhh,237479,
2026-09-19,2026-09-19T10:09:03Z,short_term,track,48,7bxaFZ1O3cHkgLKMsdC3xR,Loser,,5INjqkS1o8h1imAzPqGZBb,5WulAOx9ilWy1h8UGZ1gkI,223069,
2026-09-19,2026-09-19T10:09:03Z,short_term,track,49,1CyEFdvmN9PgMyrDLhKpzk,Things Change,,1kwRrQDCpXpVliMDntpxCt,4FpZTodkc6jTcjhO2j2sHr,272023,
2026-09-19,2026-09-19T10:09:03Z,short_term,track,50,1eyzqe2QqGZUmfcPZtrIyt,Midnight City,,63MQldklfxkjYDoUE4Tppz,6R0ynY7RF20ofs9GJR5TXR,241440,
2026-09-20,2026-09-20T10:27:05Z,long_term,artist,1,1QAJqy2dA3ihHBFIHRphZj,Cigarettes After Sex,,,,,900123
2026-09-20,2026-09-20T10:27:05Z,long_term,artist,2,0dgJbQ0bKPyUXco8hEXN7X,Øneheart,,,,,28777
2026-09-20,2026-09-20T10:27:05Z,long_term,artist,3,1Xyo4u8uXC1ZmMpatF05PJ,The Weeknd,,,,,14673869
2026-09-20,2026-09-20T10:27:05Z,long_term,artist,4,3MZsBdqDrRTJihTHQrO6Dq,Joji,,,,,562912
2026-09-20,2026-09-20T10:27:05Z,long_term,artist,5,6hIXwlI4wny3zYuB6cDBBk,Murtaza Qizilbash,,,,,
2026-09-20,2026-09-20T10:27:05Z,long_term,artist,6,5y8tKLUfMvliMe8IKamR32,d4vd,,,,,142030
2026-09-20,2026-09-20T10:27:05Z,long_term,artist,7,7tYKF4w9nC0nq9CsPZTHyP,SZA,,,,,1328164
2026-09-20,2026-09-20T10:27:05Z,long_term,artist,8,6znPk9JRNmg6uyB6h8nJu3,Kaavish,,,,,
2026-09-20,2026-09-20T10:27:05Z,long_term,artist,9,1wRPtKGflJrBx9BmLsSwlU,Pritam,,,,,71109
2026-09-20,2026-09-20T10:27:05Z,long_term,artist,10,5INjqkS1o8h1imAzPqGZBb,Tame Impala,,,,,1134261
2026-09-20,2026-09-20T10:27:05Z,long_term,artist,11,78rUTD7y6Cy67W1RVzYs7t,PinkPantheress,,,,,237467
2026-09-20,2026-09-20T10:27:05Z,long_term,artist,12,77SW9BnxLY8rJ0RciFqkHh,The Neighbourhood,,,,,171
2026-09-20,2026-09-20T10:27:05Z,long_term,artist,13,47zz7sob9NUcODy0BTDvKx,Sade,,,,,1451755
2026-09-20,2026-09-20T10:27:05Z,long_term,artist,14,4gdMJYnopf2nEUcanAwstx,Anuv Jain,,,,,4263
2026-09-20,2026-09-20T10:27:05Z,long_term,artist,15,00FQb4jTyendYWaN8pK0wa,Lana Del Rey,,,,,5801333
2026-09-20,2026-09-20T10:27:05Z,long_term,artist,16,5mWQT8CLTa4mAQAJdFjHb1,Abdul Hannan,,,,,849
2026-09-20,2026-09-20T10:27:05Z,long_term,artist,17,2YZyLoL8N0Wb9xBt1NhZWg,Kendrick Lamar,,,,,6167418
2026-09-20,2026-09-20T10:27:05Z,long_term,artist,18,4gzpq5DPGxSnKTe4SA8HAU,Coldplay,,,,,18381342
2026-09-20,2026-09-20T10:27:05Z,long_term,artist,19,05etL4pzWd6TSv1x5WrlG3,Faheem Abdullah,,,,,1526
2026-09-20,2026-09-20T10:27:05Z,long_term,artist,20,3Sz7ZnJQBIHsXLUSo0OQtM,Mac DeMarco,,,,,559366
2026-09-20,2026-09-20T10:27:05Z,long_term,artist,21,7Ln80lUS6He07XvHI8qqHH,Arctic Monkeys,,,,,4956340
2026-09-20,2026-09-20T10:27:05Z,long_term,artist,22,6ft7JnxMyZhp7N52qzHymY,Vansire,,,,,8337
2026-09-20,2026-09-20T10:27:05Z,long_term,artist,23,0Y6dVaC9DZtPNH4591M42W,TV Girl,,,,,445012
2026-09-20,2026-09-20T10:27:05Z,long_term,artist,24,4KRllJ2dEeoqvxOQLOgOsI,VØJ,,,,,12053
2026-09-20,2026-09-20T10:27:05Z,long_term,artist,25,4MrQDA45Gd0llLrwFUzimG,Flawed Mangoes,,,,,14592
2026-09-20,2026-09-20T10:27:05Z,long_term,artist,26,06O23tLg0or676h8EEzH7W,Pastel Ghost,,,,,56417
2026-09-20,2026-09-20T10:27:05Z,long_term,artist,27,700c9Qz2z6HZKTumeliKAw,LONOWN,,,,,9933
2026-09-20,2026-09-20T10:27:05Z,long_term,artist,28,3zmfs9cQwzJl575W1ZYXeT,Men I Trust,,,,,75725
2026-09-20,2026-09-20T10:27:05Z,long_term,artist,29,2exebQUDoIoT0dXA8BcN1P,Home,,,,,9745
2026-09-20,2026-09-20T10:27:05Z,long_term,artist,30,2jku7tDXc6XoB6MO2hFuqg,Tory Lanez,,,,,764818
2026-09-20,2026-09-20T10:27:05Z,long_term,artist,31,6YJ4EgQzDfJnIHRbqIHAdD,Idealism,,,,,7202
2026-09-20,2026-09-20T10:27:05Z,long_term,artist,32,0wf0kncEWHLMGqYqXgZql8,Level Five,,,,,
2026-09-20,2026-09-20T10:27:05Z,long_term,artist,33,17XXKfRBMCWvLrqGoNkJXm,Engelbert Humperdinck,,,,,46537
2026-09-20,2026-09-20T10:27:05Z,long_term,artist,34,4RRmL81NhhouCKGo8I6GaU,ADTurnUp,,,,,3003
2026-09-20,2026-09-20T10:27:05Z,long_term,artist,35,1cGyguqPQY22oUd4fKglFS,pxlse.,,,,,134
2026-09-20,2026-09-20T10:27:05Z,long_term,artist,36,7gW0r5CkdEUMm42w9XpyZO,Laufey,,,,,245985
2026-09-20,2026-09-20T10:27:05Z,long_term,artist,37,5cj0lLjcoR7YOSnhnX0Po5,Doja Cat,,,,,38
2026-09-20,2026-09-20T10:27:05Z,long_term,artist,38,2sSGPbdZJkaSE2AbcGOACx,The Marías,,,,,147167
2026-09-20,2026-09-20T10:27:05Z,long_term,artist,39,3TVXtAsR1Inumwj472S9r4,Drake,,,,,24078532
2026-09-20,2026-09-20T10:27:05Z,long_term,artist,40,1mYsTxnqsietFxj1OgoGbG,A.R. Rahman,,,,,6381
2026-09-20,2026-09-20T10:27:05Z,long_term,artist,41,3DeHMjvYP73Pycy8va8RKY,Arnob,,,,,
2026-09-20,2026-09-20T10:27:05Z,long_term,artist,42,5K4W6rqBFWDnAN6FQUkS6x,Kanye West,,,,,4543215
2026-09-20,2026-09-20T10:27:05Z,long_term,artist,43,0klU31gyC6EZqKgLvVANCy,tomcbumpz,,,,,1078
2026-09-20,2026-09-20T10:27:05Z,long_term,artist,44,19ra5tSw0tWufvUp8GotLo,George Michael,,,,,1497406
2026-09-20,2026-09-20T10:27:05Z,long_term,artist,45,3iGhlvzpXc0UHBQ7klAItX,Mitraz,,,,,1419
2026-09-20,2026-09-20T10:27:05Z,long_term,artist,46,2h93pZq0e7k5yf4dywlkpM,Frank Ocean,,,,,1260874
2026-09-20,2026-09-20T10:27:05Z,long_term,artist,47,36QJpDe2go2KgaRleHCDTp,Led Zeppelin,,,,,5538981
2026-09-20,2026-09-20T10:27:05Z,long_term,artist,48,0hEurMDQu99nJRq8pTxO14,John Mayer,,,,,1037775
2026-09-20,2026-09-20T10:27:05Z,long_term,artist,49,4yvcSjfu4PC0CYQyLy4wSq,Glass Animals,,,,,321997
2026-09-20,2026-09-20T10:27:05Z,long_term,artist,50,3yKoHgjtyenCOIRaD2Gghu,Cafe Music BGM channel,,,,,10759
2026-09-20,2026-09-20T10:27:05Z,long_term,track,1,2PpYJcgJN6PzozUv7rU669,stellar,,2LbjW13j6rNtFgYcPjR2ur,4gF0aKdd26DsLMbDcLdJdc,99672,
2026-09-20,2026-09-20T10:27:05Z,long_term,track,2,0X4YYZtZcvqNqYIpMd93IT,i was only temporary,,7pxIYxdkx2675ZGKSAPBAy,24tfAQTRqLfKw5bFjMhc4m,98621,
2026-09-20,2026-09-20T10:27:05Z,long_term,track,3,4xF4ZBGPZKxECeDFrqSAG4,snowfall,,0dgJbQ0bKPyUXco8hEXN7X,4NRsGHlWBTl4rdLcq8CKcH,124065,
2026-09-20,2026-09-20T10:27:05Z,long_term,track,4,28pUgp8Cifsnwrv5Mvltyz,nagashi,,6YJ4EgQzDfJnIHRbqIHAdD,5tfqUZ5RcSWcYn5mWYQ4PK,109948,
2026-09-20,2026-09-20T10:27:05Z,long_term,track,5,00RLNHc2jkEjUoCUlFgPVT,welcome and goodbye,,0qZyvjwZauLmrobrpJmvib,0hZJDoAmB6xVegy0o1eAZd,140643,
2026-09-20,2026-09-20T10:27:05Z,long_term,track,6,6JCkLyhLxufrb10cem9WA6,彩霞,,64mecceQewFCKwCK6JBW0o,1GoWJc6XFiHW1ewHcY1Xqm,134053,
2026-09-20,2026-09-20T10:27:05Z,long_term,track,7,1uvn7eP1I7mIKGvpsqDcoW,bipolar,,2LbjW13j6rNtFgYcPjR2ur,5MOmkgxIJLtmoapI60uK6A,132418,
2026-09-20,2026-09-20T10:27:05Z,long_term,track,8,2mlNgAeIBnL78ZriXgrRHz,Glimpse of Us,,3MZsBdqDrRTJihTHQrO6Dq,39VuC5rYQHAnR6xQwm1WDk,233453,
2026-09-20,2026-09-20T10:27:05Z,long_term,track,9,6rY5FAWxCdAGllYEOZMbjW,SLOW DANCING IN THE DARK,,3MZsBdqDrRTJihTHQrO6Dq,5mIImcsuqpiSXg8XvFr81I,209273,
2026-09-20,2026-09-20T10:27:05Z,long_term,track,10,1A7qPfbcyRVEdcZiwTFhZI,Memory Reboot,,4KRllJ2dEeoqvxOQLOgOsI,134MPeCAA7a1yRC1rRFQCx,209416,
2026-09-20,2026-09-20T10:27:05Z,long_term,track,11,1XTijOjVgekZjRXwgJ2VSE,Bhool,,6hIXwlI4wny3zYuB6cDBBk,4MIPkmbrYvZqLdzLwaQRF9,244800,
2026-09-20,2026-09-20T10:27:05Z,long_term,track,12,1oAwsWBovWRIp7qLMGPIet,Apocalypse,,1QAJqy2dA3ihHBFIHRphZj,5chTLnnxlxQVAgEv6YbEBe,290146,
2026-09-20,2026-09-20T10:27:05Z,long_term,track,13,7mDTvYD2ieE4Q28XFziMfJ,Cry,,1QAJqy2dA3ihHBFIHRphZj,63yRRBtLX8eqbOLD6f0y9U,256799,
2026-09-20,2026-09-20T10:27:05Z,long_term,track,14,4XTgFBxBHN6var1BzAgE1m,Jhol,,3scNK8e4mqnP6Rb8a3lwZY,7grtFo2pj5wwRTM7c6NI9y,265817,
2026-09-20,2026-09-20T10:27:05Z,long_term,track,15,0SCLsDJtC7DmOwks1tsszt,Romantic Homicide,,5y8tKLUfMvliMe8IKamR32,3rrrTOHiXGzuW4FP7t0O1A,132630,
2026-09-20,2026-09-20T10:27:05Z,long_term,track,16,7F2nEClWeQ3x5ycA5qtKOI,a million faces,,5pQD8yR8sjmxwgZfLnZzmT,49jPojLRuWp71LnK3Y3ClE,102068,
2026-09-20,2026-09-20T10:27:05Z,long_term,track,17,37s1WRi8s1rZysbjvBGrEd,Divine Failure,,3IhhgswUBInj1W5gEz92T6,2Xz9bocL8qWYmMnS4jyzFY,151111,
2026-09-20,2026-09-20T10:27:05Z,long_term,track,18,4sh8w9hWn04EWoCAeIRdQm,Freaks but Slowed Muffled Echo,,4LMTEaUZGbmDx1xcW08hmE,0bDhcvA7GKReXml1bVUSUa,176041,
2026-09-20,2026-09-20T10:27:05Z,long_term,track,19,5e0b9LgOfi3aJSKXFcOWRe,Beanie,,1EmdfupUQDpXOcb4Nj2mBH,3sgTZuoyovg4bR5iTgQoo3,132160,
2026-09-20,2026-09-20T10:27:05Z,long_term,track,20,3hB9lDLyAClYVZivMMl20N,Co2,,0tC995Rfn9k2l7nqgCZsV7,4WLh56ZjwINYBNhaxLvEhA,163653,
2026-09-20,2026-09-20T10:27:05Z,long_term,track,21,0JIMT9gzLIIz0esKLyjbKf,Telephones,,0U7iI0Dk4Ojvi17nZboNO4,3Ull45eHLzGXtElhKHFJ7C,212432,
2026-09-20,2026-09-20T10:27:05Z,long_term,track,22,69KUKhBqyGvtO1jtJwZEcv,Fainted,,3QZtwiUoyaXbl1JssMPIQ7,5TQu0bEFSLXXVqrGNIXyKM,249600,
2026-09-20,2026-09-20T10:27:05Z,long_term,track,23,3GUSidbQwd7xuvU6AQorRh,Keep on Loving You,,1QAJqy2dA3ihHBFIHRphZj,3gbJSNFlAe2CjqIjMOeMw1,233000,
2026-09-20,2026-09-20T10:27:05Z,long_term,track,24,5LrN7yUQAzvthd4QujgPFr,Here With Me,,5y8tKLUfMvliMe8IKamR32,3rrrTOHiXGzuW4FP7t0O1A,242484,
2026-09-20,2026-09-20T10:27:05Z,long_term,track,25,6RiiSy9GzSwiyDEJDiMuKe,Something About You,,3XxNRirzbjfLdDli06zMaB,0QB8JzlX70ame6G972aEF1,153312,
2026-09-20,2026-09-20T10:27:05Z,long_term,track,26,70tmdhbUPcVxIxCIpChscl,next to you,,0dgJbQ0bKPyUXco8hEXN7X,7dG0UKYNW0hOIr824ZvTYh,123750,
2026-09-20,2026-09-20T10:27:05Z,long_term,track,27,5E02BgqYNN9VzafXrYP6Np,Heavenly,,1QAJqy2dA3ihHBFIHRphZj,63yRRBtLX8eqbOLD6f0y9U,286773,
2026-09-20,2026-09-20T10:27:05Z,long_term,track,28,0DTSnA1bcVI5niJzoyBPyZ,Past Won't Leave My Bed,,3MZsBdqDrRTJihTHQrO6Dq,5JJpyK4SILx6UXJBiT1twN,166106,
2026-09-20,2026-09-20T10:27:05Z,long_term,track,29,2OrucC3HEPmZpkaQ05Nx0V,novocaine,,6hxcqtqpmf08pTDkffU5xx,1fm7CNqCCdnqOoxdb23VTs,195605,
2026-09-20,2026-09-20T10:27:05Z,long_term,track,30,2TQve4B4jpyUqvxDHzNZAu,Kokuten (Sasuke's Epic Theme from Naruto),,6ibMMTrcvRnEjaxi432r6o,5fIIBXeO9GlqxfTWidHOUt,132751,
2026-09-20,2026-09-20T10:27:05Z,long_term,track,31,0qPoQiQIhgyMaP7X78hxri,Akhiyaan Gulaab,,3iGhlvzpXc0UHBQ7klAItX,0KvWbswDD0ksvFayBl6gUz,171147,
2026-09-20,2026-09-20T10:27:05Z,long_term,track,32,5rK4GDNiHYC3NUPV3ME4J4,Has To Be,,4g3JG556dlxAQVKpqTbedB,3qK9D70gyPRhGGgNsvutpy,115744,
2026-09-20,2026-09-20T10:27:05Z,long_term,track,33,4UKjQODokAfEMaTgvTHbVX,Sila,,5mWQT8CLTa4mAQAJdFjHb1,6YqbrXnmuh8lxNEFeHNOcA,248413,
2026-09-20,2026-09-20T10:27:05Z,long_term,track,34,0j3mqDTK4Z6lvrLzFCUUz6,Good Looking,,5GGJosGMs08YEmKTZJe1fL,78rO0EfpVs1RPfpxzF6kUz,214800,
2026-09-20,2026-09-20T10:27:05Z,long_term,track,35,40iDbkPRNNpACrwoCuyRtk,Interlinked - Slowed,,4Bv8nfuBV3hv0yVXXgYozl,03HFE1r5ICujfATGcSkXCV,230000,
2026-09-20,2026-09-20T10:27:05Z,long_term,track,36,3hEfpBHxgieRLz4t3kLNEg,About You,,3mIj9lX2MWuHmhNCA7LSCW,0kvoCDiWdZ7eHPW7xvdg3z,326490,
2026-09-20,2026-09-20T10:27:05Z,long_term,track,37,6mHTwIXqZtuQUF1fEkrhFB,Tum,,6hIXwlI4wny3zYuB6cDBBk,4INFMJi3SwIEWixQjlMNig,258750,
2026-09-20,2026-09-20T10:27:05Z,long_term,track,38,6JB0h4leDJ4Akabtu42Epd,Tere Pyar Main,,6znPk9JRNmg6uyB6h8nJu3,1lCyYMOz15QK4vhcUxHxEW,302706,
2026-09-20,2026-09-20T10:27:05Z,long_term,track,39,3VJpl4jrFSqY3Y6mAzqfux,Har Baar,,6hIXwlI4wny3zYuB6cDBBk,1oRAxwfxb55WuW7KjSx5uw,250285,
2026-09-20,2026-09-20T10:27:05Z,long_term,track,40,75IQVo8hqI1iwVZyvkN2VT,Show Me How,,3zmfs9cQwzJl575W1ZYXeT,7mUYDBqNiddmKxuKrnBEKQ,215110,
2026-09-20,2026-09-20T10:27:05Z,long_term,track,41,3p4hRhMcb6ch8OLtATMaLw,Cry,,1QAJqy2dA3ihHBFIHRphZj,4uQ5kFmXQdCxz3WvM4UUzy,256799,
2026-09-20,2026-09-20T10:27:05Z,long_term,track,42,4t9vB7wIKWE5jIhjcztmmd,Iris,,06O23tLg0or676h8EEzH7W,3sy3jRg8KrsGYNAuHPQnqk,218384,
2026-09-20,2026-09-20T10:27:05Z,long_term,track,43,4ppTAJUbNXELZcoUaL90wo,Try Me,,1Xyo4u8uXC1ZmMpatF05PJ,4qZBW3f2Q8y0k1A84d4iAO,221106,
2026-09-20,2026-09-20T10:27:05Z,long_term,track,44,5TTGoX70AFrTvuEtqHK37S,No. 1 Party Anthem,,7Ln80lUS6He07XvHI8qqHH,78bpIziExqiI9qztvNFlQu,243131,
2026-09-20,2026-09-20T10:27:05Z,long_term,track,45,29KwH2LEjfWEtiC2jCrLVw,Amore mio aiutami - Main Theme,,2WPn0emjr8XPmMOT0bBcPe,5ekkoKz391PScKKZRCmgDF,234026,
2026-09-20,2026-09-20T10:27:05Z,long_term,track,46,6MRD4fDXBbqa0xodmaFk8Q,Everybody Wants To Rule The World - Sped Up Version,,4bthk9UfsYUYdcFyqxmSUU,1OCUxmIIq0Q1Mj3AFATzsI,183634,
2026-09-20,2026-09-20T10:27:05Z,long_term,track,47,4QzZVJc6qPTtTkPem7qZRo,The Lamp Is Low,,5PkDpzWMZR7Id1vldhF8Qk,2KZIJx4RtZ1seAa6pa6ugl,170790,
2026-09-20,2026-09-20T10:27:05Z,long_term,track,48,612zd3tyOwz52c7c67orZx,safe again,,5np27CiKTBMaIEPqTCrqBF,554ghCNlV34hilih8ujx3T,142237,
2026-09-20,2026-09-20T10:27:05Z,long_term,track,49,5ZP8LfM7TezqoxF9yp6VzX,Stop Waiting,,1QAJqy2dA3ihHBFIHRphZj,1altYQrIlTUBxLKPEkVxgh,362973,
2026-09-20,2026-09-20T10:27:05Z,long_term,track,50,1hlbywc8Jhl1FFqJxAMabE,Ishq,,05etL4pzWd6TSv1x5WrlG3,013jUXOfDFXnDMBetTdsiH,224842,
2026-09-20,2026-09-20T10:27:05Z,medium_term,artist,1,3MZsBdqDrRTJihTHQrO6Dq,Joji,,,,,562912
2026-09-20,2026-09-20T10:27:05Z,medium_term,artist,2,6hIXwlI4wny3zYuB6cDBBk,Murtaza Qizilbash,,,,,
2026-09-20,2026-09-20T10:27:05Z,medium_term,artist,3,1Xyo4u8uXC1ZmMpatF05PJ,The Weeknd,,,,,14673869
2026-09-20,2026-09-20T10:27:05Z,medium_term,artist,4,1QAJqy2dA3ihHBFIHRphZj,Cigarettes After Sex,,,,,900123
2026-09-20,2026-09-20T10:27:05Z,medium_term,artist,5,05etL4pzWd6TSv1x5WrlG3,Faheem Abdullah,,,,,1526
2026-09-20,2026-09-20T10:27:05Z,medium_term,artist,6,700c9Qz2z6HZKTumeliKAw,LONOWN,,,,,9933
2026-09-20,2026-09-20T10:27:05Z,medium_term,artist,7,47zz7sob9NUcODy0BTDvKx,Sade,,,,,1451755
2026-09-20,2026-09-20T10:27:05Z,medium_term,artist,8,6znPk9JRNmg6uyB6h8nJu3,Kaavish,,,,,
2026-09-20,2026-09-20T10:27:05Z,medium_term,artist,9,1cGyguqPQY22oUd4fKglFS,pxlse.,,,,,134
2026-09-20,2026-09-20T10:27:05Z,medium_term,artist,10,77SW9BnxLY8rJ0RciFqkHh,The Neighbourhood,,,,,171
2026-09-20,2026-09-20T10:27:05Z,medium_term,artist,11,3Sz7ZnJQBIHsXLUSo0OQtM,Mac DeMarco,,,,,559366
2026-09-20,2026-09-20T10:27:05Z,medium_term,artist,12,5INjqkS1o8h1imAzPqGZBb,Tame Impala,,,,,1134261
2026-09-20,2026-09-20T10:27:05Z,medium_term,artist,13,5y8tKLUfMvliMe8IKamR32,d4vd,,,,,142030
2026-09-20,2026-09-20T10:27:05Z,medium_term,artist,14,0klU31gyC6EZqKgLvVANCy,tomcbumpz,,,,,1078
2026-09-20,2026-09-20T10:27:05Z,medium_term,artist,15,7Ln80lUS6He07XvHI8qqHH,Arctic Monkeys,,,,,4956340
2026-09-20,2026-09-20T10:27:05Z,medium_term,artist,16,5mWQT8CLTa4mAQAJdFjHb1,Abdul Hannan,,,,,849
2026-09-20,2026-09-20T10:27:05Z,medium_term,artist,17,1wRPtKGflJrBx9BmLsSwlU,Pritam,,,,,71109
2026-09-20,2026-09-20T10:27:05Z,medium_term,artist,18,0wf0kncEWHLMGqYqXgZql8,Level Five,,,,,
2026-09-20,2026-09-20T10:27:05Z,medium_term,artist,19,4Z8W4fKeB5YxbusRsdQVPb,Radiohead,,,,,508
2026-09-20,2026-09-20T10:27:05Z,medium_term,artist,20,0Y6dVaC9DZtPNH4591M42W,TV Girl,,,,,445012
2026-09-20,2026-09-20T10:27:05Z,medium_term,artist,21,5cj0lLjcoR7YOSnhnX0Po5,Doja Cat,,,,,38
2026-09-20,2026-09-20T10:27:05Z,medium_term,artist,22,2jku7tDXc6XoB6MO2hFuqg,Tory Lanez,,,,,764818
2026-09-20,2026-09-20T10:27:05Z,medium_term,artist,23,4gdMJYnopf2nEUcanAwstx,Anuv Jain,,,,,4263
2026-09-20,2026-09-20T10:27:05Z,medium_term,artist,24,2h93pZq0e7k5yf4dywlkpM,Frank Ocean,,,,,1260874
2026-09-20,2026-09-20T10:27:05Z,medium_term,artist,25,0hEurMDQu99nJRq8pTxO14,John Mayer,,,,,1037775
2026-09-20,2026-09-20T10:27:05Z,medium_term,artist,26,60jYUgQzKAtnJoXKGk1GNn,Habib Wahid,,,,,
2026-09-20,2026-09-20T10:27:05Z,medium_term,artist,27,06eRdiCBgFUhiuFjei0eH2,Warfaze,,,,,
2026-09-20,2026-09-20T10:27:05Z,medium_term,artist,28,7tYKF4w9nC0nq9CsPZTHyP,SZA,,,,,1328164
2026-09-20,2026-09-20T10:27:05Z,medium_term,artist,29,17XXKfRBMCWvLrqGoNkJXm,Engelbert Humperdinck,,,,,46537
2026-09-20,2026-09-20T10:27:05Z,medium_term,artist,30,37LGjqM0je1KNrLRD3MZ47,Indalo,,,,,
2026-09-20,2026-09-20T10:27:05Z,medium_term,artist,31,7lzordPuZEXxwt9aoVZYmG,Billy Idol,,,,,604998
2026-09-20,2026-09-20T10:27:05Z,medium_term,artist,32,3DeHMjvYP73Pycy8va8RKY,Arnob,,,,,
2026-09-20,2026-09-20T10:27:05Z,medium_term,artist,33,59oBQlP5xoa5cfPkonNNnT,Nafeesisboujee,,,,,6933
2026-09-20,2026-09-20T10:27:05Z,medium_term,artist,34,66CXWjxzNUsdJxJ2JdwvnR,Ariana Grande,,,,,13420271
2026-09-20,2026-09-20T10:27:05Z,medium_term,artist,35,5c7JjKTazKNQubk2GjgbJT,Arekta Rock Band,,,,,
2026-09-20,2026-09-20T10:27:05Z,medium_term,artist,36,78rUTD7y6Cy67W1RVzYs7t,PinkPantheress,,,,,237467
2026-09-20,2026-09-20T10:27:05Z,medium_term,artist,37,3mIj9lX2MWuHmhNCA7LSCW,The 1975,,,,,606647
2026-09-20,2026-09-20T10:27:05Z,medium_term,artist,38,00FQb4jTyendYWaN8pK0wa,Lana Del Rey,,,,,5801333
2026-09-20,2026-09-20T10:27:05Z,medium_term,artist,39,1AbJ2cmwK400LSvdvBL5Jc,Strawberry Guy,,,,,51189
2026-09-20,2026-09-20T10:27:05Z,medium_term,artist,40,4dpARuHxo51G3z768sgnrY,Adele,,,,,15467816
2026-09-20,2026-09-20T10:27:05Z,medium_term,artist,41,0xRXCcSX89eobfrshSVdyu,MEDUZA,,,,,
2026-09-20,2026-09-20T10:27:05Z,medium_term,artist,42,2YZyLoL8N0Wb9xBt1NhZWg,Kendrick Lamar,,,,,6167418
2026-09-20,2026-09-20T10:27:05Z,medium_term,artist,43,5ThqNILsplOvwjj9kx0Hnt,Artcell,,,,,
2026-09-20,2026-09-20T10:27:05Z,medium_term,artist,44,2LbjW13j6rNtFgYcPjR2ur,.diedlonely,,,,,4224
2026-09-20,2026-09-20T10:27:05Z,medium_term,artist,45,3AA28KZvwAUcZuOKwyblJQ,Gorillaz,,,,,3014766
2026-09-20,2026-09-20T10:27:05Z,medium_term,artist,46,4yvcSjfu4PC0CYQyLy4wSq,Glass Animals,,,,,321997
2026-09-20,2026-09-20T10:27:05Z,medium_term,artist,47,0dgJbQ0bKPyUXco8hEXN7X,Øneheart,,,,,28777
2026-09-20,2026-09-20T10:27:05Z,medium_term,artist,48,2ElQWsoSpwUhYFFdFuHqse,Lorenzo Ferrara,,,,,
2026-09-20,2026-09-20T10:27:05Z,medium_term,artist,49,3ctnkEZGtVBTxS7IMin8nC,Instupendo,,,,,4624
2026-09-20,2026-09-20T10:27:05Z,medium_term,artist,50,7fhlWsdi6oTTxj8d3uYIAn,Kaaktaal,,,,,
2026-09-20,2026-09-20T10:27:05Z,medium_term,track,1,0X4YYZtZcvqNqYIpMd93IT,i was only temporary,,7pxIYxdkx2675ZGKSAPBAy,24tfAQTRqLfKw5bFjMhc4m,98621,
2026-09-20,2026-09-20T10:27:05Z,medium_term,track,2,2mlNgAeIBnL78ZriXgrRHz,Glimpse of Us,,3MZsBdqDrRTJihTHQrO6Dq,39VuC5rYQHAnR6xQwm1WDk,233453,
2026-09-20,2026-09-20T10:27:05Z,medium_term,track,3,1uvn7eP1I7mIKGvpsqDcoW,bipolar,,2LbjW13j6rNtFgYcPjR2ur,5MOmkgxIJLtmoapI60uK6A,132418,
2026-09-20,2026-09-20T10:27:05Z,medium_term,track,4,2PpYJcgJN6PzozUv7rU669,stellar,,2LbjW13j6rNtFgYcPjR2ur,4gF0aKdd26DsLMbDcLdJdc,99672,
2026-09-20,2026-09-20T10:27:05Z,medium_term,track,5,6rY5FAWxCdAGllYEOZMbjW,SLOW DANCING IN THE DARK,,3MZsBdqDrRTJihTHQrO6Dq,5mIImcsuqpiSXg8XvFr81I,209273,
2026-09-20,2026-09-20T10:27:05Z,medium_term,track,6,3J44gxX4AcRApFyympWPIB,Past Won't Leave My Bed,,3MZsBdqDrRTJihTHQrO6Dq,7MLyEn1CPizpS8bjZ7zzrT,166106,
2026-09-20,2026-09-20T10:27:05Z,medium_term,track,7,4UKjQODokAfEMaTgvTHbVX,Sila,,5mWQT8CLTa4mAQAJdFjHb1,6YqbrXnmuh8lxNEFeHNOcA,248413,
2026-09-20,2026-09-20T10:27:05Z,medium_term,track,8,1XTijOjVgekZjRXwgJ2VSE,Bhool,,6hIXwlI4wny3zYuB6cDBBk,4MIPkmbrYvZqLdzLwaQRF9,244800,
2026-09-20,2026-09-20T10:27:05Z,medium_term,track,9,3VJpl4jrFSqY3Y6mAzqfux,Har Baar,,6hIXwlI4wny3zYuB6cDBBk,1oRAxwfxb55WuW7KjSx5uw,250285,
2026-09-20,2026-09-20T10:27:05Z,medium_term,track,10,2TQve4B4jpyUqvxDHzNZAu,Kokuten (Sasuke's Epic Theme from Naruto),,6ibMMTrcvRnEjaxi432r6o,5fIIBXeO9GlqxfTWidHOUt,132751,
2026-09-20,2026-09-20T10:27:05Z,medium_term,track,11,3p4hRhMcb6ch8OLtATMaLw,Cry,,1QAJqy2dA3ihHBFIHRphZj,4uQ5kFmXQdCxz3WvM4UUzy,256799,
2026-09-20,2026-09-20T10:27:05Z,medium_term,track,12,1hlbywc8Jhl1FFqJxAMabE,Ishq,,05etL4pzWd6TSv1x5WrlG3,013jUXOfDFXnDMBetTdsiH,224842,
2026-09-20,2026-09-20T10:27:05Z,medium_term,track,13,5rK4GDNiHYC3NUPV3ME4J4,Has To Be,,4g3JG556dlxAQVKpqTbedB,3qK9D70gyPRhGGgNsvutpy,115744,
2026-09-20,2026-09-20T10:27:05Z,medium_term,track,14,65krtHkaYLPr0mEbjL61UP,Kiss of Life,,47zz7sob9NUcODy0BTDvKx,3uSWaQxJAdm5MWKQkQJNoK,251333,
2026-09-20,2026-09-20T10:27:05Z,medium_term,track,15,0oUBuOO4g9P4lREqfqR5nq,A Man Without Love,,17XXKfRBMCWvLrqGoNkJXm,2zQM1HOK5OnDGF1SSWExnE,203133,
2026-09-20,2026-09-20T10:27:05Z,medium_term,track,16,3iy2QuCtCzpWnR6tia39AB,hate that i made you love me,,66CXWjxzNUsdJxJ2JdwvnR,2k4FmEtXR0WiDW0Ac2QArT,197949,
2026-09-20,2026-09-20T10:27:05Z,medium_term,track,17,4eFV1LfWlYCVJnPTuSo3db,LOVE YOU LESS,,3MZsBdqDrRTJihTHQrO6Dq,7MLyEn1CPizpS8bjZ7zzrT,201186,
2026-09-20,2026-09-20T10:27:05Z,medium_term,track,18,06E5KyqnDTueEbdT22FFvM,School Rooftop,,72y6MZHIPEyS64ACSCtIq6,3ZoCHr39oKNBUHTykhkMpx,167967,
2026-09-20,2026-09-20T10:27:05Z,medium_term,track,19,00WLowvlN5cjkYpQV6pjo4,Die For You,,3MZsBdqDrRTJihTHQrO6Dq,39VuC5rYQHAnR6xQwm1WDk,211666,
2026-09-20,2026-09-20T10:27:05Z,medium_term,track,20,0FVuyC9RP5MACjp4lgU3qZ,I'm God,,5vSQUyT33qxr1xAX2Tkf3A,66eXLlqksAwNndmHaHWtCq,277710,
2026-09-20,2026-09-20T10:27:05Z,medium_term,track,21,0H9rWqCXi7gv6kDO3N98ZU,Khwaab,,05etL4pzWd6TSv1x5WrlG3,013jUXOfDFXnDMBetTdsiH,325806,
2026-09-20,2026-09-20T10:27:05Z,medium_term,track,22,0pUVeEgZuNyFzIMKp67RbS,Eyes Without A Face,,7lzordPuZEXxwt9aoVZYmG,2FZNWUmgRoP8uJZBaHJdfj,299240,
2026-09-20,2026-09-20T10:27:05Z,medium_term,track,23,0JIMT9gzLIIz0esKLyjbKf,Telephones,,0U7iI0Dk4Ojvi17nZboNO4,3Ull45eHLzGXtElhKHFJ7C,212432,
2026-09-20,2026-09-20T10:27:05Z,medium_term,track,24,70YTBH8vOGJNMhy6186yFm,Heavenly,,1QAJqy2dA3ihHBFIHRphZj,4uQ5kFmXQdCxz3WvM4UUzy,286773,
2026-09-20,2026-09-20T10:27:05Z,medium_term,track,25,7mrrszs7ZOPEsJhg0q8jvD,Tairay Naam,,6znPk9JRNmg6uyB6h8nJu3,6MXb1UT4rEqv1ZrUodbMUk,328421,
2026-09-20,2026-09-20T10:27:05Z,medium_term,track,26,2xql0pid3EUwW38AsywxhV,Reflections,,77SW9BnxLY8rJ0RciFqkHh,0ODLCdHBFVvKwJGeSfd1jy,244013,
2026-09-20,2026-09-20T10:27:05Z,medium_term,track,27,1GDJhAiO9tqjMuDWFad0IF,Woh,,6hIXwlI4wny3zYuB6cDBBk,2tbamcNG4xK0jKrd1lSzXX,237672,
2026-09-20,2026-09-20T10:27:05Z,medium_term,track,28,42D9aaKTLw47faFhRCQfHF,Blah Blah,,3MZsBdqDrRTJihTHQrO6Dq,5xiwCNC26RvgfwElNmIJoL,161653,
2026-09-20,2026-09-20T10:27:05Z,medium_term,track,29,6CKoWCWAqEVWVjpeoJXyNH,Shape Of My Heart,,0Ty63ceoRnnJKVEYP0VQpk,5kV0KBXfELibs6qQJLmOtg,279226,
2026-09-20,2026-09-20T10:27:05Z,medium_term,track,30,7LvHieZe4yPYpDRF0OPCmk,Ekanto Golaap,,37LGjqM0je1KNrLRD3MZ47,16PdkicE350PBwzKQAHmkw,257661,
2026-09-20,2026-09-20T10:27:05Z,medium_term,track,31,7oNZfE9wnu7SP55LwNSiKG,Hum,,6hIXwlI4wny3zYuB6cDBBk,7idG3a5Nmotd02hA6ifD0f,275076,
2026-09-20,2026-09-20T10:27:05Z,medium_term,track,32,0bxRSMz5WY1VuMmOhanE4b,Baptized In Fear,,1Xyo4u8uXC1ZmMpatF05PJ,6iyZdOoujtOwiThdAUI8TM,232176,
2026-09-20,2026-09-20T10:27:05Z,medium_term,track,33,1gVN2TuTQh2g9LE1wi6FTY,Girei,,2ElQWsoSpwUhYFFdFuHqse,5FLwqfngn0X753dUDkF9tt,130421,
2026-09-20,2026-09-20T10:27:05Z,medium_term,track,34,030OypEGdW6Nvo1KDWa0Bt,Catch a Feeling,,2Glf84Z4MUxfquLMdTjd1G,2QquxK1oqBz5jrF6uBV0Zc,127000,
2026-09-20,2026-09-20T10:27:05Z,medium_term,track,35,7npPPrZEDmeHMk6mxvIeFa,My Jinji,,7BqRcZsHYYQeqMAOp7e532,24eFuwfHPWbuRMrMevqe0Q,400560,
2026-09-20,2026-09-20T10:27:05Z,medium_term,track,36,4BGfzLrK6lgvKDjKSU7wrN,Sajde,,05etL4pzWd6TSv1x5WrlG3,013jUXOfDFXnDMBetTdsiH,460833,
2026-09-20,2026-09-20T10:27:05Z,medium_term,track,37,5Z8Dj3LtbyCMiwE86rhg2f,Marea (we’ve lost dancing),,4oLeXFyACqeem2VImYeBFe,6o86bV7TAt5x4exc2qLDqC,285375,
2026-09-20,2026-09-20T10:27:05Z,medium_term,track,38,2hsaWsa0VNx1ug3uotwMvP,Saika,,4sakRwIaBDdtw8qZ8NNwsc,6D02yHQQhXyJ02mVYZxFlL,150525,
2026-09-20,2026-09-20T10:27:05Z,medium_term,track,39,7JEzAlwHhCD2M1cYE6BeqJ,Loving Machine,,0Y6dVaC9DZtPNH4591M42W,4oL7pMxnb04uuRI7ReXmuh,227000,
2026-09-20,2026-09-20T10:27:05Z,medium_term,track,40,16zzrcKYGDkaGNeSjIMa6O,through - 2022 Remastered,,47mrO8UvhD1Qt6iAIy4fCO,6ZqKaHYpWb1TARqE3oUU2G,347636,
2026-09-20,2026-09-20T10:27:05Z,medium_term,track,41,0WiMJIxYYEex2AqhRqzV3u,For the First Time,,3Sz7ZnJQBIHsXLUSo0OQtM,0NEyPH2WTU7NAPxebB7z4g,182306,
2026-09-20,2026-09-20T10:27:05Z,medium_term,track,42,6mHTwIXqZtuQUF1fEkrhFB,Tum,,6hIXwlI4wny3zYuB6cDBBk,4INFMJi3SwIEWixQjlMNig,258750,
2026-09-20,2026-09-20T10:27:05Z,medium_term,track,43,4Bsf8Pzli5MQv9zLF9KXqc,Unakkul Naane,,29aw5YCdIw2FEXYyAJZI8l,1MrwFWLghGgpbpJ0iekIhK,127850,
2026-09-20,2026-09-20T10:27:05Z,medium_term,track,44,5hjhaH0vwtpftiLtF3veZp,Ophelia,,78rUTD7y6Cy67W1RVzYs7t,2pOEFqvfxp5uUQ8vQEmVA0,155093,
2026-09-20,2026-09-20T10:27:05Z,medium_term,track,45,3AWDeHLc88XogCaCnZQLVI,Cry For Me,,1Xyo4u8uXC1ZmMpatF05PJ,3OxfaVgvTxUTy7276t7SPU,224136,
2026-09-20,2026-09-20T10:27:05Z,medium_term,track,46,1KIJclzEbNhSVw8tiHPWwE,Young,,0U7iI0Dk4Ojvi17nZboNO4,54lNPJ6xq2QXwG6jLEIf6C,189160,
2026-09-20,2026-09-20T10:27:05Z,medium_term,track,47,40gvh6jP5qxMJuMmF9lG9A,Baby Came Home 2 / Valentines,,77SW9BnxLY8rJ0RciFqkHh,18iFxjZugvKhuNNMbLjZJF,390502,
2026-09-20,2026-09-20T10:27:05Z,medium_term,track,48,6JB0h4leDJ4Akabtu42Epd,Tere Pyar Main,,6znPk9JRNmg6uyB6h8nJu3,1lCyYMOz15QK4vhcUxHxEW,302706,
2026-09-20,2026-09-20T10:27:05Z,medium_term,track,49,1uvyZBs4IZYRebHIB1747m,Purple Rain,,5a2EaR3hamoenG9rDuVn8j,2umoqwMrmjBBPeaqgYu6J9,521866,
2026-09-20,2026-09-20T10:27:05Z,medium_term,track,50,2TUFKhKl4EZYAo3D9FXU5E,Pieces,,5oJvmyeWzyeahRtjup3Oys,3Ab4BR06hO8qx1NCZ1seog,195030,
2026-09-20,2026-09-20T10:27:05Z,short_term,artist,1,1Xyo4u8uXC1ZmMpatF05PJ,The Weeknd,,,,,14673869
2026-09-20,2026-09-20T10:27:05Z,short_term,artist,2,6hIXwlI4wny3zYuB6cDBBk,Murtaza Qizilbash,,,,,
2026-09-20,2026-09-20T10:27:05Z,short_term,artist,3,77SW9BnxLY8rJ0RciFqkHh,The Neighbourhood,,,,,171
2026-09-20,2026-09-20T10:27:05Z,short_term,artist,4,3MZsBdqDrRTJihTHQrO6Dq,Joji,,,,,562912
2026-09-20,2026-09-20T10:27:05Z,short_term,artist,5,47zz7sob9NUcODy0BTDvKx,Sade,,,,,1451755
2026-09-20,2026-09-20T10:27:05Z,short_term,artist,6,1QAJqy2dA3ihHBFIHRphZj,Cigarettes After Sex,,,,,900123
2026-09-20,2026-09-20T10:27:05Z,short_term,artist,7,1wRPtKGflJrBx9BmLsSwlU,Pritam,,,,,71109
2026-09-20,2026-09-20T10:27:05Z,short_term,artist,8,6znPk9JRNmg6uyB6h8nJu3,Kaavish,,,,,
2026-09-20,2026-09-20T10:27:05Z,short_term,artist,9,0hEurMDQu99nJRq8pTxO14,John Mayer,,,,,1037775
2026-09-20,2026-09-20T10:27:05Z,short_term,artist,10,5INjqkS1o8h1imAzPqGZBb,Tame Impala,,,,,1134261
2026-09-20,2026-09-20T10:27:05Z,short_term,artist,11,5mWQT8CLTa4mAQAJdFjHb1,Abdul Hannan,,,,,849
2026-09-20,2026-09-20T10:27:05Z,short_term,artist,12,37LGjqM0je1KNrLRD3MZ47,Indalo,,,,,
2026-09-20,2026-09-20T10:27:05Z,short_term,artist,13,2h93pZq0e7k5yf4dywlkpM,Frank Ocean,,,,,1260874
2026-09-20,2026-09-20T10:27:05Z,short_term,artist,14,5c7JjKTazKNQubk2GjgbJT,Arekta Rock Band,,,,,
2026-09-20,2026-09-20T10:27:05Z,short_term,artist,15,00FQb4jTyendYWaN8pK0wa,Lana Del Rey,,,,,5801333
2026-09-20,2026-09-20T10:27:05Z,short_term,artist,16,0xRXCcSX89eobfrshSVdyu,MEDUZA,,,,,
2026-09-20,2026-09-20T10:27:05Z,short_term,artist,17,2jku7tDXc6XoB6MO2hFuqg,Tory Lanez,,,,,764818
2026-09-20,2026-09-20T10:27:05Z,short_term,artist,18,05etL4pzWd6TSv1x5WrlG3,Faheem Abdullah,,,,,1526
2026-09-20,2026-09-20T10:27:05Z,short_term,artist,19,4gdMJYnopf2nEUcanAwstx,Anuv Jain,,,,,4263
2026-09-20,2026-09-20T10:27:05Z,short_term,artist,20,3Sz7ZnJQBIHsXLUSo0OQtM,Mac DeMarco,,,,,559366
2026-09-20,2026-09-20T10:27:05Z,short_term,artist,21,7tYKF4w9nC0nq9CsPZTHyP,SZA,,,,,1328164
2026-09-20,2026-09-20T10:27:05Z,short_term,artist,22,0Y6dVaC9DZtPNH4591M42W,TV Girl,,,,,445012
2026-09-20,2026-09-20T10:27:05Z,short_term,artist,23,0WBg7b6KiPmfh7lI5vbFKC,Meghdol,,,,,
2026-09-20,2026-09-20T10:27:05Z,short_term,artist,24,2YZyLoL8N0Wb9xBt1NhZWg,Kendrick Lamar,,,,,6167418
2026-09-20,2026-09-20T10:27:05Z,short_term,artist,25,0wf0kncEWHLMGqYqXgZql8,Level Five,,,,,
2026-09-20,2026-09-20T10:27:05Z,short_term,artist,26,7Ln80lUS6He07XvHI8qqHH,Arctic Monkeys,,,,,4956340
2026-09-20,2026-09-20T10:27:05Z,short_term,artist,27,7fhlWsdi6oTTxj8d3uYIAn,Kaaktaal,,,,,
2026-09-20,2026-09-20T10:27:05Z,short_term,artist,28,5io6IfbYy6t9IBtzYdOwN9,Balam,,,,,
2026-09-20,2026-09-20T10:27:05Z,short_term,artist,29,1AbJ2cmwK400LSvdvBL5Jc,Strawberry Guy,,,,,51189
2026-09-20,2026-09-20T10:27:05Z,short_term,artist,30,66CXWjxzNUsdJxJ2JdwvnR,Ariana Grande,,,,,13420271
2026-09-20,2026-09-20T10:27:05Z,short_term,artist,31,6IRouO5mvvfcyxtPDKMYFN,Foreigner,,,,,242955
2026-09-20,2026-09-20T10:27:05Z,short_term,artist,32,6LEG9Ld1aLImEFEVHdWNSB,AP Dhillon,,,,,28528
2026-09-20,2026-09-20T10:27:05Z,short_term,artist,33,700c9Qz2z6HZKTumeliKAw,LONOWN,,,,,9933
2026-09-20,2026-09-20T10:27:05Z,short_term,artist,34,0dgJbQ0bKPyUXco8hEXN7X,Øneheart,,,,,28777
2026-09-20,2026-09-20T10:27:05Z,short_term,artist,35,0qjWYusrckF9BpkvWaoKRO,Cozy Coffee Shop,,,,,
2026-09-20,2026-09-20T10:27:05Z,short_term,artist,36,1fa0cOhromAZdq2xRA4vv8,Simply Red,,,,,928555
2026-09-20,2026-09-20T10:27:05Z,short_term,artist,37,1mYsTxnqsietFxj1OgoGbG,A.R. Rahman,,,,,6381
2026-09-20,2026-09-20T10:27:05Z,short_term,artist,38,2oSONSC9zQ4UonDKnLqksx,Atif Aslam,,,,,221118
2026-09-20,2026-09-20T10:27:05Z,short_term,artist,39,3DeHMjvYP73Pycy8va8RKY,Arnob,,,,,
2026-09-20,2026-09-20T10:27:05Z,short_term,artist,40,3mIj9lX2MWuHmhNCA7LSCW,The 1975,,,,,606647
2026-09-20,2026-09-20T10:27:05Z,short_term,artist,41,465OXuCU8YZNmVG1leLwQ9,Shashwat Sachdev,,,,,440
2026-09-20,2026-09-20T10:27:05Z,short_term,artist,42,4gzpq5DPGxSnKTe4SA8HAU,Coldplay,,,,,18381342
2026-09-20,2026-09-20T10:27:05Z,short_term,artist,43,6MK5Z7OjpkcN6OFe6nh8pi,DJ EXE,,,,,958
2026-09-20,2026-09-20T10:27:05Z,short_term,artist,44,6XwwFnewNgWp81MYMK8zLq,Edward Maya,,,,,173241
2026-09-20,2026-09-20T10:27:05Z,short_term,artist,45,7CajNmpbOovFoOoasH2HaY,Calvin Harris,,,,,12321788
2026-09-20,2026-09-20T10:27:05Z,short_term,artist,46,0SPHOEwCSzS2yrC6S24usM,Warm Blanket,,,,,
2026-09-20,2026-09-20T10:27:05Z,short_term,artist,47,3hWCBAZoHjCoAXPjejhCwr,Cozy Wood,,,,,
2026-09-20,2026-09-20T10:27:05Z,short_term,artist,48,703kRYCTy8bqt8iWhJrBX8,Chien Do,,,,,
2026-09-20,2026-09-20T10:27:05Z,short_term,artist,49,0eJZnvOfks7OleQxORVuF7,Cozy Room,,,,,
2026-09-20,2026-09-20T10:27:05Z,short_term,artist,50,2b9qemp1Y8NuEbY4RMYHY1,Jazzy Coffee,,,,,
2026-09-20,2026-09-20T10:27:05Z,short_term,track,1,0bxRSMz5WY1VuMmOhanE4b,Baptized In Fear,,1Xyo4u8uXC1ZmMpatF05PJ,6iyZdOoujtOwiThdAUI8TM,232176,
2026-09-20,2026-09-20T10:27:05Z,short_term,track,2,7LvHieZe4yPYpDRF0OPCmk,Ekanto Golaap,,37LGjqM0je1KNrLRD3MZ47,16PdkicE350PBwzKQAHmkw,257661,
2026-09-20,2026-09-20T10:27:05Z,short_term,track,3,6CKoWCWAqEVWVjpeoJXyNH,Shape Of My Heart,,0Ty63ceoRnnJKVEYP0VQpk,5kV0KBXfELibs6qQJLmOtg,279226,
2026-09-20,2026-09-20T10:27:05Z,short_term,track,4,4UKjQODokAfEMaTgvTHbVX,Sila,,5mWQT8CLTa4mAQAJdFjHb1,6YqbrXnmuh8lxNEFeHNOcA,248413,
2026-09-20,2026-09-20T10:27:05Z,short_term,track,5,3VJpl4jrFSqY3Y6mAzqfux,Har Baar,,6hIXwlI4wny3zYuB6cDBBk,1oRAxwfxb55WuW7KjSx5uw,250285,
2026-09-20,2026-09-20T10:27:05Z,short_term,track,6,1i5oEx2vFczQ2sCY3c6Kn5,Love Hurts,,6fvN9GmMCVKb5LY0WsnjFP,5Zwyrn62m3Pyc0nvRa9CHF,233133,
2026-09-20,2026-09-20T10:27:05Z,short_term,track,7,5hc71nKsUgtwQ3z52KEKQk,Somebody Else,,3mIj9lX2MWuHmhNCA7LSCW,1JFmNyVPdBF1ECvv4fhpW4,347520,
2026-09-20,2026-09-20T10:27:05Z,short_term,track,8,1uvyZBs4IZYRebHIB1747m,Purple Rain,,5a2EaR3hamoenG9rDuVn8j,2umoqwMrmjBBPeaqgYu6J9,521866,
2026-09-20,2026-09-20T10:27:05Z,short_term,track,9,1XTijOjVgekZjRXwgJ2VSE,Bhool,,6hIXwlI4wny3zYuB6cDBBk,4MIPkmbrYvZqLdzLwaQRF9,244800,
2026-09-20,2026-09-20T10:27:05Z,short_term,track,10,2TQve4B4jpyUqvxDHzNZAu,Kokuten (Sasuke's Epic Theme from Naruto),,6ibMMTrcvRnEjaxi432r6o,5fIIBXeO9GlqxfTWidHOUt,132751,
2026-09-20,2026-09-20T10:27:05Z,short_term,track,11,2v0AG62ZHtD3I4YmTb3WYM,Niagara Falls,,1Xyo4u8uXC1ZmMpatF05PJ,3OxfaVgvTxUTy7276t7SPU,277274,
2026-09-20,2026-09-20T10:27:05Z,short_term,track,12,7oNZfE9wnu7SP55LwNSiKG,Hum,,6hIXwlI4wny3zYuB6cDBBk,7idG3a5Nmotd02hA6ifD0f,275076,
2026-09-20,2026-09-20T10:27:05Z,short_term,track,13,40gvh6jP5qxMJuMmF9lG9A,Baby Came Home 2 / Valentines,,77SW9BnxLY8rJ0RciFqkHh,18iFxjZugvKhuNNMbLjZJF,390502,
2026-09-20,2026-09-20T10:27:05Z,short_term,track,14,65krtHkaYLPr0mEbjL61UP,Kiss of Life,,47zz7sob9NUcODy0BTDvKx,3uSWaQxJAdm5MWKQkQJNoK,251333,
2026-09-20,2026-09-20T10:27:05Z,short_term,track,15,1uvn7eP1I7mIKGvpsqDcoW,bipolar,,2LbjW13j6rNtFgYcPjR2ur,5MOmkgxIJLtmoapI60uK6A,132418,
2026-09-20,2026-09-20T10:27:05Z,short_term,track,16,0stJVUUSrbEwyFHOp2dRu0,Open Hearts,,1Xyo4u8uXC1ZmMpatF05PJ,6iyZdOoujtOwiThdAUI8TM,234923,
2026-09-20,2026-09-20T10:27:05Z,short_term,track,17,1GDJhAiO9tqjMuDWFad0IF,Woh,,6hIXwlI4wny3zYuB6cDBBk,2tbamcNG4xK0jKrd1lSzXX,237672,
2026-09-20,2026-09-20T10:27:05Z,short_term,track,18,1Snko28yJOihcRVXs9dAo9,Chamber Of Reflection,,3Sz7ZnJQBIHsXLUSo0OQtM,2r63qjVnXyfTc2eJRSptxS,231723,
2026-09-20,2026-09-20T10:27:05Z,short_term,track,19,2Y04ZSRKADiBdKHLaF1RtG,Abar Dekha Holey - Karagarer Version,,7fhlWsdi6oTTxj8d3uYIAn,1wMFZJbHN2DdTqos4EnDMw,366360,
2026-09-20,2026-09-20T10:27:05Z,short_term,track,20,2y8mkajKikV5S1PRCMQ5WL,KALYANI (with Shreya Ghoshal) - Remix,,5j2JTk8JqepIgv1zxYOuIi,7JIw6me0sSXfs4nGwNaTHw,269387,
2026-09-20,2026-09-20T10:27:05Z,short_term,track,21,6JB0h4leDJ4Akabtu42Epd,Tere Pyar Main,,6znPk9JRNmg6uyB6h8nJu3,1lCyYMOz15QK4vhcUxHxEW,302706,
2026-09-20,2026-09-20T10:27:05Z,short_term,track,22,6rY5FAWxCdAGllYEOZMbjW,SLOW DANCING IN THE DARK,,3MZsBdqDrRTJihTHQrO6Dq,5mIImcsuqpiSXg8XvFr81I,209273,
2026-09-20,2026-09-20T10:27:05Z,short_term,track,23,6ux2llhjAuhSLggEaBoaLY,i think i'm addicted,,28ntgpEkMU9Zm7F3gLDMhZ,6Kx70JcyksQYEnP69i8Idj,158520,
2026-09-20,2026-09-20T10:27:05Z,short_term,track,24,70YTBH8vOGJNMhy6186yFm,Heavenly,,1QAJqy2dA3ihHBFIHRphZj,4uQ5kFmXQdCxz3WvM4UUzy,286773,
2026-09-20,2026-09-20T10:27:05Z,short_term,track,25,0ZGfGStyu8s02fzpmmOF2l,Pyaar Mein,,6hIXwlI4wny3zYuB6cDBBk,73LzbMdjxsCA3ItV7KtHYo,216000,
2026-09-20,2026-09-20T10:27:05Z,short_term,track,26,1FzbOPWCZiNxnLjAhY1jAR,In And Out Of Love,,0SfsnGyD8FpIN4U4WCkBZ5,07UKYOTXfIdPwnL7iO0lJB,181680,
2026-09-20,2026-09-20T10:27:05Z,short_term,track,27,0JIMT9gzLIIz0esKLyjbKf,Telephones,,0U7iI0Dk4Ojvi17nZboNO4,3Ull45eHLzGXtElhKHFJ7C,212432,
2026-09-20,2026-09-20T10:27:05Z,short_term,track,28,0WiMJIxYYEex2AqhRqzV3u,For the First Time,,3Sz7ZnJQBIHsXLUSo0OQtM,0NEyPH2WTU7NAPxebB7z4g,182306,
2026-09-20,2026-09-20T10:27:05Z,short_term,track,29,2PpYJcgJN6PzozUv7rU669,stellar,,2LbjW13j6rNtFgYcPjR2ur,4gF0aKdd26DsLMbDcLdJdc,99672,
2026-09-20,2026-09-20T10:27:05Z,short_term,track,30,3AWDeHLc88XogCaCnZQLVI,Cry For Me,,1Xyo4u8uXC1ZmMpatF05PJ,3OxfaVgvTxUTy7276t7SPU,224136,
2026-09-20,2026-09-20T10:27:05Z,short_term,track,31,3jv9Mt5gKA8rwXoELAfKex,Beparwah,,6hIXwlI4wny3zYuB6cDBBk,2xMxW7Z8ij0xc41wExsXGE,193157,
2026-09-20,2026-09-20T10:27:05Z,short_term,track,32,161dJFOgyuYcgKg0AzYuAh,Ela ké Leitada,,71NQK8ufY5t7SeiMAhPB9I,4Im21Qok3nccqN2OXrJYDw,156708,
2026-09-20,2026-09-20T10:27:05Z,short_term,track,33,4Fv6wNYUixnYkj3Dgfrls8,Tumblr Girls (feat. Christoph Andersson),,02kJSzxNuaWGqwubyUba0Z,6wDc63NhKy2PyXdbhkRmrl,255680,
2026-09-20,2026-09-20T10:27:05Z,short_term,track,34,07SnvbvFJ1jUzpoBp9N4Cc,addiction - Slowed,,700c9Qz2z6HZKTumeliKAw,4JBvjA0JHPfG0RUWA3tIue,233480,
2026-09-20,2026-09-20T10:27:05Z,short_term,track,35,6sKxXqDGkKROr3Z3Na32nv,Stereo Love (Radio Edit),,6XwwFnewNgWp81MYMK8zLq,1Xr0RdpL9S72ior2FCgH6y,184015,
2026-09-20,2026-09-20T10:27:05Z,short_term,track,36,6mHTwIXqZtuQUF1fEkrhFB,Tum,,6hIXwlI4wny3zYuB6cDBBk,4INFMJi3SwIEWixQjlMNig,258750,
2026-09-20,2026-09-20T10:27:05Z,short_term,track,37,5rK4GDNiHYC3NUPV3ME4J4,Has To Be,,4g3JG556dlxAQVKpqTbedB,3qK9D70gyPRhGGgNsvutpy,115744,
2026-09-20,2026-09-20T10:27:05Z,short_term,track,38,4LxDdYU3x9tyDxy3CghqdC,Sunrise,,1fa0cOhromAZdq2xRA4vv8,7b9Yl2gyEMKlDY97pcBPGd,199040,
2026-09-20,2026-09-20T10:27:05Z,short_term,track,39,0xIuPDzJSnJywALez8dwKR,With You,,6LEG9Ld1aLImEFEVHdWNSB,30eM1PJ8qLZJeEykhcje0j,154554,
2026-09-20,2026-09-20T10:27:05Z,short_term,track,40,4cYllEeJVH7dWKwQxpbk42,The Abyss (feat. Lana Del Rey),,1Xyo4u8uXC1ZmMpatF05PJ,6iyZdOoujtOwiThdAUI8TM,282873,
2026-09-20,2026-09-20T10:27:05Z,short_term,track,41,4oahRRZECfGud6eL7Lj7CO,Opening Night,,1Xyo4u8uXC1ZmMpatF05PJ,6iyZdOoujtOwiThdAUI8TM,96024,
2026-09-20,2026-09-20T10:27:05Z,short_term,track,42,4ppTAJUbNXELZcoUaL90wo,Try Me,,1Xyo4u8uXC1ZmMpatF05PJ,4qZBW3f2Q8y0k1A84d4iAO,221106,
2026-09-20,2026-09-20T10:27:05Z,short_term,track,43,0bOU1vG7BIgTRwqe1F44lR,Maya,,1zNTZaTb1hfkZCynCw6kUq,6hacmZUSczCdE8VJPRFZvq,244500,
2026-09-20,2026-09-20T10:27:05Z,short_term,track,44,5QO79kh1waicV47BqGRL3g,Save Your Tears,,1Xyo4u8uXC1ZmMpatF05PJ,4yP0hdKOZPNshxUOjY0cZj,215626,
2026-09-20,2026-09-20T10:27:05Z,short_term,track,45,7CL1T9G9yTPz0LtVMBUHbm,Saya Figan,,6hIXwlI4wny3zYuB6cDBBk,5WxuNDljcrekADP47zKFy2,283500,
2026-09-20,2026-09-20T10:27:05Z,short_term,track,46,4YWKbpls9OcdXAsTRd7ERR,Naam Chilo Na,,3DeHMjvYP73Pycy8va8RKY,7s3LFL8muKHc6PEhZfhOhh,237479,
2026-09-20,2026-09-20T10:27:05Z,short_term,track,47,5LmvjYl6SZsea5QGdm4aN7,Nightdriver,,3qskfyIRwZtp6uIfj6OFcL,7EjeqIsIVy3DpV8LY5TJvE,276610,
2026-09-20,2026-09-20T10:27:05Z,short_term,track,48,7bxaFZ1O3cHkgLKMsdC3xR,Loser,,5INjqkS1o8h1imAzPqGZBb,5WulAOx9ilWy1h8UGZ1gkI,223069,
2026-09-20,2026-09-20T10:27:05Z,short_term,track,49,1CyEFdvmN9PgMyrDLhKpzk,Things Change,,1kwRrQDCpXpVliMDntpxCt,4FpZTodkc6jTcjhO2j2sHr,272023,
2026-09-20,2026-09-20T10:27:05Z,short_term,track,50,1hlbywc8Jhl1FFqJxAMabE,Ishq,,05etL4pzWd6TSv1x5WrlG3,013jUXOfDFXnDMBetTdsiH,224842,
